customer_id,signup_date,country,state,company_size,industry,channel_id,sales_rep_id,customer_status,first_order_date
10001,2025-03-04,USA,VA,SMB,Professional Services,1,2,Active,2025-03-04
10002,2025-10-13,USA,CA,SMB,Government,7,49,Active,2025-10-13
10003,2025-09-29,USA,WA,SMB,Healthcare,3,8,Active,2025-09-29
10004,2025-04-03,Australia,CA,SMB,Financial Services,1,24,Active,2025-04-03
10005,2026-04-12,USA,PA,Enterprise,Education,3,72,Active,2026-04-12
10006,2025-07-04,USA,NC,SMB,Manufacturing,3,13,Active,2025-07-04
10007,2024-03-18,USA,CA,Mid-Market,Retail,4,68,Active,2024-08-01
10008,2026-01-15,USA,KY,SMB,Financial Services,4,84,Active,2026-03-04
10009,2025-07-13,USA,KY,SMB,Government,1,98,Active,2025-07-13
10010,2025-09-10,USA,,SMB,Financial Services,2,65,Active,2025-09-10
10011,2025-07-04,Canada,CO,SMB,Financial Services,1,89,Active,2025-07-04
10012,2025-06-23,Australia,WA,SMB,Retail,5,48,Active,2025-06-23
10013,2024-03-29,USA,TX,SMB,Healthcare,1,91,Active,2026-03-30
10014,2025-06-28,USA,TN,SMB,Manufacturing,3,78,Active,2025-06-28
10015,2026-02-13,USA,KY,Enterprise,Retail,3,92,Active,2026-02-13
10016,2024-10-23,USA,NY,SMB,Technology,3,92,Active,2024-10-23
10017,2025-08-10,USA,FL,SMB,Retail,3,69,Active,2025-08-10
10018,2024-01-31,USA,OH,SMB,Healthcare,4,23,Active,2024-02-24
10019,2024-12-04,USA,OH,SMB,Professional Services,3,5,Active,2024-12-04
10020,2025-03-01,USA,NC,Mid-Market,Manufacturing,1,33,Active,2025-03-01
10021,2026-08-15,USA,KY,SMB,Retail,2,30,Active,2026-08-15
10022,2024-07-28,USA,KY,Mid-Market,Healthcare,3,94,Active,2026-01-29
10023,2024-09-26,USA,CA,SMB,Technology,2,4,Active,2024-09-26
10024,2025-02-01,USA,CO,SMB,Education,4,55,Active,2025-02-01
10025,2026-08-24,USA,MI,Enterprise,Technology,2,99,Active,2026-08-24
10026,2026-04-11,USA,TX,SMB,Education,4,29,Active,2026-06-25
10027,2024-02-03,USA,PA,Mid-Market,Healthcare,1,58,Active,2024-08-05
10028,2024-08-15,Canada,WA,SMB,Government,4,16,Churned,2024-08-15
10029,2026-03-11,USA,TX,Enterprise,Financial Services,1,43,Active,2026-03-11
10030,2024-02-26,Canada,TN,SMB,Financial Services,3,99,Active,2024-07-05
10031,2026-04-13,USA,KY,SMB,Manufacturing,2,68,Active,2026-04-13
10032,2024-10-01,USA,MI,Mid-Market,Healthcare,3,,Active,2024-10-01
10033,2026-06-12,USA,GA,SMB,Manufacturing,1,97,Active,2026-06-12
10034,2024-10-12,USA,KY,SMB,Financial Services,4,87,Active,2024-10-12
10035,2025-02-27,USA,WA,Enterprise,Education,3,28,Active,2025-02-27
10036,2025-10-06,USA,KY,Mid-Market,Education,7,64,Active,2025-10-06
10037,2024-05-02,USA,NY,Mid-Market,Technology,4,65,Active,2025-05-14
10038,2025-06-26,USA,CO,Mid-Market,Manufacturing,3,45,Active,2025-06-26
10039,2025-05-06,USA,MI,Mid-Market,Retail,4,19,Active,2025-05-06
10040,2026-02-02,USA,TX,Enterprise,Professional Services,1,86,Active,2026-02-02
10041,2026-08-28,Canada,KY,Mid-Market,Manufacturing,3,17,Active,2026-08-28
10042,2025-10-09,USA,NC,SMB,Manufacturing,2,36,Active,2025-10-09
10043,2025-02-02,USA,TX,SMB,Healthcare,4,25,Active,2025-06-28
10044,2025-01-30,UK,PA,Mid-Market,Financial Services,1,77,Active,2025-01-30
10045,2025-02-11,USA,IL,Mid-Market,Retail,2,10,Active,2026-03-02
10046,2026-03-03,USA,FL,SMB,Technology,3,46,Active,2026-03-03
10047,2024-11-08,USA,FL,SMB,Professional Services,2,85,Active,2026-02-20
10048,2024-06-11,USA,GA,SMB,Government,1,90,Active,2024-06-11
10049,2024-11-21,Canada,IL,SMB,Manufacturing,2,21,Active,2024-11-21
10050,2024-01-23,USA,CO,Mid-Market,Manufacturing,4,51,Active,2024-11-12
10051,2024-04-13,USA,CO,SMB,Education,1,49,Active,2024-04-13
10052,2024-03-28,USA,VA,Mid-Market,Retail,2,33,Active,2024-10-04
10053,2026-01-21,USA,IL,Mid-Market,Manufacturing,8,81,Active,2026-01-21
10054,2025-12-04,USA,CO,Enterprise,Technology,6,73,Active,2025-12-04
10055,2025-11-09,USA,KY,SMB,Financial Services,1,9,Active,2025-11-09
10056,2025-03-25,Australia,PA,Enterprise,Financial Services,3,87,Active,2025-03-25
10057,2025-11-29,USA,GA,Mid-Market,Retail,1,37,Active,2025-11-29
10058,2024-06-06,USA,PA,Mid-Market,Technology,6,86,Active,2024-06-06
10059,2026-05-27,Canada,KY,SMB,Financial Services,2,77,Active,2026-05-27
10060,2025-05-03,USA,NC,SMB,Financial Services,2,48,Active,2025-05-03
10061,2026-07-02,USA,TN,Mid-Market,Healthcare,1,68,Churned,2026-07-02
10062,2024-05-28,UK,TN,SMB,Professional Services,3,45,Active,2024-12-22
10063,2025-04-29,Canada,VA,SMB,Professional Services,1,78,Active,
10064,2025-11-09,USA,CO,Mid-Market,Professional Services,4,15,Active,2025-11-09
10065,2025-04-27,USA,GA,Mid-Market,Professional Services,2,61,Active,2025-04-27
10066,2025-03-10,USA,MI,SMB,Healthcare,3,4,Active,
10067,2024-06-10,USA,PA,SMB,Healthcare,4,73,Active,2024-06-23
10068,2025-01-06,USA,IL,SMB,Manufacturing,1,94,Active,2025-01-06
10069,2024-08-20,USA,TX,Enterprise,Manufacturing,1,77,Churned,2024-08-20
10070,2024-10-20,Canada,CO,Enterprise,Education,2,73,Churned,2024-10-20
10071,2025-10-27,USA,VA,SMB,Financial Services,4,82,Active,2025-10-27
10072,2025-09-05,Canada,OH,SMB,Professional Services,1,58,Active,2025-09-05
10073,2025-08-14,USA,CO,SMB,Retail,4,62,Active,2025-11-21
10074,2024-12-18,USA,TX,SMB,Technology,3,59,Active,2025-06-14
10075,2026-07-23,USA,NY,Enterprise,Professional Services,3,48,Active,2026-07-23
10076,2024-03-26,USA,OH,SMB,Manufacturing,3,3,Churned,2025-07-05
10077,2024-11-29,USA,CA,SMB,Education,1,9,Active,2024-11-29
10078,2024-04-24,USA,VA,SMB,Education,1,46,Active,2024-09-13
10079,2024-11-26,Canada,CO,SMB,Education,4,28,Churned,2024-11-26
10080,2026-07-25,USA,FL,Mid-Market,Professional Services,2,93,Active,2026-07-25
10081,2024-12-22,USA,VA,Mid-Market,Retail,3,99,Active,2024-12-22
10082,2026-06-03,USA,GA,Mid-Market,Retail,6,47,Active,2026-06-03
10083,2025-04-27,UK,KY,SMB,Professional Services,1,70,Active,2025-08-14
10084,2025-11-12,USA,NC,Enterprise,Technology,2,59,Active,2025-11-12
10085,2025-03-21,USA,TN,SMB,Technology,2,25,Churned,2025-03-21
10086,2024-09-15,Canada,CA,Mid-Market,Retail,1,38,Active,2025-09-15
10087,2026-01-14,USA,TN,Enterprise,Financial Services,7,39,Churned,2026-01-14
10088,2026-08-01,USA,NY,SMB,Manufacturing,7,11,Active,2026-08-01
10089,2024-09-13,USA,KY,Enterprise,Government,2,2,Active,2024-12-27
10090,2026-01-28,USA,KY,SMB,Retail,6,33,Active,
10091,2024-09-11,USA,FL,Mid-Market,Financial Services,1,91,Active,2024-09-11
10092,2025-11-29,USA,OH,SMB,Healthcare,8,9,Churned,2025-11-29
10093,2026-02-07,Canada,PA,SMB,Manufacturing,4,53,Active,2026-02-07
10094,2025-03-13,USA,FL,SMB,Retail,1,58,Active,2025-12-07
10095,2025-12-18,USA,CO,SMB,Technology,3,67,Active,2026-05-01
10096,2024-09-22,USA,KY,SMB,Healthcare,4,99,Churned,2024-09-22
10097,2024-03-18,USA,TN,SMB,Financial Services,2,40,Active,2024-06-18
10098,2024-04-03,USA,FL,Mid-Market,Healthcare,2,37,Active,2024-11-18
10099,2025-03-11,USA,GA,SMB,Healthcare,3,51,Active,2025-03-11
10100,2026-05-29,Australia,CA,SMB,Professional Services,1,86,Churned,2026-05-29
10101,2024-05-04,USA,PA,Enterprise,Professional Services,1,59,Active,2024-05-04
10102,2025-03-19,Canada,WA,Enterprise,Education,1,5,Active,2025-03-19
10103,2025-11-16,USA,FL,SMB,Professional Services,4,45,Active,
10104,2024-07-16,USA,OH,SMB,Healthcare,2,51,Active,2025-01-19
10105,2025-12-03,USA,CA,Mid-Market,Professional Services,3,89,Active,2025-12-03
10106,2024-10-25,USA,TX,Mid-Market,Manufacturing,1,66,Active,2025-10-02
10107,2026-02-26,Canada,GA,SMB,Education,1,68,Active,2026-02-26
10108,2025-07-18,USA,,Mid-Market,Technology,3,32,Active,2025-07-18
10109,2025-06-16,USA,IL,SMB,Retail,1,73,Active,2025-06-16
10110,2024-06-21,USA,TX,SMB,Financial Services,3,10,Active,2024-06-30
10111,2025-03-27,USA,NY,Mid-Market,Healthcare,2,20,Active,2025-03-27
10112,2026-04-14,USA,NY,Mid-Market,Retail,3,22,Active,2026-04-14
10113,2024-01-20,UK,FL,Mid-Market,Manufacturing,2,47,Active,2025-03-09
10114,2026-01-08,Canada,PA,SMB,Government,4,8,Active,2026-01-08
10115,2025-04-24,Canada,IL,SMB,Healthcare,1,52,Active,2025-04-24
10116,2025-12-01,USA,TN,SMB,Technology,5,89,Active,2025-12-01
10117,2025-10-08,USA,KY,SMB,Manufacturing,1,40,Active,2025-10-08
10118,2025-02-24,USA,WA,SMB,Healthcare,1,1,Active,2025-12-03
10119,2024-10-27,USA,FL,SMB,Retail,3,28,Active,2024-10-27
10120,2025-09-02,USA,FL,SMB,Manufacturing,1,7,Active,2025-09-02
10121,2024-05-16,USA,PA,Mid-Market,Manufacturing,2,64,Active,
10122,2025-07-22,UK,PA,SMB,Financial Services,4,80,Active,2025-07-22
10123,2024-04-02,USA,NC,SMB,Healthcare,4,29,Active,2024-04-02
10124,2025-09-24,USA,CO,Mid-Market,Retail,3,30,Active,2025-09-24
10125,2025-09-04,UK,NC,SMB,Professional Services,7,33,Active,2025-09-04
10126,2024-03-23,Canada,CO,Enterprise,Professional Services,2,37,Active,2024-07-25
10127,2026-01-07,USA,FL,SMB,Financial Services,1,70,Active,2026-01-07
10128,2025-02-08,USA,KY,SMB,Technology,4,31,Active,2025-02-08
10129,2026-02-05,USA,GA,Enterprise,Professional Services,1,39,Active,2026-02-05
10130,2024-02-10,USA,NC,Mid-Market,Financial Services,1,90,Active,2024-05-16
10131,2024-06-23,USA,CO,Mid-Market,Healthcare,1,77,Active,2024-06-23
10132,2025-04-26,USA,FL,Mid-Market,Healthcare,2,93,Active,2025-04-26
10133,2024-07-02,USA,IL,SMB,Financial Services,2,36,Active,2024-10-29
10134,2024-11-17,USA,NY,Mid-Market,Professional Services,2,93,Active,2024-11-17
10135,2025-10-05,USA,MI,Enterprise,Professional Services,3,30,Active,2025-10-05
10136,2024-05-20,Canada,PA,Enterprise,Manufacturing,4,31,Active,2024-05-20
10137,2025-10-22,USA,IL,SMB,Retail,6,96,Active,2025-10-22
10138,2024-04-10,USA,CA,SMB,Professional Services,1,21,Active,2024-07-02
10139,2024-06-19,Australia,FL,Mid-Market,Financial Services,1,82,Churned,2024-06-30
10140,2025-07-26,USA,NY,SMB,Healthcare,3,83,Active,2025-07-26
10141,2026-02-11,USA,MI,SMB,Healthcare,1,93,Churned,2026-02-11
10142,2024-06-15,USA,VA,SMB,Professional Services,2,85,Churned,2024-07-29
10143,2024-10-19,Canada,OH,SMB,Technology,3,83,Active,2025-09-28
10144,2026-06-20,USA,TX,SMB,Technology,4,36,Churned,2026-06-20
10145,2026-08-21,USA,TX,SMB,Education,1,56,Active,2026-08-21
10146,2025-07-19,USA,VA,SMB,Healthcare,3,58,Active,2025-07-19
10147,2025-03-11,USA,PA,SMB,Retail,3,30,Active,2025-03-11
10148,2024-12-03,USA,OH,Enterprise,Professional Services,5,40,Active,2024-12-03
10149,2025-08-19,USA,IL,SMB,Professional Services,2,86,Active,2025-08-19
10150,2025-07-29,USA,VA,SMB,Manufacturing,4,2,Churned,2025-07-29
10151,2024-10-14,USA,KY,SMB,Healthcare,4,8,Churned,2024-11-07
10152,2024-01-23,USA,OH,SMB,Government,1,42,Active,2024-05-30
10153,2024-05-27,USA,OH,Enterprise,Retail,3,78,Active,2024-05-27
10154,2026-07-22,USA,PA,Enterprise,Retail,3,90,Active,2026-07-22
10155,2025-02-11,USA,KY,SMB,Healthcare,1,69,Active,2025-02-11
10156,2025-04-14,USA,OH,SMB,Healthcare,2,86,Churned,2025-04-14
10157,2025-03-30,UK,FL,SMB,Technology,2,15,Active,2025-03-30
10158,2026-02-01,USA,VA,SMB,Technology,4,11,Active,2026-02-01
10159,2024-03-04,USA,FL,SMB,Financial Services,1,51,Active,2024-12-23
10160,2024-03-21,USA,NC,SMB,Financial Services,3,31,Active,2024-07-03
10161,2024-09-25,USA,CA,SMB,Manufacturing,1,88,Active,2024-09-25
10162,2025-04-19,USA,FL,Mid-Market,Manufacturing,3,8,Active,2025-04-19
10163,2025-10-15,Australia,NC,SMB,Retail,3,37,Active,2025-10-15
10164,2025-04-22,USA,VA,SMB,Financial Services,3,30,Active,2025-04-22
10165,2025-03-05,USA,PA,SMB,Professional Services,3,60,Active,2025-03-05
10166,2026-07-02,USA,MI,SMB,Government,2,30,Active,2026-07-02
10167,2024-06-05,USA,TX,SMB,Retail,2,95,Churned,
10168,2025-07-10,USA,GA,SMB,Technology,4,6,Active,2025-07-10
10169,2025-06-12,UK,GA,SMB,Professional Services,1,8,Churned,2025-06-12
10170,2025-04-06,USA,IL,SMB,Healthcare,4,90,Active,2025-04-06
10171,2026-02-25,USA,FL,Mid-Market,Professional Services,3,53,Churned,2026-02-25
10172,2024-09-17,Australia,FL,Enterprise,Manufacturing,5,84,Active,2024-09-17
10173,2026-07-17,USA,PA,SMB,Manufacturing,1,46,Active,2026-07-17
10174,2024-11-18,USA,IL,SMB,Manufacturing,3,93,Active,2024-11-18
10175,2025-06-14,USA,CO,Mid-Market,Financial Services,1,48,Active,2025-06-14
10176,2025-05-22,USA,CO,Mid-Market,Education,6,75,Active,2025-05-22
10177,2026-04-07,USA,PA,SMB,Education,3,100,Active,2026-04-07
10178,2025-03-03,Canada,VA,SMB,Healthcare,3,77,Active,2025-06-23
10179,2024-10-04,Australia,CO,SMB,Technology,4,27,Active,2024-10-04
10180,2024-01-22,USA,OH,Mid-Market,Government,1,79,Churned,2024-01-22
10181,2024-12-20,UK,WA,SMB,Professional Services,3,39,Active,2024-12-20
10182,2026-03-15,USA,FL,SMB,Technology,4,68,Active,2026-03-15
10183,2024-01-10,USA,KY,SMB,Financial Services,1,66,Active,2024-08-23
10184,2026-05-22,USA,NC,SMB,Retail,7,18,Active,2026-05-22
10185,2025-06-12,USA,CO,SMB,Healthcare,5,29,Active,2025-06-12
10186,2024-05-16,USA,GA,Mid-Market,Professional Services,7,18,Active,2025-03-04
10187,2024-10-21,USA,OH,SMB,Education,4,7,Active,2024-10-21
10188,2025-06-23,UK,VA,SMB,Professional Services,1,51,Active,2025-06-23
10189,2024-11-03,USA,IL,SMB,Healthcare,3,21,Active,2024-11-03
10190,2024-04-15,USA,IL,Mid-Market,Government,1,70,Active,2024-04-15
10191,2025-10-10,USA,CO,SMB,Government,4,24,Active,2025-11-13
10192,2025-10-16,USA,PA,SMB,Technology,1,3,Active,2025-10-16
10193,2024-04-25,USA,MI,SMB,Professional Services,5,15,Churned,
10194,2024-09-30,USA,GA,Mid-Market,Manufacturing,1,55,Active,
10195,2024-08-25,USA,CA,Mid-Market,Retail,1,13,Active,2024-09-24
10196,2025-10-04,USA,IL,Enterprise,Healthcare,1,89,Churned,2025-10-04
10197,2025-12-12,USA,MI,Mid-Market,Healthcare,4,75,Active,2025-12-12
10198,2025-12-09,USA,CA,SMB,Healthcare,1,13,Active,2026-01-27
10199,2026-07-03,USA,NC,SMB,Technology,1,86,Active,2026-07-03
10200,2026-01-18,USA,KY,SMB,Retail,1,32,Active,2026-01-18
10201,2024-11-08,USA,MI,Mid-Market,Healthcare,2,90,Active,2024-11-08
10202,2024-04-14,UK,NY,Mid-Market,Healthcare,6,99,Active,2024-11-09
10203,2025-08-21,USA,,SMB,Technology,2,26,Active,2025-08-21
10204,2026-06-11,USA,NC,Enterprise,Professional Services,1,33,Active,2026-06-11
10205,2026-08-07,USA,KY,SMB,Retail,1,15,Active,2026-08-07
10206,2024-08-12,Canada,FL,SMB,Education,1,3,Active,2024-08-12
10207,2024-08-18,USA,CA,SMB,Government,2,52,Active,2024-10-22
10208,2024-02-06,USA,MI,Enterprise,Technology,1,69,Active,2025-04-27
10209,2024-05-17,USA,MI,Enterprise,Education,1,56,Active,2024-11-28
10210,2025-06-24,USA,OH,SMB,Technology,1,99,Active,2025-06-24
10211,2025-06-16,USA,TX,Enterprise,Government,2,,Active,2025-06-16
10212,2024-12-27,Canada,FL,Enterprise,Retail,4,24,Active,2024-12-27
10213,2024-10-28,USA,MI,Mid-Market,Education,1,90,Active,2024-10-28
10214,2026-03-19,USA,TX,Enterprise,Retail,3,22,Active,2026-03-19
10215,2025-03-24,USA,IL,SMB,Healthcare,3,37,Active,2025-03-24
10216,2026-02-26,USA,TN,Mid-Market,Education,5,44,Active,2026-02-26
10217,2026-07-27,USA,WA,Mid-Market,Professional Services,1,22,Active,2026-07-27
10218,2024-11-04,USA,CA,Mid-Market,Professional Services,4,54,Active,2024-11-04
10219,2024-07-16,USA,TX,SMB,Professional Services,5,80,Active,2024-07-16
10220,2026-07-17,USA,IL,Mid-Market,Education,7,82,Active,2026-07-17
10221,2025-09-10,USA,VA,Enterprise,Manufacturing,4,46,Active,2025-09-10
10222,2024-10-10,USA,,SMB,Professional Services,1,100,Active,2025-08-03
10223,2025-08-28,USA,CO,Enterprise,Financial Services,6,32,Active,2025-08-28
10224,2025-05-16,USA,FL,SMB,Healthcare,4,82,Active,2025-05-16
10225,2026-05-31,USA,NC,SMB,Manufacturing,1,88,Active,2026-05-31
10226,2024-09-06,USA,NY,SMB,Technology,1,30,Active,2024-12-06
10227,2026-08-23,USA,OH,Mid-Market,Technology,6,6,Active,2026-08-23
10228,2026-06-30,UK,TX,Mid-Market,Professional Services,1,79,Churned,2026-06-30
10229,2024-06-25,USA,VA,SMB,Healthcare,4,9,Active,2024-06-25
10230,2024-06-09,USA,GA,Mid-Market,Professional Services,2,64,Active,2025-03-28
10231,2025-06-03,USA,IL,SMB,Technology,4,50,Active,2025-06-03
10232,2024-02-13,Canada,NC,SMB,Government,1,50,Active,2025-09-25
10233,2024-10-18,UK,VA,Enterprise,Retail,4,74,Active,2025-01-05
10234,2025-02-27,USA,MI,Mid-Market,Technology,3,64,Churned,2025-02-27
10235,2026-08-02,Australia,NY,Mid-Market,Education,5,61,Active,2026-08-02
10236,2026-08-24,USA,PA,Mid-Market,Manufacturing,1,44,Active,2026-08-24
10237,2024-05-27,Canada,PA,Enterprise,Healthcare,1,70,Active,2024-05-27
10238,2026-05-18,USA,KY,SMB,Healthcare,1,64,Active,2026-05-18
10239,2024-03-29,UK,TX,SMB,Healthcare,1,58,Churned,2024-11-29
10240,2025-12-30,Canada,FL,SMB,Manufacturing,8,74,Active,2025-12-30
10241,2026-04-03,USA,GA,Mid-Market,Technology,1,13,Active,2026-04-03
10242,2026-05-17,USA,NC,Mid-Market,Technology,1,2,Churned,2026-05-17
10243,2024-08-05,USA,CO,Mid-Market,Technology,4,4,Active,2024-08-05
10244,2026-05-20,USA,MI,SMB,Healthcare,1,62,Churned,2026-05-20
10245,2024-04-22,USA,IL,SMB,Healthcare,1,76,Active,2024-12-05
10246,2025-05-20,USA,OH,Mid-Market,Education,3,16,Active,2025-05-20
10247,2025-04-02,USA,MI,Enterprise,Education,2,6,Churned,2025-04-02
10248,2024-11-03,USA,GA,SMB,Technology,4,34,Active,2024-11-03
10249,2024-01-22,USA,FL,SMB,Education,3,79,Active,2024-01-22
10250,2026-01-21,Canada,CO,SMB,Government,1,45,Active,2026-01-21
10251,2024-11-22,USA,PA,SMB,Government,3,67,Active,2024-11-22
10252,2025-10-06,USA,OH,SMB,Technology,5,98,Active,2025-10-06
10253,2025-02-03,USA,NY,SMB,Retail,2,52,Churned,2025-02-03
10254,2024-12-29,USA,WA,Mid-Market,Healthcare,4,33,Active,2024-12-29
10255,2026-05-13,USA,FL,SMB,Technology,2,4,Active,2026-05-13
10256,2024-04-02,USA,NC,SMB,Manufacturing,3,82,Active,2025-01-23
10257,2025-12-18,USA,CA,SMB,Healthcare,4,75,Active,2025-12-18
10258,2025-12-28,USA,NY,Enterprise,Financial Services,1,34,Active,2026-08-19
10259,2025-01-05,Australia,NY,SMB,Professional Services,2,63,Active,2025-01-05
10260,2024-09-12,USA,OH,SMB,Healthcare,1,23,Active,2024-09-12
10261,2024-01-06,USA,WA,SMB,Education,4,67,Churned,2024-01-23
10262,2026-07-01,UK,MI,Mid-Market,Professional Services,3,44,Active,
10263,2026-07-12,UK,GA,Enterprise,Technology,2,21,Churned,2026-07-12
10264,2024-08-22,USA,OH,SMB,Healthcare,1,9,Active,2024-08-22
10265,2024-02-01,USA,VA,SMB,Professional Services,6,3,Active,2024-07-10
10266,2024-04-29,USA,FL,SMB,Technology,2,82,Active,2024-09-05
10267,2024-03-06,USA,IL,Mid-Market,Financial Services,1,8,Active,2025-02-27
10268,2026-03-20,USA,TN,Enterprise,Technology,1,50,Active,2026-03-20
10269,2026-05-18,USA,PA,SMB,Healthcare,3,13,Active,2026-05-18
10270,2024-05-29,USA,TN,SMB,Technology,1,69,Active,2024-05-29
10271,2025-12-28,USA,OH,Mid-Market,Professional Services,4,39,Active,2025-12-28
10272,2024-06-23,Canada,IL,Mid-Market,Manufacturing,3,80,Active,2024-07-27
10273,2024-12-23,USA,CA,SMB,Government,1,10,Active,2024-12-23
10274,2025-08-06,Australia,KY,SMB,Manufacturing,3,41,Active,2025-08-06
10275,2025-12-02,USA,CO,SMB,Professional Services,1,41,Active,2025-12-02
10276,2026-05-01,Australia,VA,Mid-Market,Education,1,46,Active,
10277,2024-02-13,USA,TX,Mid-Market,Healthcare,3,29,Active,2026-04-05
10278,2024-07-10,USA,IL,Mid-Market,Professional Services,1,26,Active,2026-06-19
10279,2024-09-30,USA,OH,Mid-Market,Professional Services,5,96,Active,2024-09-30
10280,2024-10-29,USA,NY,SMB,Retail,3,72,Active,2024-10-29
10281,2026-08-30,USA,OH,SMB,Education,1,46,Churned,2026-08-30
10282,2026-01-27,USA,VA,SMB,Financial Services,7,84,Active,2026-01-27
10283,2024-11-08,USA,TX,Enterprise,Healthcare,3,8,Churned,2024-11-08
10284,2026-08-04,Canada,KY,Mid-Market,Financial Services,1,58,Active,2026-08-04
10285,2025-05-01,USA,KY,SMB,Manufacturing,3,69,Active,2025-05-01
10286,2025-05-02,USA,MI,SMB,Healthcare,7,4,Active,2025-05-02
10287,2025-02-26,UK,MI,Mid-Market,Financial Services,2,71,Active,2025-02-26
10288,2024-05-20,USA,KY,Mid-Market,Government,2,72,Active,2024-05-20
10289,2026-06-29,USA,OH,Mid-Market,Manufacturing,2,53,Active,2026-06-29
10290,2024-01-14,USA,NC,SMB,Professional Services,1,67,Active,2024-06-21
10291,2024-06-18,USA,VA,Enterprise,Financial Services,1,95,Active,2024-09-04
10292,2024-08-11,USA,MI,Mid-Market,Healthcare,3,35,Active,2024-09-22
10293,2024-09-29,USA,MI,Mid-Market,Education,5,22,Churned,2024-09-29
10294,2024-05-08,Australia,,Mid-Market,Retail,4,41,Active,2026-07-31
10295,2024-01-18,USA,TN,Enterprise,Manufacturing,1,96,Active,2024-02-19
10296,2025-10-22,USA,TN,Enterprise,Government,2,50,Active,2025-10-22
10297,2026-08-02,USA,OH,Mid-Market,Retail,1,93,Churned,2026-08-02
10298,2024-04-28,UK,CA,SMB,Manufacturing,2,80,Active,2024-04-28
10299,2024-10-15,USA,PA,SMB,Technology,3,12,Active,2026-03-27
10300,2025-05-08,USA,MI,Mid-Market,Healthcare,1,69,Active,2025-05-08
10301,2026-06-22,USA,IL,Mid-Market,Technology,4,88,Active,2026-06-22
10302,2025-11-07,USA,MI,SMB,Manufacturing,2,52,Active,2025-11-07
10303,2026-01-16,USA,CA,SMB,Financial Services,3,31,Active,2026-01-16
10304,2025-07-20,USA,VA,Enterprise,Manufacturing,5,81,Active,2026-02-19
10305,2025-02-10,USA,OH,Enterprise,Manufacturing,3,6,Churned,2025-12-22
10306,2024-07-13,USA,GA,Enterprise,Technology,5,86,Active,2025-02-14
10307,2026-04-21,USA,MI,SMB,Professional Services,4,9,Active,2026-04-21
10308,2026-02-22,USA,FL,Mid-Market,Education,3,6,Active,2026-02-22
10309,2024-01-25,USA,IL,Mid-Market,Retail,1,52,Active,2025-01-25
10310,2025-11-27,Australia,WA,SMB,Government,1,7,Active,2025-11-27
10311,2024-03-23,USA,NC,SMB,Education,5,73,Churned,2024-03-23
10312,2025-12-20,USA,GA,Enterprise,Healthcare,1,48,Active,2025-12-20
10313,2026-03-15,USA,VA,SMB,Healthcare,6,74,Active,2026-03-15
10314,2024-05-07,USA,MI,Mid-Market,Financial Services,2,79,Active,2024-09-28
10315,2025-02-26,USA,TX,Mid-Market,Healthcare,4,79,Active,2025-02-26
10316,2024-04-30,USA,FL,Mid-Market,Manufacturing,2,11,Active,2024-04-30
10317,2025-07-06,Australia,VA,SMB,Retail,7,85,Active,2025-07-06
10318,2026-06-22,USA,PA,Mid-Market,Government,1,87,Active,
10319,2024-03-19,USA,OH,SMB,Manufacturing,2,51,Active,2024-03-19
10320,2025-01-22,USA,TN,Mid-Market,Financial Services,5,14,Active,2025-01-22
10321,2026-08-05,USA,VA,SMB,Government,1,74,Active,2026-08-05
10322,2024-10-20,USA,TN,Mid-Market,Manufacturing,1,70,Active,2026-06-08
10323,2024-05-08,Canada,FL,Mid-Market,Healthcare,5,14,Active,2025-06-02
10324,2025-04-20,Australia,TX,SMB,Healthcare,4,81,Churned,2025-04-20
10325,2025-05-10,UK,FL,SMB,Technology,1,69,Churned,2025-05-10
10326,2025-10-07,USA,CO,Mid-Market,Manufacturing,3,5,Active,2025-10-07
10327,2024-11-01,USA,WA,SMB,Technology,1,62,Active,2026-06-19
10328,2026-07-19,USA,IL,SMB,Professional Services,1,85,Active,2026-07-19
10329,2025-05-22,USA,CA,SMB,Technology,3,96,Active,2025-05-22
10330,2024-10-05,USA,VA,Enterprise,Professional Services,1,85,Active,2024-10-05
10331,2026-07-24,USA,OH,Mid-Market,Education,2,86,Active,2026-07-24
10332,2026-06-19,USA,WA,SMB,Technology,1,15,Active,2026-06-19
10333,2025-05-01,Canada,CO,Enterprise,Healthcare,5,3,Active,2025-05-01
10334,2024-01-25,Canada,CA,SMB,Manufacturing,3,21,Active,2024-10-22
10335,2025-08-04,UK,TN,SMB,Manufacturing,1,89,Active,2025-08-04
10336,2025-06-24,USA,MI,SMB,Manufacturing,6,87,Active,2025-06-24
10337,2024-05-24,Canada,TN,SMB,Retail,4,9,Active,2025-03-19
10338,2025-09-09,USA,GA,SMB,Technology,1,97,Churned,2025-09-09
10339,2026-03-29,USA,TN,Mid-Market,Retail,7,22,Churned,2026-03-29
10340,2024-04-13,USA,OH,SMB,Manufacturing,1,,Active,2024-12-05
10341,2025-12-05,USA,CO,Mid-Market,Retail,1,61,Active,2025-12-05
10342,2024-05-16,USA,NY,SMB,Professional Services,2,13,Active,
10343,2025-12-30,Canada,OH,SMB,Retail,1,39,Active,2025-12-30
10344,2025-02-12,USA,WA,SMB,Education,3,28,Active,2026-04-19
10345,2024-01-07,UK,FL,Mid-Market,Technology,3,36,Active,2024-08-11
10346,2026-07-30,USA,IL,Mid-Market,Retail,5,34,Active,
10347,2024-06-10,USA,NC,SMB,Professional Services,1,46,Active,2025-07-29
10348,2025-08-03,UK,GA,SMB,Professional Services,1,64,Active,2025-08-03
10349,2024-06-25,USA,IL,SMB,Education,2,12,Active,2025-08-31
10350,2026-06-27,Canada,WA,Mid-Market,Government,1,73,Active,2026-06-27
10351,2025-12-20,USA,WA,SMB,Manufacturing,6,12,Churned,2025-12-20
10352,2026-02-22,USA,PA,Mid-Market,Professional Services,4,61,Active,2026-02-22
10353,2025-02-24,USA,IL,SMB,Professional Services,4,20,Active,2025-02-24
10354,2025-03-31,USA,PA,SMB,Education,4,90,Churned,2025-03-31
10355,2025-09-09,USA,WA,Mid-Market,Professional Services,1,33,Active,2025-09-09
10356,2026-02-03,USA,NC,SMB,Education,1,2,Active,2026-02-03
10357,2026-04-04,USA,CO,SMB,Manufacturing,2,11,Active,2026-04-04
10358,2024-01-18,USA,CA,Enterprise,Manufacturing,4,39,Active,2025-01-06
10359,2025-10-08,Australia,TX,SMB,Retail,2,96,Active,2025-10-08
10360,2024-04-16,UK,,SMB,Technology,1,30,Churned,2024-08-11
10361,2024-10-07,USA,FL,SMB,Retail,3,50,Active,2024-11-09
10362,2026-03-18,USA,VA,SMB,Education,1,76,Active,2026-03-18
10363,2024-08-31,USA,FL,Mid-Market,Manufacturing,3,24,Churned,2024-10-07
10364,2026-02-15,USA,GA,SMB,Retail,1,69,Active,2026-02-15
10365,2025-03-26,USA,FL,Enterprise,Healthcare,3,42,Active,2025-03-26
10366,2024-08-14,Canada,NC,Mid-Market,Financial Services,2,90,Churned,2024-08-14
10367,2024-11-21,USA,GA,Enterprise,Technology,5,69,Active,2024-11-21
10368,2025-05-31,USA,NC,Mid-Market,Retail,4,32,Churned,2025-05-31
10369,2026-01-15,USA,,Enterprise,Healthcare,1,46,Active,2026-05-01
10370,2025-08-13,UK,NC,Mid-Market,Retail,4,86,Active,2025-08-13
10371,2026-06-27,USA,TN,SMB,Retail,4,38,Active,2026-06-27
10372,2026-04-25,USA,MI,SMB,Financial Services,3,54,Active,2026-04-25
10373,2026-01-03,USA,CA,Mid-Market,Retail,6,86,Active,2026-01-03
10374,2025-08-10,USA,FL,SMB,Technology,4,16,Active,2026-04-29
10375,2024-10-09,USA,GA,Mid-Market,Education,1,85,Active,2024-10-09
10376,2025-02-05,USA,FL,SMB,Government,2,83,Active,2025-02-05
10377,2024-04-25,USA,CA,Mid-Market,Healthcare,2,55,Active,2024-04-25
10378,2024-12-30,USA,TN,SMB,Retail,3,24,Churned,2024-12-30
10379,2026-06-21,Australia,NC,Enterprise,Healthcare,7,15,Active,2026-06-21
10380,2025-02-18,USA,TX,SMB,Technology,3,77,Churned,2025-03-25
10381,2024-04-20,UK,CA,SMB,Healthcare,2,38,Active,2025-02-21
10382,2025-09-26,USA,GA,Mid-Market,Financial Services,6,54,Active,2025-09-26
10383,2026-07-26,UK,VA,Mid-Market,Technology,4,9,Active,2026-07-26
10384,2026-04-24,USA,OH,Mid-Market,Retail,1,52,Active,2026-04-24
10385,2024-09-23,USA,NC,Enterprise,Manufacturing,5,7,Active,2024-09-23
10386,2025-03-18,USA,FL,SMB,Technology,2,54,Active,2025-09-18
10387,2025-06-01,USA,PA,Mid-Market,Professional Services,3,85,Active,2025-06-01
10388,2024-08-29,Canada,FL,SMB,Retail,2,98,Active,2025-02-02
10389,2024-09-18,USA,VA,SMB,Financial Services,6,85,Churned,2026-07-20
10390,2024-08-18,USA,WA,SMB,Manufacturing,1,59,Churned,2024-08-18
10391,2026-08-26,USA,KY,SMB,Healthcare,2,75,Active,2026-08-26
10392,2025-12-27,USA,GA,Mid-Market,Healthcare,3,5,Churned,2025-12-27
10393,2026-03-29,USA,VA,Mid-Market,Manufacturing,5,69,Churned,2026-03-29
10394,2026-03-06,UK,OH,SMB,Financial Services,1,96,Active,2026-03-06
10395,2026-07-23,USA,KY,Enterprise,Healthcare,1,16,Churned,2026-07-23
10396,2024-04-12,Canada,PA,SMB,Technology,6,29,Churned,2025-02-04
10397,2026-05-08,USA,IL,SMB,Professional Services,4,100,Active,2026-05-08
10398,2024-03-05,USA,TN,Mid-Market,Healthcare,2,48,Active,2024-03-05
10399,2025-04-08,USA,NC,SMB,Technology,2,73,Active,2025-04-08
10400,2025-08-01,Canada,VA,SMB,Government,2,83,Active,2025-12-26
10401,2024-12-14,USA,TX,Mid-Market,Financial Services,3,96,Active,2024-12-14
10402,2024-05-22,USA,PA,SMB,Education,3,9,Active,2025-10-04
10403,2024-07-06,USA,IL,SMB,Financial Services,4,36,Active,2025-01-01
10404,2026-03-14,USA,VA,Mid-Market,Professional Services,1,24,Active,2026-03-14
10405,2024-11-06,USA,KY,SMB,Healthcare,4,82,Active,2024-11-06
10406,2024-10-29,USA,TX,Mid-Market,Retail,1,88,Active,2025-05-17
10407,2026-06-18,USA,NC,Mid-Market,Government,5,87,Active,2026-06-18
10408,2024-05-20,USA,GA,SMB,Technology,1,12,Active,
10409,2026-06-10,USA,FL,SMB,Financial Services,1,68,Churned,2026-06-10
10410,2026-06-16,USA,WA,SMB,Education,1,52,Active,2026-06-16
10411,2025-08-05,USA,VA,Mid-Market,Professional Services,1,73,Active,2025-08-05
10412,2024-06-10,USA,MI,SMB,Manufacturing,2,19,Active,2024-06-17
10413,2024-05-31,USA,TX,Enterprise,Healthcare,3,13,Active,2024-05-31
10414,2024-10-04,USA,IL,SMB,Financial Services,5,36,Active,2024-10-04
10415,2025-07-16,USA,PA,Mid-Market,Government,3,36,Active,2025-07-21
10416,2024-05-29,USA,OH,SMB,Financial Services,3,80,Active,2024-06-09
10417,2025-03-19,USA,KY,SMB,Retail,2,20,Churned,2025-03-19
10418,2024-04-22,USA,FL,SMB,Healthcare,4,96,Churned,2024-12-30
10419,2025-06-10,USA,VA,Mid-Market,Healthcare,1,2,Active,2025-06-30
10420,2024-01-21,USA,IL,Enterprise,Manufacturing,2,58,Active,2024-03-03
10421,2025-11-21,Australia,WA,SMB,Retail,1,54,Active,2025-11-21
10422,2024-02-23,Australia,GA,SMB,Healthcare,1,37,Active,2025-05-24
10423,2024-07-08,USA,VA,SMB,Healthcare,3,12,Active,2025-11-20
10424,2024-06-19,USA,,SMB,Healthcare,1,9,Active,2024-11-09
10425,2026-03-20,USA,OH,Enterprise,Healthcare,1,28,Active,2026-03-20
10426,2024-02-21,USA,WA,Enterprise,Financial Services,4,,Active,2024-04-02
10427,2025-02-22,USA,MI,Enterprise,Education,1,20,Active,2025-02-22
10428,2025-07-29,Australia,OH,SMB,Healthcare,3,82,Active,2025-07-29
10429,2025-05-17,USA,KY,SMB,Retail,2,98,Active,2025-05-17
10430,2025-10-25,USA,OH,Mid-Market,Technology,5,76,Active,2025-10-25
10431,2026-02-21,USA,GA,SMB,Education,4,83,Active,2026-02-21
10432,2025-01-18,USA,CA,Mid-Market,Technology,1,36,Churned,2025-01-18
10433,2026-03-17,USA,FL,SMB,Government,5,87,Active,2026-03-17
10434,2024-11-05,UK,FL,SMB,Financial Services,2,17,Active,2024-11-05
10435,2026-08-16,USA,MI,Enterprise,Healthcare,1,61,Active,2026-08-16
10436,2025-05-06,USA,FL,SMB,Healthcare,3,55,Active,2025-05-06
10437,2025-12-17,USA,OH,Enterprise,Healthcare,4,48,Active,2025-12-17
10438,2026-05-02,USA,IL,SMB,Government,2,84,Active,2026-05-02
10439,2026-02-11,USA,VA,SMB,Technology,2,34,Active,2026-02-11
10440,2026-04-09,USA,NY,SMB,Education,1,57,Active,2026-04-09
10441,2025-06-06,Canada,VA,SMB,Government,3,47,Active,2025-06-06
10442,2024-02-12,Australia,OH,SMB,Professional Services,7,55,Active,2024-02-12
10443,2025-04-25,USA,PA,SMB,Retail,2,35,Active,2025-09-08
10444,2024-06-25,Canada,KY,Mid-Market,Professional Services,8,71,Active,2024-11-23
10445,2026-05-15,USA,TN,Enterprise,Manufacturing,1,60,Active,2026-05-15
10446,2024-08-18,USA,FL,SMB,Healthcare,4,13,Active,
10447,2024-08-10,USA,KY,SMB,Manufacturing,6,45,Active,2024-08-29
10448,2024-08-30,USA,NY,SMB,Professional Services,3,62,Active,2024-08-30
10449,2025-09-17,UK,FL,Mid-Market,Education,1,10,Active,2025-11-05
10450,2025-07-10,USA,CO,Mid-Market,Retail,2,8,Active,2025-07-10
10451,2026-07-13,USA,FL,SMB,Professional Services,1,55,Active,2026-07-13
10452,2025-02-09,USA,GA,SMB,Manufacturing,3,16,Active,2025-04-05
10453,2024-10-01,USA,NY,SMB,Technology,8,58,Active,2024-12-03
10454,2024-02-17,UK,MI,SMB,Retail,2,6,Active,2024-07-27
10455,2024-01-07,Canada,KY,SMB,Financial Services,1,86,Active,2025-11-30
10456,2024-12-29,USA,TX,Enterprise,Retail,1,62,Active,2024-12-29
10457,2026-06-20,USA,OH,SMB,Professional Services,3,64,Active,2026-06-20
10458,2025-05-25,USA,IL,SMB,Government,3,97,Active,2025-05-25
10459,2026-05-20,Australia,OH,SMB,Financial Services,1,63,Active,2026-05-20
10460,2024-04-09,USA,,Mid-Market,Financial Services,4,15,Active,2025-01-07
10461,2024-03-31,USA,GA,SMB,Healthcare,1,90,Active,2025-10-01
10462,2026-03-22,USA,CA,SMB,Education,3,48,Active,2026-03-22
10463,2024-04-13,UK,CO,SMB,Manufacturing,2,68,Active,2024-04-13
10464,2024-02-20,USA,FL,Mid-Market,Manufacturing,1,90,Active,2024-08-28
10465,2025-01-28,USA,GA,SMB,Healthcare,3,,Churned,2025-01-28
10466,2026-06-19,USA,PA,Enterprise,Healthcare,3,86,Churned,2026-06-19
10467,2025-11-02,USA,CA,SMB,Professional Services,2,96,Churned,2025-11-02
10468,2024-04-06,USA,OH,SMB,Technology,4,43,Active,2024-04-06
10469,2026-03-26,Canada,TN,Enterprise,Financial Services,3,3,Active,2026-03-26
10470,2026-04-01,USA,CA,Mid-Market,Financial Services,1,75,Active,2026-04-01
10471,2026-02-18,Australia,OH,SMB,Financial Services,7,81,Active,2026-02-18
10472,2026-05-29,USA,NY,Mid-Market,Healthcare,6,5,Active,2026-05-29
10473,2024-08-21,UK,FL,SMB,Healthcare,1,96,Active,2026-08-21
10474,2026-08-12,USA,VA,SMB,Technology,6,76,Active,2026-08-12
10475,2024-11-08,USA,TX,Mid-Market,Financial Services,4,20,Churned,2025-02-23
10476,2026-02-20,USA,GA,Mid-Market,Retail,1,73,Churned,2026-02-20
10477,2025-07-18,Canada,GA,SMB,Manufacturing,3,69,Active,2025-07-18
10478,2026-01-29,USA,GA,Mid-Market,Retail,1,59,Active,2026-01-29
10479,2025-09-03,USA,TX,SMB,Manufacturing,3,57,Active,2025-09-03
10480,2025-09-17,USA,IL,SMB,Professional Services,6,12,Active,2026-04-12
10481,2025-08-23,USA,NC,Enterprise,Financial Services,2,94,Active,2025-08-23
10482,2026-01-28,USA,CA,SMB,Education,3,30,Active,2026-01-28
10483,2025-12-20,USA,KY,Mid-Market,Financial Services,1,29,Active,2025-12-20
10484,2024-05-11,USA,OH,Mid-Market,Financial Services,3,18,Churned,2024-07-09
10485,2026-03-15,USA,OH,Mid-Market,Healthcare,4,21,Active,2026-04-11
10486,2025-06-06,USA,KY,SMB,Technology,1,6,Active,2025-06-06
10487,2024-11-10,USA,NY,Enterprise,Retail,3,83,Active,2024-11-10
10488,2025-05-15,Canada,NC,Mid-Market,Education,2,90,Active,2025-05-15
10489,2026-07-30,USA,WA,Mid-Market,Healthcare,4,6,Active,2026-07-30
10490,2026-04-15,USA,WA,SMB,Technology,4,19,Active,2026-04-15
10491,2026-03-23,USA,KY,SMB,Healthcare,3,45,Active,2026-03-23
10492,2025-03-26,Canada,IL,SMB,Financial Services,2,21,Active,2025-03-26
10493,2026-02-02,UK,GA,SMB,Technology,3,20,Active,2026-02-02
10494,2025-01-10,USA,PA,SMB,Healthcare,3,71,Active,2025-01-10
10495,2025-10-30,UK,CO,Mid-Market,Retail,3,88,Churned,2025-10-30
10496,2025-09-14,USA,VA,Enterprise,Technology,3,33,Active,2025-09-14
10497,2024-08-31,UK,NC,SMB,Education,5,52,Active,2025-05-29
10498,2024-09-16,UK,CA,SMB,Technology,1,41,Churned,2024-09-16
10499,2024-02-29,USA,CO,Mid-Market,Healthcare,1,38,Active,2024-02-29
10500,2024-05-16,Australia,WA,SMB,Healthcare,7,6,Active,2024-05-16
10501,2025-02-26,USA,IL,Enterprise,Retail,1,71,Active,
10502,2025-04-10,USA,GA,SMB,Financial Services,5,93,Churned,2025-04-10
10503,2024-06-09,Canada,CO,SMB,Retail,3,76,Active,2025-10-07
10504,2025-02-10,USA,MI,SMB,Retail,6,100,Active,2025-02-10
10505,2025-08-11,USA,CA,Enterprise,Retail,3,83,Active,2025-08-11
10506,2024-08-14,USA,KY,SMB,Manufacturing,4,37,Active,2024-08-14
10507,2024-11-25,USA,PA,Mid-Market,Healthcare,4,83,Churned,2024-11-25
10508,2024-12-23,USA,,SMB,Retail,3,22,Active,2025-07-27
10509,2025-05-06,Canada,PA,SMB,Financial Services,2,40,Active,2025-05-06
10510,2024-12-22,UK,,Enterprise,Financial Services,1,71,Active,2024-12-22
10511,2025-12-18,Canada,CA,SMB,Education,1,29,Active,2025-12-18
10512,2024-11-14,USA,MI,SMB,Financial Services,7,76,Active,2024-11-14
10513,2025-02-26,UK,NY,SMB,Healthcare,1,19,Active,2025-02-26
10514,2025-01-04,USA,MI,Enterprise,Professional Services,4,16,Active,2025-01-04
10515,2024-06-27,USA,KY,SMB,Retail,3,76,Active,2025-04-17
10516,2025-10-29,USA,MI,SMB,Financial Services,2,49,Active,2025-10-29
10517,2024-08-17,USA,IL,Enterprise,Education,8,94,Active,2024-08-17
10518,2024-10-16,USA,FL,Mid-Market,Technology,1,20,Active,2024-10-16
10519,2026-02-11,USA,CO,Enterprise,Government,3,72,Active,2026-02-11
10520,2026-07-13,Australia,CA,Mid-Market,Professional Services,2,24,Active,2026-07-13
10521,2025-10-15,USA,PA,Mid-Market,Technology,1,48,Active,2025-10-15
10522,2026-06-11,UK,NY,SMB,Financial Services,1,50,Churned,2026-06-11
10523,2026-04-11,USA,OH,SMB,Manufacturing,3,85,Active,2026-04-11
10524,2025-04-13,USA,TX,Mid-Market,Healthcare,1,40,Active,2025-04-24
10525,2026-01-20,USA,MI,Mid-Market,Manufacturing,4,37,Churned,2026-01-20
10526,2024-11-15,Australia,NY,Enterprise,Professional Services,3,48,Active,2024-11-15
10527,2025-03-24,USA,MI,Mid-Market,Healthcare,1,98,Active,2025-03-24
10528,2025-06-05,USA,GA,SMB,Professional Services,1,39,Active,2026-03-30
10529,2026-07-24,Australia,PA,SMB,Manufacturing,1,55,Active,2026-07-24
10530,2026-04-06,Canada,CO,Mid-Market,Healthcare,4,8,Active,2026-04-06
10531,2025-04-21,Canada,WA,SMB,Professional Services,3,61,Active,2025-04-21
10532,2025-09-27,USA,PA,Mid-Market,Manufacturing,1,8,Active,2025-09-27
10533,2024-07-16,USA,NY,Mid-Market,Manufacturing,3,2,Active,2024-07-16
10534,2026-02-22,USA,TN,SMB,Manufacturing,2,,Active,2026-06-07
10535,2025-06-22,USA,KY,Mid-Market,Healthcare,3,20,Active,2025-06-22
10536,2025-06-02,USA,VA,Mid-Market,Healthcare,1,53,Churned,2025-06-02
10537,2026-01-16,USA,CO,Enterprise,Technology,1,21,Active,2026-01-16
10538,2025-09-08,Australia,PA,SMB,Professional Services,2,22,Active,2025-09-08
10539,2024-03-11,USA,VA,Mid-Market,Technology,3,89,Active,2024-03-11
10540,2024-10-07,Canada,MI,SMB,Professional Services,3,63,Active,2024-10-07
10541,2024-06-21,USA,TX,SMB,Professional Services,1,2,Active,2024-06-21
10542,2025-12-16,USA,TX,SMB,Healthcare,1,77,Active,2025-12-16
10543,2024-02-04,USA,GA,Enterprise,Education,3,73,Active,2024-06-28
10544,2024-07-16,USA,VA,Enterprise,Education,1,90,Active,2024-07-16
10545,2025-08-04,USA,OH,SMB,Retail,3,54,Active,2025-08-04
10546,2025-11-07,UK,TX,Mid-Market,Retail,2,95,Active,2025-11-07
10547,2025-05-05,USA,GA,SMB,Education,1,95,Active,2025-05-05
10548,2026-04-18,USA,MI,Mid-Market,Government,3,37,Active,2026-04-18
10549,2026-06-14,USA,KY,SMB,Government,1,8,Active,2026-06-14
10550,2024-05-08,USA,CO,Mid-Market,Manufacturing,3,95,Active,2024-05-08
10551,2026-07-16,USA,KY,SMB,Education,1,66,Active,2026-07-16
10552,2025-08-21,USA,GA,Mid-Market,Manufacturing,2,88,Active,2025-08-21
10553,2025-09-11,USA,WA,SMB,Professional Services,3,8,Active,2025-09-11
10554,2024-04-02,Canada,TX,Mid-Market,Technology,1,32,Active,2025-10-12
10555,2025-08-28,UK,IL,Mid-Market,Professional Services,3,1,Active,2025-08-28
10556,2025-12-07,USA,GA,SMB,Government,4,37,Active,2025-12-15
10557,2025-07-19,Canada,OH,SMB,Retail,7,76,Churned,2025-07-19
10558,2024-03-23,USA,CA,Mid-Market,Government,1,17,Active,2024-09-08
10559,2025-05-24,USA,PA,Mid-Market,Technology,1,38,Active,2025-06-25
10560,2026-06-30,USA,TN,SMB,Financial Services,2,87,Active,2026-06-30
10561,2025-12-05,USA,VA,SMB,Healthcare,5,31,Active,2025-12-05
10562,2024-05-13,Australia,PA,SMB,Technology,2,53,Active,2024-05-13
10563,2026-07-23,Canada,GA,Mid-Market,Financial Services,2,44,Active,2026-07-23
10564,2026-07-22,UK,FL,Mid-Market,Financial Services,4,21,Active,2026-07-22
10565,2024-06-13,USA,WA,SMB,Manufacturing,1,93,Active,2025-01-07
10566,2026-02-19,USA,NC,Mid-Market,Healthcare,3,81,Active,2026-02-19
10567,2025-01-31,USA,PA,Mid-Market,Retail,2,40,Active,2025-02-14
10568,2025-08-01,USA,PA,Mid-Market,Education,3,86,Active,2025-08-01
10569,2025-03-09,Canada,FL,SMB,Healthcare,4,50,Churned,2025-06-04
10570,2026-02-01,Canada,IL,SMB,Technology,2,64,Active,2026-02-01
10571,2026-08-28,UK,WA,SMB,Healthcare,3,30,Active,2026-08-28
10572,2026-02-13,UK,TX,SMB,Professional Services,3,40,Active,2026-02-13
10573,2026-06-26,USA,TN,SMB,Retail,1,93,Active,2026-06-26
10574,2026-07-10,UK,PA,SMB,Professional Services,5,23,Active,
10575,2024-03-28,UK,TX,SMB,Education,4,42,Active,2026-03-03
10576,2024-09-03,USA,VA,Mid-Market,Professional Services,6,77,Active,2024-09-03
10577,2025-12-04,USA,OH,SMB,Manufacturing,4,33,Active,2025-12-04
10578,2025-07-28,USA,KY,Mid-Market,Manufacturing,1,78,Active,2025-10-04
10579,2024-02-18,USA,PA,SMB,Healthcare,2,40,Active,2026-02-15
10580,2024-04-02,USA,TN,Mid-Market,Manufacturing,2,52,Active,2026-02-04
10581,2025-05-22,UK,NY,SMB,Manufacturing,1,100,Active,2025-05-22
10582,2025-08-23,Australia,PA,Mid-Market,Technology,2,75,Active,2025-08-23
10583,2024-06-12,UK,NY,Mid-Market,Healthcare,2,92,Churned,2024-10-06
10584,2024-06-15,USA,OH,SMB,Manufacturing,1,20,Active,2024-08-14
10585,2024-05-05,USA,VA,Mid-Market,Manufacturing,4,84,Active,2024-11-14
10586,2025-07-04,USA,,SMB,Technology,1,53,Churned,2025-07-04
10587,2024-01-08,USA,NC,Mid-Market,Technology,3,77,Active,2024-12-11
10588,2025-07-11,USA,FL,SMB,Retail,4,33,Churned,2025-07-11
10589,2025-04-08,UK,NC,SMB,Manufacturing,3,74,Active,2025-04-08
10590,2025-03-29,Canada,CO,SMB,Retail,1,100,Active,2025-06-27
10591,2025-10-23,Canada,CO,Enterprise,Education,3,50,Active,2025-10-23
10592,2025-05-24,USA,IL,SMB,Education,4,43,Active,2025-05-24
10593,2025-12-09,USA,NY,Mid-Market,Retail,5,53,Active,2025-12-09
10594,2026-01-14,USA,PA,SMB,Financial Services,2,21,Active,2026-01-14
10595,2026-06-15,USA,GA,SMB,Technology,1,57,Active,2026-06-15
10596,2026-02-17,UK,TX,SMB,Education,3,20,Churned,2026-02-17
10597,2025-05-19,USA,FL,Enterprise,Healthcare,1,70,Active,
10598,2025-04-24,USA,MI,Mid-Market,Manufacturing,4,100,Active,2025-04-24
10599,2024-08-17,UK,CA,SMB,Retail,3,77,Active,2024-08-17
10600,2025-08-07,USA,FL,Mid-Market,Education,4,100,Active,2025-08-07
10601,2024-05-15,USA,WA,SMB,Healthcare,7,44,Churned,2024-05-15
10602,2026-06-26,UK,WA,SMB,Education,3,80,Active,2026-06-26
10603,2026-04-03,USA,TN,SMB,Technology,5,57,Active,2026-04-03
10604,2024-04-26,USA,NC,SMB,Professional Services,3,49,Active,2024-07-20
10605,2026-02-04,USA,IL,SMB,Government,1,64,Active,2026-02-04
10606,2024-04-24,USA,VA,Mid-Market,Manufacturing,4,67,Active,2024-04-24
10607,2025-12-03,USA,WA,SMB,Technology,3,5,Active,
10608,2024-03-26,USA,CO,Enterprise,Technology,7,71,Active,2024-11-12
10609,2025-04-20,USA,KY,Mid-Market,Professional Services,1,53,Active,2025-04-20
10610,2025-10-02,USA,WA,Mid-Market,Manufacturing,2,14,Active,2025-10-02
10611,2025-12-10,USA,FL,Mid-Market,Healthcare,4,18,Active,2025-12-10
10612,2025-02-11,USA,TN,Enterprise,Government,1,15,Active,2025-02-11
10613,2026-06-16,USA,CA,SMB,Healthcare,3,83,Active,2026-06-16
10614,2026-01-24,USA,KY,SMB,Government,3,40,Active,2026-01-24
10615,2024-07-21,UK,CO,SMB,Financial Services,1,44,Active,2024-09-11
10616,2025-10-15,USA,VA,Enterprise,Manufacturing,1,38,Active,2025-10-15
10617,2025-12-12,USA,TX,SMB,Government,4,73,Active,2025-12-12
10618,2024-11-20,USA,TN,Mid-Market,Technology,1,47,Active,2025-01-24
10619,2025-12-20,USA,CA,Mid-Market,Technology,4,100,Active,2025-12-20
10620,2026-05-25,USA,TX,SMB,Retail,4,31,Churned,2026-05-25
10621,2026-03-06,USA,FL,Enterprise,Retail,3,96,Active,2026-03-06
10622,2026-01-12,USA,OH,SMB,Healthcare,2,62,Active,2026-01-12
10623,2025-09-10,USA,NC,SMB,Technology,1,64,Active,2025-09-10
10624,2024-09-20,USA,NY,Mid-Market,Manufacturing,4,76,Active,2025-02-12
10625,2026-02-13,USA,IL,SMB,Financial Services,1,88,Active,2026-02-13
10626,2024-12-20,USA,NC,SMB,Retail,1,88,Active,2025-02-03
10627,2025-06-02,USA,IL,SMB,Government,6,90,Active,2025-06-02
10628,2024-11-02,USA,OH,SMB,Professional Services,2,41,Churned,2024-11-02
10629,2024-10-31,USA,OH,Mid-Market,Manufacturing,1,78,Active,2024-10-31
10630,2024-06-02,UK,NC,Enterprise,Government,7,30,Active,2024-06-02
10631,2026-07-25,USA,WA,SMB,Manufacturing,1,50,Active,2026-07-25
10632,2024-05-23,USA,CA,SMB,Retail,1,16,Active,2024-06-06
10633,2024-03-25,USA,IL,SMB,Retail,2,44,Active,2024-06-11
10634,2026-06-30,USA,WA,Enterprise,Professional Services,4,57,Active,2026-06-30
10635,2025-06-24,USA,GA,Mid-Market,Financial Services,5,84,Active,2025-06-24
10636,2025-03-02,Australia,TN,SMB,Financial Services,4,4,Active,2025-03-02
10637,2025-12-19,USA,VA,SMB,Government,7,60,Churned,2025-12-19
10638,2025-01-08,USA,MI,Enterprise,Education,1,86,Active,2025-01-08
10639,2024-05-04,Canada,IL,Enterprise,Education,3,78,Active,2025-03-04
10640,2025-12-11,USA,WA,SMB,Education,1,48,Active,2025-12-11
10641,2024-06-20,USA,TN,Mid-Market,Technology,6,41,Active,2025-04-28
10642,2025-06-22,UK,NC,SMB,Healthcare,6,61,Churned,2025-06-22
10643,2026-07-13,USA,IL,SMB,Education,2,71,Active,2026-07-13
10644,2026-06-30,USA,IL,Mid-Market,Financial Services,4,41,Active,2026-06-30
10645,2024-12-17,UK,TN,SMB,Healthcare,3,55,Churned,2024-12-17
10646,2026-01-30,USA,GA,SMB,Government,1,1,Active,2026-04-14
10647,2025-08-19,Canada,WA,Enterprise,Healthcare,3,32,Active,2025-08-19
10648,2025-04-11,USA,CA,Mid-Market,Healthcare,7,79,Active,2025-04-11
10649,2024-05-16,USA,OH,SMB,Retail,2,42,Active,2024-08-22
10650,2025-01-01,USA,OH,Mid-Market,Professional Services,1,48,Active,2025-01-01
10651,2025-09-26,Canada,OH,Mid-Market,Government,7,94,Active,2025-09-26
10652,2026-08-18,USA,NC,Mid-Market,Healthcare,2,41,Active,2026-08-18
10653,2024-01-05,USA,NY,Enterprise,Retail,2,44,Active,
10654,2025-11-30,USA,WA,Mid-Market,Education,4,76,Active,2025-11-30
10655,2026-04-04,USA,NY,SMB,Technology,3,85,Active,2026-04-04
10656,2026-07-15,USA,TN,SMB,Financial Services,2,35,Active,2026-07-15
10657,2025-02-16,UK,NY,Mid-Market,Retail,1,18,Active,2025-02-16
10658,2024-04-25,USA,NY,Enterprise,Technology,4,65,Active,2026-03-25
10659,2024-09-20,USA,TX,SMB,Healthcare,2,11,Churned,2025-03-17
10660,2026-04-08,USA,IL,SMB,Education,3,73,Active,2026-04-08
10661,2026-05-05,USA,WA,Mid-Market,Financial Services,5,49,Active,2026-05-05
10662,2025-09-12,USA,FL,SMB,Professional Services,1,99,Active,2025-09-12
10663,2024-04-29,USA,IL,SMB,Technology,5,31,Active,2024-10-07
10664,2024-04-28,UK,NC,Enterprise,Technology,4,77,Active,2024-04-28
10665,2025-04-10,USA,IL,Mid-Market,Education,6,1,Active,2025-04-10
10666,2025-07-26,USA,FL,Enterprise,Healthcare,1,3,Active,2025-07-26
10667,2024-02-01,USA,KY,Mid-Market,Financial Services,2,45,Active,2025-08-03
10668,2025-10-30,USA,NC,SMB,Manufacturing,3,63,Active,2025-10-30
10669,2025-06-14,Canada,CA,Enterprise,Education,6,17,Active,2025-06-14
10670,2024-01-12,USA,GA,SMB,Professional Services,8,62,Active,2024-06-14
10671,2024-04-03,USA,PA,SMB,Retail,2,67,Active,2024-04-03
10672,2025-03-18,Canada,NC,Enterprise,Education,3,13,Active,2025-03-18
10673,2025-12-04,USA,VA,Mid-Market,Financial Services,1,87,Active,2025-12-04
10674,2026-03-14,USA,NY,Enterprise,Healthcare,3,76,Active,2026-03-14
10675,2025-02-24,USA,CO,SMB,Financial Services,4,34,Active,2025-02-24
10676,2024-10-14,USA,OH,Enterprise,Professional Services,4,38,Active,2024-10-14
10677,2026-08-01,USA,GA,Mid-Market,Manufacturing,2,28,Active,2026-08-01
10678,2025-03-22,USA,NC,Mid-Market,Manufacturing,7,63,Active,2025-03-22
10679,2024-11-03,UK,CO,Enterprise,Education,1,69,Active,2025-01-12
10680,2025-03-06,USA,FL,SMB,Healthcare,2,27,Active,2025-03-06
10681,2024-01-12,USA,FL,Mid-Market,Healthcare,3,55,Active,2024-03-31
10682,2024-10-21,USA,NC,Mid-Market,Healthcare,3,18,Active,2024-10-21
10683,2025-05-17,USA,CA,Mid-Market,Healthcare,4,42,Churned,2025-05-17
10684,2026-06-13,USA,NC,Enterprise,Manufacturing,3,40,Active,2026-06-13
10685,2025-12-20,USA,WA,Mid-Market,Retail,1,38,Churned,2025-12-20
10686,2026-01-30,USA,FL,SMB,Education,1,21,Active,2026-01-30
10687,2025-06-14,USA,NY,SMB,Professional Services,3,3,Active,2025-06-14
10688,2024-04-17,USA,PA,Enterprise,Professional Services,3,99,Active,2024-05-05
10689,2025-01-15,USA,IL,Enterprise,Financial Services,3,41,Active,2025-01-15
10690,2026-08-29,USA,CA,Enterprise,Manufacturing,2,73,Active,2026-08-29
10691,2024-02-13,USA,NY,SMB,Healthcare,1,87,Active,2024-06-01
10692,2026-05-06,USA,NY,SMB,Financial Services,4,4,Active,2026-05-06
10693,2025-10-28,Canada,,Mid-Market,Technology,2,40,Active,2025-10-28
10694,2024-10-03,UK,FL,Mid-Market,Manufacturing,3,39,Churned,2024-10-03
10695,2026-01-27,Canada,TN,SMB,Technology,2,64,Active,2026-01-27
10696,2026-03-26,Canada,NY,Mid-Market,Professional Services,1,92,Active,2026-03-26
10697,2024-02-12,UK,TX,SMB,Healthcare,1,68,Active,2026-01-03
10698,2024-04-13,USA,MI,SMB,Professional Services,1,60,Active,2024-04-13
10699,2025-10-10,USA,VA,SMB,Healthcare,4,23,Active,2025-10-10
10700,2026-08-31,USA,IL,SMB,Government,1,49,Active,2026-08-31
10701,2024-01-24,USA,KY,SMB,Technology,1,75,Active,2024-03-23
10702,2025-10-10,Canada,TN,Enterprise,Healthcare,8,54,Active,2025-10-10
10703,2024-05-12,USA,CA,Mid-Market,Retail,2,61,Active,2024-05-12
10704,2025-09-25,USA,NY,Enterprise,Financial Services,3,31,Active,2025-09-25
10705,2025-08-30,USA,FL,SMB,Education,2,47,Active,2025-08-30
10706,2024-03-29,USA,GA,SMB,Financial Services,1,39,Active,2026-05-13
10707,2025-10-25,USA,KY,SMB,Professional Services,1,50,Churned,2025-10-25
10708,2026-05-23,USA,IL,Mid-Market,Retail,5,20,Active,2026-05-23
10709,2026-04-20,USA,CO,SMB,Government,2,65,Active,2026-04-20
10710,2024-01-29,USA,WA,Mid-Market,Financial Services,4,72,Active,2024-06-16
10711,2024-08-27,USA,NY,Mid-Market,Technology,7,76,Active,2024-10-01
10712,2024-08-22,USA,VA,Enterprise,Professional Services,1,24,Active,2024-08-22
10713,2025-03-17,USA,VA,SMB,Financial Services,3,42,Active,2025-03-17
10714,2024-05-19,Australia,CA,SMB,Healthcare,1,43,Active,2024-05-31
10715,2026-04-12,USA,TX,SMB,Manufacturing,2,89,Churned,2026-04-12
10716,2026-01-26,USA,GA,SMB,Technology,4,93,Churned,2026-01-26
10717,2026-02-26,UK,TN,Mid-Market,Professional Services,1,48,Active,2026-02-26
10718,2024-07-12,UK,TX,SMB,Financial Services,8,41,Active,2025-01-11
10719,2024-01-15,USA,CA,Mid-Market,Professional Services,3,3,Churned,2024-05-02
10720,2026-06-05,USA,NY,SMB,Professional Services,2,34,Active,2026-06-05
10721,2024-10-08,Canada,WA,Enterprise,Education,1,8,Active,
10722,2025-10-01,USA,CO,Enterprise,Healthcare,3,43,Active,2025-10-01
10723,2026-06-04,Canada,OH,SMB,Healthcare,2,39,Active,2026-06-04
10724,2024-02-05,USA,NY,Enterprise,Government,1,25,Active,2024-05-04
10725,2024-01-06,UK,NC,SMB,Education,2,98,Active,2024-03-02
10726,2024-01-06,UK,WA,Mid-Market,Technology,1,74,Active,2024-02-11
10727,2024-06-01,USA,FL,Enterprise,Professional Services,8,65,Active,2024-12-31
10728,2024-02-20,UK,CA,Mid-Market,Healthcare,2,,Churned,2024-04-08
10729,2026-03-09,USA,PA,Mid-Market,Education,2,35,Active,2026-07-03
10730,2025-08-13,USA,TN,SMB,Technology,4,26,Active,2025-08-13
10731,2026-08-12,USA,GA,Mid-Market,Professional Services,4,86,Active,2026-08-12
10732,2026-02-19,USA,VA,Mid-Market,Education,5,43,Active,2026-02-19
10733,2026-07-27,USA,TX,SMB,Manufacturing,6,72,Active,2026-07-27
10734,2024-08-20,USA,KY,SMB,Healthcare,1,54,Active,2024-08-20
10735,2024-10-07,USA,MI,Mid-Market,Professional Services,2,3,Active,2025-08-19
10736,2026-04-07,USA,KY,Mid-Market,Education,3,87,Active,2026-04-07
10737,2024-08-26,USA,TN,SMB,Retail,1,2,Churned,2024-08-26
10738,2024-02-25,UK,TN,Enterprise,Government,4,34,Active,2024-03-07
10739,2025-10-13,USA,CO,Mid-Market,Retail,1,76,Active,2025-10-13
10740,2026-02-19,Canada,NY,SMB,Retail,6,58,Active,2026-02-19
10741,2026-08-01,USA,TN,SMB,Government,4,83,Churned,2026-08-01
10742,2026-06-22,USA,KY,Mid-Market,Technology,3,94,Active,2026-06-22
10743,2024-04-27,UK,TX,Mid-Market,Professional Services,2,72,Active,2024-07-23
10744,2026-01-22,USA,WA,Mid-Market,Professional Services,8,27,Active,2026-01-22
10745,2026-04-04,USA,NC,SMB,Manufacturing,4,1,Active,2026-04-04
10746,2025-11-10,Australia,,Mid-Market,Financial Services,4,73,Active,2025-11-10
10747,2026-03-09,USA,FL,Mid-Market,Professional Services,4,32,Active,2026-03-09
10748,2026-03-27,USA,IL,Mid-Market,Manufacturing,1,66,Active,2026-03-27
10749,2025-03-10,USA,TN,SMB,Technology,1,,Active,2025-03-10
10750,2024-02-09,USA,CA,Mid-Market,Manufacturing,1,15,Churned,2024-02-09
10751,2025-03-20,USA,FL,SMB,Healthcare,3,37,Active,2025-03-20
10752,2024-07-15,Canada,GA,SMB,Healthcare,3,99,Active,2024-07-29
10753,2024-04-20,USA,KY,Mid-Market,Technology,2,33,Active,2024-04-20
10754,2024-05-01,USA,IL,Mid-Market,Education,7,79,Active,2024-05-01
10755,2025-11-10,USA,IL,SMB,Manufacturing,1,,Active,2025-11-10
10756,2025-05-06,USA,TN,Mid-Market,Financial Services,4,43,Active,2025-05-06
10757,2025-06-09,USA,,SMB,Retail,2,76,Churned,2025-06-09
10758,2025-12-26,Australia,FL,SMB,Education,2,56,Churned,2025-12-26
10759,2025-06-18,USA,TX,SMB,Healthcare,1,63,Active,2025-06-18
10760,2025-09-05,USA,TN,SMB,Technology,4,37,Active,2025-12-31
10761,2024-03-24,USA,TN,Mid-Market,Technology,4,95,Active,2024-12-03
10762,2026-04-09,Canada,NC,Mid-Market,Retail,2,27,Churned,2026-04-09
10763,2025-03-13,USA,CA,Mid-Market,Technology,3,54,Active,2025-12-05
10764,2024-05-31,USA,NC,SMB,Professional Services,3,90,Active,2024-05-31
10765,2026-03-03,USA,IL,SMB,Financial Services,2,72,Active,2026-03-03
10766,2025-12-16,USA,NY,SMB,Healthcare,3,59,Active,2025-12-16
10767,2024-02-21,Australia,NC,Mid-Market,Healthcare,2,9,Active,2024-12-05
10768,2024-07-07,USA,IL,SMB,Education,5,37,Active,2024-07-07
10769,2024-01-16,USA,OH,SMB,Professional Services,4,45,Active,2024-04-06
10770,2024-09-20,USA,KY,Mid-Market,Technology,1,86,Active,2024-09-20
10771,2024-04-07,UK,IL,Mid-Market,Government,4,86,Active,2024-04-07
10772,2025-11-22,USA,KY,SMB,Technology,2,45,Active,2025-11-22
10773,2025-05-23,USA,CO,SMB,Retail,6,36,Active,2025-05-23
10774,2026-08-12,Canada,FL,Mid-Market,Financial Services,3,19,Active,2026-08-12
10775,2025-12-30,UK,GA,SMB,Technology,1,48,Churned,2025-12-30
10776,2025-08-18,USA,IL,SMB,Technology,4,16,Active,2025-08-18
10777,2025-05-11,USA,,Enterprise,Manufacturing,1,,Active,2025-05-11
10778,2024-02-23,USA,GA,SMB,Manufacturing,5,95,Active,2025-09-13
10779,2024-03-09,UK,KY,SMB,Retail,6,54,Churned,2024-05-08
10780,2025-08-23,USA,CO,SMB,Retail,3,39,Active,2025-08-23
10781,2024-01-05,USA,FL,SMB,Technology,3,43,Active,2024-06-02
10782,2024-02-11,USA,KY,SMB,Education,3,40,Active,2024-03-13
10783,2024-08-01,Canada,NC,SMB,Professional Services,2,85,Active,2024-08-01
10784,2026-05-11,USA,GA,Mid-Market,Retail,1,54,Churned,2026-05-11
10785,2025-03-22,USA,CA,SMB,Professional Services,6,65,Active,2025-03-22
10786,2025-11-22,Canada,NC,Enterprise,Retail,2,58,Churned,2026-02-12
10787,2025-02-04,USA,WA,Enterprise,Retail,2,57,Active,2025-02-04
10788,2024-06-17,USA,TX,SMB,Professional Services,1,44,Churned,2024-06-17
10789,2024-12-27,USA,MI,SMB,Government,8,77,Active,2025-02-23
10790,2024-03-30,UK,FL,Mid-Market,Professional Services,6,94,Active,2024-03-30
10791,2026-01-20,USA,CO,Enterprise,Healthcare,2,35,Active,2026-01-20
10792,2024-06-27,USA,TN,Enterprise,Retail,1,34,Active,
10793,2025-01-01,UK,OH,SMB,Education,4,77,Active,2025-01-01
10794,2026-08-12,Canada,FL,SMB,Professional Services,2,12,Active,2026-08-12
10795,2025-07-30,USA,PA,SMB,Manufacturing,7,46,Active,2025-07-30
10796,2025-03-22,USA,TX,Mid-Market,Healthcare,5,100,Active,2025-03-22
10797,2025-06-12,USA,GA,Mid-Market,Manufacturing,4,70,Active,2025-06-12
10798,2026-02-02,USA,OH,SMB,Healthcare,1,22,Active,2026-04-08
10799,2024-09-04,USA,TX,Mid-Market,Retail,4,41,Active,2024-09-04
10800,2025-09-11,UK,CA,SMB,Technology,8,95,Active,2025-09-11
10801,2026-04-30,USA,NC,Mid-Market,Healthcare,2,53,Churned,2026-04-30
10802,2025-07-11,USA,PA,SMB,Technology,5,85,Active,2025-07-11
10803,2025-03-10,USA,GA,Mid-Market,Technology,2,82,Active,2025-03-10
10804,2024-05-21,UK,PA,Mid-Market,Manufacturing,7,78,Active,2025-06-12
10805,2024-08-29,USA,,Mid-Market,Retail,3,65,Active,2025-09-01
10806,2026-07-10,USA,CA,SMB,Professional Services,1,14,Active,2026-07-10
10807,2025-06-11,USA,KY,Mid-Market,Manufacturing,2,30,Active,2025-12-29
10808,2024-10-20,Australia,WA,Mid-Market,Professional Services,1,4,Churned,2025-08-17
10809,2025-02-11,USA,CO,SMB,Retail,2,44,Active,2025-02-11
10810,2025-07-16,USA,GA,SMB,Technology,6,18,Active,2025-07-16
10811,2025-06-07,UK,MI,Mid-Market,Government,1,61,Active,2025-06-07
10812,2025-11-12,USA,MI,SMB,Healthcare,7,41,Churned,2025-11-12
10813,2024-09-07,USA,TX,SMB,Financial Services,1,95,Active,2025-03-12
10814,2025-09-24,USA,WA,SMB,Professional Services,3,80,Churned,2025-09-24
10815,2025-03-07,USA,OH,SMB,Manufacturing,7,23,Active,2025-04-16
10816,2026-07-05,USA,NC,SMB,Financial Services,3,40,Churned,2026-07-05
10817,2024-06-02,USA,IL,Mid-Market,Government,5,42,Churned,2024-06-02
10818,2024-05-24,USA,TN,SMB,Healthcare,8,4,Active,2026-06-03
10819,2025-03-25,UK,CO,Mid-Market,Technology,3,73,Active,2025-03-25
10820,2025-05-10,USA,CO,SMB,Education,4,8,Active,2025-05-10
10821,2025-11-03,USA,CA,SMB,Education,1,82,Active,2025-11-03
10822,2025-01-28,USA,FL,SMB,Manufacturing,2,47,Active,2025-01-28
10823,2026-06-08,USA,CA,Mid-Market,Healthcare,1,46,Active,2026-06-08
10824,2025-04-06,Australia,OH,Enterprise,Professional Services,4,3,Active,2025-10-16
10825,2024-05-05,USA,CO,SMB,Professional Services,3,63,Active,2025-01-10
10826,2024-04-26,USA,CO,SMB,Financial Services,3,76,Active,
10827,2026-08-06,USA,NC,SMB,Retail,6,42,Active,2026-08-06
10828,2024-05-10,USA,FL,SMB,Manufacturing,1,25,Active,2025-12-24
10829,2026-07-12,USA,IL,Mid-Market,Healthcare,7,100,Active,2026-07-12
10830,2024-09-27,USA,NY,SMB,Professional Services,1,49,Active,
10831,2024-03-31,UK,PA,Enterprise,Professional Services,2,67,Active,2024-05-13
10832,2024-10-23,USA,NC,Mid-Market,Retail,3,80,Active,2025-09-15
10833,2025-08-21,USA,OH,SMB,Professional Services,2,59,Active,2025-08-21
10834,2025-02-20,USA,CO,Mid-Market,Professional Services,3,56,Active,2025-11-03
10835,2026-02-04,Canada,FL,SMB,Education,4,69,Active,2026-07-08
10836,2025-08-18,USA,NY,Mid-Market,Government,4,89,Active,
10837,2025-01-25,USA,VA,SMB,Retail,1,69,Active,2025-01-25
10838,2025-09-10,Canada,CO,Mid-Market,Professional Services,1,85,Active,2025-09-10
10839,2026-08-04,Canada,FL,SMB,Healthcare,1,29,Active,2026-08-04
10840,2025-02-05,USA,OH,SMB,Manufacturing,2,18,Active,2025-02-23
10841,2024-05-29,USA,GA,Mid-Market,Manufacturing,1,11,Active,2025-10-19
10842,2025-02-02,USA,VA,SMB,Healthcare,2,3,Active,2025-02-02
10843,2026-03-29,USA,FL,SMB,Education,4,45,Active,2026-03-29
10844,2024-07-30,USA,NY,Mid-Market,Manufacturing,6,87,Active,2024-07-30
10845,2026-07-13,USA,MI,SMB,Manufacturing,4,7,Churned,2026-07-13
10846,2025-07-27,USA,TX,Enterprise,Technology,1,66,Churned,2025-12-13
10847,2025-08-08,USA,VA,Mid-Market,Healthcare,3,81,Active,2025-08-08
10848,2024-11-04,Canada,KY,Mid-Market,Financial Services,1,92,Active,2024-12-04
10849,2026-06-15,UK,IL,SMB,Financial Services,2,82,Active,2026-06-15
10850,2024-02-05,USA,GA,SMB,Government,2,9,Churned,2024-04-11
10851,2024-10-17,USA,KY,Enterprise,Education,6,16,Active,2024-10-17
10852,2025-02-11,Australia,KY,SMB,Manufacturing,3,99,Active,2025-02-11
10853,2025-04-09,USA,OH,SMB,Technology,1,10,Active,2025-04-09
10854,2025-04-06,USA,IL,SMB,Technology,3,99,Active,2025-04-06
10855,2024-05-24,USA,CA,SMB,Financial Services,7,,Active,2024-08-08
10856,2024-08-07,USA,TX,Mid-Market,Healthcare,1,27,Active,2024-08-07
10857,2024-04-02,USA,TX,Mid-Market,Manufacturing,4,81,Active,2024-04-02
10858,2025-07-11,USA,IL,Mid-Market,Financial Services,1,6,Active,2025-07-11
10859,2024-12-07,USA,NC,Enterprise,Professional Services,1,13,Active,2024-12-07
10860,2025-07-05,USA,CO,SMB,Financial Services,5,38,Active,2025-07-05
10861,2025-07-28,Canada,NY,SMB,Technology,1,23,Active,2025-07-28
10862,2025-11-14,USA,IL,SMB,Manufacturing,4,44,Active,2025-11-14
10863,2025-06-16,USA,CO,Mid-Market,Education,1,28,Active,2025-06-16
10864,2025-09-23,UK,MI,SMB,Government,3,27,Active,2026-05-05
10865,2025-07-25,USA,PA,Mid-Market,Retail,3,36,Churned,2025-07-25
10866,2025-09-27,USA,NC,SMB,Healthcare,5,6,Active,2025-09-27
10867,2025-08-23,USA,CO,Mid-Market,Technology,4,70,Active,2025-08-23
10868,2024-11-03,USA,WA,Mid-Market,Healthcare,3,87,Active,2025-07-20
10869,2024-08-27,USA,GA,Enterprise,Healthcare,2,41,Active,2024-08-27
10870,2026-02-05,UK,PA,SMB,Technology,1,22,Active,2026-02-05
10871,2024-11-29,USA,TN,Enterprise,Healthcare,3,91,Active,2024-11-29
10872,2025-06-18,USA,TX,SMB,Healthcare,2,88,Active,2025-06-18
10873,2024-07-10,UK,MI,SMB,Manufacturing,1,47,Active,2025-01-04
10874,2025-02-24,USA,IL,SMB,Manufacturing,7,26,Active,2025-02-24
10875,2025-05-30,Canada,VA,SMB,Professional Services,2,75,Active,2025-05-30
10876,2025-09-01,USA,IL,Mid-Market,Financial Services,1,85,Active,2025-09-01
10877,2025-05-27,USA,OH,SMB,Retail,5,4,Active,2025-05-27
10878,2024-12-17,USA,PA,SMB,Technology,3,29,Active,2024-12-17
10879,2026-07-25,USA,GA,Mid-Market,Professional Services,4,87,Active,2026-07-25
10880,2025-05-14,Canada,TX,Mid-Market,Retail,1,11,Active,2025-05-14
10881,2026-02-26,USA,GA,Mid-Market,Technology,2,25,Active,2026-02-26
10882,2025-12-18,USA,NY,Mid-Market,Technology,3,83,Active,2025-12-18
10883,2025-06-27,Canada,MI,SMB,Retail,1,82,Active,2025-06-27
10884,2026-05-13,USA,CO,Mid-Market,Healthcare,4,28,Active,
10885,2024-05-04,Australia,TN,SMB,Technology,1,87,Active,2025-03-25
10886,2026-06-16,USA,WA,SMB,Financial Services,1,31,Churned,2026-06-16
10887,2026-04-08,USA,KY,SMB,Retail,1,21,Active,2026-04-08
10888,2025-05-05,USA,CA,Mid-Market,Technology,1,41,Active,2025-05-05
10889,2025-12-15,USA,TX,SMB,Financial Services,1,60,Active,2025-12-15
10890,2025-05-21,USA,NY,Mid-Market,Financial Services,4,61,Active,2025-05-21
10891,2024-09-18,USA,TN,SMB,Manufacturing,3,27,Active,2024-09-19
10892,2026-02-18,USA,TX,SMB,Professional Services,1,64,Active,2026-02-18
10893,2024-08-27,UK,TX,SMB,Education,3,2,Active,2024-08-27
10894,2024-11-02,USA,IL,SMB,Retail,1,8,Active,2024-11-02
10895,2025-05-20,USA,MI,SMB,Retail,2,25,Active,2025-05-20
10896,2026-03-26,Australia,TN,Mid-Market,Government,5,96,Active,2026-03-26
10897,2025-01-08,USA,FL,SMB,Technology,4,71,Active,2025-01-08
10898,2025-04-26,Canada,WA,SMB,Technology,3,6,Active,2025-04-26
10899,2024-02-10,USA,CO,Mid-Market,Healthcare,1,7,Active,2024-02-10
10900,2024-04-22,USA,NC,SMB,Healthcare,1,84,Active,2024-04-22
10901,2024-02-24,USA,PA,SMB,Retail,4,51,Active,2025-06-12
10902,2024-03-11,USA,TX,SMB,Professional Services,3,72,Active,2024-03-25
10903,2026-04-25,USA,MI,SMB,Professional Services,3,32,Active,2026-05-22
10904,2026-03-31,USA,TN,SMB,Financial Services,7,29,Active,2026-03-31
10905,2026-03-11,USA,NY,Mid-Market,Technology,2,16,Churned,2026-03-11
10906,2024-02-24,USA,NC,SMB,Professional Services,4,60,Active,2024-03-21
10907,2024-03-16,USA,OH,Mid-Market,Professional Services,3,58,Active,2024-03-26
10908,2024-09-30,USA,NC,SMB,Manufacturing,1,55,Active,2024-11-07
10909,2025-07-04,USA,WA,Mid-Market,Financial Services,1,94,Active,2025-07-04
10910,2024-11-21,Canada,IL,Mid-Market,Government,3,67,Active,2024-11-21
10911,2025-04-19,UK,,SMB,Financial Services,1,94,Active,2025-10-12
10912,2024-06-17,Canada,NY,SMB,Financial Services,3,74,Active,2026-01-10
10913,2025-12-12,USA,IL,SMB,Financial Services,4,14,Active,2025-12-12
10914,2024-11-01,USA,NY,Enterprise,Manufacturing,2,52,Active,2024-11-01
10915,2024-03-05,USA,OH,Enterprise,Healthcare,3,98,Active,2024-08-31
10916,2025-12-24,USA,TX,SMB,Technology,3,72,Churned,2025-12-24
10917,2026-05-29,UK,FL,Mid-Market,Government,2,12,Active,2026-05-29
10918,2024-01-15,USA,OH,SMB,Manufacturing,5,20,Active,2024-05-21
10919,2025-03-01,USA,FL,SMB,Government,1,8,Churned,2025-03-01
10920,2026-03-16,USA,KY,Mid-Market,Professional Services,7,70,Active,2026-03-16
10921,2025-11-18,USA,OH,SMB,Education,1,44,Active,2025-11-18
10922,2026-04-14,USA,CA,SMB,Technology,1,43,Active,2026-04-14
10923,2025-02-08,Canada,TN,Mid-Market,Professional Services,4,98,Active,2025-02-08
10924,2024-12-28,USA,PA,SMB,Manufacturing,1,95,Active,2025-06-18
10925,2025-11-21,UK,TN,Mid-Market,Financial Services,1,10,Churned,
10926,2024-05-29,USA,GA,SMB,Professional Services,1,86,Active,2024-10-07
10927,2024-08-21,USA,TX,SMB,Manufacturing,4,94,Active,2024-08-21
10928,2025-08-08,USA,VA,SMB,Professional Services,3,1,Active,2025-08-08
10929,2025-10-13,USA,FL,Enterprise,Retail,1,92,Active,
10930,2024-04-26,USA,TN,SMB,Retail,2,77,Active,2024-08-23
10931,2025-05-10,USA,CA,SMB,Education,1,29,Active,
10932,2024-12-21,USA,TN,Mid-Market,Technology,7,61,Active,2024-12-21
10933,2025-05-03,USA,FL,Enterprise,Manufacturing,1,5,Active,2025-05-03
10934,2026-07-22,USA,TX,Enterprise,Professional Services,3,,Active,2026-07-22
10935,2024-03-15,USA,CO,Mid-Market,Manufacturing,2,35,Active,2024-07-14
10936,2026-08-27,USA,CA,SMB,Healthcare,3,26,Active,2026-08-27
10937,2025-03-13,USA,NC,Mid-Market,Technology,7,80,Active,2025-03-13
10938,2026-01-22,USA,OH,Mid-Market,Healthcare,2,80,Active,2026-01-22
10939,2025-02-17,Australia,NY,Enterprise,Manufacturing,4,36,Churned,2025-02-17
10940,2024-10-29,USA,CO,Mid-Market,Financial Services,2,15,Active,2024-10-29
10941,2026-01-20,Canada,TN,SMB,Financial Services,3,75,Active,2026-01-20
10942,2025-10-31,USA,TX,SMB,Government,2,90,Churned,2025-10-31
10943,2024-05-20,USA,CA,Mid-Market,Healthcare,1,88,Churned,2025-02-25
10944,2025-11-18,USA,NY,SMB,Education,1,44,Active,2025-11-18
10945,2026-01-03,USA,,SMB,Technology,1,52,Active,2026-01-03
10946,2025-01-12,Canada,WA,SMB,Financial Services,7,11,Active,2025-01-12
10947,2026-06-20,UK,OH,Mid-Market,Professional Services,4,33,Active,2026-06-20
10948,2025-09-16,USA,KY,Enterprise,Financial Services,1,71,Active,2025-09-16
10949,2024-11-20,USA,NY,Mid-Market,Manufacturing,3,77,Active,2024-11-20
10950,2024-01-11,USA,VA,Enterprise,Education,4,39,Churned,2024-09-11
10951,2025-10-19,USA,GA,Mid-Market,Education,2,93,Active,2025-10-19
10952,2024-07-22,USA,PA,Mid-Market,Retail,2,26,Active,2024-07-22
10953,2026-01-06,USA,NY,SMB,Professional Services,4,71,Active,
10954,2025-05-26,USA,TX,Mid-Market,Government,1,67,Active,2025-05-26
10955,2025-03-30,USA,CA,SMB,Manufacturing,3,60,Active,2025-03-30
10956,2024-06-08,USA,TN,SMB,Technology,1,34,Churned,2024-07-07
10957,2025-11-24,USA,VA,SMB,Retail,1,72,Active,2025-11-24
10958,2024-06-10,USA,PA,Mid-Market,Retail,3,22,Active,2025-01-03
10959,2025-02-10,USA,WA,Mid-Market,Manufacturing,4,83,Active,2026-02-28
10960,2026-03-25,USA,TX,Enterprise,Financial Services,8,61,Active,2026-03-25
10961,2026-06-15,USA,TX,Enterprise,Technology,1,42,Active,2026-06-15
10962,2026-08-21,USA,TX,Enterprise,Financial Services,4,36,Active,2026-08-21
10963,2026-07-22,USA,GA,SMB,Healthcare,6,13,Churned,2026-07-22
10964,2025-06-25,USA,FL,Enterprise,Manufacturing,3,6,Active,2025-06-25
10965,2024-07-14,USA,GA,Mid-Market,Healthcare,7,32,Active,2025-04-28
10966,2026-03-28,USA,TN,Enterprise,Technology,8,23,Active,2026-03-28
10967,2026-02-19,USA,CA,SMB,Manufacturing,4,69,Active,2026-02-19
10968,2026-08-22,USA,MI,SMB,Healthcare,8,46,Active,2026-08-22
10969,2025-09-26,USA,WA,Enterprise,Financial Services,3,16,Active,
10970,2024-05-17,USA,MI,SMB,Healthcare,2,58,Churned,2025-04-30
10971,2025-05-04,USA,WA,SMB,Technology,6,64,Active,2025-06-28
10972,2025-03-12,USA,CO,SMB,Retail,4,49,Churned,2025-03-12
10973,2026-04-01,USA,VA,SMB,Technology,1,66,Active,2026-07-02
10974,2025-01-17,Australia,OH,SMB,Technology,2,92,Active,2025-01-17
10975,2024-11-16,USA,MI,Enterprise,Retail,1,60,Active,2024-11-16
10976,2024-03-18,USA,WA,Enterprise,Healthcare,5,35,Active,2025-04-01
10977,2026-03-24,USA,NY,Enterprise,Retail,1,63,Active,2026-03-24
10978,2026-01-05,UK,VA,SMB,Retail,2,87,Active,2026-01-05
10979,2024-02-10,USA,CA,SMB,Retail,3,65,Active,2024-02-10
10980,2025-02-26,USA,NC,SMB,Government,1,48,Active,2025-02-26
10981,2025-04-12,USA,TN,SMB,Financial Services,7,12,Active,2025-04-12
10982,2025-04-02,USA,IL,SMB,Financial Services,2,69,Active,2025-04-02
10983,2026-06-14,UK,NY,Mid-Market,Professional Services,1,79,Active,2026-06-14
10984,2024-05-26,USA,PA,Enterprise,Professional Services,1,55,Active,
10985,2024-10-25,Canada,CA,SMB,Manufacturing,4,64,Active,2025-07-12
10986,2024-06-25,Australia,FL,SMB,Manufacturing,3,11,Churned,2024-06-25
10987,2024-08-25,USA,OH,SMB,Healthcare,2,97,Active,2024-08-25
10988,2026-06-02,Canada,NC,SMB,Professional Services,2,43,Active,2026-06-02
10989,2026-07-05,USA,CO,SMB,Technology,5,89,Churned,2026-07-05
10990,2024-02-13,USA,NC,SMB,Manufacturing,4,68,Active,2024-06-09
10991,2025-09-07,USA,CO,SMB,Retail,4,73,Active,2025-09-07
10992,2024-08-14,USA,TN,SMB,Manufacturing,2,28,Active,2025-01-06
10993,2024-07-06,USA,PA,Mid-Market,Education,8,27,Churned,
10994,2024-10-11,USA,TN,SMB,Healthcare,4,34,Active,2024-10-11
10995,2024-07-08,USA,FL,SMB,Manufacturing,2,27,Active,2024-07-08
10996,2025-04-22,USA,NY,SMB,Healthcare,7,71,Active,
10997,2026-08-27,USA,NY,SMB,Education,5,16,Active,2026-08-27
10998,2025-07-25,USA,NC,Mid-Market,Financial Services,4,74,Active,2025-07-25
10999,2025-12-05,USA,PA,Mid-Market,Professional Services,4,15,Active,2026-07-26
11000,2025-04-25,USA,IL,Enterprise,Manufacturing,2,54,Active,2025-04-25
11001,2024-01-14,USA,TN,Mid-Market,Manufacturing,3,30,Active,2024-04-20
11002,2024-03-22,Australia,PA,SMB,Retail,1,74,Active,2024-07-20
11003,2024-09-18,Australia,CA,SMB,Manufacturing,3,29,Churned,2024-10-20
11004,2024-08-25,USA,NC,SMB,Retail,2,85,Active,2025-10-31
11005,2026-03-29,USA,CO,SMB,Retail,2,88,Active,2026-03-29
11006,2026-04-01,USA,TX,Enterprise,Financial Services,6,51,Active,2026-04-01
11007,2026-04-11,USA,VA,SMB,Retail,1,3,Active,2026-04-11
11008,2025-09-13,USA,VA,SMB,Professional Services,4,70,Churned,2025-09-13
11009,2025-06-25,Australia,NY,SMB,Financial Services,1,69,Churned,2025-06-25
11010,2025-09-24,USA,KY,SMB,Professional Services,1,2,Active,2026-03-21
11011,2025-01-31,USA,PA,Enterprise,Professional Services,1,57,Active,2025-01-31
11012,2025-10-14,USA,,SMB,Technology,2,3,Active,2025-10-14
11013,2026-02-12,UK,WA,SMB,Healthcare,2,25,Active,2026-02-12
11014,2026-01-13,Canada,FL,SMB,Technology,2,61,Active,2026-01-13
11015,2025-08-20,USA,GA,Mid-Market,Professional Services,3,47,Active,2025-08-20
11016,2024-02-26,USA,CO,SMB,Retail,2,64,Active,
11017,2025-12-07,Canada,VA,Mid-Market,Retail,1,42,Churned,2025-12-07
11018,2024-12-23,USA,GA,SMB,Retail,2,30,Active,2024-12-23
11019,2025-12-25,USA,PA,SMB,Manufacturing,1,7,Active,2025-12-25
11020,2025-06-09,USA,IL,Enterprise,Healthcare,1,62,Active,2025-06-09
11021,2026-05-08,Canada,MI,SMB,Financial Services,1,55,Active,2026-05-08
11022,2024-11-25,USA,FL,SMB,Technology,4,11,Active,2024-11-25
11023,2026-06-26,USA,,Mid-Market,Manufacturing,3,12,Active,2026-06-26
11024,2026-04-02,USA,GA,SMB,Financial Services,5,77,Active,2026-06-01
11025,2024-11-18,USA,FL,SMB,Professional Services,4,83,Active,2024-11-18
11026,2025-04-15,USA,NC,Mid-Market,Retail,3,36,Active,2025-04-15
11027,2025-06-01,USA,CO,SMB,Healthcare,2,98,Active,2025-10-27
11028,2026-01-18,USA,KY,SMB,Financial Services,1,58,Active,2026-01-18
11029,2025-11-02,USA,TN,SMB,Retail,3,55,Active,2025-11-02
11030,2026-04-09,USA,TX,Mid-Market,Manufacturing,1,98,Active,2026-04-09
11031,2024-12-26,USA,KY,SMB,Healthcare,1,62,Active,2025-01-23
11032,2025-05-06,USA,FL,SMB,Professional Services,7,52,Active,2025-05-06
11033,2025-02-23,USA,IL,Mid-Market,Professional Services,1,13,Active,2025-02-23
11034,2026-06-04,Australia,CA,Mid-Market,Retail,1,53,Active,2026-06-04
11035,2024-10-24,USA,CA,Enterprise,Education,6,33,Active,2024-10-24
11036,2025-07-25,USA,CA,SMB,Technology,2,11,Active,2026-03-29
11037,2024-04-27,USA,WA,SMB,Professional Services,2,54,Active,2025-12-23
11038,2026-04-08,USA,CA,SMB,Financial Services,1,5,Active,2026-04-08
11039,2025-01-09,USA,IL,Mid-Market,Technology,2,93,Active,
11040,2024-11-27,Canada,TN,SMB,Healthcare,7,93,Active,2024-11-27
11041,2025-07-21,USA,GA,Mid-Market,Healthcare,3,73,Active,
11042,2025-04-30,USA,CA,SMB,Professional Services,2,87,Churned,2025-04-30
11043,2026-04-05,USA,NY,Mid-Market,Retail,2,83,Active,2026-04-05
11044,2025-06-01,USA,CA,Mid-Market,Manufacturing,2,82,Active,2025-06-17
11045,2025-05-18,USA,TX,SMB,Financial Services,3,,Active,2025-05-18
11046,2024-04-12,USA,NC,Enterprise,Professional Services,1,100,Churned,2024-06-12
11047,2024-01-22,USA,KY,Enterprise,Retail,1,24,Active,2024-01-22
11048,2025-01-23,USA,NY,SMB,Financial Services,3,10,Active,2025-01-23
11049,2026-08-30,USA,GA,SMB,Technology,5,88,Active,2026-08-30
11050,2026-06-12,Canada,OH,Mid-Market,Financial Services,5,77,Active,2026-06-12
11051,2025-09-04,USA,CO,SMB,Financial Services,4,60,Active,2025-09-21
11052,2025-09-06,UK,NC,SMB,Technology,3,12,Churned,2025-09-06
11053,2025-01-16,USA,TX,SMB,Government,4,32,Churned,2025-01-16
11054,2024-06-21,USA,TN,Enterprise,Education,6,64,Active,2025-01-31
11055,2024-01-09,USA,PA,SMB,Healthcare,1,71,Active,2026-06-24
11056,2024-11-26,Canada,TX,Mid-Market,Retail,2,72,Active,2025-03-21
11057,2024-11-04,USA,FL,SMB,Education,1,25,Active,2026-05-15
11058,2024-07-05,USA,VA,SMB,Financial Services,8,70,Churned,2024-07-05
11059,2024-09-09,USA,GA,Enterprise,Education,6,12,Active,2024-12-16
11060,2024-01-25,UK,VA,SMB,Manufacturing,4,27,Churned,2024-08-10
11061,2025-08-15,USA,WA,SMB,Professional Services,1,2,Active,2025-08-15
11062,2026-06-22,Canada,OH,SMB,Retail,7,89,Active,2026-06-22
11063,2025-11-03,Canada,WA,Mid-Market,Professional Services,1,37,Active,2025-11-03
11064,2025-03-12,USA,CA,SMB,Retail,1,57,Active,2025-03-12
11065,2025-02-13,Canada,TN,SMB,Education,3,2,Churned,
11066,2024-10-26,USA,FL,SMB,Financial Services,4,92,Active,2025-08-21
11067,2024-05-18,USA,KY,SMB,Manufacturing,5,40,Active,2024-05-29
11068,2025-08-05,USA,FL,SMB,Retail,2,45,Active,2025-08-05
11069,2025-07-05,Canada,OH,SMB,Healthcare,2,36,Active,2025-07-05
11070,2024-01-08,USA,IL,SMB,Manufacturing,2,35,Active,
11071,2025-02-08,USA,CA,SMB,Financial Services,1,31,Active,2025-02-08
11072,2024-09-27,USA,PA,Mid-Market,Government,5,90,Active,2024-09-27
11073,2024-06-14,USA,KY,Mid-Market,Professional Services,2,8,Churned,2024-06-14
11074,2025-11-15,USA,TN,SMB,Education,1,82,Active,2025-11-15
11075,2025-05-27,USA,TX,SMB,Manufacturing,2,26,Active,2025-05-27
11076,2025-09-09,USA,PA,SMB,Financial Services,4,9,Active,2025-09-09
11077,2025-11-25,USA,WA,Enterprise,Retail,5,88,Active,2025-11-25
11078,2026-08-14,USA,CO,SMB,Financial Services,1,44,Active,2026-08-14
11079,2026-02-20,Canada,TN,SMB,Manufacturing,1,91,Active,2026-02-20
11080,2025-08-27,USA,CO,SMB,Professional Services,6,8,Active,2025-08-27
11081,2026-05-06,USA,CA,SMB,Financial Services,3,8,Churned,2026-05-06
11082,2025-04-10,Canada,TN,SMB,Healthcare,2,88,Active,2025-04-10
11083,2026-08-17,USA,KY,SMB,Healthcare,1,26,Active,2026-08-17
11084,2026-01-11,USA,CO,Mid-Market,Manufacturing,8,48,Active,2026-01-11
11085,2025-09-25,USA,NC,Mid-Market,Healthcare,4,17,Active,2025-09-25
11086,2026-05-29,USA,OH,Mid-Market,Retail,1,27,Active,2026-05-29
11087,2025-05-16,USA,PA,Mid-Market,Healthcare,1,58,Active,2025-05-16
11088,2025-12-02,UK,CA,SMB,Healthcare,1,8,Active,2025-12-02
11089,2024-10-04,USA,GA,Enterprise,Technology,1,78,Active,2024-10-04
11090,2026-07-27,USA,CA,Mid-Market,Government,1,30,Active,2026-07-27
11091,2025-08-30,USA,PA,Mid-Market,Financial Services,1,91,Active,2025-08-30
11092,2026-01-31,Canada,TX,Mid-Market,Financial Services,1,37,Active,2026-01-31
11093,2025-03-24,USA,OH,SMB,Retail,2,73,Active,2026-04-07
11094,2026-04-24,USA,TX,SMB,Education,2,98,Active,2026-04-24
11095,2024-03-13,USA,PA,SMB,Manufacturing,2,66,Active,2026-01-10
11096,2024-04-21,USA,OH,SMB,Technology,4,100,Active,2024-04-21
11097,2025-05-08,USA,FL,SMB,Manufacturing,1,72,Active,2025-05-08
11098,2025-12-14,UK,VA,SMB,Professional Services,5,47,Active,2025-12-14
11099,2026-02-27,USA,TN,SMB,Healthcare,5,99,Churned,2026-02-27
11100,2025-03-04,USA,NC,Enterprise,Healthcare,7,,Active,2026-04-01
11101,2025-09-24,UK,PA,Mid-Market,Retail,1,94,Active,2026-05-22
11102,2025-06-22,Australia,VA,Mid-Market,Manufacturing,1,80,Active,2025-06-22
11103,2026-07-25,UK,OH,SMB,Healthcare,3,10,Active,2026-07-25
11104,2025-09-29,USA,NY,Mid-Market,Professional Services,1,77,Active,2025-09-29
11105,2025-02-10,Australia,CO,Enterprise,Technology,1,23,Churned,2025-02-10
11106,2026-08-02,USA,KY,Mid-Market,Professional Services,1,27,Active,2026-08-02
11107,2024-04-14,Canada,OH,Mid-Market,Government,3,78,Active,2024-04-14
11108,2026-08-16,USA,NC,SMB,Manufacturing,4,75,Active,2026-08-16
11109,2024-05-30,USA,FL,SMB,Professional Services,1,8,Active,2024-05-30
11110,2024-10-07,USA,VA,Mid-Market,Education,6,100,Active,2025-04-22
11111,2026-03-11,USA,VA,Enterprise,Retail,4,69,Active,2026-03-11
11112,2025-12-15,USA,TN,SMB,Technology,1,84,Active,2025-12-15
11113,2026-08-03,UK,IL,SMB,Government,2,91,Active,2026-08-03
11114,2025-12-31,USA,WA,SMB,Education,1,55,Churned,
11115,2025-09-12,Canada,OH,SMB,Technology,6,34,Active,
11116,2024-12-03,USA,NC,Enterprise,Financial Services,4,1,Active,2024-12-03
11117,2024-01-05,USA,CA,Mid-Market,Professional Services,3,73,Active,2024-01-17
11118,2024-04-30,USA,VA,SMB,Retail,3,38,Active,2025-08-09
11119,2024-10-17,USA,NC,SMB,Technology,1,42,Churned,2024-10-17
11120,2024-02-09,USA,NC,SMB,Technology,6,66,Active,2024-02-09
11121,2025-05-09,USA,OH,SMB,Manufacturing,6,42,Active,
11122,2026-01-27,UK,IL,SMB,Financial Services,4,14,Active,2026-01-27
11123,2026-07-27,USA,IL,Mid-Market,Technology,2,88,Active,2026-07-27
11124,2025-04-21,USA,VA,Mid-Market,Financial Services,1,41,Active,2025-04-21
11125,2026-05-02,USA,OH,SMB,Financial Services,1,72,Active,2026-05-02
11126,2026-08-17,USA,PA,Mid-Market,Healthcare,1,72,Active,2026-08-17
11127,2026-04-17,UK,KY,Mid-Market,Technology,3,25,Active,2026-04-17
11128,2025-03-28,USA,OH,SMB,Healthcare,4,90,Active,2025-03-28
11129,2024-11-12,Canada,TX,Mid-Market,Retail,6,,Active,2024-11-12
11130,2026-08-10,USA,OH,Mid-Market,Professional Services,1,71,Active,2026-08-10
11131,2024-08-23,USA,CA,Mid-Market,Manufacturing,1,,Active,2025-06-18
11132,2025-02-04,USA,KY,SMB,Professional Services,1,62,Active,2025-02-04
11133,2024-03-13,USA,GA,SMB,Manufacturing,8,31,Active,2024-10-05
11134,2026-02-12,USA,WA,SMB,Financial Services,4,23,Active,2026-02-12
11135,2025-09-24,USA,IL,SMB,Education,2,95,Active,2025-09-24
11136,2024-03-23,USA,CA,SMB,Retail,3,68,Active,2024-03-23
11137,2024-08-04,UK,CA,Mid-Market,Government,3,49,Active,2024-08-04
11138,2025-06-25,UK,TX,SMB,Financial Services,1,84,Active,2025-06-25
11139,2025-06-10,USA,PA,SMB,Professional Services,1,57,Churned,2025-06-10
11140,2026-02-20,USA,KY,Enterprise,Manufacturing,1,44,Active,2026-02-20
11141,2024-09-16,Australia,GA,SMB,Professional Services,1,6,Active,2024-09-16
11142,2026-06-19,USA,NY,SMB,Financial Services,3,89,Active,2026-06-19
11143,2025-03-08,USA,KY,Mid-Market,Technology,2,8,Active,2025-03-08
11144,2026-03-12,USA,CO,SMB,Healthcare,4,34,Active,2026-03-12
11145,2024-08-20,Canada,CA,SMB,Professional Services,3,61,Active,
11146,2024-02-06,USA,IL,Mid-Market,Financial Services,3,64,Active,2025-12-23
11147,2024-02-23,Canada,CA,SMB,Manufacturing,7,65,Active,2024-09-22
11148,2024-12-29,USA,OH,SMB,Technology,2,85,Active,2024-12-29
11149,2026-07-17,USA,TX,SMB,Manufacturing,3,52,Active,2026-07-17
11150,2024-02-17,Canada,MI,Mid-Market,Education,1,89,Active,2024-08-16
11151,2024-12-25,USA,GA,SMB,Technology,4,59,Active,2024-12-25
11152,2024-04-16,UK,WA,Mid-Market,Healthcare,3,47,Active,2024-06-04
11153,2026-06-26,USA,TN,SMB,Education,1,39,Active,2026-06-26
11154,2025-10-19,USA,IL,Mid-Market,Manufacturing,1,47,Churned,2025-10-19
11155,2026-01-12,USA,IL,SMB,Technology,4,48,Active,2026-01-12
11156,2025-11-25,USA,NC,SMB,Financial Services,3,95,Churned,2025-11-25
11157,2025-10-01,USA,GA,SMB,Manufacturing,3,17,Active,2025-10-05
11158,2026-01-23,USA,IL,Mid-Market,Professional Services,2,47,Active,2026-01-23
11159,2024-01-08,USA,GA,SMB,Professional Services,3,13,Active,2025-06-18
11160,2026-04-22,USA,PA,SMB,Professional Services,3,1,Active,2026-04-22
11161,2025-12-21,USA,,SMB,Technology,1,46,Active,2025-12-21
11162,2025-12-21,USA,MI,SMB,Healthcare,3,49,Churned,2025-12-21
11163,2025-01-18,USA,CA,Mid-Market,Manufacturing,3,30,Active,2025-01-18
11164,2026-02-19,UK,VA,SMB,Financial Services,4,61,Active,2026-02-19
11165,2025-01-06,USA,OH,SMB,Technology,2,2,Active,2025-01-06
11166,2024-02-17,USA,NY,SMB,Financial Services,2,75,Churned,2024-05-24
11167,2026-06-03,USA,IL,SMB,Government,8,42,Active,2026-06-03
11168,2024-08-16,USA,OH,SMB,Financial Services,5,8,Active,2024-08-16
11169,2024-04-09,USA,MI,SMB,Healthcare,1,93,Active,2024-04-09
11170,2025-08-28,USA,CA,SMB,Professional Services,6,58,Active,2025-11-08
11171,2024-08-15,UK,CO,Enterprise,Financial Services,1,48,Active,2024-08-15
11172,2026-04-15,UK,GA,SMB,Healthcare,5,62,Churned,2026-04-15
11173,2025-03-08,UK,KY,Mid-Market,Manufacturing,1,56,Active,2025-03-08
11174,2024-01-05,USA,IL,SMB,Government,2,68,Active,2024-12-14
11175,2026-07-15,USA,OH,SMB,Financial Services,8,73,Active,2026-07-15
11176,2025-05-16,USA,WA,SMB,Retail,1,28,Active,2025-05-16
11177,2024-09-13,USA,WA,SMB,Financial Services,4,65,Active,2024-10-28
11178,2025-10-21,USA,GA,Mid-Market,Manufacturing,2,77,Churned,2025-10-21
11179,2025-05-31,USA,MI,Mid-Market,Retail,1,14,Active,2025-05-31
11180,2024-01-29,USA,FL,Mid-Market,Technology,7,79,Active,2024-12-04
11181,2026-01-09,USA,MI,Mid-Market,Manufacturing,3,35,Active,
11182,2025-01-25,USA,IL,SMB,Professional Services,5,14,Active,2025-01-25
11183,2025-11-12,USA,TX,SMB,Technology,5,72,Active,2025-11-12
11184,2026-05-22,Canada,TN,Mid-Market,Technology,1,78,Active,2026-05-22
11185,2025-08-17,USA,TX,SMB,Manufacturing,1,56,Active,2025-08-17
11186,2025-10-16,USA,FL,SMB,Retail,2,62,Active,2025-10-16
11187,2024-09-05,UK,NC,Enterprise,Retail,3,46,Active,2024-09-05
11188,2024-08-19,USA,PA,Enterprise,Manufacturing,1,44,Active,2024-08-19
11189,2025-02-08,UK,MI,Mid-Market,Financial Services,2,33,Active,2025-02-08
11190,2026-04-10,Canada,TX,SMB,Healthcare,4,78,Active,2026-04-10
11191,2025-05-25,Australia,OH,Mid-Market,Retail,1,49,Active,2025-05-25
11192,2024-12-04,USA,VA,SMB,Healthcare,4,13,Active,2024-12-04
11193,2026-01-29,USA,PA,SMB,Financial Services,2,25,Active,2026-01-29
11194,2026-04-11,USA,VA,SMB,Manufacturing,1,36,Active,2026-04-11
11195,2026-05-29,Canada,VA,Enterprise,Education,1,75,Churned,
11196,2024-10-18,USA,IL,Enterprise,Financial Services,1,90,Active,2024-10-18
11197,2025-11-22,USA,FL,Mid-Market,Education,3,17,Active,2025-11-22
11198,2025-07-28,Australia,KY,SMB,Healthcare,1,15,Active,2025-07-28
11199,2025-03-13,USA,PA,SMB,Government,4,53,Active,2025-03-13
11200,2025-01-21,USA,OH,SMB,Manufacturing,4,93,Active,2025-01-21
11201,2024-04-21,USA,TN,Enterprise,Manufacturing,1,29,Active,2024-04-21
11202,2024-09-24,USA,TN,SMB,Technology,5,63,Active,2024-09-24
11203,2025-06-19,USA,CA,SMB,Manufacturing,7,73,Active,2025-06-19
11204,2026-05-13,USA,NY,Mid-Market,Retail,1,1,Active,2026-05-13
11205,2026-04-23,USA,NC,SMB,Retail,7,37,Active,2026-04-23
11206,2024-07-01,USA,OH,Mid-Market,Government,1,16,Active,2025-01-22
11207,2025-10-23,USA,FL,SMB,Professional Services,3,99,Active,2025-10-23
11208,2024-03-23,USA,VA,Mid-Market,Manufacturing,1,6,Churned,2024-09-22
11209,2025-10-19,USA,TX,SMB,Professional Services,4,14,Churned,2025-10-19
11210,2024-11-29,Australia,NC,SMB,Healthcare,4,78,Active,2024-11-29
11211,2025-03-14,Canada,TX,SMB,Manufacturing,7,16,Active,2025-03-14
11212,2025-11-29,USA,MI,SMB,Manufacturing,8,26,Active,
11213,2025-02-17,UK,FL,Mid-Market,Retail,1,56,Churned,2025-02-17
11214,2026-02-25,USA,MI,SMB,Professional Services,3,57,Active,2026-02-25
11215,2025-06-03,USA,CA,SMB,Professional Services,1,100,Active,2025-06-03
11216,2026-08-30,UK,CA,Mid-Market,Professional Services,1,86,Active,2026-08-30
11217,2025-09-13,USA,PA,SMB,Technology,1,84,Active,2025-09-13
11218,2024-10-15,USA,TX,Mid-Market,Retail,6,91,Active,2024-10-15
11219,2026-01-25,Canada,IL,Mid-Market,Education,3,56,Active,2026-01-25
11220,2025-02-01,USA,GA,SMB,Healthcare,1,85,Active,2025-05-17
11221,2025-06-04,USA,MI,Mid-Market,Professional Services,8,71,Churned,2025-06-04
11222,2024-05-13,USA,PA,SMB,Healthcare,4,51,Active,2024-12-21
11223,2024-04-26,USA,NC,SMB,Professional Services,2,94,Active,2024-04-26
11224,2025-07-13,USA,NY,SMB,Technology,2,15,Active,2025-07-13
11225,2024-06-30,USA,CA,Mid-Market,Healthcare,4,39,Active,2024-11-13
11226,2026-08-29,USA,CA,Mid-Market,Healthcare,3,35,Active,2026-08-29
11227,2026-04-13,USA,TX,SMB,Manufacturing,2,55,Active,2026-04-13
11228,2025-11-13,USA,IL,Enterprise,Retail,3,34,Active,2025-11-13
11229,2025-12-16,USA,KY,SMB,Professional Services,1,43,Active,2025-12-16
11230,2025-08-02,USA,TX,Enterprise,Financial Services,3,100,Active,2025-08-02
11231,2024-02-28,USA,CA,Mid-Market,Retail,2,76,Active,2024-02-28
11232,2025-01-17,USA,NY,Enterprise,Financial Services,1,81,Active,2026-04-05
11233,2025-04-27,Australia,TX,Enterprise,Healthcare,1,36,Active,2025-04-27
11234,2026-06-10,USA,FL,Enterprise,Financial Services,3,33,Active,2026-06-10
11235,2024-08-01,USA,MI,SMB,Professional Services,2,52,Active,
11236,2025-04-28,Australia,TX,Mid-Market,Technology,2,42,Active,2025-04-28
11237,2024-12-01,USA,OH,Mid-Market,Professional Services,1,66,Active,2025-02-21
11238,2024-05-10,USA,PA,Mid-Market,Retail,7,28,Active,
11239,2024-04-10,USA,TX,SMB,Financial Services,1,15,Active,2025-03-02
11240,2024-12-21,USA,IL,Enterprise,Healthcare,2,41,Active,2024-12-21
11241,2024-03-21,USA,WA,SMB,Manufacturing,1,83,Active,2024-03-21
11242,2024-03-06,USA,NY,SMB,Healthcare,4,9,Active,2026-01-24
11243,2024-12-07,USA,NC,SMB,Healthcare,2,9,Active,2024-12-07
11244,2024-07-15,USA,IL,SMB,Technology,2,84,Active,2024-07-15
11245,2025-06-24,USA,GA,Mid-Market,Financial Services,5,39,Active,2025-06-24
11246,2024-01-18,USA,GA,SMB,Manufacturing,4,54,Active,2024-07-02
11247,2024-10-20,Canada,OH,Mid-Market,Technology,3,77,Active,2024-10-20
11248,2025-03-17,UK,FL,Mid-Market,Education,2,61,Churned,2025-03-17
11249,2026-07-27,USA,MI,SMB,Retail,7,98,Active,2026-07-27
11250,2025-09-10,USA,VA,Mid-Market,Technology,7,20,Active,2025-09-10
11251,2026-05-07,USA,MI,SMB,Retail,4,83,Active,2026-05-07
11252,2024-11-30,Canada,CA,Mid-Market,Healthcare,4,46,Active,2024-11-30
11253,2025-03-14,UK,MI,Enterprise,Retail,5,13,Active,2025-03-14
11254,2025-02-13,USA,IL,SMB,Healthcare,7,47,Active,2025-02-13
11255,2026-05-14,USA,GA,Mid-Market,Manufacturing,1,51,Active,2026-05-14
11256,2026-07-23,USA,NY,SMB,Education,8,10,Active,2026-07-23
11257,2026-07-26,Canada,VA,SMB,Education,4,49,Active,2026-07-26
11258,2026-01-02,USA,CA,Mid-Market,Financial Services,3,4,Active,2026-01-02
11259,2025-05-05,USA,PA,SMB,Healthcare,2,67,Active,2025-05-05
11260,2025-06-10,USA,FL,Mid-Market,Financial Services,2,62,Churned,2025-06-10
11261,2026-08-13,USA,IL,SMB,Government,4,13,Active,2026-08-13
11262,2024-10-04,Canada,IL,SMB,Retail,3,58,Active,2024-10-04
11263,2024-12-03,USA,KY,Enterprise,Manufacturing,1,27,Active,2024-12-03
11264,2026-05-23,USA,TN,SMB,Healthcare,3,65,Active,
11265,2025-01-11,USA,CO,Mid-Market,Education,1,24,Churned,2025-01-11
11266,2024-08-16,USA,MI,SMB,Manufacturing,2,90,Active,2024-12-20
11267,2025-06-29,USA,WA,Mid-Market,Healthcare,3,,Churned,2025-06-29
11268,2024-11-12,USA,TN,Mid-Market,Manufacturing,3,100,Active,2024-11-12
11269,2026-05-17,USA,IL,SMB,Technology,1,8,Active,2026-05-17
11270,2026-06-04,USA,GA,SMB,Manufacturing,1,84,Active,2026-06-04
11271,2024-10-25,USA,NY,SMB,Government,1,6,Active,2024-10-25
11272,2025-05-30,Australia,MI,Enterprise,Professional Services,3,3,Active,2025-05-30
11273,2026-08-16,USA,KY,SMB,Manufacturing,6,17,Churned,2026-08-16
11274,2025-12-24,USA,CA,SMB,Government,4,31,Active,2025-12-24
11275,2024-07-29,Canada,NY,Mid-Market,Professional Services,4,90,Active,2026-03-30
11276,2025-07-29,USA,FL,SMB,Retail,2,78,Active,2025-07-29
11277,2025-08-26,USA,TN,SMB,Education,1,8,Active,2025-08-26
11278,2025-09-28,Canada,CA,SMB,Manufacturing,5,91,Active,2025-09-28
11279,2024-01-25,USA,MI,SMB,Manufacturing,3,24,Active,2024-11-07
11280,2024-10-18,USA,GA,Mid-Market,Manufacturing,1,92,Active,2024-10-18
11281,2026-04-12,USA,CA,Enterprise,Professional Services,3,21,Active,2026-04-12
11282,2024-08-23,USA,VA,Enterprise,Professional Services,3,68,Active,2024-08-23
11283,2024-10-18,USA,CA,Enterprise,Retail,2,63,Active,2024-12-14
11284,2024-11-10,USA,IL,SMB,Technology,1,85,Active,2024-11-10
11285,2024-06-21,USA,TX,SMB,Technology,3,63,Active,2024-06-21
11286,2024-05-31,USA,OH,Mid-Market,Professional Services,1,17,Active,2024-05-31
11287,2024-12-03,USA,CO,Enterprise,Manufacturing,2,100,Active,2024-12-03
11288,2026-05-01,Canada,PA,Mid-Market,Financial Services,4,40,Active,2026-05-01
11289,2024-01-02,UK,TX,SMB,Financial Services,8,95,Active,2024-04-02
11290,2024-10-02,USA,GA,Mid-Market,Healthcare,2,9,Active,
11291,2024-02-29,USA,FL,Mid-Market,Healthcare,1,91,Churned,2024-07-21
11292,2025-06-30,USA,PA,Enterprise,Retail,2,30,Active,2025-06-30
11293,2024-09-01,USA,VA,Mid-Market,Healthcare,1,97,Active,2026-04-08
11294,2026-02-10,USA,IL,SMB,Professional Services,5,78,Active,2026-02-10
11295,2025-07-23,USA,NY,SMB,Retail,4,98,Active,2025-07-23
11296,2026-02-02,USA,CO,SMB,Retail,2,19,Active,2026-02-02
11297,2025-09-10,USA,GA,SMB,Education,4,74,Active,2025-09-10
11298,2025-03-02,USA,MI,Enterprise,Retail,2,75,Active,2025-03-02
11299,2026-04-18,USA,WA,SMB,Technology,3,91,Active,2026-04-18
11300,2025-04-08,USA,MI,SMB,Professional Services,6,77,Active,2025-04-20
11301,2026-07-14,USA,TX,SMB,Retail,1,10,Churned,2026-07-14
11302,2026-08-26,Australia,WA,Mid-Market,Manufacturing,2,88,Active,2026-08-26
11303,2025-07-27,UK,WA,SMB,Retail,5,28,Churned,2025-07-27
11304,2025-10-19,Canada,MI,SMB,Manufacturing,2,97,Active,2025-10-19
11305,2024-09-06,Canada,TX,Enterprise,Technology,2,78,Active,2024-09-06
11306,2026-03-04,USA,PA,SMB,Retail,1,75,Active,2026-03-04
11307,2025-10-16,USA,MI,SMB,Manufacturing,2,65,Active,2025-10-16
11308,2026-05-29,USA,OH,SMB,Manufacturing,3,68,Active,2026-05-29
11309,2024-09-17,Australia,,Mid-Market,Healthcare,2,57,Active,2024-09-17
11310,2026-02-06,USA,PA,Mid-Market,Financial Services,1,79,Active,2026-02-06
11311,2025-04-03,USA,MI,Enterprise,Manufacturing,2,93,Active,2025-04-03
11312,2024-06-29,Canada,VA,SMB,Healthcare,3,19,Active,2024-06-29
11313,2024-06-15,USA,NC,Enterprise,Technology,5,84,Active,2024-06-15
11314,2025-07-01,USA,WA,Mid-Market,Professional Services,3,74,Active,2025-07-01
11315,2024-11-07,USA,CA,SMB,Education,3,59,Active,2024-11-07
11316,2024-04-09,USA,IL,SMB,Retail,4,91,Active,2025-02-12
11317,2025-02-20,USA,WA,SMB,Manufacturing,1,,Active,2025-02-20
11318,2025-09-27,UK,KY,Enterprise,Technology,2,46,Active,2025-09-27
11319,2024-11-06,USA,GA,SMB,Technology,1,7,Active,2025-06-18
11320,2026-07-19,Canada,OH,SMB,Government,2,3,Active,2026-07-19
11321,2026-01-29,USA,IL,Mid-Market,Manufacturing,8,62,Active,2026-01-29
11322,2025-05-14,USA,TX,Enterprise,Financial Services,2,34,Active,2025-05-14
11323,2026-06-29,USA,IL,Mid-Market,Retail,5,23,Active,2026-06-29
11324,2025-02-25,USA,NY,Mid-Market,Professional Services,1,10,Active,2025-02-25
11325,2024-05-16,Canada,MI,SMB,Technology,2,27,Active,2024-06-05
11326,2024-02-04,USA,VA,Enterprise,Professional Services,2,63,Active,2025-08-28
11327,2026-07-02,USA,NC,SMB,Education,1,80,Active,
11328,2026-07-23,USA,KY,SMB,Government,2,84,Active,2026-07-23
11329,2025-12-21,Australia,TX,Enterprise,Manufacturing,3,67,Active,2025-12-21
11330,2024-04-10,USA,KY,SMB,Government,2,10,Active,2024-05-19
11331,2024-10-13,USA,TN,SMB,Professional Services,4,71,Active,2025-11-14
11332,2024-02-10,USA,TX,Mid-Market,Professional Services,5,43,Active,2024-04-02
11333,2024-02-19,USA,WA,SMB,Professional Services,2,13,Active,2024-03-05
11334,2024-08-27,USA,MI,SMB,Manufacturing,8,68,Active,2024-08-27
11335,2025-07-11,USA,KY,Mid-Market,Education,1,96,Active,2025-07-11
11336,2024-03-04,USA,CA,Mid-Market,Manufacturing,1,91,Active,2025-04-17
11337,2026-08-17,USA,IL,Mid-Market,Education,2,79,Active,2026-08-17
11338,2025-03-19,USA,GA,SMB,Education,3,23,Churned,2025-03-19
11339,2024-09-13,USA,IL,Mid-Market,Education,3,50,Active,2026-03-30
11340,2025-05-17,USA,NC,Mid-Market,Manufacturing,3,53,Active,2025-05-17
11341,2026-02-08,USA,IL,SMB,Education,5,42,Active,2026-02-08
11342,2024-10-31,USA,TN,SMB,Professional Services,1,2,Active,2025-04-28
11343,2024-02-16,USA,WA,SMB,Technology,4,58,Active,2024-12-02
11344,2024-02-19,USA,IL,SMB,Manufacturing,3,40,Churned,2024-07-19
11345,2026-04-09,USA,OH,SMB,Professional Services,2,35,Churned,2026-04-09
11346,2024-04-18,USA,MI,Mid-Market,Education,1,35,Churned,2024-08-20
11347,2025-09-11,USA,TN,Enterprise,Manufacturing,2,75,Active,2025-09-11
11348,2025-01-09,USA,OH,SMB,Technology,2,18,Active,
11349,2026-01-27,UK,PA,Mid-Market,Technology,4,55,Active,2026-01-27
11350,2024-02-28,USA,MI,SMB,Technology,2,15,Active,2024-02-28
11351,2026-05-24,USA,GA,SMB,Retail,1,94,Churned,2026-05-24
11352,2025-11-11,UK,IL,Mid-Market,Retail,4,37,Active,2026-02-19
11353,2025-03-13,USA,MI,SMB,Professional Services,3,,Active,2025-03-13
11354,2024-07-20,USA,GA,Enterprise,Professional Services,6,7,Churned,2024-07-20
11355,2026-08-09,USA,GA,SMB,Retail,3,73,Active,2026-08-09
11356,2024-10-21,USA,KY,SMB,Professional Services,3,91,Active,2025-06-24
11357,2025-04-22,USA,KY,SMB,Manufacturing,2,16,Active,2025-04-22
11358,2025-01-18,USA,KY,SMB,Financial Services,3,96,Active,2025-04-20
11359,2024-08-12,UK,PA,Enterprise,Education,2,95,Active,2024-09-13
11360,2025-02-09,Australia,,Mid-Market,Healthcare,1,87,Active,2025-02-09
11361,2024-05-27,USA,NY,SMB,Healthcare,8,73,Active,2024-10-22
11362,2024-01-02,UK,CA,SMB,Government,4,1,Active,2025-08-05
11363,2024-10-09,USA,TX,Mid-Market,Manufacturing,3,12,Active,2025-08-08
11364,2024-04-19,Australia,CO,Mid-Market,Financial Services,2,35,Active,2024-04-19
11365,2025-02-07,USA,TX,SMB,Manufacturing,4,79,Active,2025-02-07
11366,2026-04-20,USA,KY,SMB,Technology,1,44,Active,2026-04-20
11367,2024-06-07,USA,KY,SMB,Technology,2,5,Active,2025-02-08
11368,2024-01-02,USA,CO,SMB,Retail,1,33,Churned,2026-01-29
11369,2024-04-18,Canada,MI,SMB,Retail,1,84,Active,2024-09-09
11370,2025-05-09,USA,NC,SMB,Manufacturing,1,81,Active,2025-05-09
11371,2024-09-24,USA,NC,SMB,Technology,4,83,Active,2026-02-13
11372,2025-04-21,UK,NY,SMB,Professional Services,1,68,Active,2025-04-21
11373,2024-01-29,USA,NC,SMB,Retail,4,19,Active,2024-03-29
11374,2024-11-20,USA,IL,Enterprise,Professional Services,5,20,Active,2024-11-20
11375,2025-02-03,Australia,TN,Mid-Market,Government,1,99,Active,2025-02-03
11376,2025-02-24,USA,MI,SMB,Retail,4,9,Active,2025-02-24
11377,2025-06-20,USA,PA,SMB,Healthcare,2,79,Active,2025-06-20
11378,2026-01-30,USA,WA,SMB,Technology,6,60,Churned,2026-01-30
11379,2025-03-31,USA,FL,Enterprise,Professional Services,2,5,Active,2025-03-31
11380,2026-03-30,USA,TN,Mid-Market,Healthcare,2,85,Active,2026-03-30
11381,2025-05-30,USA,CA,SMB,Financial Services,1,91,Churned,2025-05-30
11382,2024-09-10,USA,CA,Enterprise,Technology,5,64,Active,2024-09-10
11383,2024-08-11,USA,VA,Mid-Market,Professional Services,1,99,Active,2024-08-11
11384,2024-11-10,USA,OH,Mid-Market,Healthcare,4,25,Active,2024-11-10
11385,2025-08-04,USA,GA,SMB,Retail,1,96,Active,2025-08-04
11386,2024-08-24,USA,,SMB,Financial Services,3,56,Active,2024-12-23
11387,2026-06-09,USA,IL,Mid-Market,Government,2,67,Active,2026-06-09
11388,2025-04-12,USA,OH,SMB,Technology,1,54,Churned,2025-04-12
11389,2026-04-20,USA,VA,Mid-Market,Manufacturing,1,89,Churned,2026-08-08
11390,2025-10-27,Canada,IL,Mid-Market,Professional Services,1,79,Churned,2025-10-27
11391,2024-11-20,USA,NC,SMB,Manufacturing,4,82,Active,2025-02-01
11392,2024-08-10,USA,TN,SMB,Professional Services,4,43,Active,2025-01-01
11393,2025-12-25,USA,GA,SMB,Financial Services,1,94,Active,2025-12-25
11394,2024-11-18,USA,MI,SMB,Healthcare,2,73,Active,2024-11-18
11395,2024-08-28,USA,VA,Mid-Market,Manufacturing,1,35,Active,2026-05-24
11396,2026-06-25,USA,PA,Mid-Market,Financial Services,4,26,Active,2026-06-25
11397,2025-04-15,USA,WA,SMB,Professional Services,4,80,Active,2025-07-13
11398,2024-02-17,Canada,FL,Mid-Market,Manufacturing,5,3,Active,2025-04-24
11399,2025-04-26,USA,CO,SMB,Retail,5,90,Active,2025-04-26
11400,2025-03-24,UK,FL,Mid-Market,Education,2,77,Active,2025-03-24
11401,2026-04-21,UK,CO,SMB,Manufacturing,1,58,Active,2026-04-21
11402,2025-11-24,USA,IL,Mid-Market,Manufacturing,5,99,Active,2025-11-24
11403,2024-07-05,USA,KY,Mid-Market,Financial Services,1,27,Active,2024-07-22
11404,2024-05-26,USA,TN,SMB,Government,1,99,Active,2024-05-26
11405,2025-08-10,USA,CO,Mid-Market,Technology,2,14,Active,2025-08-10
11406,2024-02-16,USA,CA,Enterprise,Professional Services,4,76,Active,2024-08-04
11407,2024-11-06,USA,MI,SMB,Education,3,21,Active,2024-11-06
11408,2024-05-14,USA,OH,Mid-Market,Manufacturing,8,67,Active,
11409,2024-01-21,USA,FL,Enterprise,Healthcare,2,36,Active,2025-07-05
11410,2026-06-13,UK,OH,Enterprise,Technology,1,38,Active,2026-06-13
11411,2024-03-28,USA,GA,SMB,Healthcare,2,26,Churned,2024-03-28
11412,2024-01-10,USA,NC,Mid-Market,Government,4,93,Churned,2025-12-30
11413,2026-06-27,USA,FL,Enterprise,Financial Services,1,57,Active,2026-06-27
11414,2024-07-02,UK,KY,Mid-Market,Retail,6,49,Active,2024-07-02
11415,2026-03-06,Canada,CA,SMB,Manufacturing,3,27,Active,2026-03-06
11416,2024-01-31,USA,CA,SMB,Manufacturing,4,73,Active,2024-05-31
11417,2024-05-29,USA,KY,Mid-Market,Technology,4,25,Churned,2024-06-19
11418,2024-04-17,USA,IL,SMB,Education,2,57,Active,2025-03-24
11419,2025-11-18,USA,TX,SMB,Education,4,37,Active,2026-07-07
11420,2025-08-27,USA,VA,SMB,Professional Services,2,90,Active,2025-09-18
11421,2025-04-08,Canada,PA,Mid-Market,Manufacturing,4,31,Active,2025-04-08
11422,2024-08-23,USA,TX,SMB,Manufacturing,4,69,Active,2025-02-18
11423,2024-03-27,USA,TN,Enterprise,Professional Services,3,19,Active,2024-08-09
11424,2025-07-08,USA,TN,Mid-Market,Retail,1,31,Active,2025-07-08
11425,2024-08-12,UK,NC,Enterprise,Financial Services,7,52,Churned,2024-08-12
11426,2025-07-28,Australia,TN,Enterprise,Healthcare,6,92,Active,2025-07-28
11427,2025-10-31,USA,GA,SMB,Education,3,41,Active,2025-10-31
11428,2026-04-07,USA,NY,Mid-Market,Technology,8,18,Active,2026-04-07
11429,2025-04-26,USA,TX,SMB,Financial Services,3,90,Churned,2025-04-26
11430,2024-01-05,Australia,FL,Enterprise,Healthcare,2,22,Active,2024-03-11
11431,2024-09-30,USA,IL,SMB,Healthcare,2,23,Active,2026-02-25
11432,2026-04-11,USA,PA,Mid-Market,Manufacturing,1,36,Active,2026-04-11
11433,2025-06-03,USA,CA,Mid-Market,Financial Services,3,82,Active,2025-06-03
11434,2025-08-26,USA,GA,SMB,Education,3,37,Active,2026-02-12
11435,2025-03-21,USA,OH,Mid-Market,Government,1,,Active,2025-03-21
11436,2024-06-07,USA,MI,SMB,Education,1,83,Active,2024-07-15
11437,2026-05-23,Canada,TN,SMB,Professional Services,4,84,Active,2026-05-23
11438,2026-01-22,Canada,KY,SMB,Government,4,44,Active,
11439,2026-08-27,USA,WA,SMB,Education,8,84,Active,2026-08-27
11440,2026-04-13,USA,CA,Mid-Market,Technology,1,88,Active,2026-04-13
11441,2024-10-10,USA,TN,Enterprise,Professional Services,4,40,Active,2024-10-10
11442,2024-09-04,USA,MI,SMB,Technology,1,34,Active,2024-09-04
11443,2024-08-30,USA,PA,Mid-Market,Manufacturing,1,11,Active,2024-12-27
11444,2026-06-13,USA,MI,Enterprise,Healthcare,4,39,Active,2026-06-13
11445,2025-06-26,USA,IL,Mid-Market,Technology,2,48,Churned,2025-06-26
11446,2025-03-18,Australia,NY,SMB,Professional Services,4,77,Active,2025-03-18
11447,2026-08-01,USA,IL,Enterprise,Technology,1,56,Active,2026-08-01
11448,2025-08-10,USA,GA,SMB,Retail,1,25,Churned,2025-08-10
11449,2026-06-04,USA,GA,Mid-Market,Technology,3,30,Active,2026-06-04
11450,2026-08-17,Canada,NC,Mid-Market,Professional Services,1,13,Active,2026-08-17
11451,2024-03-18,USA,NY,Mid-Market,Education,1,22,Churned,2024-03-18
11452,2024-12-18,USA,PA,SMB,Manufacturing,1,14,Active,2024-12-18
11453,2025-12-16,USA,WA,SMB,Retail,2,78,Active,2025-12-16
11454,2026-03-03,USA,KY,Mid-Market,Retail,4,24,Active,2026-03-03
11455,2024-05-24,USA,TX,SMB,Professional Services,1,6,Churned,2024-10-31
11456,2024-11-06,USA,OH,SMB,Financial Services,3,61,Active,2024-11-06
11457,2025-06-17,USA,MI,Mid-Market,Professional Services,3,56,Active,2025-06-17
11458,2026-02-17,USA,NY,Mid-Market,Financial Services,3,5,Active,2026-02-17
11459,2024-04-20,USA,CA,SMB,Government,2,69,Active,2024-04-20
11460,2025-08-08,USA,PA,SMB,Manufacturing,3,67,Active,2025-08-08
11461,2024-10-15,Australia,FL,Enterprise,Education,5,97,Active,2024-10-15
11462,2024-07-29,USA,NY,SMB,Education,1,77,Churned,2024-07-29
11463,2025-05-16,Canada,MI,SMB,Education,4,80,Active,2026-02-27
11464,2025-02-07,USA,KY,SMB,Education,1,75,Churned,2025-02-07
11465,2025-09-11,USA,VA,SMB,Healthcare,2,65,Active,2025-09-11
11466,2024-11-05,USA,CO,Enterprise,Financial Services,3,64,Active,2025-08-19
11467,2026-03-12,Australia,CO,SMB,Financial Services,1,63,Active,2026-03-12
11468,2024-03-17,USA,CO,SMB,Technology,1,44,Churned,2025-02-27
11469,2026-04-19,USA,KY,SMB,Technology,1,10,Active,2026-04-19
11470,2024-01-30,USA,VA,SMB,Retail,1,99,Active,2024-01-30
11471,2025-12-17,USA,NC,SMB,Education,3,98,Active,2025-12-17
11472,2024-12-03,USA,GA,Enterprise,Retail,1,10,Active,2024-12-03
11473,2025-01-08,USA,NC,Mid-Market,Retail,4,79,Churned,2025-01-08
11474,2024-01-19,USA,KY,SMB,Retail,5,76,Active,2024-09-07
11475,2025-11-14,USA,NY,SMB,Education,1,25,Active,2025-11-14
11476,2024-06-10,USA,VA,SMB,Healthcare,1,39,Active,2024-06-10
11477,2025-10-04,USA,IL,SMB,Professional Services,2,77,Active,2025-10-04
11478,2025-12-07,USA,PA,Mid-Market,Technology,5,83,Active,2025-12-07
11479,2026-04-03,USA,,SMB,Technology,2,40,Active,2026-04-03
11480,2025-11-20,USA,NY,Mid-Market,Financial Services,1,63,Active,2025-11-20
11481,2024-10-20,USA,WA,Enterprise,Education,8,46,Active,2024-10-20
11482,2025-12-20,USA,TX,SMB,Professional Services,2,14,Active,2025-12-20
11483,2026-03-15,Australia,TX,Enterprise,Manufacturing,2,17,Active,2026-03-15
11484,2024-11-04,USA,CO,SMB,Retail,5,84,Active,2025-05-08
11485,2024-04-30,USA,WA,SMB,Retail,6,2,Active,2024-04-30
11486,2026-05-16,USA,CA,Mid-Market,Retail,2,8,Churned,2026-05-16
11487,2024-05-24,USA,MI,SMB,Retail,2,30,Active,2024-09-28
11488,2025-08-01,USA,CO,Mid-Market,Technology,2,82,Active,2025-08-01
11489,2024-08-18,USA,MI,Mid-Market,Retail,1,71,Active,2024-08-18
11490,2024-05-02,USA,NY,SMB,Professional Services,2,57,Active,2025-04-16
11491,2026-01-26,USA,PA,Enterprise,Manufacturing,1,63,Active,2026-01-26
11492,2024-05-19,Australia,VA,SMB,Technology,3,16,Active,2026-08-27
11493,2025-10-14,USA,TN,Mid-Market,Government,4,16,Active,2025-10-14
11494,2025-11-06,USA,GA,SMB,Manufacturing,7,60,Active,2025-11-06
11495,2024-02-28,USA,WA,SMB,Financial Services,4,36,Active,2024-12-24
11496,2024-06-17,USA,TX,SMB,Manufacturing,1,56,Churned,2026-01-16
11497,2026-02-12,USA,OH,Enterprise,Manufacturing,1,65,Active,2026-02-12
11498,2025-05-09,USA,WA,SMB,Education,3,32,Active,2025-05-09
11499,2024-04-28,USA,CA,Enterprise,Professional Services,1,86,Active,2024-07-02
11500,2026-08-23,Canada,IL,SMB,Technology,1,,Active,2026-08-23
11501,2024-09-15,USA,PA,SMB,Government,4,11,Active,2025-02-23
11502,2024-01-04,USA,NY,SMB,Financial Services,2,13,Churned,
11503,2026-06-19,USA,VA,SMB,Financial Services,1,21,Churned,2026-06-19
11504,2024-01-17,USA,NY,Enterprise,Retail,3,14,Churned,2026-02-08
11505,2025-06-22,USA,FL,SMB,Technology,7,55,Active,2025-06-22
11506,2026-08-25,USA,GA,Mid-Market,Financial Services,3,25,Active,2026-08-25
11507,2025-07-16,USA,GA,Mid-Market,Healthcare,1,65,Active,2025-07-16
11508,2025-07-23,USA,PA,SMB,Government,3,87,Active,2025-07-23
11509,2025-01-13,USA,MI,Mid-Market,Retail,5,14,Active,2025-01-13
11510,2024-05-03,USA,GA,Enterprise,Financial Services,1,17,Active,2025-07-06
11511,2025-07-11,Canada,TX,Mid-Market,Retail,3,18,Active,2025-07-11
11512,2026-05-23,USA,CA,SMB,Healthcare,4,81,Active,2026-05-23
11513,2024-03-29,Canada,TN,Mid-Market,Healthcare,4,98,Active,2024-03-29
11514,2026-05-07,USA,FL,Mid-Market,Retail,1,78,Active,2026-05-07
11515,2025-02-08,USA,WA,SMB,Retail,5,69,Active,2025-02-08
11516,2025-06-06,USA,VA,Mid-Market,Professional Services,2,61,Churned,2025-06-06
11517,2024-06-10,USA,CO,SMB,Manufacturing,1,21,Active,2024-11-21
11518,2025-08-28,USA,FL,Mid-Market,Education,1,47,Active,2025-08-28
11519,2024-06-26,USA,PA,Enterprise,Education,2,92,Active,2024-06-26
11520,2024-09-23,USA,WA,Enterprise,Education,1,36,Active,2026-04-03
11521,2025-12-03,USA,NC,Mid-Market,Professional Services,4,3,Active,2025-12-03
11522,2024-02-19,USA,PA,Mid-Market,Manufacturing,5,22,Active,2024-02-23
11523,2025-03-11,USA,OH,Mid-Market,Healthcare,1,51,Active,2025-06-09
11524,2025-08-02,USA,WA,SMB,Healthcare,4,70,Active,2025-10-10
11525,2024-05-08,USA,WA,SMB,Financial Services,8,44,Active,2025-11-29
11526,2024-10-14,USA,NY,SMB,Professional Services,1,47,Active,2024-10-14
11527,2024-11-30,USA,GA,SMB,Technology,4,70,Active,2025-09-01
11528,2025-10-08,USA,TX,Enterprise,Healthcare,8,28,Active,2025-10-08
11529,2026-08-09,USA,TX,Enterprise,Healthcare,4,80,Active,2026-08-09
11530,2026-03-25,USA,WA,SMB,Professional Services,3,33,Churned,2026-03-25
11531,2024-07-03,Canada,TN,SMB,Manufacturing,5,12,Active,2024-07-03
11532,2024-01-18,USA,GA,Mid-Market,Financial Services,4,14,Active,2024-02-12
11533,2024-02-20,USA,MI,SMB,Professional Services,1,37,Active,2024-05-24
11534,2025-08-03,USA,CO,Mid-Market,Education,1,5,Active,2025-08-03
11535,2024-06-01,Canada,KY,Enterprise,Manufacturing,3,19,Churned,2025-07-22
11536,2024-08-13,USA,GA,SMB,Manufacturing,2,44,Active,2024-10-27
11537,2026-04-05,USA,WA,SMB,Technology,2,95,Active,2026-04-05
11538,2026-05-01,Australia,MI,SMB,Retail,1,98,Active,2026-05-01
11539,2026-03-28,USA,,SMB,Government,4,77,Active,2026-03-28
11540,2024-09-04,Australia,PA,SMB,Education,4,95,Churned,2025-03-02
11541,2025-08-26,USA,WA,SMB,Technology,2,62,Active,2025-08-26
11542,2025-08-17,USA,VA,SMB,Technology,1,14,Active,2025-08-17
11543,2024-06-29,USA,GA,SMB,Government,1,67,Active,2025-04-14
11544,2025-06-23,USA,PA,SMB,Healthcare,1,56,Active,2025-06-23
11545,2025-05-26,USA,GA,Mid-Market,Healthcare,3,86,Active,2025-05-26
11546,2025-01-20,USA,GA,SMB,Education,1,35,Active,2025-01-20
11547,2026-01-02,USA,NY,Enterprise,Financial Services,7,83,Active,2026-01-02
11548,2025-10-22,USA,CA,SMB,Technology,1,65,Active,2025-10-22
11549,2025-06-02,Australia,NC,SMB,Manufacturing,1,74,Active,2025-06-02
11550,2025-12-07,Australia,CA,SMB,Retail,5,3,Churned,2025-12-07
11551,2026-01-13,USA,MI,Mid-Market,Financial Services,2,97,Active,2026-01-13
11552,2025-07-06,USA,WA,SMB,Education,2,55,Active,2025-07-06
11553,2024-09-17,USA,WA,SMB,Financial Services,1,,Active,2025-01-25
11554,2026-01-08,USA,NY,SMB,Healthcare,3,47,Active,2026-01-08
11555,2025-11-29,Australia,NY,Enterprise,Manufacturing,2,14,Active,2025-11-29
11556,2026-08-15,Canada,TN,SMB,Healthcare,4,57,Active,2026-08-15
11557,2024-05-25,USA,CO,SMB,Technology,3,70,Churned,
11558,2025-02-12,USA,,Enterprise,Government,5,16,Active,2025-02-12
11559,2026-06-19,USA,KY,SMB,Education,3,37,Active,2026-06-19
11560,2025-05-16,Australia,MI,SMB,Technology,4,62,Churned,2025-05-16
11561,2026-07-07,Australia,WA,Mid-Market,Retail,3,29,Active,2026-07-07
11562,2024-01-13,USA,CO,SMB,Government,2,30,Active,2024-08-29
11563,2024-02-04,USA,TN,SMB,Professional Services,3,12,Active,2024-05-04
11564,2026-02-14,Australia,CO,SMB,Professional Services,3,51,Active,2026-02-14
11565,2024-12-15,USA,FL,SMB,Financial Services,1,13,Churned,2024-12-15
11566,2025-05-21,USA,OH,Enterprise,Healthcare,3,87,Active,2025-05-21
11567,2025-02-20,USA,OH,Mid-Market,Financial Services,1,18,Active,2025-02-20
11568,2025-02-01,USA,IL,Mid-Market,Financial Services,3,10,Active,2025-02-01
11569,2026-07-04,Canada,MI,SMB,Healthcare,1,93,Active,
11570,2024-04-01,UK,FL,Mid-Market,Professional Services,1,40,Active,2024-05-14
11571,2026-01-22,UK,VA,Mid-Market,Financial Services,1,20,Active,2026-01-22
11572,2026-05-16,USA,PA,SMB,Financial Services,1,55,Churned,2026-05-16
11573,2025-10-02,Australia,FL,Enterprise,Professional Services,1,11,Active,2025-10-02
11574,2025-01-19,USA,MI,Mid-Market,Government,1,42,Active,
11575,2024-06-04,USA,TX,Mid-Market,Financial Services,3,66,Active,2024-06-04
11576,2025-10-26,USA,KY,SMB,Retail,2,48,Active,2025-10-26
11577,2025-04-01,USA,NY,SMB,Professional Services,8,93,Active,2025-04-01
11578,2024-05-25,UK,NY,Mid-Market,Government,4,73,Active,2024-05-25
11579,2024-12-16,Canada,TX,Mid-Market,Technology,1,65,Active,2024-12-16
11580,2026-07-25,UK,TX,SMB,Manufacturing,2,67,Churned,2026-07-25
11581,2024-09-15,USA,TX,SMB,Technology,2,69,Active,2024-09-17
11582,2024-06-22,USA,FL,Mid-Market,Education,2,48,Active,2024-06-22
11583,2025-10-26,USA,IL,SMB,Healthcare,2,11,Active,2025-10-26
11584,2024-07-13,USA,TX,SMB,Manufacturing,3,26,Active,2024-07-13
11585,2026-06-14,USA,IL,Mid-Market,Professional Services,3,32,Active,2026-06-14
11586,2026-04-16,USA,CA,SMB,Technology,2,26,Active,2026-04-16
11587,2026-08-15,USA,OH,SMB,Healthcare,4,29,Active,2026-08-15
11588,2026-06-07,USA,TX,SMB,Education,1,77,Active,2026-06-07
11589,2024-08-25,UK,MI,Enterprise,Technology,4,95,Active,2024-08-25
11590,2024-07-25,USA,TX,SMB,Financial Services,7,46,Active,2024-07-25
11591,2024-11-29,USA,VA,Mid-Market,Retail,1,49,Active,2025-08-25
11592,2025-04-02,UK,NC,Enterprise,Retail,4,33,Active,2025-04-02
11593,2026-05-07,USA,IL,Mid-Market,Government,4,64,Active,2026-05-07
11594,2025-12-15,USA,VA,SMB,Financial Services,2,69,Active,2025-12-15
11595,2025-09-19,USA,WA,SMB,Professional Services,1,6,Active,2025-09-19
11596,2026-05-05,USA,CO,SMB,Manufacturing,4,51,Active,2026-05-05
11597,2025-09-21,USA,TX,Mid-Market,Professional Services,2,43,Active,2025-09-21
11598,2025-01-04,USA,CA,Enterprise,Government,1,45,Active,2025-05-07
11599,2025-02-06,USA,CA,Mid-Market,Government,3,51,Active,2026-08-06
11600,2025-05-18,USA,VA,SMB,Professional Services,2,14,Active,2025-05-18
11601,2024-03-27,USA,NY,SMB,Retail,1,,Active,2026-03-29
11602,2025-12-23,Canada,WA,Enterprise,Financial Services,8,91,Active,2025-12-23
11603,2025-09-27,USA,IL,SMB,Retail,1,11,Active,2025-09-27
11604,2025-12-13,Canada,FL,Mid-Market,Technology,3,84,Active,2025-12-13
11605,2025-06-04,USA,TX,SMB,Retail,3,57,Active,2025-06-04
11606,2026-02-01,USA,PA,Mid-Market,Manufacturing,1,84,Active,2026-02-01
11607,2026-07-14,USA,MI,Mid-Market,Healthcare,4,19,Churned,2026-07-14
11608,2025-07-09,USA,WA,SMB,Education,3,19,Active,2025-07-09
11609,2025-03-08,USA,NC,SMB,Healthcare,2,1,Active,
11610,2024-04-11,USA,PA,Mid-Market,Retail,3,51,Active,2024-07-18
11611,2026-01-28,USA,CO,SMB,Technology,7,42,Active,2026-01-28
11612,2026-05-30,USA,GA,SMB,Manufacturing,6,95,Churned,2026-05-30
11613,2025-11-12,USA,OH,SMB,Professional Services,1,56,Active,2025-11-12
11614,2026-04-23,UK,OH,SMB,Technology,2,93,Active,
11615,2026-04-18,USA,KY,Mid-Market,Education,3,27,Churned,2026-04-18
11616,2026-02-16,USA,TX,SMB,Retail,6,4,Active,2026-02-16
11617,2025-05-04,USA,TN,SMB,Healthcare,4,84,Active,2025-05-04
11618,2024-04-07,USA,IL,Enterprise,Education,2,1,Active,2025-09-02
11619,2024-01-04,USA,VA,SMB,Healthcare,5,85,Active,2024-11-15
11620,2024-07-18,USA,IL,SMB,Professional Services,2,52,Active,2024-10-02
11621,2025-02-23,Canada,PA,Mid-Market,Government,1,59,Churned,2025-02-23
11622,2025-12-25,USA,OH,Enterprise,Retail,3,22,Active,2025-12-25
11623,2025-03-19,USA,TX,Mid-Market,Education,2,27,Active,2025-03-19
11624,2024-01-23,USA,FL,Mid-Market,Manufacturing,3,22,Active,
11625,2024-07-23,UK,KY,SMB,Retail,2,74,Active,2024-09-27
11626,2026-08-11,UK,FL,SMB,Manufacturing,4,47,Active,2026-08-11
11627,2026-08-20,USA,FL,Enterprise,Technology,7,11,Active,2026-08-20
11628,2025-01-02,USA,IL,Enterprise,Government,1,5,Active,2025-01-02
11629,2026-02-23,UK,KY,Mid-Market,Retail,3,72,Active,2026-02-23
11630,2025-12-01,USA,KY,SMB,Technology,4,67,Churned,2025-12-01
11631,2026-06-26,USA,TX,SMB,Retail,1,32,Active,2026-06-26
11632,2026-05-14,Australia,KY,SMB,Financial Services,4,36,Active,2026-05-14
11633,2025-09-04,USA,MI,Enterprise,Technology,3,81,Active,2025-09-04
11634,2025-01-19,Australia,NC,Mid-Market,Education,1,8,Active,2025-01-19
11635,2025-09-02,USA,MI,SMB,Technology,5,97,Active,2025-09-02
11636,2024-11-06,USA,GA,SMB,Government,2,85,Active,2024-11-06
11637,2024-12-05,USA,IL,SMB,Healthcare,1,14,Churned,2025-04-27
11638,2025-08-15,USA,IL,SMB,Manufacturing,1,53,Churned,2025-08-15
11639,2025-07-10,UK,PA,Mid-Market,Retail,4,57,Active,2025-07-10
11640,2025-07-19,USA,FL,Mid-Market,Professional Services,6,92,Active,2025-12-31
11641,2025-01-09,UK,PA,SMB,Healthcare,2,60,Active,2025-01-11
11642,2025-02-02,USA,NC,Mid-Market,Financial Services,1,1,Churned,2025-02-02
11643,2024-01-10,Australia,MI,Enterprise,Education,1,29,Active,2025-04-15
11644,2025-08-09,USA,MI,SMB,Retail,3,59,Churned,2025-08-09
11645,2025-07-14,USA,MI,SMB,Technology,2,,Active,2025-07-14
11646,2026-06-30,USA,OH,SMB,Government,2,47,Active,2026-06-30
11647,2025-05-06,USA,,SMB,Manufacturing,2,95,Active,2025-05-06
11648,2025-03-31,USA,KY,SMB,Manufacturing,2,94,Churned,2025-03-31
11649,2024-03-06,UK,NY,Mid-Market,Government,3,,Active,2024-03-06
11650,2024-07-10,Australia,CO,SMB,Education,3,18,Active,2024-09-02
11651,2024-11-25,USA,GA,SMB,Financial Services,1,96,Churned,2024-11-25
11652,2025-01-02,USA,PA,Enterprise,Professional Services,2,55,Active,2025-01-02
11653,2024-12-19,USA,TX,SMB,Manufacturing,2,60,Active,2024-12-19
11654,2025-01-18,Canada,KY,Mid-Market,Education,3,18,Active,2025-03-24
11655,2026-01-18,USA,TN,Mid-Market,Technology,1,65,Active,2026-01-18
11656,2024-05-07,USA,IL,Mid-Market,Financial Services,1,86,Active,2024-11-17
11657,2024-11-19,USA,MI,Mid-Market,Professional Services,3,14,Active,2026-03-18
11658,2024-06-07,Australia,FL,Mid-Market,Healthcare,1,34,Active,2025-03-07
11659,2024-10-26,USA,OH,Mid-Market,Professional Services,3,42,Active,2025-10-24
11660,2025-10-28,USA,VA,SMB,Professional Services,2,46,Active,2025-10-28
11661,2024-02-15,USA,WA,SMB,Government,1,23,Active,2024-05-17
11662,2024-11-26,Australia,PA,SMB,Healthcare,3,69,Active,2024-11-26
11663,2024-01-24,USA,PA,SMB,Manufacturing,2,23,Active,2024-01-24
11664,2026-07-19,UK,TN,SMB,Financial Services,1,28,Active,2026-07-19
11665,2025-12-09,UK,CO,SMB,Retail,4,56,Churned,2025-12-09
11666,2024-08-25,USA,VA,SMB,Retail,2,13,Active,
11667,2024-07-12,USA,VA,SMB,Technology,6,85,Active,2025-07-24
11668,2024-04-06,Canada,CA,SMB,Manufacturing,1,45,Churned,2024-04-06
11669,2025-04-05,USA,CO,Mid-Market,Government,5,97,Active,2025-11-06
11670,2026-01-03,USA,NY,Mid-Market,Financial Services,4,37,Active,2026-01-03
11671,2025-07-23,USA,KY,Mid-Market,Retail,1,2,Active,2025-07-23
11672,2026-05-08,Canada,CA,SMB,Technology,3,36,Churned,2026-05-08
11673,2024-11-30,USA,KY,Enterprise,Financial Services,3,63,Active,2025-02-05
11674,2024-09-27,USA,WA,Mid-Market,Education,2,1,Active,2024-09-27
11675,2025-04-10,USA,MI,SMB,Technology,2,49,Active,2025-04-10
11676,2024-07-15,USA,NC,Enterprise,Technology,6,78,Active,2024-07-15
11677,2026-08-08,USA,PA,SMB,Technology,4,90,Active,2026-08-08
11678,2024-06-29,USA,MI,Mid-Market,Professional Services,7,74,Churned,2025-02-02
11679,2025-04-11,UK,CA,Mid-Market,Government,4,25,Churned,2025-04-11
11680,2025-05-23,Australia,KY,SMB,Healthcare,4,71,Active,2025-05-23
11681,2024-02-25,USA,CO,Mid-Market,Manufacturing,4,79,Active,2025-05-30
11682,2025-04-01,USA,CA,SMB,Professional Services,3,42,Active,2025-06-19
11683,2025-03-18,USA,TN,SMB,Healthcare,5,66,Active,2025-03-18
11684,2024-09-09,USA,PA,SMB,Manufacturing,3,50,Active,2024-09-09
11685,2024-05-04,USA,KY,SMB,Technology,1,42,Active,2024-07-28
11686,2024-02-13,USA,KY,SMB,Financial Services,3,67,Active,
11687,2024-01-09,USA,IL,Mid-Market,Retail,1,98,Active,2024-02-13
11688,2025-04-13,USA,WA,SMB,Education,6,96,Active,2025-04-13
11689,2024-03-28,USA,GA,SMB,Healthcare,3,2,Active,2024-04-24
11690,2026-07-23,USA,VA,Mid-Market,Healthcare,3,29,Active,2026-07-23
11691,2024-08-26,USA,TX,SMB,Professional Services,1,84,Churned,2025-03-01
11692,2025-09-27,USA,CO,SMB,Professional Services,3,75,Active,2025-09-27
11693,2025-10-17,USA,CO,Mid-Market,Technology,2,74,Active,2025-10-17
11694,2025-04-27,USA,GA,Enterprise,Retail,3,,Active,2025-05-14
11695,2026-05-10,USA,TN,SMB,Healthcare,3,43,Churned,2026-05-10
11696,2024-04-17,USA,FL,SMB,Professional Services,2,64,Active,2024-06-04
11697,2024-08-15,USA,TN,Mid-Market,Financial Services,1,83,Active,2024-08-15
11698,2024-09-02,USA,CA,Enterprise,Professional Services,3,10,Active,2024-09-02
11699,2024-05-11,USA,OH,SMB,Education,2,2,Active,
11700,2024-10-14,USA,,SMB,Healthcare,5,77,Active,2024-10-14
11701,2024-10-31,USA,IL,SMB,Technology,5,7,Active,2025-04-05
11702,2026-01-14,USA,OH,Mid-Market,Professional Services,4,42,Active,2026-01-14
11703,2024-10-20,USA,VA,Enterprise,Professional Services,2,13,Active,2024-10-20
11704,2026-05-03,USA,PA,Mid-Market,Technology,1,33,Active,2026-05-03
11705,2026-01-22,USA,MI,SMB,Financial Services,6,19,Active,2026-01-22
11706,2026-05-28,USA,VA,Mid-Market,Technology,8,44,Active,2026-05-28
11707,2024-04-12,USA,NC,Mid-Market,Technology,1,2,Active,2025-07-10
11708,2026-08-16,Canada,MI,SMB,Technology,3,88,Active,2026-08-16
11709,2025-08-20,USA,KY,Mid-Market,Financial Services,2,71,Active,2025-08-20
11710,2026-08-14,USA,WA,SMB,Professional Services,1,66,Active,2026-08-14
11711,2024-12-11,USA,KY,SMB,Manufacturing,8,78,Active,2024-12-11
11712,2026-07-17,USA,MI,Mid-Market,Retail,6,1,Active,2026-07-17
11713,2025-07-27,USA,WA,SMB,Financial Services,8,55,Active,2026-01-03
11714,2024-03-10,USA,KY,Enterprise,Retail,1,24,Active,2024-05-24
11715,2025-02-03,USA,VA,SMB,Manufacturing,2,87,Active,2025-02-03
11716,2024-05-14,USA,MI,SMB,Financial Services,5,70,Active,2025-03-28
11717,2026-07-05,Australia,TX,SMB,Manufacturing,3,8,Active,2026-07-05
11718,2024-10-23,UK,NY,SMB,Financial Services,2,88,Active,2024-10-23
11719,2024-08-04,USA,MI,SMB,Financial Services,3,60,Churned,2024-08-04
11720,2025-06-22,USA,VA,Mid-Market,Healthcare,1,54,Active,2025-06-22
11721,2025-02-18,USA,MI,SMB,Retail,3,13,Active,2025-02-18
11722,2024-04-04,Canada,TX,SMB,Retail,5,60,Active,2026-08-24
11723,2026-03-06,USA,NY,Mid-Market,Retail,1,38,Churned,2026-03-06
11724,2026-04-03,USA,MI,SMB,Education,1,29,Active,2026-04-03
11725,2025-12-24,Canada,KY,Mid-Market,Manufacturing,3,22,Active,2025-12-24
11726,2025-08-23,USA,FL,SMB,Technology,3,,Active,2025-08-23
11727,2025-01-27,Canada,NY,SMB,Healthcare,2,84,Active,2025-01-27
11728,2025-06-12,Canada,MI,Mid-Market,Manufacturing,1,44,Active,2025-06-12
11729,2025-05-22,Canada,PA,Mid-Market,Healthcare,4,27,Active,2025-05-22
11730,2024-06-10,USA,FL,Mid-Market,Manufacturing,1,54,Churned,2025-01-19
11731,2024-03-20,USA,WA,SMB,Technology,3,34,Churned,2024-07-05
11732,2024-09-03,USA,VA,SMB,Education,3,57,Active,2025-03-22
11733,2025-03-18,Canada,VA,Mid-Market,Manufacturing,2,4,Active,
11734,2024-06-05,USA,GA,Mid-Market,Retail,3,20,Active,2024-12-17
11735,2024-04-13,Canada,KY,Mid-Market,Financial Services,3,66,Active,2025-01-23
11736,2026-04-09,Australia,GA,Mid-Market,Government,3,8,Active,2026-04-09
11737,2024-12-31,USA,TN,Mid-Market,Financial Services,3,98,Active,2024-12-31
11738,2025-07-23,UK,WA,SMB,Healthcare,2,34,Active,2025-12-02
11739,2025-05-25,USA,TX,Mid-Market,Healthcare,2,58,Active,2025-05-25
11740,2025-12-17,Australia,IL,SMB,Government,2,81,Active,2025-12-17
11741,2025-12-21,UK,NY,SMB,Professional Services,2,49,Active,2025-12-21
11742,2024-10-15,USA,OH,Mid-Market,Retail,2,28,Active,2024-10-15
11743,2026-04-05,USA,MI,SMB,Healthcare,1,87,Active,2026-08-05
11744,2024-12-27,USA,NC,SMB,Education,4,69,Active,2025-06-05
11745,2026-03-24,Canada,PA,Enterprise,Retail,1,72,Active,2026-03-24
11746,2025-01-29,USA,PA,Mid-Market,Healthcare,5,26,Active,2025-02-03
11747,2024-04-18,USA,MI,SMB,Manufacturing,3,9,Active,2025-07-25
11748,2026-01-10,USA,NC,Enterprise,Manufacturing,1,24,Active,2026-01-10
11749,2024-01-30,USA,OH,SMB,Retail,3,74,Active,2024-11-29
11750,2026-01-22,Australia,FL,Mid-Market,Technology,2,22,Active,2026-01-22
11751,2024-02-12,USA,PA,SMB,Education,6,79,Active,2024-09-23
11752,2024-07-20,USA,MI,SMB,Manufacturing,6,43,Active,2025-01-13
11753,2025-08-10,Canada,NY,SMB,Healthcare,4,31,Active,2026-01-22
11754,2026-07-06,USA,TN,SMB,Healthcare,3,27,Active,2026-07-06
11755,2025-02-01,USA,WA,SMB,Professional Services,6,7,Active,2025-02-01
11756,2024-04-27,USA,VA,SMB,Financial Services,3,37,Active,2024-04-27
11757,2024-08-14,UK,NC,Mid-Market,Retail,5,94,Churned,2024-08-25
11758,2026-05-22,UK,NY,SMB,Healthcare,1,58,Active,2026-05-22
11759,2025-12-08,USA,FL,SMB,Financial Services,5,79,Active,2025-12-08
11760,2024-04-07,USA,VA,Enterprise,Manufacturing,3,84,Active,2024-08-19
11761,2025-01-09,USA,VA,Mid-Market,Financial Services,2,71,Active,2025-01-09
11762,2024-09-14,USA,TX,Enterprise,Technology,8,77,Active,2024-09-14
11763,2024-06-22,USA,CA,SMB,Retail,3,44,Churned,2024-06-22
11764,2026-04-04,USA,OH,SMB,Education,5,44,Churned,2026-04-04
11765,2025-08-24,USA,TX,Mid-Market,Technology,1,42,Active,2025-11-22
11766,2024-06-23,UK,WA,Mid-Market,Financial Services,3,31,Churned,2026-01-02
11767,2025-09-25,USA,KY,SMB,Professional Services,4,5,Churned,2025-09-25
11768,2025-02-06,USA,MI,Enterprise,Professional Services,1,66,Active,2025-02-06
11769,2024-02-29,Australia,FL,Mid-Market,Healthcare,4,65,Active,2024-11-28
11770,2025-03-14,USA,CO,Mid-Market,Technology,3,44,Churned,2025-03-14
11771,2024-06-29,USA,NC,SMB,Technology,1,67,Active,2024-06-29
11772,2024-08-26,USA,PA,Mid-Market,Technology,3,76,Active,2024-09-01
11773,2026-05-06,UK,CA,SMB,Healthcare,1,91,Churned,2026-05-06
11774,2025-11-22,USA,TN,Enterprise,Healthcare,4,86,Active,2025-11-22
11775,2024-05-10,Australia,CA,SMB,Retail,5,35,Active,2024-05-10
11776,2026-04-09,USA,VA,SMB,Healthcare,2,29,Churned,2026-04-09
11777,2025-07-13,USA,KY,SMB,Retail,3,48,Churned,2025-07-13
11778,2026-05-01,USA,CA,Mid-Market,Professional Services,2,39,Churned,2026-05-01
11779,2025-12-28,Canada,TN,Enterprise,Retail,2,68,Active,2025-12-28
11780,2024-11-26,USA,CA,Enterprise,Retail,5,3,Active,2024-11-26
11781,2025-06-04,USA,GA,Mid-Market,Financial Services,2,27,Active,2025-06-04
11782,2025-06-01,USA,KY,Enterprise,Manufacturing,2,43,Active,2025-06-01
11783,2025-12-02,USA,CA,Mid-Market,Education,1,10,Active,2025-12-02
11784,2024-08-29,USA,OH,SMB,Professional Services,3,44,Churned,2024-08-29
11785,2024-11-20,USA,GA,Mid-Market,Manufacturing,4,16,Active,2025-06-17
11786,2024-08-26,USA,OH,SMB,Retail,1,92,Active,
11787,2024-10-15,USA,VA,SMB,Financial Services,1,11,Active,2024-10-15
11788,2024-06-06,USA,GA,SMB,Government,1,41,Active,2024-11-26
11789,2024-02-05,Australia,TN,SMB,Retail,1,26,Active,2024-08-18
11790,2026-07-04,USA,IL,Enterprise,Retail,2,43,Active,2026-07-04
11791,2024-03-13,USA,FL,Enterprise,Manufacturing,4,74,Active,2024-03-15
11792,2026-05-14,USA,CO,SMB,Healthcare,3,33,Active,2026-05-14
11793,2024-01-03,USA,CA,Mid-Market,Retail,1,73,Active,2024-08-17
11794,2026-01-27,USA,CA,SMB,Professional Services,3,11,Active,2026-01-27
11795,2024-11-15,USA,TN,SMB,Healthcare,4,99,Active,
11796,2025-05-19,USA,GA,SMB,Financial Services,2,61,Active,2025-05-26
11797,2024-10-01,USA,MI,SMB,Financial Services,1,92,Active,2026-03-27
11798,2025-04-22,USA,KY,SMB,Financial Services,4,22,Active,2025-04-22
11799,2025-03-15,USA,GA,SMB,Government,1,70,Active,2025-03-15
11800,2025-05-30,USA,PA,SMB,Technology,4,53,Active,2025-05-30
11801,2025-01-18,USA,WA,SMB,Professional Services,4,29,Active,2025-01-18
11802,2025-06-06,USA,CA,Enterprise,Professional Services,5,77,Active,2025-06-06
11803,2026-03-14,USA,CA,SMB,Technology,1,50,Active,2026-03-14
11804,2025-02-27,USA,VA,SMB,Manufacturing,1,74,Active,2025-02-27
11805,2024-12-17,Australia,GA,SMB,Manufacturing,5,2,Active,2024-12-17
11806,2024-05-08,USA,KY,SMB,Technology,2,11,Active,2024-05-08
11807,2024-12-16,USA,CO,SMB,Technology,2,80,Churned,2025-03-21
11808,2024-05-02,USA,PA,SMB,Technology,3,43,Churned,2024-05-02
11809,2024-06-26,USA,OH,Mid-Market,Manufacturing,1,20,Active,2024-06-26
11810,2026-07-16,Canada,VA,Mid-Market,Technology,3,80,Active,2026-07-16
11811,2024-03-28,USA,WA,Mid-Market,Healthcare,6,16,Active,2024-03-28
11812,2025-04-14,USA,KY,Mid-Market,Manufacturing,3,1,Active,2026-07-07
11813,2026-03-23,USA,KY,SMB,Manufacturing,2,56,Active,2026-03-23
11814,2026-07-17,USA,CO,SMB,Manufacturing,7,15,Active,2026-07-17
11815,2024-05-22,USA,WA,SMB,Manufacturing,3,71,Active,2024-10-08
11816,2024-06-08,USA,NY,SMB,Education,1,42,Active,
11817,2024-12-28,USA,NY,SMB,Education,3,91,Active,2024-12-28
11818,2025-06-24,USA,KY,SMB,Retail,1,51,Churned,2025-06-24
11819,2026-07-23,USA,TN,Mid-Market,Retail,2,20,Active,2026-07-23
11820,2024-07-21,USA,NC,SMB,Healthcare,3,53,Active,2025-01-21
11821,2024-06-09,USA,OH,SMB,Healthcare,1,65,Churned,2024-06-09
11822,2024-09-03,Australia,FL,Mid-Market,Financial Services,1,,Active,2024-11-14
11823,2026-05-01,USA,WA,SMB,Education,3,13,Active,2026-05-01
11824,2024-01-30,USA,CO,Mid-Market,Education,1,75,Active,2025-07-21
11825,2025-01-05,UK,FL,Enterprise,Financial Services,3,61,Active,2025-06-04
11826,2024-04-25,Australia,,Enterprise,Professional Services,1,96,Active,2024-04-25
11827,2024-06-01,Canada,WA,SMB,Retail,3,59,Active,2024-09-03
11828,2026-06-12,USA,CO,SMB,Education,5,97,Active,2026-06-12
11829,2024-01-02,USA,VA,Mid-Market,Manufacturing,1,57,Active,2025-05-14
11830,2024-11-09,USA,PA,Mid-Market,Technology,4,6,Active,2026-08-12
11831,2026-06-10,USA,FL,Mid-Market,Retail,1,12,Active,2026-06-10
11832,2025-08-15,USA,IL,SMB,Healthcare,2,11,Active,2025-08-15
11833,2024-03-10,USA,NC,SMB,Financial Services,2,54,Active,2024-03-10
11834,2025-03-28,USA,OH,SMB,Technology,1,81,Churned,2025-03-28
11835,2026-08-03,USA,GA,SMB,Professional Services,1,57,Active,2026-08-03
11836,2025-01-25,USA,,SMB,Technology,4,94,Active,2025-01-25
11837,2025-05-29,USA,PA,Enterprise,Education,4,51,Active,2025-05-29
11838,2025-06-02,USA,MI,SMB,Healthcare,8,69,Active,2025-06-02
11839,2025-10-05,Canada,NY,Mid-Market,Education,6,21,Active,2025-10-05
11840,2024-07-01,UK,NC,Enterprise,Professional Services,2,1,Active,2024-07-01
11841,2026-03-28,USA,CO,SMB,Retail,1,72,Churned,2026-03-28
11842,2026-08-20,USA,WA,SMB,Manufacturing,1,10,Active,2026-08-20
11843,2024-05-18,UK,IL,Mid-Market,Healthcare,3,96,Active,2024-05-18
11844,2026-03-08,USA,NY,SMB,Financial Services,5,97,Churned,2026-03-08
11845,2026-03-06,USA,FL,SMB,Healthcare,1,22,Active,2026-03-06
11846,2025-12-23,USA,,Mid-Market,Education,1,9,Active,2025-12-23
11847,2024-12-27,USA,PA,Mid-Market,Education,2,89,Active,2024-12-27
11848,2025-04-01,USA,WA,Mid-Market,Healthcare,5,91,Active,2025-04-01
11849,2026-03-28,USA,VA,Enterprise,Professional Services,2,54,Active,2026-03-28
11850,2024-05-28,USA,IL,SMB,Professional Services,4,38,Active,2024-06-03
11851,2026-03-18,USA,TN,Mid-Market,Technology,2,46,Active,2026-03-18
11852,2026-06-15,USA,CA,Mid-Market,Government,2,94,Active,2026-06-15
11853,2025-10-26,USA,TX,Mid-Market,Professional Services,2,56,Active,2025-10-26
11854,2024-11-28,USA,MI,Mid-Market,Financial Services,4,20,Active,2024-11-28
11855,2025-06-28,Canada,KY,Mid-Market,Government,4,69,Active,2025-06-28
11856,2024-02-18,USA,TX,Enterprise,Manufacturing,2,98,Active,2024-06-22
11857,2026-06-26,USA,VA,SMB,Healthcare,1,6,Active,2026-06-26
11858,2024-11-29,USA,NY,Mid-Market,Financial Services,1,53,Active,2024-11-29
11859,2024-02-25,USA,FL,SMB,Technology,1,54,Active,2024-05-27
11860,2026-02-12,USA,KY,Mid-Market,Government,1,77,Active,2026-02-12
11861,2025-10-02,USA,CO,Mid-Market,Manufacturing,1,56,Active,2025-10-02
11862,2025-08-29,Canada,WA,Mid-Market,Technology,3,22,Active,2025-08-29
11863,2024-02-22,USA,TN,SMB,Retail,4,61,Churned,2024-03-21
11864,2026-01-01,UK,WA,SMB,Professional Services,4,14,Active,2026-01-01
11865,2025-09-12,USA,MI,SMB,Healthcare,4,54,Active,2025-09-12
11866,2026-02-12,USA,CO,SMB,Technology,8,24,Active,
11867,2026-03-16,USA,FL,SMB,Technology,7,100,Active,2026-03-16
11868,2024-07-25,USA,FL,Enterprise,Healthcare,1,75,Active,2024-11-28
11869,2024-07-24,USA,VA,SMB,Government,1,75,Active,2024-11-03
11870,2026-06-18,UK,IL,Enterprise,Government,1,1,Active,2026-06-18
11871,2025-06-01,UK,WA,SMB,Manufacturing,5,43,Active,2025-06-01
11872,2025-03-02,USA,KY,Mid-Market,Education,1,69,Active,2025-03-02
11873,2024-10-06,Canada,WA,Mid-Market,Professional Services,2,49,Active,2024-11-17
11874,2025-09-14,Canada,CA,Mid-Market,Healthcare,3,11,Active,
11875,2026-01-04,UK,VA,Mid-Market,Healthcare,3,53,Active,2026-01-04
11876,2024-01-03,USA,MI,Mid-Market,Technology,3,67,Churned,2025-08-23
11877,2025-06-22,USA,VA,Enterprise,Manufacturing,4,73,Active,2025-06-22
11878,2026-08-25,UK,TN,Mid-Market,Technology,3,31,Active,2026-08-25
11879,2024-09-30,USA,CO,SMB,Technology,5,59,Active,2024-12-11
11880,2024-09-30,USA,TN,SMB,Education,1,91,Active,2024-09-30
11881,2026-05-05,USA,NC,Mid-Market,Healthcare,5,96,Active,2026-05-05
11882,2024-03-01,USA,VA,SMB,Financial Services,3,32,Churned,2024-03-07
11883,2025-01-22,USA,KY,SMB,Financial Services,1,69,Active,
11884,2025-03-22,USA,PA,Mid-Market,Retail,7,92,Active,2025-03-22
11885,2026-02-16,USA,NC,SMB,Education,6,8,Active,2026-02-16
11886,2024-05-05,USA,CA,Mid-Market,Professional Services,4,57,Active,2025-11-06
11887,2025-02-26,USA,OH,Mid-Market,Retail,6,76,Active,2025-06-21
11888,2024-05-28,USA,IL,Mid-Market,Technology,2,22,Active,2025-09-11
11889,2026-02-06,USA,GA,Mid-Market,Retail,1,30,Churned,2026-02-06
11890,2025-09-07,USA,CO,Enterprise,Manufacturing,1,86,Active,2025-09-07
11891,2025-04-28,USA,GA,Mid-Market,Government,5,17,Active,2025-04-28
11892,2025-01-17,UK,GA,Enterprise,Financial Services,4,31,Churned,2025-01-17
11893,2024-05-29,USA,KY,SMB,Education,8,84,Active,2024-05-29
11894,2026-06-16,USA,MI,Mid-Market,Healthcare,4,62,Active,
11895,2025-09-22,USA,MI,Mid-Market,Retail,3,65,Active,2025-10-14
11896,2024-11-06,USA,NC,SMB,Technology,1,55,Active,2024-11-06
11897,2025-02-07,USA,PA,SMB,Education,1,39,Active,2025-02-07
11898,2025-12-08,USA,FL,Mid-Market,Technology,2,79,Active,2025-12-08
11899,2025-12-01,USA,WA,SMB,Professional Services,4,30,Active,2026-01-22
11900,2025-03-25,USA,TN,Enterprise,Professional Services,1,26,Active,2025-03-25
11901,2024-10-22,USA,VA,SMB,Technology,6,46,Active,2024-10-22
11902,2025-10-04,USA,CA,SMB,Retail,3,13,Churned,
11903,2025-10-03,USA,CA,Mid-Market,Retail,2,63,Active,2026-01-09
11904,2025-08-07,Canada,PA,SMB,Technology,5,92,Active,2026-01-06
11905,2024-03-11,USA,PA,SMB,Technology,3,72,Active,2024-03-11
11906,2025-04-05,USA,NC,Mid-Market,Retail,4,,Churned,2025-06-25
11907,2025-08-20,USA,CO,SMB,Retail,2,10,Churned,2025-08-20
11908,2026-07-14,USA,OH,SMB,Financial Services,2,63,Churned,2026-07-14
11909,2025-05-26,USA,GA,Mid-Market,Healthcare,1,53,Active,2025-05-26
11910,2024-11-29,USA,KY,Mid-Market,Manufacturing,3,,Active,2024-11-29
11911,2025-06-25,USA,GA,Mid-Market,Professional Services,4,49,Active,2025-06-25
11912,2024-06-21,USA,MI,SMB,Education,7,9,Active,
11913,2024-03-29,USA,NY,SMB,Government,5,91,Active,2024-04-08
11914,2025-10-22,Canada,FL,Enterprise,Technology,1,30,Active,2025-10-22
11915,2026-08-18,USA,NY,Mid-Market,Financial Services,8,78,Active,2026-08-18
11916,2026-04-04,USA,GA,SMB,Technology,1,9,Churned,2026-04-04
11917,2025-07-22,USA,VA,Mid-Market,Professional Services,1,97,Active,2025-07-22
11918,2024-02-09,USA,WA,SMB,Technology,4,93,Active,2024-11-09
11919,2026-08-20,USA,OH,Mid-Market,Manufacturing,5,7,Active,2026-08-20
11920,2025-03-13,USA,KY,Mid-Market,Technology,6,95,Active,2025-03-13
11921,2024-10-09,USA,PA,Enterprise,Healthcare,4,80,Active,2024-10-09
11922,2026-05-19,USA,PA,Enterprise,Financial Services,1,91,Churned,2026-05-19
11923,2025-12-27,USA,TX,SMB,Healthcare,1,24,Active,2025-12-27
11924,2025-12-31,USA,TN,Mid-Market,Retail,1,37,Active,2025-12-31
11925,2024-09-27,USA,IL,SMB,Professional Services,3,51,Active,
11926,2026-08-24,Canada,KY,Mid-Market,Financial Services,2,48,Active,2026-08-24
11927,2025-03-17,USA,MI,Mid-Market,Healthcare,1,73,Active,2025-03-17
11928,2025-06-01,UK,CA,SMB,Education,2,92,Active,2026-07-30
11929,2026-01-01,Canada,WA,SMB,Professional Services,3,88,Active,2026-01-01
11930,2025-10-04,UK,MI,SMB,Manufacturing,4,89,Churned,2025-10-04
11931,2024-06-16,USA,GA,SMB,Retail,2,33,Active,2024-06-16
11932,2024-10-21,Canada,PA,SMB,Manufacturing,2,2,Active,2024-11-01
11933,2024-12-17,USA,IL,Enterprise,Technology,3,18,Active,2024-12-17
11934,2026-07-11,USA,TX,SMB,Professional Services,3,18,Active,2026-07-11
11935,2025-11-26,USA,CO,Mid-Market,Financial Services,1,78,Active,2025-11-26
11936,2024-12-22,USA,PA,Mid-Market,Professional Services,1,,Churned,2024-12-22
11937,2025-12-16,UK,KY,Mid-Market,Technology,6,38,Active,2025-12-16
11938,2025-12-20,USA,MI,SMB,Education,4,76,Active,2025-12-20
11939,2025-01-18,USA,IL,Enterprise,Healthcare,1,8,Active,2025-01-18
11940,2025-01-27,USA,NY,Mid-Market,Professional Services,3,39,Active,2025-03-04
11941,2026-05-21,USA,CO,Mid-Market,Manufacturing,3,41,Active,2026-05-21
11942,2025-07-01,Canada,NY,Enterprise,Retail,1,21,Active,2025-07-01
11943,2024-05-25,UK,TX,Mid-Market,Retail,1,33,Active,2025-09-04
11944,2025-12-02,USA,NY,SMB,Retail,7,83,Active,2025-12-02
11945,2025-07-28,USA,NY,Enterprise,Financial Services,3,69,Churned,2025-07-28
11946,2025-05-10,USA,OH,SMB,Healthcare,1,35,Active,2025-05-10
11947,2025-12-07,USA,NC,Mid-Market,Financial Services,4,88,Active,2025-12-07
11948,2026-06-02,USA,MI,SMB,Manufacturing,2,12,Churned,2026-06-02
11949,2024-11-17,USA,CO,SMB,Technology,3,89,Active,2025-03-30
11950,2025-02-12,USA,IL,SMB,Education,1,64,Churned,2025-07-04
11951,2024-07-03,USA,NY,SMB,Technology,1,22,Active,2024-07-03
11952,2025-09-22,USA,MI,Enterprise,Healthcare,1,87,Active,2025-09-22
11953,2025-01-27,USA,CO,SMB,Manufacturing,7,15,Active,
11954,2024-11-29,USA,MI,Mid-Market,Technology,3,58,Active,2024-11-29
11955,2025-11-09,USA,PA,SMB,Education,4,60,Active,2025-11-09
11956,2025-02-01,UK,PA,Enterprise,Retail,1,100,Active,
11957,2025-03-28,USA,NY,SMB,Professional Services,4,22,Churned,2025-05-26
11958,2025-03-04,UK,PA,SMB,Education,2,88,Active,2025-03-04
11959,2024-09-08,USA,CA,SMB,Professional Services,3,15,Churned,2024-09-08
11960,2024-05-02,USA,WA,Mid-Market,Technology,2,25,Active,2024-09-26
11961,2026-03-16,USA,CO,Enterprise,Retail,3,4,Active,2026-03-16
11962,2024-03-30,USA,VA,Enterprise,Professional Services,1,33,Active,2026-01-13
11963,2024-11-12,USA,IL,SMB,Professional Services,1,73,Churned,2024-11-12
11964,2025-10-12,USA,MI,SMB,Professional Services,4,20,Active,2025-10-12
11965,2024-05-07,USA,NC,SMB,Professional Services,1,8,Active,2025-10-31
11966,2025-09-30,Canada,MI,SMB,Professional Services,1,56,Active,2025-09-30
11967,2025-12-15,USA,PA,Mid-Market,Education,6,1,Active,2025-12-15
11968,2025-10-07,Canada,TX,SMB,Financial Services,1,66,Active,2025-10-11
11969,2024-10-24,USA,OH,Mid-Market,Manufacturing,3,,Active,2024-11-28
11970,2024-01-20,Australia,NC,Enterprise,Technology,4,75,Active,2024-05-19
11971,2026-05-14,USA,TN,SMB,Education,4,10,Active,2026-05-14
11972,2024-11-14,Australia,IL,SMB,Manufacturing,1,53,Active,2024-11-14
11973,2026-02-23,USA,IL,SMB,Manufacturing,3,33,Churned,2026-02-23
11974,2024-07-11,USA,GA,SMB,Government,3,13,Churned,
11975,2024-06-07,USA,TX,SMB,Manufacturing,2,17,Active,
11976,2026-01-27,USA,NY,Mid-Market,Healthcare,4,26,Active,2026-01-27
11977,2026-07-04,USA,IL,SMB,Technology,7,76,Active,2026-07-04
11978,2026-04-18,USA,TN,Mid-Market,Retail,1,47,Active,2026-04-18
11979,2026-01-01,USA,NC,Enterprise,Financial Services,1,9,Active,2026-01-01
11980,2024-08-28,Canada,KY,Enterprise,Technology,4,27,Active,2024-08-28
11981,2026-06-08,USA,CA,Mid-Market,Government,2,18,Active,2026-06-08
11982,2025-10-12,USA,NY,SMB,Retail,4,6,Active,2025-10-12
11983,2024-06-16,USA,OH,SMB,Retail,1,88,Active,2024-06-16
11984,2024-05-05,USA,TX,SMB,Manufacturing,1,89,Active,2025-02-10
11985,2026-04-28,USA,FL,Enterprise,Technology,3,6,Active,2026-04-28
11986,2024-09-24,USA,PA,Enterprise,Retail,8,53,Active,2025-02-25
11987,2026-01-15,USA,TX,SMB,Manufacturing,1,87,Active,2026-01-15
11988,2024-05-15,USA,VA,SMB,Technology,5,60,Active,2024-09-18
11989,2024-09-30,USA,CA,SMB,Government,2,35,Active,2025-08-12
11990,2024-10-03,USA,TX,SMB,Retail,1,11,Active,2024-11-07
11991,2024-09-30,USA,GA,Enterprise,Technology,3,10,Active,2024-09-30
11992,2025-10-19,USA,TN,SMB,Education,1,92,Active,2026-01-12
11993,2026-06-09,USA,CA,SMB,Financial Services,3,65,Active,
11994,2026-06-05,UK,KY,SMB,Professional Services,1,87,Active,2026-06-05
11995,2025-12-23,USA,PA,SMB,Retail,2,98,Active,2025-12-23
11996,2024-07-16,USA,NY,SMB,Healthcare,1,40,Active,2024-07-16
11997,2026-07-24,USA,TN,Enterprise,Healthcare,4,71,Active,2026-07-24
11998,2025-06-11,Australia,PA,SMB,Healthcare,6,20,Active,2026-06-07
11999,2025-06-15,USA,CA,Mid-Market,Education,2,68,Active,2025-06-15
12000,2025-11-14,Canada,VA,SMB,Technology,2,80,Active,2025-11-14
12001,2026-01-19,Canada,GA,SMB,Education,8,54,Active,2026-01-19
12002,2026-07-17,Australia,TN,SMB,Education,1,58,Active,2026-07-17
12003,2025-07-21,Canada,GA,SMB,Retail,4,46,Active,2025-07-21
12004,2025-08-17,USA,FL,SMB,Professional Services,3,84,Churned,2026-04-27
12005,2025-12-27,USA,CO,SMB,Professional Services,5,51,Active,2025-12-27
12006,2024-09-05,Australia,WA,Mid-Market,Retail,1,49,Active,2024-09-05
12007,2024-10-26,USA,MI,Mid-Market,Education,1,39,Active,2024-10-26
12008,2025-09-01,USA,CO,Enterprise,Professional Services,2,90,Active,2025-09-01
12009,2024-03-03,UK,PA,SMB,Manufacturing,1,9,Active,2024-08-05
12010,2024-11-08,USA,PA,Mid-Market,Healthcare,1,72,Active,2025-01-21
12011,2025-11-30,USA,FL,Mid-Market,Retail,8,43,Churned,2026-01-24
12012,2026-08-08,USA,TX,SMB,Government,1,36,Active,2026-08-08
12013,2025-05-20,USA,VA,SMB,Technology,1,44,Active,2025-05-20
12014,2025-01-24,USA,TN,SMB,Education,1,76,Churned,2025-01-24
12015,2025-03-04,USA,OH,Mid-Market,Professional Services,2,36,Active,2025-03-04
12016,2025-10-29,Australia,FL,SMB,Financial Services,3,33,Active,2025-10-29
12017,2025-06-14,UK,VA,SMB,Government,1,100,Churned,2025-06-14
12018,2024-01-23,USA,CA,Enterprise,Manufacturing,4,43,Active,2025-08-27
12019,2025-06-09,Canada,PA,SMB,Education,4,81,Active,2025-06-09
12020,2025-01-24,USA,IL,Enterprise,Retail,1,40,Active,2025-01-24
12021,2025-11-13,USA,KY,Mid-Market,Retail,4,98,Active,2025-11-13
12022,2026-05-02,UK,GA,Mid-Market,Retail,2,42,Active,2026-05-02
12023,2026-07-26,Australia,TX,Mid-Market,Retail,2,37,Churned,2026-07-26
12024,2025-08-17,USA,CO,SMB,Healthcare,6,73,Churned,
12025,2024-12-19,USA,KY,Mid-Market,Retail,5,82,Active,2024-12-19
12026,2025-03-08,USA,PA,Mid-Market,Technology,2,25,Active,2025-03-08
12027,2024-06-20,USA,IL,Mid-Market,Professional Services,2,94,Active,2024-06-20
12028,2026-06-30,USA,WA,SMB,Healthcare,1,33,Active,2026-06-30
12029,2026-04-05,USA,CO,SMB,Healthcare,3,90,Churned,2026-04-05
12030,2026-04-11,Canada,MI,SMB,Technology,3,52,Active,2026-04-11
12031,2024-11-15,USA,TX,SMB,Technology,1,58,Active,2024-11-15
12032,2024-11-09,USA,FL,Mid-Market,Technology,6,28,Active,2024-11-09
12033,2026-04-14,USA,NY,Mid-Market,Government,4,17,Active,2026-04-14
12034,2025-06-14,USA,VA,Mid-Market,Financial Services,1,14,Churned,2025-06-14
12035,2025-11-17,USA,OH,Mid-Market,Manufacturing,5,12,Active,2025-11-17
12036,2025-04-22,USA,MI,SMB,Professional Services,4,71,Active,2025-04-22
12037,2025-03-07,USA,VA,SMB,Technology,2,62,Active,2025-03-07
12038,2025-09-07,USA,KY,SMB,Technology,3,60,Active,2025-09-07
12039,2026-03-02,USA,TN,SMB,Professional Services,5,93,Active,2026-03-02
12040,2024-11-21,USA,TN,SMB,Retail,7,95,Active,2026-08-22
12041,2026-02-27,Canada,CA,SMB,Healthcare,1,49,Active,2026-02-27
12042,2024-08-25,USA,TX,SMB,Healthcare,3,75,Active,2024-08-25
12043,2025-01-27,USA,OH,Mid-Market,Professional Services,5,8,Churned,2025-01-27
12044,2026-06-07,USA,FL,SMB,Professional Services,8,58,Active,
12045,2026-07-18,USA,TN,SMB,Financial Services,1,44,Active,2026-07-18
12046,2026-06-18,USA,VA,SMB,Manufacturing,3,27,Active,2026-06-18
12047,2024-11-03,USA,FL,Mid-Market,Technology,5,38,Active,2025-04-02
12048,2026-04-01,USA,KY,Mid-Market,Healthcare,1,20,Active,
12049,2026-06-30,USA,FL,SMB,Professional Services,2,52,Active,2026-06-30
12050,2026-08-10,USA,FL,SMB,Retail,3,53,Active,2026-08-10
12051,2024-01-21,Australia,MI,Enterprise,Professional Services,3,12,Active,2024-01-24
12052,2025-12-26,USA,VA,Mid-Market,Education,4,47,Active,2025-12-26
12053,2026-08-28,USA,KY,Mid-Market,Retail,1,32,Active,2026-08-28
12054,2026-01-14,USA,MI,SMB,Technology,4,41,Active,2026-01-14
12055,2024-08-15,Canada,TX,Mid-Market,Education,1,90,Churned,2024-08-15
12056,2026-01-12,USA,KY,Enterprise,Retail,4,45,Active,2026-04-05
12057,2024-04-12,USA,IL,SMB,Financial Services,2,66,Churned,2024-04-30
12058,2025-04-13,USA,PA,Mid-Market,Professional Services,1,22,Active,2025-04-13
12059,2025-09-01,USA,TN,SMB,Technology,7,97,Churned,2025-09-01
12060,2025-03-20,Canada,WA,Mid-Market,Education,4,43,Active,2025-03-20
12061,2025-11-12,Canada,,SMB,Retail,2,32,Active,2025-11-12
12062,2024-08-21,USA,FL,SMB,Education,1,4,Active,2024-08-21
12063,2025-08-13,USA,PA,Enterprise,Technology,3,85,Active,2025-08-13
12064,2025-09-20,USA,NC,Enterprise,Retail,8,57,Active,2025-09-20
12065,2025-09-09,USA,WA,SMB,Financial Services,1,15,Churned,2025-09-09
12066,2024-10-08,UK,TN,Enterprise,Manufacturing,6,56,Churned,2024-12-16
12067,2024-10-24,USA,NC,SMB,Education,2,27,Active,2024-10-24
12068,2024-09-08,UK,,SMB,Financial Services,4,67,Active,2024-09-08
12069,2025-03-25,UK,,Enterprise,Professional Services,2,18,Churned,2025-03-25
12070,2025-07-24,USA,CO,SMB,Financial Services,1,72,Active,2025-07-24
12071,2024-12-19,USA,CA,SMB,Professional Services,6,18,Active,2024-12-19
12072,2025-02-03,USA,TN,Mid-Market,Healthcare,1,68,Active,2025-02-03
12073,2024-10-05,USA,CA,SMB,Education,6,30,Active,2024-10-05
12074,2024-08-01,USA,MI,SMB,Technology,1,81,Active,2024-12-02
12075,2025-10-02,USA,WA,SMB,Technology,1,54,Active,2025-10-02
12076,2026-03-05,USA,OH,Mid-Market,Government,6,14,Active,2026-03-05
12077,2024-10-10,USA,CA,SMB,Healthcare,3,87,Active,2024-10-10
12078,2026-04-18,Australia,MI,SMB,Healthcare,1,89,Active,2026-04-18
12079,2025-07-10,USA,TN,Mid-Market,Healthcare,3,33,Active,2025-07-10
12080,2024-06-12,USA,NC,SMB,Manufacturing,1,39,Active,2024-06-12
12081,2024-12-22,USA,,SMB,Professional Services,5,2,Churned,2024-12-22
12082,2024-01-08,USA,CA,Mid-Market,Healthcare,1,67,Active,2024-02-08
12083,2024-02-08,UK,TX,Mid-Market,Education,3,46,Active,2026-06-15
12084,2024-11-23,USA,WA,SMB,Manufacturing,1,13,Churned,2024-11-23
12085,2025-03-18,USA,CA,Enterprise,Government,3,66,Active,2025-04-13
12086,2026-02-15,USA,VA,Mid-Market,Retail,6,23,Active,2026-02-15
12087,2024-05-10,Australia,PA,SMB,Government,4,24,Active,2024-12-06
12088,2026-03-28,USA,TN,Mid-Market,Manufacturing,2,94,Active,2026-03-28
12089,2024-08-16,UK,MI,Mid-Market,Government,1,75,Active,2025-06-11
12090,2024-05-14,USA,PA,Mid-Market,Technology,1,14,Active,2024-05-14
12091,2025-11-12,UK,OH,Mid-Market,Retail,5,58,Active,2025-11-12
12092,2026-01-24,USA,OH,Mid-Market,Professional Services,1,47,Active,2026-01-24
12093,2025-08-12,Canada,NC,Enterprise,Manufacturing,3,15,Active,2025-08-12
12094,2024-04-22,USA,CO,Mid-Market,Retail,2,10,Active,2026-02-21
12095,2024-04-22,USA,CO,Mid-Market,Manufacturing,8,87,Active,2024-04-22
12096,2025-01-14,USA,OH,Mid-Market,Professional Services,3,10,Active,2025-01-14
12097,2025-03-14,USA,VA,Enterprise,Education,3,60,Active,2025-03-14
12098,2026-08-30,USA,NY,Enterprise,Financial Services,6,100,Active,2026-08-30
12099,2024-10-06,USA,IL,SMB,Professional Services,7,39,Active,2024-11-01
12100,2024-07-06,UK,NY,SMB,Manufacturing,3,64,Active,2025-01-03
12101,2026-07-10,USA,NC,Mid-Market,Healthcare,4,45,Active,2026-07-10
12102,2024-05-29,USA,NC,SMB,Healthcare,3,64,Churned,2024-05-29
12103,2024-01-26,USA,TN,Mid-Market,Healthcare,2,28,Active,2024-03-21
12104,2025-02-15,USA,NY,Mid-Market,Technology,1,28,Active,2025-05-25
12105,2025-01-25,USA,OH,Enterprise,Financial Services,4,57,Active,2025-01-25
12106,2025-08-26,USA,FL,SMB,Healthcare,4,16,Active,2025-08-26
12107,2026-05-04,USA,NC,Mid-Market,Retail,1,57,Active,2026-05-04
12108,2026-06-27,Canada,IL,SMB,Professional Services,1,62,Active,2026-06-27
12109,2024-10-09,USA,MI,SMB,Technology,4,99,Active,2024-10-09
12110,2026-08-13,USA,OH,SMB,Manufacturing,1,25,Active,2026-08-13
12111,2025-09-08,USA,NC,SMB,Education,3,11,Active,2025-09-08
12112,2024-03-08,USA,PA,SMB,Healthcare,4,28,Active,2024-08-30
12113,2026-07-03,UK,TX,Mid-Market,Professional Services,2,81,Active,2026-07-03
12114,2024-05-14,Canada,TN,Mid-Market,Financial Services,1,43,Churned,
12115,2025-07-27,UK,CO,SMB,Healthcare,2,17,Active,2025-07-27
12116,2026-02-09,USA,MI,SMB,Retail,2,23,Active,2026-02-09
12117,2024-08-30,USA,IL,SMB,Healthcare,3,81,Active,2024-08-30
12118,2024-09-20,USA,,Enterprise,Financial Services,4,94,Active,2024-09-20
12119,2025-04-08,USA,TX,Enterprise,Education,5,16,Active,2026-01-13
12120,2026-05-11,USA,PA,SMB,Retail,1,58,Active,2026-08-10
12121,2024-08-05,USA,WA,SMB,Healthcare,4,99,Active,2024-08-05
12122,2025-10-08,USA,TX,SMB,Technology,2,7,Active,2025-10-08
12123,2025-03-16,USA,NY,Mid-Market,Technology,4,17,Active,2025-03-16
12124,2024-04-18,USA,MI,SMB,Professional Services,1,49,Active,2024-04-18
12125,2025-11-23,USA,KY,SMB,Healthcare,3,7,Active,2025-11-23
12126,2026-03-21,USA,IL,SMB,Professional Services,3,57,Active,
12127,2025-07-14,USA,TN,SMB,Technology,2,69,Active,2025-07-14
12128,2024-06-20,USA,WA,SMB,Technology,7,36,Active,2024-12-14
12129,2024-05-31,USA,GA,SMB,Financial Services,1,92,Active,2025-01-31
12130,2025-02-16,USA,TN,Mid-Market,Manufacturing,1,88,Active,
12131,2025-05-08,UK,FL,SMB,Financial Services,3,73,Churned,2025-05-08
12132,2025-06-21,Australia,PA,SMB,Technology,3,53,Active,2025-06-21
12133,2024-08-25,USA,KY,Mid-Market,Technology,1,11,Active,2024-08-25
12134,2025-05-02,USA,VA,SMB,Financial Services,2,24,Active,2025-05-02
12135,2024-10-14,Canada,CA,Mid-Market,Financial Services,1,97,Active,2026-05-21
12136,2025-10-30,Canada,WA,Enterprise,Professional Services,5,55,Active,2025-10-30
12137,2026-02-14,USA,NY,SMB,Manufacturing,3,44,Active,2026-02-14
12138,2025-09-27,Australia,FL,Enterprise,Manufacturing,1,73,Active,2025-09-27
12139,2024-01-02,Canada,TN,Mid-Market,Government,2,24,Active,2025-12-16
12140,2026-08-24,UK,TX,Mid-Market,Financial Services,5,31,Active,2026-08-24
12141,2024-01-24,USA,TN,SMB,Technology,5,39,Active,2024-03-22
12142,2026-08-31,USA,CO,SMB,Education,1,88,Active,2026-08-31
12143,2024-01-31,USA,NY,SMB,Retail,3,47,Active,2024-02-24
12144,2025-05-18,USA,TX,Enterprise,Retail,1,6,Active,2025-05-18
12145,2024-04-13,USA,KY,Mid-Market,Professional Services,1,47,Active,2024-04-13
12146,2024-04-02,USA,IL,SMB,Healthcare,5,30,Churned,2024-07-30
12147,2025-10-27,Canada,VA,SMB,Healthcare,5,48,Active,2026-03-14
12148,2025-12-09,USA,TX,SMB,Retail,1,93,Active,2025-12-09
12149,2024-04-25,USA,TX,SMB,Education,5,33,Active,2024-04-25
12150,2026-08-09,USA,WA,Mid-Market,Manufacturing,4,27,Active,2026-08-09
12151,2024-11-08,UK,TN,SMB,Financial Services,4,48,Churned,2024-11-08
12152,2024-11-06,UK,NY,Mid-Market,Manufacturing,4,8,Churned,
12153,2024-10-16,USA,WA,Mid-Market,Manufacturing,3,21,Active,2025-09-18
12154,2025-03-25,USA,TX,Mid-Market,Education,6,5,Active,2025-03-25
12155,2024-06-22,USA,TN,Mid-Market,Professional Services,1,91,Active,2024-06-22
12156,2025-02-17,USA,MI,SMB,Retail,3,76,Churned,2025-02-17
12157,2024-07-23,Canada,CO,Mid-Market,Technology,2,17,Active,2024-07-23
12158,2024-02-20,Australia,TN,Mid-Market,Technology,4,34,Active,2025-02-24
12159,2024-12-25,USA,CA,SMB,Education,1,12,Active,2025-02-02
12160,2025-10-16,USA,GA,SMB,Technology,2,77,Active,2025-10-16
12161,2026-01-13,USA,CO,SMB,Healthcare,4,14,Active,2026-01-13
12162,2024-12-10,USA,MI,SMB,Technology,2,66,Active,2024-12-10
12163,2024-11-11,USA,MI,SMB,Technology,1,58,Active,2025-03-15
12164,2026-02-05,USA,TX,SMB,Technology,1,76,Active,2026-04-12
12165,2025-10-25,UK,IL,Mid-Market,Retail,4,86,Active,2025-10-25
12166,2026-03-21,USA,OH,SMB,Healthcare,1,92,Churned,2026-03-21
12167,2026-06-01,USA,OH,SMB,Financial Services,2,34,Active,2026-06-01
12168,2026-03-10,USA,NC,SMB,Financial Services,3,,Active,2026-03-10
12169,2026-07-01,Canada,WA,SMB,Financial Services,6,18,Active,2026-07-01
12170,2025-02-09,Canada,KY,Enterprise,Financial Services,4,16,Active,
12171,2025-01-19,Canada,NY,SMB,Healthcare,1,89,Churned,2025-01-19
12172,2024-11-09,USA,WA,SMB,Financial Services,5,91,Active,2025-02-09
12173,2024-08-17,USA,FL,SMB,Government,4,68,Active,2026-06-14
12174,2025-12-30,USA,MI,SMB,Manufacturing,4,34,Churned,2026-08-26
12175,2025-11-26,Australia,IL,Mid-Market,Retail,3,42,Active,2025-11-26
12176,2026-02-19,USA,CO,Mid-Market,Education,1,81,Active,2026-02-19
12177,2024-06-12,USA,CA,SMB,Manufacturing,4,23,Churned,2024-06-12
12178,2025-04-23,USA,MI,Mid-Market,Healthcare,3,53,Active,2025-09-16
12179,2024-08-04,USA,MI,SMB,Manufacturing,2,40,Active,2025-01-08
12180,2026-05-19,USA,CO,Mid-Market,Retail,1,18,Active,2026-05-19
12181,2024-09-17,USA,CO,Mid-Market,Technology,1,58,Active,2024-09-17
12182,2024-05-20,USA,CA,SMB,Financial Services,3,69,Active,2024-09-08
12183,2025-07-09,USA,MI,Mid-Market,Manufacturing,1,24,Active,2025-08-25
12184,2026-05-06,USA,IL,Mid-Market,Financial Services,3,67,Active,2026-05-06
12185,2026-06-10,USA,GA,SMB,Retail,4,92,Churned,2026-06-10
12186,2024-04-03,USA,CO,Enterprise,Technology,2,91,Active,2026-02-19
12187,2024-11-13,USA,IL,Enterprise,Financial Services,1,92,Active,2026-05-10
12188,2024-05-29,USA,IL,SMB,Retail,1,42,Active,2024-12-14
12189,2024-10-26,USA,GA,Mid-Market,Healthcare,2,69,Active,2024-10-26
12190,2025-06-03,USA,WA,Mid-Market,Technology,4,74,Active,2025-06-03
12191,2024-09-30,USA,WA,SMB,Manufacturing,3,98,Active,2024-09-30
12192,2024-03-06,USA,MI,SMB,Professional Services,5,52,Active,2025-03-13
12193,2025-05-11,USA,CA,Enterprise,Manufacturing,8,85,Active,2025-05-11
12194,2024-02-21,USA,GA,Mid-Market,Government,1,56,Active,2024-03-09
12195,2024-08-08,Canada,PA,SMB,Financial Services,3,83,Active,2024-08-08
12196,2024-01-01,USA,NY,SMB,Education,2,35,Active,2025-05-02
12197,2024-03-25,USA,KY,SMB,Manufacturing,2,8,Active,2024-08-19
12198,2025-02-28,USA,TX,Enterprise,Retail,2,37,Active,2025-02-28
12199,2026-04-08,UK,IL,Mid-Market,Education,2,34,Active,2026-04-08
12200,2026-01-24,USA,CO,SMB,Government,3,81,Active,2026-01-24
12201,2024-04-06,USA,,Enterprise,Education,3,70,Active,2024-07-29
12202,2024-02-03,USA,WA,Mid-Market,Retail,2,64,Active,2024-04-12
12203,2024-11-25,USA,NC,SMB,Manufacturing,1,19,Churned,2024-11-25
12204,2025-09-27,USA,NC,SMB,Financial Services,3,69,Active,2025-09-27
12205,2025-12-28,USA,CA,Mid-Market,Technology,4,69,Active,2025-12-28
12206,2026-03-12,USA,TN,SMB,Retail,3,94,Churned,2026-03-12
12207,2024-11-29,USA,KY,SMB,Financial Services,1,27,Active,2024-11-29
12208,2024-06-12,USA,CA,Mid-Market,Healthcare,1,69,Active,2024-07-25
12209,2024-01-26,Canada,VA,Enterprise,Professional Services,4,8,Active,2024-04-06
12210,2024-05-23,USA,,SMB,Healthcare,4,74,Active,2024-06-08
12211,2024-03-04,USA,NY,Enterprise,Retail,1,82,Active,2025-05-01
12212,2026-04-18,USA,NY,Enterprise,Financial Services,2,78,Active,2026-04-18
12213,2024-09-18,USA,NY,SMB,Manufacturing,2,46,Active,2024-11-27
12214,2026-03-12,Canada,WA,SMB,Financial Services,3,43,Active,2026-03-12
12215,2025-06-22,USA,OH,Mid-Market,Education,1,4,Active,2025-06-22
12216,2025-06-08,USA,CA,Mid-Market,Financial Services,3,47,Active,2025-06-08
12217,2025-03-18,Canada,CA,SMB,Financial Services,6,72,Active,2026-05-02
12218,2026-03-08,Canada,PA,Mid-Market,Financial Services,2,98,Active,2026-03-08
12219,2024-02-12,USA,VA,Mid-Market,Retail,2,11,Active,2024-02-12
12220,2024-03-31,USA,MI,Mid-Market,Technology,1,56,Churned,2024-03-31
12221,2025-02-16,USA,NY,Mid-Market,Financial Services,1,25,Active,2025-02-16
12222,2025-01-19,Australia,MI,SMB,Technology,6,38,Active,2026-01-31
12223,2025-06-15,USA,TN,SMB,Manufacturing,7,79,Active,2025-09-19
12224,2025-12-19,UK,OH,SMB,Financial Services,1,6,Active,2025-12-19
12225,2025-07-26,USA,VA,Enterprise,Financial Services,5,6,Active,2025-07-26
12226,2024-09-07,Canada,KY,Enterprise,Manufacturing,1,22,Active,2024-09-07
12227,2024-11-14,USA,TX,Mid-Market,Retail,3,26,Active,2024-11-14
12228,2026-01-02,UK,KY,SMB,Manufacturing,3,78,Active,2026-01-02
12229,2024-07-15,Canada,OH,Mid-Market,Professional Services,2,28,Active,2024-08-14
12230,2025-05-06,Canada,TX,SMB,Healthcare,3,93,Active,2025-07-25
12231,2025-06-08,UK,CO,SMB,Retail,3,98,Active,2025-06-08
12232,2025-12-31,Canada,TN,SMB,Retail,1,79,Active,2025-12-31
12233,2025-11-26,USA,WA,Mid-Market,Financial Services,8,48,Active,2025-11-26
12234,2025-03-28,USA,NC,SMB,Manufacturing,1,80,Active,2025-03-28
12235,2024-10-28,Canada,PA,Mid-Market,Technology,1,17,Active,2024-10-28
12236,2024-12-24,USA,PA,Enterprise,Technology,6,88,Active,2025-04-20
12237,2025-02-04,USA,TN,Mid-Market,Technology,2,34,Active,2025-10-17
12238,2024-08-01,USA,KY,SMB,Healthcare,2,45,Active,2024-08-01
12239,2025-09-01,UK,CO,Enterprise,Manufacturing,1,90,Active,2025-09-01
12240,2024-07-21,USA,VA,Mid-Market,Education,1,14,Active,2024-08-11
12241,2025-09-23,USA,CA,SMB,Manufacturing,1,11,Active,2025-12-25
12242,2026-01-01,USA,NC,Mid-Market,Technology,2,62,Active,2026-01-01
12243,2026-07-25,Canada,FL,Enterprise,Technology,3,99,Active,2026-07-25
12244,2024-04-25,USA,GA,SMB,Manufacturing,2,91,Active,2024-10-22
12245,2026-01-09,USA,WA,SMB,Healthcare,5,99,Active,2026-01-09
12246,2024-03-24,USA,KY,SMB,Technology,6,45,Active,2025-03-08
12247,2024-11-24,USA,MI,SMB,Manufacturing,2,62,Active,2024-11-24
12248,2024-06-20,USA,KY,Mid-Market,Healthcare,7,82,Active,2024-10-28
12249,2024-06-07,USA,VA,SMB,Financial Services,5,19,Churned,2024-07-07
12250,2024-06-19,USA,NY,SMB,Healthcare,6,88,Active,2024-06-19
12251,2024-02-12,USA,,SMB,Technology,4,85,Active,2025-01-05
12252,2026-03-12,USA,VA,SMB,Healthcare,1,8,Churned,2026-03-12
12253,2024-02-29,UK,NC,SMB,Professional Services,1,49,Active,2025-12-21
12254,2025-01-23,USA,TX,Mid-Market,Government,5,43,Active,2025-01-23
12255,2025-11-11,USA,MI,SMB,Government,3,80,Active,2025-11-11
12256,2026-08-22,USA,GA,SMB,Financial Services,5,46,Churned,2026-08-22
12257,2026-04-11,USA,NY,Enterprise,Manufacturing,4,94,Churned,2026-04-11
12258,2024-05-13,USA,TX,Enterprise,Professional Services,1,44,Active,2024-10-13
12259,2026-08-20,USA,FL,SMB,Technology,2,49,Churned,2026-08-20
12260,2025-09-28,UK,TN,SMB,Retail,7,27,Active,2025-09-28
12261,2024-06-23,Canada,IL,SMB,Professional Services,1,85,Active,2024-06-28
12262,2025-03-13,USA,PA,SMB,Technology,4,49,Active,2025-03-13
12263,2026-06-13,USA,IL,SMB,Education,7,50,Active,2026-06-13
12264,2025-01-17,USA,IL,Enterprise,Government,1,73,Active,2025-01-17
12265,2024-06-27,Canada,TN,Mid-Market,Government,1,77,Active,2024-09-13
12266,2026-05-02,USA,IL,SMB,Manufacturing,3,68,Active,2026-05-02
12267,2026-07-17,USA,TX,Enterprise,Healthcare,4,17,Active,2026-07-17
12268,2026-08-08,USA,VA,SMB,Technology,3,93,Active,2026-08-08
12269,2026-07-19,USA,VA,SMB,Technology,1,83,Active,2026-07-19
12270,2026-04-30,USA,TX,SMB,Technology,1,74,Active,2026-04-30
12271,2025-03-18,UK,OH,SMB,Manufacturing,2,56,Active,2025-03-18
12272,2024-07-06,USA,GA,Enterprise,Technology,2,76,Active,2024-07-06
12273,2025-08-24,USA,FL,SMB,Manufacturing,1,71,Churned,2025-08-24
12274,2024-08-03,USA,NC,Mid-Market,Government,4,29,Active,2024-08-03
12275,2025-04-05,USA,TN,SMB,Professional Services,1,47,Active,2025-04-05
12276,2025-10-01,USA,IL,Enterprise,Retail,4,4,Active,
12277,2026-07-10,USA,KY,Mid-Market,Technology,6,1,Active,2026-07-10
12278,2024-10-08,USA,MI,SMB,Technology,3,52,Active,2024-10-08
12279,2024-09-02,USA,IL,SMB,Manufacturing,3,76,Churned,2024-09-02
12280,2025-12-16,USA,IL,Enterprise,Healthcare,1,78,Active,2025-12-16
12281,2024-01-07,USA,KY,SMB,Technology,3,83,Active,2025-07-25
12282,2025-07-05,Australia,VA,SMB,Education,2,40,Active,2025-07-05
12283,2025-12-27,Australia,IL,Enterprise,Manufacturing,1,55,Active,2025-12-27
12284,2025-06-20,USA,MI,SMB,Professional Services,3,82,Active,2025-11-08
12285,2025-01-08,USA,NC,SMB,Government,1,4,Churned,2025-01-08
12286,2026-03-18,USA,PA,SMB,Professional Services,1,63,Churned,2026-03-18
12287,2024-12-27,USA,FL,SMB,Professional Services,3,40,Active,2024-12-27
12288,2025-11-23,USA,WA,SMB,Manufacturing,2,34,Active,2025-11-23
12289,2025-03-28,USA,IL,SMB,Professional Services,1,58,Active,2025-03-28
12290,2024-01-26,USA,TN,SMB,Professional Services,1,35,Active,2025-08-29
12291,2025-05-31,USA,PA,SMB,Technology,1,60,Active,2025-05-31
12292,2024-02-18,Canada,OH,SMB,Healthcare,3,69,Active,2024-02-18
12293,2026-06-25,USA,TN,Enterprise,Healthcare,3,52,Active,2026-06-25
12294,2025-08-08,USA,NC,Mid-Market,Manufacturing,1,58,Active,2025-10-20
12295,2024-12-28,USA,NY,SMB,Education,3,40,Active,2024-12-28
12296,2025-04-18,USA,FL,SMB,Manufacturing,8,7,Active,2025-04-18
12297,2025-08-26,USA,FL,Mid-Market,Education,3,34,Active,2025-08-26
12298,2024-09-10,USA,CA,SMB,Education,3,56,Churned,2025-07-29
12299,2024-10-07,USA,CO,SMB,Financial Services,3,37,Churned,
12300,2025-02-11,USA,PA,Mid-Market,Healthcare,5,5,Churned,2026-03-06
12301,2024-09-08,USA,PA,SMB,Technology,6,52,Active,2024-12-18
12302,2026-01-08,UK,NC,Mid-Market,Retail,1,55,Active,
12303,2024-04-11,USA,PA,Enterprise,Professional Services,1,88,Active,2024-04-11
12304,2026-03-16,USA,NY,Mid-Market,Professional Services,1,,Active,2026-03-16
12305,2024-12-05,Canada,CO,SMB,Manufacturing,4,59,Active,2024-12-05
12306,2025-06-30,USA,TN,SMB,Technology,1,10,Active,2025-06-30
12307,2024-06-02,USA,PA,SMB,Professional Services,5,79,Active,2026-07-11
12308,2025-01-10,USA,FL,Mid-Market,Professional Services,1,49,Active,2025-01-10
12309,2026-01-04,USA,TX,Enterprise,Manufacturing,3,60,Active,2026-01-04
12310,2024-09-20,USA,VA,Enterprise,Government,1,78,Active,2024-09-20
12311,2024-05-08,USA,CO,SMB,Manufacturing,2,64,Active,2024-05-08
12312,2025-05-23,USA,TX,Mid-Market,Healthcare,2,43,Active,2025-05-23
12313,2024-06-07,USA,NY,SMB,Technology,4,85,Active,2024-06-07
12314,2024-11-02,Canada,KY,Mid-Market,Education,2,36,Active,2024-11-02
12315,2025-03-14,Australia,MI,SMB,Government,2,65,Churned,2025-03-14
12316,2025-07-03,USA,NC,SMB,Healthcare,4,58,Active,2025-07-03
12317,2025-09-14,USA,TX,SMB,Manufacturing,6,82,Active,2025-09-14
12318,2025-10-21,USA,CO,Enterprise,Technology,4,86,Active,2025-10-21
12319,2026-04-02,Canada,KY,SMB,Professional Services,4,24,Active,2026-04-02
12320,2024-03-05,USA,GA,SMB,Technology,2,87,Active,2024-04-29
12321,2024-12-18,Canada,KY,SMB,Financial Services,5,59,Active,2025-09-04
12322,2024-01-02,Canada,TX,SMB,Professional Services,2,28,Active,2025-04-21
12323,2024-01-10,USA,KY,Enterprise,Technology,6,62,Active,2025-08-28
12324,2024-07-25,USA,TN,SMB,Professional Services,4,97,Active,2024-07-25
12325,2025-08-05,USA,WA,SMB,Professional Services,1,62,Active,2025-08-05
12326,2026-05-21,USA,TX,Mid-Market,Healthcare,1,17,Active,2026-05-21
12327,2026-01-23,UK,WA,SMB,Government,4,50,Active,2026-01-23
12328,2025-09-21,USA,IL,SMB,Manufacturing,3,22,Churned,2025-09-21
12329,2026-01-27,USA,MI,SMB,Government,3,27,Churned,2026-01-27
12330,2024-06-16,USA,TX,SMB,Financial Services,7,71,Churned,2024-07-22
12331,2026-03-28,USA,VA,SMB,Education,3,12,Active,2026-03-28
12332,2026-05-17,USA,CA,SMB,Retail,2,87,Active,2026-05-17
12333,2024-04-02,USA,CA,SMB,Healthcare,3,91,Churned,2026-07-06
12334,2025-04-02,USA,WA,Mid-Market,Government,1,19,Active,2025-12-22
12335,2026-03-19,USA,MI,Enterprise,Retail,3,32,Active,2026-03-19
12336,2025-04-08,USA,CA,Enterprise,Healthcare,5,33,Active,
12337,2026-03-29,USA,TN,SMB,Professional Services,1,6,Active,2026-03-29
12338,2026-06-30,USA,NC,SMB,Manufacturing,4,8,Active,2026-06-30
12339,2025-04-07,Canada,WA,Enterprise,Technology,4,75,Active,2025-04-07
12340,2024-02-27,USA,,Mid-Market,Government,1,47,Active,2024-02-27
12341,2024-11-27,USA,NY,SMB,Manufacturing,4,23,Active,2024-11-27
12342,2024-07-28,USA,NY,SMB,Healthcare,4,52,Active,2024-07-28
12343,2025-04-06,USA,MI,SMB,Technology,2,25,Active,2025-04-06
12344,2025-07-24,USA,OH,SMB,Technology,1,60,Active,2025-07-24
12345,2025-03-27,USA,TX,SMB,Financial Services,1,18,Churned,2026-04-17
12346,2024-07-09,USA,OH,SMB,Manufacturing,3,19,Active,
12347,2024-10-20,USA,NC,Enterprise,Retail,1,84,Active,2024-10-20
12348,2025-10-23,USA,CO,Mid-Market,Healthcare,2,28,Churned,2025-10-23
12349,2024-01-27,USA,TX,Mid-Market,Retail,6,29,Active,2025-02-13
12350,2024-07-27,Canada,CO,SMB,Professional Services,4,76,Active,2026-01-28
12351,2026-05-19,USA,NY,Mid-Market,Retail,4,41,Active,2026-05-19
12352,2024-04-06,USA,KY,Mid-Market,Financial Services,7,11,Active,2024-08-23
12353,2025-02-07,USA,WA,SMB,Government,1,77,Active,2025-02-07
12354,2024-07-20,USA,VA,Mid-Market,Retail,1,1,Active,2024-07-20
12355,2024-04-11,Australia,NC,Mid-Market,Government,3,45,Active,2024-04-11
12356,2025-02-15,USA,OH,Mid-Market,Professional Services,2,39,Active,2025-02-15
12357,2025-05-22,USA,NC,SMB,Manufacturing,1,67,Active,2025-11-27
12358,2024-06-20,USA,KY,Enterprise,Retail,4,58,Active,2024-06-20
12359,2024-03-16,USA,,SMB,Healthcare,1,59,Active,2024-10-27
12360,2024-05-11,USA,CO,SMB,Financial Services,3,90,Churned,2025-04-20
12361,2025-09-26,USA,WA,SMB,Financial Services,3,60,Active,2025-09-26
12362,2026-04-17,Canada,,SMB,Manufacturing,3,4,Active,2026-04-17
12363,2024-06-24,USA,,SMB,Retail,2,6,Active,2026-01-28
12364,2024-11-08,Australia,KY,SMB,Professional Services,1,34,Active,
12365,2024-11-30,USA,KY,Mid-Market,Retail,5,2,Active,2024-11-30
12366,2024-12-17,USA,NY,SMB,Manufacturing,6,86,Active,
12367,2024-08-25,USA,WA,Enterprise,Healthcare,2,77,Active,2026-07-28
12368,2024-02-23,UK,MI,SMB,Financial Services,1,72,Active,2024-04-04
12369,2025-05-26,Canada,TX,Mid-Market,Education,3,69,Churned,2025-05-26
12370,2024-12-14,USA,MI,Enterprise,Technology,2,64,Active,2024-12-14
12371,2024-11-29,UK,NY,Mid-Market,Retail,1,35,Active,2025-07-19
12372,2024-09-14,USA,VA,Mid-Market,Technology,1,1,Active,2025-11-05
12373,2026-06-24,USA,KY,Mid-Market,Manufacturing,1,13,Active,2026-06-24
12374,2025-08-17,USA,MI,SMB,Professional Services,2,47,Active,2025-08-17
12375,2025-02-11,USA,FL,SMB,Retail,1,26,Churned,2025-02-11
12376,2024-07-19,USA,PA,SMB,Education,4,98,Active,2024-07-19
12377,2026-02-19,USA,KY,SMB,Financial Services,2,83,Active,2026-02-19
12378,2026-05-15,USA,WA,SMB,Manufacturing,2,68,Churned,2026-05-15
12379,2024-02-01,USA,FL,SMB,Manufacturing,1,41,Churned,2024-08-17
12380,2026-06-24,USA,VA,Enterprise,Healthcare,5,82,Active,2026-06-24
12381,2025-11-12,USA,NC,Enterprise,Technology,1,41,Active,2025-11-12
12382,2024-04-07,USA,NC,Mid-Market,Technology,1,52,Active,2024-04-10
12383,2026-01-03,USA,KY,Mid-Market,Healthcare,3,72,Active,2026-01-03
12384,2024-04-14,USA,CO,SMB,Government,4,37,Active,2025-05-17
12385,2024-02-19,USA,KY,SMB,Healthcare,4,51,Active,2024-05-06
12386,2024-04-22,USA,CA,Mid-Market,Professional Services,2,33,Active,2024-04-22
12387,2025-03-23,USA,FL,Mid-Market,Manufacturing,2,17,Active,2025-03-23
12388,2025-08-26,USA,NY,SMB,Financial Services,1,80,Active,2025-08-26
12389,2025-01-31,Australia,KY,SMB,Healthcare,3,98,Active,2025-01-31
12390,2024-04-28,USA,MI,SMB,Technology,2,47,Active,2024-04-28
12391,2024-07-12,USA,VA,SMB,Education,2,5,Active,2024-07-12
12392,2026-04-10,Canada,WA,SMB,Technology,1,33,Active,2026-04-10
12393,2026-07-26,USA,CA,SMB,Retail,6,89,Active,2026-07-26
12394,2026-01-04,USA,FL,Mid-Market,Financial Services,1,66,Active,2026-01-04
12395,2024-04-10,USA,NC,Enterprise,Education,1,27,Active,2024-06-20
12396,2026-03-09,USA,NC,SMB,Professional Services,6,100,Active,2026-03-09
12397,2025-11-04,UK,OH,Mid-Market,Retail,4,13,Active,2025-11-04
12398,2025-05-27,USA,MI,Mid-Market,Professional Services,3,44,Active,2025-06-18
12399,2024-05-19,USA,WA,SMB,Technology,3,50,Active,2024-07-21
12400,2026-08-28,USA,NY,Mid-Market,Manufacturing,1,17,Active,2026-08-28
12401,2025-03-07,USA,CA,SMB,Technology,4,19,Active,2025-03-07
12402,2024-02-13,USA,FL,Mid-Market,Healthcare,1,65,Churned,2024-02-13
12403,2024-07-23,USA,TN,SMB,Healthcare,7,5,Active,2024-07-23
12404,2025-01-25,UK,TN,Enterprise,Education,1,41,Active,2025-02-23
12405,2024-03-01,USA,CA,Enterprise,Government,3,71,Active,2024-11-12
12406,2024-11-11,USA,KY,SMB,Manufacturing,3,59,Active,2024-11-11
12407,2025-04-01,USA,TX,SMB,Healthcare,1,39,Active,2025-10-16
12408,2026-07-12,USA,TX,SMB,Healthcare,2,100,Active,2026-07-12
12409,2024-03-25,USA,OH,Mid-Market,Manufacturing,4,49,Active,2024-03-25
12410,2025-07-15,USA,FL,Mid-Market,Technology,1,46,Active,2025-07-15
12411,2026-06-10,USA,TN,SMB,Healthcare,7,65,Active,2026-06-10
12412,2026-02-24,USA,PA,Mid-Market,Healthcare,1,31,Active,2026-02-24
12413,2026-06-19,Canada,IL,SMB,Education,3,39,Active,2026-06-19
12414,2024-06-14,USA,,SMB,Healthcare,3,99,Active,2025-02-04
12415,2026-02-19,USA,OH,SMB,Manufacturing,2,23,Churned,2026-02-19
12416,2026-08-11,USA,GA,SMB,Education,3,67,Active,2026-08-11
12417,2024-11-13,Australia,OH,SMB,Healthcare,4,79,Active,2024-11-13
12418,2025-04-30,USA,NC,SMB,Manufacturing,3,31,Active,2026-01-08
12419,2025-06-01,USA,GA,SMB,Healthcare,3,32,Churned,2025-06-01
12420,2025-04-25,USA,TN,Enterprise,Retail,3,32,Churned,2025-04-25
12421,2024-10-09,USA,NC,SMB,Professional Services,2,44,Active,2025-07-07
12422,2026-08-03,USA,CO,Enterprise,Technology,1,61,Active,2026-08-03
12423,2026-07-20,USA,NY,Mid-Market,Healthcare,1,76,Active,2026-07-20
12424,2025-01-05,USA,KY,Mid-Market,Healthcare,3,37,Active,2025-02-20
12425,2026-02-23,USA,MI,SMB,Retail,6,50,Active,2026-02-23
12426,2025-01-22,USA,MI,Mid-Market,Professional Services,1,78,Active,2026-07-20
12427,2026-02-13,USA,MI,SMB,Education,3,2,Active,2026-02-13
12428,2025-07-23,UK,CA,SMB,Technology,1,20,Churned,2025-07-23
12429,2025-04-02,UK,TN,SMB,Healthcare,3,12,Active,2025-04-02
12430,2024-05-04,USA,WA,SMB,Professional Services,4,20,Active,2024-05-04
12431,2025-09-29,USA,CO,Enterprise,Professional Services,4,86,Active,2025-09-29
12432,2024-11-08,USA,NY,Enterprise,Financial Services,4,24,Active,2025-08-01
12433,2024-07-30,USA,PA,Mid-Market,Retail,4,97,Churned,2024-07-30
12434,2024-07-07,USA,WA,SMB,Manufacturing,1,88,Active,2024-07-07
12435,2026-08-14,USA,TN,Enterprise,Technology,3,38,Active,2026-08-14
12436,2024-04-10,UK,NY,Mid-Market,Retail,1,10,Active,2025-04-25
12437,2026-02-16,USA,MI,SMB,Financial Services,6,24,Active,2026-02-16
12438,2026-04-23,USA,IL,SMB,Technology,4,61,Active,2026-04-23
12439,2024-01-31,USA,GA,Mid-Market,Technology,1,47,Active,2024-05-01
12440,2025-07-28,Canada,TN,SMB,Manufacturing,1,87,Active,2025-07-28
12441,2025-07-16,USA,TX,SMB,Manufacturing,2,36,Churned,2025-07-16
12442,2024-12-15,USA,FL,Mid-Market,Healthcare,7,18,Active,2026-03-10
12443,2025-10-11,USA,GA,SMB,Manufacturing,1,68,Churned,2025-10-11
12444,2025-02-02,USA,TX,SMB,Professional Services,3,92,Active,2025-06-14
12445,2025-03-04,USA,NY,SMB,Technology,2,56,Active,2025-03-04
12446,2025-02-24,Australia,PA,Mid-Market,Professional Services,3,72,Active,2025-02-24
12447,2026-02-18,USA,NC,Enterprise,Technology,3,59,Active,2026-02-18
12448,2025-09-08,USA,NY,Mid-Market,Education,1,23,Active,2025-09-08
12449,2025-01-04,USA,PA,Mid-Market,Manufacturing,4,56,Active,2025-01-04
12450,2026-06-21,USA,VA,Mid-Market,Financial Services,1,99,Active,2026-06-21
12451,2026-02-20,Canada,KY,Mid-Market,Professional Services,4,100,Active,2026-02-20
12452,2026-06-27,USA,KY,SMB,Technology,1,84,Churned,2026-06-27
12453,2025-12-12,Australia,GA,SMB,Professional Services,3,52,Active,2025-12-12
12454,2025-01-16,USA,GA,Mid-Market,Technology,2,6,Active,2025-01-16
12455,2026-01-22,Canada,MI,Mid-Market,Manufacturing,3,44,Active,2026-01-22
12456,2024-11-16,USA,IL,SMB,Healthcare,1,83,Active,2024-11-16
12457,2024-09-20,UK,VA,Enterprise,Retail,3,,Active,2024-09-20
12458,2025-03-15,USA,FL,Mid-Market,Technology,1,58,Active,2026-03-16
12459,2026-08-02,USA,GA,SMB,Professional Services,2,3,Active,2026-08-02
12460,2025-07-07,USA,FL,SMB,Professional Services,4,,Active,2025-07-07
12461,2025-01-08,USA,OH,SMB,Manufacturing,2,84,Active,2025-01-08
12462,2025-03-25,USA,WA,SMB,Manufacturing,2,59,Active,2025-03-25
12463,2024-10-10,USA,FL,SMB,Healthcare,3,41,Churned,2024-11-12
12464,2025-10-03,Canada,GA,SMB,Retail,2,80,Active,2025-10-03
12465,2024-12-07,USA,TX,SMB,Government,5,31,Churned,2024-12-07
12466,2025-06-23,USA,VA,SMB,Education,2,84,Churned,2025-06-23
12467,2024-12-26,USA,FL,Mid-Market,Manufacturing,6,34,Active,2025-11-03
12468,2024-11-08,USA,TN,Mid-Market,Professional Services,5,80,Active,2025-01-02
12469,2026-08-03,USA,CA,SMB,Healthcare,2,69,Active,2026-08-03
12470,2024-12-02,UK,IL,SMB,Government,2,6,Active,2026-04-20
12471,2024-03-09,USA,NY,SMB,Technology,3,4,Active,2024-03-09
12472,2025-01-03,USA,NC,SMB,Healthcare,4,67,Active,2025-01-03
12473,2025-06-02,USA,VA,SMB,Technology,1,46,Active,2026-02-01
12474,2024-04-02,USA,IL,SMB,Healthcare,1,90,Active,2025-05-22
12475,2024-10-24,USA,FL,SMB,Technology,1,78,Active,2026-01-26
12476,2024-06-10,UK,PA,Enterprise,Retail,4,94,Active,2024-06-10
12477,2025-05-02,USA,CO,SMB,Financial Services,4,20,Active,2025-09-09
12478,2025-12-05,USA,GA,Mid-Market,Technology,1,77,Active,2025-12-05
12479,2026-08-01,USA,IL,SMB,Manufacturing,3,45,Churned,2026-08-01
12480,2025-01-13,USA,TX,SMB,Healthcare,4,32,Active,2025-01-13
12481,2026-04-20,USA,GA,Enterprise,Professional Services,6,38,Active,2026-04-20
12482,2024-07-27,UK,KY,SMB,Financial Services,1,86,Churned,2024-08-09
12483,2026-01-30,USA,CO,Mid-Market,Technology,2,54,Active,2026-01-30
12484,2025-07-02,Canada,VA,Enterprise,Technology,2,3,Active,2025-07-28
12485,2026-01-08,USA,FL,Mid-Market,Healthcare,3,48,Active,2026-01-08
12486,2026-01-05,Canada,KY,SMB,Government,1,78,Churned,2026-01-05
12487,2025-06-02,Canada,NY,SMB,Manufacturing,1,76,Churned,
12488,2024-09-07,Canada,NY,SMB,Financial Services,4,49,Active,2025-03-14
12489,2025-05-27,USA,FL,SMB,Manufacturing,3,80,Active,2025-05-27
12490,2026-03-16,USA,FL,SMB,Technology,1,88,Active,2026-03-16
12491,2026-08-03,USA,IL,Enterprise,Healthcare,2,6,Active,2026-08-03
12492,2026-06-22,USA,NC,Mid-Market,Retail,1,51,Churned,2026-06-22
12493,2024-06-25,USA,TN,SMB,Manufacturing,2,88,Active,2024-11-14
12494,2025-08-04,Australia,CA,SMB,Technology,2,43,Active,2025-08-04
12495,2024-04-11,USA,TN,Mid-Market,Retail,1,100,Active,
12496,2025-10-13,USA,CO,Enterprise,Retail,1,85,Active,2025-10-13
12497,2026-08-24,USA,TX,SMB,Financial Services,5,20,Active,2026-08-24
12498,2024-02-21,USA,WA,SMB,Retail,5,33,Active,2024-10-21
12499,2025-10-01,USA,KY,Enterprise,Technology,1,40,Churned,2025-10-01
12500,2026-07-09,USA,CA,Enterprise,Retail,3,49,Active,2026-07-09
12501,2026-04-05,USA,FL,Enterprise,Financial Services,1,70,Active,2026-04-05
12502,2025-01-17,Canada,CO,SMB,Retail,4,85,Active,2025-03-22
12503,2024-04-11,USA,GA,SMB,Technology,5,56,Active,2024-04-11
12504,2026-06-18,UK,PA,SMB,Technology,3,2,Churned,2026-06-18
12505,2026-06-16,USA,VA,SMB,Retail,3,86,Active,2026-06-16
12506,2025-07-17,USA,KY,Enterprise,Technology,2,35,Active,2025-07-17
12507,2026-08-11,Canada,MI,SMB,Technology,1,36,Active,2026-08-11
12508,2024-01-05,Canada,NC,Mid-Market,Healthcare,2,84,Churned,2024-04-18
12509,2025-08-23,USA,NY,Enterprise,Retail,1,82,Active,2025-08-23
12510,2024-02-07,USA,CA,Enterprise,Financial Services,3,88,Active,2025-01-20
12511,2026-06-30,USA,FL,Mid-Market,Professional Services,2,92,Active,2026-07-15
12512,2025-10-24,USA,MI,Enterprise,Financial Services,1,17,Active,2025-10-24
12513,2026-06-08,USA,WA,SMB,Retail,3,18,Active,2026-06-08
12514,2025-07-02,USA,CO,SMB,Manufacturing,4,45,Churned,2025-07-02
12515,2024-03-22,USA,CA,SMB,Manufacturing,3,99,Active,2025-08-29
12516,2024-01-26,Australia,VA,Enterprise,Professional Services,3,35,Active,2024-11-04
12517,2024-11-22,Canada,WA,Enterprise,Retail,4,35,Active,2024-12-13
12518,2025-12-25,USA,VA,SMB,Retail,1,98,Active,2025-12-25
12519,2024-05-27,USA,TN,SMB,Technology,3,97,Active,2024-05-27
12520,2026-04-09,USA,IL,SMB,Education,2,57,Churned,2026-04-09
12521,2024-08-21,USA,NC,SMB,Government,1,60,Active,2025-01-25
12522,2025-04-28,USA,NY,Mid-Market,Technology,7,40,Active,2025-04-28
12523,2024-07-16,UK,TN,SMB,Manufacturing,2,83,Active,2024-07-16
12524,2025-03-29,USA,NY,Mid-Market,Healthcare,2,88,Active,2025-03-29
12525,2025-03-16,USA,PA,Mid-Market,Government,1,27,Active,2025-03-16
12526,2024-01-06,Canada,NC,SMB,Technology,8,71,Active,2025-08-03
12527,2025-07-07,USA,TX,SMB,Financial Services,5,53,Active,2025-07-07
12528,2026-02-05,UK,MI,Enterprise,Manufacturing,1,72,Active,
12529,2026-06-30,UK,FL,Mid-Market,Technology,3,43,Active,2026-06-30
12530,2024-11-18,USA,VA,SMB,Financial Services,1,62,Active,2024-11-18
12531,2026-05-07,USA,TN,SMB,Education,4,64,Churned,2026-05-07
12532,2026-05-05,USA,OH,Enterprise,Technology,2,42,Active,2026-05-05
12533,2026-08-20,USA,KY,Mid-Market,Financial Services,1,22,Active,2026-08-20
12534,2024-12-29,UK,OH,Mid-Market,Government,3,10,Active,2024-12-29
12535,2026-04-08,USA,FL,Mid-Market,Government,6,98,Churned,2026-04-08
12536,2025-07-04,UK,FL,Enterprise,Financial Services,2,64,Active,2025-07-04
12537,2024-02-26,Australia,GA,SMB,Manufacturing,1,45,Active,2024-12-29
12538,2024-09-20,USA,VA,Mid-Market,Professional Services,6,42,Churned,2024-09-20
12539,2025-10-16,USA,NY,SMB,Retail,1,41,Churned,2026-01-11
12540,2024-06-05,USA,,Mid-Market,Government,2,46,Churned,2024-06-05
12541,2025-02-27,USA,KY,Enterprise,Financial Services,3,45,Churned,2025-02-27
12542,2026-01-24,USA,,Enterprise,Education,1,93,Active,2026-01-24
12543,2024-05-25,USA,OH,SMB,Technology,1,46,Active,2024-05-25
12544,2025-04-28,USA,CO,Mid-Market,Retail,1,73,Active,2025-04-28
12545,2024-07-28,USA,NY,Enterprise,Technology,1,49,Active,2024-07-28
12546,2025-06-06,USA,CO,Enterprise,Healthcare,3,79,Active,2025-06-06
12547,2024-08-22,USA,MI,Mid-Market,Financial Services,4,2,Active,2024-12-18
12548,2026-07-29,USA,NY,SMB,Financial Services,1,77,Active,2026-07-29
12549,2024-03-15,USA,CA,SMB,Healthcare,4,22,Active,2024-05-11
12550,2026-07-27,USA,IL,Enterprise,Healthcare,2,44,Churned,2026-07-27
12551,2026-02-10,USA,CA,Mid-Market,Retail,1,64,Churned,2026-02-10
12552,2026-04-13,USA,FL,Mid-Market,Financial Services,3,56,Churned,2026-04-13
12553,2026-04-09,USA,FL,Mid-Market,Healthcare,1,6,Active,2026-04-09
12554,2024-07-01,USA,VA,SMB,Healthcare,3,55,Churned,2025-06-09
12555,2026-06-25,USA,TN,SMB,Professional Services,2,14,Active,2026-06-25
12556,2025-08-01,USA,TX,Mid-Market,Healthcare,3,25,Active,2025-08-01
12557,2026-07-26,USA,IL,SMB,Education,6,47,Active,2026-07-26
12558,2026-05-05,USA,NY,Mid-Market,Healthcare,1,64,Active,2026-05-05
12559,2025-07-18,USA,IL,Mid-Market,Healthcare,6,53,Active,2025-07-18
12560,2024-12-30,USA,VA,Mid-Market,Manufacturing,1,38,Active,2024-12-30
12561,2024-04-24,UK,TX,SMB,Retail,1,9,Active,2024-05-27
12562,2024-04-08,Canada,FL,Mid-Market,Manufacturing,1,6,Active,2024-04-08
12563,2025-01-14,USA,GA,SMB,Technology,4,45,Churned,2025-01-14
12564,2026-02-28,USA,PA,SMB,Retail,3,98,Active,2026-02-28
12565,2025-05-07,USA,FL,SMB,Financial Services,7,82,Active,2025-05-07
12566,2025-04-14,USA,TX,SMB,Professional Services,4,42,Active,2025-04-14
12567,2024-08-26,USA,NC,Enterprise,Financial Services,2,21,Active,2026-07-23
12568,2025-07-03,Australia,TN,Enterprise,Education,5,35,Active,2025-07-03
12569,2025-09-13,Australia,FL,SMB,Technology,7,49,Active,2025-09-13
12570,2026-08-14,USA,CO,Mid-Market,Retail,4,63,Active,2026-08-14
12571,2025-12-11,Australia,CA,SMB,Retail,3,56,Active,2025-12-11
12572,2025-08-14,USA,CA,Mid-Market,Retail,4,46,Active,
12573,2026-06-05,USA,FL,Enterprise,Technology,1,64,Active,2026-06-05
12574,2025-02-17,UK,KY,Mid-Market,Government,5,98,Active,2025-02-17
12575,2026-06-29,USA,KY,SMB,Retail,8,42,Active,2026-06-29
12576,2024-12-26,USA,NY,SMB,Government,3,6,Active,2024-12-26
12577,2024-05-04,Canada,VA,SMB,Financial Services,1,86,Active,2024-05-04
12578,2025-02-10,USA,KY,Enterprise,Healthcare,1,82,Active,2025-02-10
12579,2024-05-05,USA,KY,Mid-Market,Manufacturing,7,59,Active,2024-09-22
12580,2024-04-25,Canada,IL,SMB,Government,5,3,Active,2024-04-25
12581,2026-05-08,UK,NY,SMB,Manufacturing,4,90,Active,2026-05-08
12582,2026-02-13,USA,TX,Enterprise,Education,6,19,Active,2026-02-13
12583,2024-08-03,USA,MI,SMB,Manufacturing,3,97,Active,2025-04-22
12584,2026-03-26,USA,WA,Mid-Market,Professional Services,5,18,Active,2026-03-26
12585,2024-03-08,Canada,MI,Mid-Market,Professional Services,1,1,Active,2025-03-08
12586,2024-10-04,USA,TX,SMB,Technology,1,35,Active,
12587,2025-11-18,USA,WA,SMB,Technology,3,50,Churned,2025-11-18
12588,2024-10-22,Canada,CA,SMB,Manufacturing,2,88,Active,2025-04-27
12589,2025-12-12,USA,GA,SMB,Government,2,5,Active,2025-12-12
12590,2026-05-01,USA,NC,Mid-Market,Manufacturing,4,25,Active,2026-05-01
12591,2024-03-05,USA,WA,Mid-Market,Retail,1,66,Active,2025-11-02
12592,2024-01-24,USA,,SMB,Professional Services,4,52,Active,2024-01-27
12593,2026-07-04,USA,TN,SMB,Technology,1,86,Active,2026-07-04
12594,2025-05-21,Canada,TN,SMB,Manufacturing,4,48,Active,
12595,2025-05-08,USA,MI,SMB,Technology,1,63,Active,2025-05-08
12596,2025-03-27,USA,KY,Mid-Market,Retail,4,24,Active,2025-03-27
12597,2025-02-26,USA,NY,Mid-Market,Manufacturing,3,40,Active,
12598,2025-11-03,USA,GA,Mid-Market,Financial Services,2,47,Active,2025-11-03
12599,2025-07-18,USA,WA,SMB,Professional Services,1,61,Churned,2025-07-18
12600,2024-06-08,USA,PA,Mid-Market,Technology,1,85,Churned,2024-07-06
12601,2025-09-02,USA,NC,SMB,Professional Services,2,34,Active,2025-09-02
12602,2025-10-12,USA,CO,Enterprise,Retail,1,70,Active,2025-10-12
12603,2024-04-20,USA,KY,Mid-Market,Government,1,21,Active,2024-05-05
12604,2025-01-01,USA,FL,Enterprise,Retail,4,40,Churned,2025-01-01
12605,2026-02-08,USA,WA,SMB,Retail,1,9,Active,2026-02-08
12606,2025-08-25,USA,NY,SMB,Government,1,,Active,2025-08-25
12607,2024-05-12,USA,TX,Mid-Market,Technology,2,80,Active,2024-05-12
12608,2024-02-09,USA,VA,SMB,Professional Services,2,52,Active,2025-09-12
12609,2025-07-20,USA,WA,Mid-Market,Technology,3,91,Active,2025-07-20
12610,2025-03-25,USA,GA,SMB,Financial Services,3,23,Active,2025-03-25
12611,2026-07-25,USA,WA,Enterprise,Retail,3,44,Churned,2026-07-25
12612,2025-05-23,USA,NY,SMB,Professional Services,2,16,Churned,2025-05-23
12613,2026-06-26,USA,GA,Enterprise,Manufacturing,2,29,Active,2026-06-26
12614,2024-07-27,Canada,WA,SMB,Technology,1,5,Active,2026-08-04
12615,2025-03-11,USA,NC,SMB,Financial Services,4,22,Active,2025-03-11
12616,2024-05-15,USA,KY,SMB,Retail,2,2,Active,2024-05-15
12617,2025-07-13,USA,OH,SMB,Professional Services,4,68,Active,2025-07-13
12618,2024-07-02,USA,GA,Enterprise,Government,3,98,Active,2024-07-02
12619,2025-04-24,USA,NY,Enterprise,Retail,3,5,Active,2025-04-24
12620,2024-12-01,USA,TX,Enterprise,Financial Services,3,37,Active,2024-12-01
12621,2024-06-29,USA,TX,Enterprise,Healthcare,6,89,Active,2026-02-23
12622,2024-04-04,Canada,NC,Mid-Market,Healthcare,2,4,Active,
12623,2025-05-13,USA,WA,SMB,Professional Services,2,72,Active,2025-05-13
12624,2026-07-11,USA,CO,Enterprise,Manufacturing,5,59,Active,2026-07-11
12625,2024-07-12,USA,GA,SMB,Retail,3,83,Churned,2024-07-15
12626,2025-01-29,USA,CA,Mid-Market,Education,2,48,Active,2025-01-29
12627,2024-08-06,USA,KY,SMB,Education,1,9,Churned,2025-03-25
12628,2026-02-26,USA,CA,Mid-Market,Retail,1,58,Active,2026-02-26
12629,2025-02-08,USA,CO,SMB,Professional Services,4,97,Active,2025-02-08
12630,2026-08-07,UK,CA,SMB,Manufacturing,1,55,Active,2026-08-07
12631,2024-08-26,USA,VA,SMB,Financial Services,1,6,Churned,
12632,2024-03-19,USA,MI,SMB,Professional Services,1,11,Active,2025-01-12
12633,2025-07-21,USA,TX,SMB,Healthcare,7,49,Active,2025-07-21
12634,2025-09-26,Canada,NY,SMB,Government,3,75,Active,2025-11-27
12635,2026-08-22,Canada,MI,SMB,Technology,2,22,Active,2026-08-22
12636,2026-04-28,USA,TX,Mid-Market,Professional Services,6,38,Active,2026-04-28
12637,2026-05-11,USA,IL,SMB,Financial Services,2,97,Churned,2026-05-11
12638,2025-09-09,Australia,OH,Mid-Market,Retail,4,100,Active,
12639,2024-12-16,USA,CO,SMB,Professional Services,4,90,Active,2024-12-16
12640,2025-02-21,USA,GA,Mid-Market,Professional Services,2,60,Active,2025-02-21
12641,2024-05-10,USA,IL,SMB,Professional Services,4,90,Active,2024-05-10
12642,2025-02-23,USA,WA,SMB,Retail,7,50,Active,2026-03-17
12643,2024-12-20,USA,OH,Mid-Market,Technology,1,100,Churned,2024-12-20
12644,2024-02-04,Canada,NY,Mid-Market,Retail,1,37,Active,2024-11-15
12645,2024-07-18,Australia,WA,SMB,Retail,4,92,Active,
12646,2025-06-04,USA,GA,SMB,Manufacturing,2,54,Active,2025-06-04
12647,2024-12-25,USA,TX,SMB,Technology,3,94,Active,2024-12-25
12648,2026-08-25,USA,CO,SMB,Manufacturing,1,48,Active,2026-08-25
12649,2025-04-11,UK,OH,SMB,Financial Services,4,89,Active,2025-04-11
12650,2026-07-22,Canada,WA,Mid-Market,Professional Services,4,53,Active,2026-07-22
12651,2025-10-05,UK,PA,SMB,Government,7,82,Active,2025-10-05
12652,2024-02-09,USA,KY,Mid-Market,Retail,2,98,Churned,2024-02-09
12653,2024-07-17,USA,KY,SMB,Professional Services,7,8,Active,2024-07-17
12654,2025-11-18,USA,TX,SMB,Professional Services,3,,Active,2025-11-18
12655,2025-06-14,USA,NY,SMB,Financial Services,3,1,Active,2025-06-14
12656,2024-10-20,USA,WA,SMB,Technology,3,29,Active,2024-10-20
12657,2025-05-23,USA,PA,SMB,Professional Services,2,5,Active,2025-05-23
12658,2026-05-29,USA,TN,Mid-Market,Education,3,43,Active,2026-05-29
12659,2025-01-13,USA,NC,Mid-Market,Healthcare,1,35,Churned,
12660,2024-02-13,Canada,TX,SMB,Technology,2,6,Active,2024-12-11
12661,2024-10-29,USA,NY,SMB,Education,4,39,Churned,2024-10-29
12662,2026-06-30,USA,FL,Enterprise,Technology,1,46,Active,2026-06-30
12663,2026-01-11,USA,NC,SMB,Healthcare,4,3,Churned,2026-01-11
12664,2026-03-26,USA,PA,SMB,Healthcare,2,93,Active,2026-03-26
12665,2026-06-06,USA,KY,Enterprise,Professional Services,1,32,Active,2026-06-06
12666,2024-04-24,Canada,CA,SMB,Manufacturing,3,21,Churned,2024-04-24
12667,2024-10-02,USA,TN,SMB,Government,1,6,Active,2024-10-02
12668,2024-02-28,Canada,CA,SMB,Retail,7,9,Active,2024-07-29
12669,2024-01-05,USA,WA,Mid-Market,Professional Services,8,70,Active,
12670,2026-03-24,USA,IL,SMB,Healthcare,2,2,Active,2026-03-24
12671,2026-07-01,Canada,IL,Mid-Market,Professional Services,2,10,Active,2026-07-01
12672,2024-05-31,USA,MI,SMB,Professional Services,1,65,Active,2024-05-31
12673,2025-12-04,USA,NC,SMB,Retail,4,35,Churned,2025-12-04
12674,2025-06-04,USA,GA,SMB,Retail,1,77,Churned,2025-06-04
12675,2024-03-08,USA,VA,Mid-Market,Professional Services,6,70,Active,2024-08-07
12676,2026-06-10,Canada,OH,SMB,Education,8,68,Active,2026-06-10
12677,2026-04-28,Australia,OH,Mid-Market,Technology,1,7,Churned,2026-04-28
12678,2025-07-06,USA,VA,SMB,Manufacturing,3,65,Active,2025-07-06
12679,2025-11-20,Canada,CO,SMB,Professional Services,2,91,Churned,2026-08-25
12680,2025-01-21,USA,TX,SMB,Education,3,82,Active,2025-01-21
12681,2026-02-11,USA,TX,SMB,Retail,1,94,Active,2026-02-11
12682,2025-03-09,USA,IL,SMB,Manufacturing,4,86,Active,2026-01-28
12683,2026-08-21,USA,TX,Mid-Market,Healthcare,1,92,Active,2026-08-21
12684,2024-03-02,USA,OH,Enterprise,Professional Services,5,34,Active,2024-07-08
12685,2024-06-16,USA,KY,Mid-Market,Professional Services,2,26,Active,2024-06-16
12686,2026-08-01,USA,MI,Mid-Market,Retail,3,,Active,2026-08-01
12687,2024-10-08,Australia,VA,SMB,Retail,6,19,Active,2024-12-23
12688,2024-10-29,Canada,TX,Mid-Market,Financial Services,4,66,Active,2024-10-29
12689,2026-02-09,Canada,WA,SMB,Financial Services,3,100,Churned,2026-02-09
12690,2024-07-03,Canada,CA,Mid-Market,Government,2,,Active,2024-07-03
12691,2025-05-15,Canada,IL,Enterprise,Education,2,35,Churned,2026-03-29
12692,2024-10-05,USA,OH,SMB,Manufacturing,2,64,Active,2024-10-05
12693,2024-07-11,USA,WA,Enterprise,Healthcare,6,61,Active,2024-07-11
12694,2026-07-28,Canada,KY,Mid-Market,Healthcare,1,66,Active,2026-07-28
12695,2024-07-13,USA,FL,SMB,Technology,2,41,Active,2024-11-02
12696,2024-04-01,USA,NC,Enterprise,Financial Services,4,1,Active,2024-09-11
12697,2025-10-18,USA,NY,SMB,Retail,2,24,Active,2026-03-05
12698,2026-04-24,USA,NC,SMB,Government,5,9,Active,2026-04-24
12699,2024-05-04,USA,PA,SMB,Technology,1,17,Active,2024-05-04
12700,2025-11-20,USA,MI,Mid-Market,Professional Services,1,74,Active,2026-01-02
12701,2025-06-10,Canada,CA,SMB,Healthcare,3,11,Active,2025-06-10
12702,2026-03-19,USA,VA,Enterprise,Retail,3,8,Active,2026-03-19
12703,2024-05-03,USA,NC,SMB,Professional Services,6,21,Active,2024-05-03
12704,2026-08-08,UK,FL,SMB,Professional Services,2,51,Active,2026-08-08
12705,2025-08-26,USA,NY,Mid-Market,Education,1,4,Churned,2025-08-26
12706,2026-03-31,USA,MI,SMB,Technology,2,5,Churned,2026-07-21
12707,2024-12-18,Canada,IL,Mid-Market,Financial Services,2,90,Active,2026-05-26
12708,2026-07-07,USA,TN,SMB,Technology,3,83,Churned,
12709,2025-09-02,USA,TN,Enterprise,Healthcare,1,22,Active,2025-09-02
12710,2024-05-03,USA,IL,Mid-Market,Financial Services,3,56,Active,2025-07-25
12711,2026-06-17,Australia,NY,SMB,Manufacturing,5,77,Active,2026-06-17
12712,2026-02-14,USA,NC,SMB,Healthcare,2,21,Churned,2026-02-14
12713,2024-10-19,USA,MI,SMB,Financial Services,3,55,Active,2025-12-09
12714,2025-06-15,USA,KY,Enterprise,Healthcare,1,87,Active,2025-06-15
12715,2025-01-12,Australia,KY,Mid-Market,Retail,4,6,Active,2025-07-31
12716,2025-06-13,USA,VA,SMB,Professional Services,1,12,Active,2025-06-13
12717,2026-07-29,USA,PA,SMB,Government,3,84,Active,2026-07-29
12718,2026-05-25,USA,,Enterprise,Financial Services,2,91,Active,2026-05-25
12719,2024-07-28,Australia,CO,SMB,Financial Services,1,67,Active,2024-07-28
12720,2026-08-04,USA,CA,Mid-Market,Professional Services,2,98,Active,2026-08-04
12721,2025-03-02,USA,OH,Mid-Market,Financial Services,1,75,Churned,2025-03-02
12722,2025-11-17,USA,VA,SMB,Education,5,66,Churned,2025-11-17
12723,2026-01-14,Canada,OH,SMB,Healthcare,1,3,Active,2026-01-14
12724,2025-04-15,USA,FL,SMB,Technology,7,84,Churned,2025-04-15
12725,2025-03-20,USA,TX,SMB,Financial Services,2,33,Active,
12726,2025-03-20,USA,CA,Enterprise,Education,1,83,Active,2025-03-20
12727,2026-04-20,USA,CO,Mid-Market,Manufacturing,2,1,Active,2026-04-20
12728,2025-01-11,USA,TX,Mid-Market,Financial Services,1,46,Active,2025-01-11
12729,2024-09-29,Canada,MI,SMB,Retail,4,63,Active,2024-09-29
12730,2024-12-18,USA,KY,SMB,Manufacturing,1,13,Active,2024-12-18
12731,2024-07-08,USA,TX,Mid-Market,Government,5,37,Active,
12732,2025-01-16,USA,KY,SMB,Manufacturing,1,9,Active,2025-10-05
12733,2024-04-21,USA,PA,SMB,Healthcare,1,47,Active,2024-10-19
12734,2024-03-28,USA,PA,SMB,Manufacturing,1,11,Active,2025-03-21
12735,2025-12-06,USA,TN,Mid-Market,Financial Services,3,25,Active,
12736,2024-03-16,UK,TX,Mid-Market,Professional Services,3,,Active,2024-03-16
12737,2025-07-07,UK,WA,SMB,Professional Services,6,46,Active,2025-07-07
12738,2026-01-29,USA,NY,Enterprise,Healthcare,2,4,Active,2026-01-29
12739,2025-12-06,USA,,SMB,Technology,1,82,Churned,2025-12-06
12740,2025-03-10,USA,KY,SMB,Technology,4,49,Active,2025-03-10
12741,2024-07-07,Australia,FL,SMB,Financial Services,3,30,Churned,2024-07-07
12742,2026-06-25,USA,KY,Mid-Market,Technology,4,29,Active,2026-06-25
12743,2026-03-24,USA,FL,SMB,Manufacturing,2,11,Active,2026-03-24
12744,2025-08-19,USA,NC,SMB,Manufacturing,4,88,Active,2025-08-19
12745,2024-03-25,USA,FL,SMB,Manufacturing,1,77,Active,2024-05-01
12746,2024-02-04,USA,NC,Mid-Market,Technology,8,10,Active,2024-06-10
12747,2024-11-03,USA,TN,Mid-Market,Technology,1,88,Active,2024-11-03
12748,2024-06-02,USA,NY,SMB,Manufacturing,4,69,Active,2024-06-02
12749,2026-04-17,USA,TN,Enterprise,Education,1,69,Active,2026-04-17
12750,2024-07-19,USA,IL,SMB,Manufacturing,4,9,Active,2025-05-25
12751,2024-10-02,USA,NY,SMB,Technology,5,29,Active,2024-10-02
12752,2026-08-08,USA,VA,Mid-Market,Financial Services,5,53,Active,2026-08-08
12753,2026-03-07,USA,CA,Mid-Market,Manufacturing,2,68,Churned,2026-03-07
12754,2024-08-01,USA,KY,SMB,Manufacturing,2,34,Active,2026-04-17
12755,2025-01-08,Australia,IL,Mid-Market,Retail,4,81,Active,2025-01-08
12756,2025-05-17,USA,TN,SMB,Healthcare,3,55,Churned,2025-06-06
12757,2025-10-08,USA,NY,Mid-Market,Manufacturing,3,85,Active,2025-10-08
12758,2026-06-30,USA,TX,Mid-Market,Healthcare,1,8,Active,2026-06-30
12759,2026-04-28,USA,CA,Enterprise,Retail,2,29,Active,2026-04-28
12760,2026-08-09,USA,FL,SMB,Retail,2,51,Churned,2026-08-09
12761,2024-02-09,UK,FL,Mid-Market,Technology,3,79,Active,2024-10-19
12762,2024-08-18,USA,KY,Mid-Market,Government,1,51,Active,2024-11-09
12763,2025-07-02,USA,GA,SMB,Professional Services,2,30,Active,2025-07-02
12764,2024-02-17,Canada,NY,SMB,Government,4,85,Active,2024-02-20
12765,2024-12-12,Canada,TX,Enterprise,Government,3,4,Active,2026-05-26
12766,2024-05-29,USA,TN,SMB,Healthcare,5,6,Active,2024-05-29
12767,2026-06-27,USA,MI,Mid-Market,Retail,1,36,Active,2026-06-27
12768,2024-03-02,USA,NY,SMB,Retail,2,13,Active,2024-03-12
12769,2024-05-24,USA,GA,Mid-Market,Healthcare,3,31,Active,2024-09-05
12770,2024-07-09,USA,CA,SMB,Professional Services,2,99,Active,2024-07-09
12771,2024-05-24,USA,GA,Enterprise,Professional Services,3,43,Active,2024-10-20
12772,2025-07-07,Canada,WA,Mid-Market,Technology,1,49,Active,2025-07-07
12773,2024-12-20,USA,NY,SMB,Professional Services,3,40,Churned,2026-01-09
12774,2026-06-07,USA,CO,Mid-Market,Technology,1,72,Churned,2026-06-07
12775,2024-09-11,USA,CA,Mid-Market,Manufacturing,3,39,Active,2024-09-11
12776,2025-06-07,Canada,WA,SMB,Healthcare,4,30,Active,2026-03-31
12777,2025-10-04,USA,WA,SMB,Government,1,2,Active,2025-10-04
12778,2025-09-01,USA,VA,Mid-Market,Technology,2,64,Active,2025-09-01
12779,2026-02-14,USA,FL,Mid-Market,Retail,2,80,Active,2026-02-14
12780,2024-07-15,USA,WA,SMB,Healthcare,4,43,Churned,2025-01-27
12781,2025-05-09,USA,NC,Enterprise,Education,1,32,Active,2025-05-09
12782,2026-02-18,USA,OH,SMB,Professional Services,2,84,Active,2026-02-18
12783,2026-04-20,USA,GA,SMB,Manufacturing,4,95,Active,2026-04-20
12784,2025-08-24,USA,NY,Mid-Market,Government,3,44,Active,2025-08-24
12785,2025-09-26,USA,KY,SMB,Retail,4,21,Churned,2025-09-26
12786,2026-04-21,USA,PA,SMB,Government,2,68,Churned,2026-04-21
12787,2025-08-31,UK,NC,SMB,Technology,6,63,Churned,2025-08-31
12788,2026-07-13,USA,NY,SMB,Education,1,,Active,2026-07-13
12789,2024-05-04,Canada,TX,SMB,Professional Services,1,,Active,2024-05-04
12790,2024-12-04,USA,KY,Mid-Market,Professional Services,3,21,Active,2024-12-04
12791,2024-04-19,Canada,KY,SMB,Retail,2,5,Churned,2024-09-02
12792,2024-03-29,USA,VA,Mid-Market,Professional Services,3,22,Active,2024-05-10
12793,2025-04-04,USA,PA,Mid-Market,Manufacturing,1,75,Active,2025-04-04
12794,2024-08-08,USA,WA,SMB,Healthcare,1,57,Active,2026-07-31
12795,2025-01-31,USA,IL,SMB,Technology,4,69,Active,2025-01-31
12796,2025-03-02,UK,NY,Mid-Market,Manufacturing,1,50,Active,2025-03-02
12797,2025-08-27,UK,,SMB,Manufacturing,4,12,Active,2025-08-27
12798,2026-07-10,USA,KY,SMB,Retail,3,71,Churned,2026-07-10
12799,2026-04-07,UK,CO,Mid-Market,Healthcare,1,67,Active,2026-04-07
12800,2025-01-03,USA,TN,Mid-Market,Financial Services,4,85,Active,2025-01-03
12801,2024-11-13,USA,CO,Mid-Market,Education,5,13,Churned,2024-11-13
12802,2026-01-20,Canada,GA,SMB,Financial Services,4,4,Active,2026-01-20
12803,2024-04-30,USA,,SMB,Technology,1,31,Churned,2024-04-30
12804,2025-06-10,USA,PA,SMB,Manufacturing,3,80,Active,2025-06-10
12805,2025-02-16,USA,FL,Mid-Market,Financial Services,6,11,Active,2025-02-21
12806,2024-06-27,USA,NY,SMB,Retail,3,87,Active,2025-05-17
12807,2025-08-23,USA,TX,SMB,Retail,1,95,Churned,2025-08-23
12808,2024-11-08,USA,KY,SMB,Professional Services,1,72,Active,2026-03-10
12809,2024-06-29,USA,TX,Mid-Market,Government,3,96,Active,2024-08-31
12810,2025-09-28,USA,MI,Mid-Market,Retail,4,68,Active,2025-09-28
12811,2024-06-18,Australia,KY,SMB,Healthcare,6,9,Churned,2025-04-28
12812,2025-10-17,USA,FL,SMB,Technology,5,94,Active,2025-10-17
12813,2024-06-06,USA,IL,SMB,Retail,2,80,Active,2025-09-24
12814,2025-02-27,USA,PA,SMB,Manufacturing,3,89,Active,2025-02-27
12815,2026-02-25,Australia,TX,SMB,Manufacturing,1,12,Active,2026-02-25
12816,2024-08-10,USA,MI,SMB,Technology,1,37,Active,
12817,2026-01-17,USA,OH,Mid-Market,Retail,1,20,Active,2026-01-17
12818,2025-12-04,USA,IL,Mid-Market,Professional Services,6,65,Active,2025-12-04
12819,2026-05-29,USA,GA,Enterprise,Manufacturing,1,62,Active,2026-05-29
12820,2024-06-13,USA,WA,Enterprise,Retail,2,54,Active,2026-03-03
12821,2025-11-27,USA,GA,SMB,Professional Services,2,17,Active,2025-11-27
12822,2026-07-01,USA,CO,SMB,Retail,2,11,Active,2026-07-01
12823,2026-01-13,USA,PA,SMB,Healthcare,3,99,Active,2026-01-13
12824,2024-07-02,USA,GA,Mid-Market,Healthcare,1,24,Active,2025-01-15
12825,2026-03-11,USA,,SMB,Technology,2,96,Active,2026-03-11
12826,2024-04-14,USA,CA,SMB,Technology,2,51,Active,2026-04-20
12827,2025-07-27,USA,WA,SMB,Manufacturing,4,2,Active,2025-07-27
12828,2025-04-29,USA,WA,SMB,Healthcare,4,46,Active,2025-04-29
12829,2025-06-01,Australia,CO,Mid-Market,Financial Services,4,88,Active,2025-06-01
12830,2025-05-21,USA,VA,Mid-Market,Retail,2,58,Churned,2025-05-21
12831,2024-01-31,USA,CO,SMB,Manufacturing,1,95,Active,2024-01-31
12832,2025-05-09,USA,FL,Enterprise,Retail,2,80,Active,2025-05-09
12833,2026-07-01,USA,TN,SMB,Manufacturing,7,89,Active,2026-07-01
12834,2025-03-01,USA,MI,SMB,Education,1,81,Active,2025-03-01
12835,2024-09-26,USA,TN,SMB,Technology,1,70,Churned,2024-09-26
12836,2026-08-26,USA,VA,Mid-Market,Technology,6,28,Churned,2026-08-26
12837,2024-04-06,UK,NC,Mid-Market,Manufacturing,6,63,Churned,2026-01-13
12838,2025-04-18,USA,CA,SMB,Financial Services,1,27,Active,2025-04-18
12839,2025-05-14,USA,PA,Enterprise,Technology,4,64,Active,2025-05-14
12840,2025-04-10,USA,TX,SMB,Healthcare,2,62,Active,2025-04-10
12841,2026-06-16,USA,CO,SMB,Technology,2,80,Active,2026-06-16
12842,2025-02-14,Canada,MI,Mid-Market,Manufacturing,2,38,Active,2025-02-14
12843,2026-08-05,USA,CO,Enterprise,Technology,7,,Active,2026-08-05
12844,2024-03-06,Canada,MI,Mid-Market,Professional Services,1,96,Active,2025-06-15
12845,2025-12-15,USA,MI,Enterprise,Retail,4,34,Active,2025-12-15
12846,2025-07-31,USA,CO,SMB,Healthcare,1,64,Active,2025-07-31
12847,2024-08-22,USA,CO,Mid-Market,Professional Services,3,89,Active,2024-08-22
12848,2024-08-10,USA,PA,Mid-Market,Retail,3,26,Active,2024-08-10
12849,2025-12-01,USA,PA,SMB,Retail,4,39,Active,2025-12-01
12850,2025-09-13,USA,OH,SMB,Retail,6,,Active,2025-09-13
12851,2025-08-18,Australia,OH,Enterprise,Manufacturing,4,18,Active,2025-08-18
12852,2024-02-19,USA,CA,SMB,Manufacturing,4,73,Churned,2024-05-08
12853,2025-08-05,USA,CA,SMB,Professional Services,1,12,Active,2025-08-05
12854,2026-08-13,USA,TX,Enterprise,Education,8,33,Churned,2026-08-13
12855,2024-01-17,USA,TX,Enterprise,Manufacturing,2,14,Active,2024-12-20
12856,2025-04-01,Canada,KY,Enterprise,Education,2,20,Active,2025-04-01
12857,2025-04-26,UK,NC,Enterprise,Professional Services,3,81,Active,2025-04-26
12858,2026-05-23,USA,PA,SMB,Healthcare,2,26,Active,2026-05-23
12859,2024-10-02,Australia,MI,Enterprise,Technology,3,50,Active,2024-10-02
12860,2025-04-08,USA,,SMB,Healthcare,2,70,Active,2025-04-08
12861,2025-11-29,USA,NC,Mid-Market,Retail,1,93,Active,2025-11-29
12862,2024-02-28,USA,NY,SMB,Education,6,66,Active,2024-04-07
12863,2026-02-19,USA,PA,Mid-Market,Education,6,41,Active,2026-02-19
12864,2026-03-11,USA,MI,Mid-Market,Professional Services,2,11,Active,2026-03-11
12865,2025-12-01,USA,TX,Mid-Market,Manufacturing,7,45,Active,
12866,2025-09-23,USA,PA,SMB,Healthcare,2,67,Active,2025-09-23
12867,2025-12-29,USA,NC,SMB,Healthcare,2,2,Churned,2026-04-22
12868,2026-01-31,USA,TX,SMB,Financial Services,6,62,Active,2026-01-31
12869,2026-05-29,USA,NC,SMB,Retail,3,2,Active,2026-05-29
12870,2025-02-21,Australia,TN,Mid-Market,Manufacturing,4,81,Active,2025-02-21
12871,2025-03-20,Canada,TN,SMB,Technology,2,97,Active,2025-03-20
12872,2025-09-13,Australia,FL,Mid-Market,Financial Services,2,9,Active,2025-09-13
12873,2024-07-07,USA,WA,SMB,Financial Services,1,94,Churned,2024-11-05
12874,2026-04-13,USA,NC,SMB,Financial Services,7,28,Churned,2026-04-13
12875,2026-01-20,USA,IL,Mid-Market,Education,1,8,Churned,2026-01-20
12876,2025-09-06,USA,MI,SMB,Retail,2,81,Active,2025-09-06
12877,2024-10-20,USA,FL,SMB,Financial Services,1,32,Active,
12878,2024-12-04,USA,NY,SMB,Manufacturing,3,44,Active,2024-12-04
12879,2025-02-27,Canada,TX,SMB,Financial Services,2,99,Active,2025-02-27
12880,2025-10-07,USA,KY,Mid-Market,Retail,4,91,Active,2025-10-07
12881,2026-01-27,USA,CO,SMB,Professional Services,3,,Churned,2026-01-27
12882,2025-10-16,USA,IL,SMB,Retail,1,70,Active,2025-10-16
12883,2026-06-24,USA,GA,Mid-Market,Financial Services,1,28,Active,2026-06-24
12884,2026-07-24,USA,FL,SMB,Financial Services,1,6,Active,
12885,2025-11-17,Australia,PA,Mid-Market,Healthcare,4,71,Churned,2026-01-16
12886,2024-12-27,USA,MI,SMB,Professional Services,4,46,Active,2024-12-27
12887,2025-08-06,USA,VA,Enterprise,Technology,2,93,Active,2025-08-06
12888,2025-02-18,USA,TN,SMB,Manufacturing,3,30,Churned,2025-02-18
12889,2025-09-04,USA,CA,SMB,Technology,1,23,Active,2025-09-04
12890,2026-03-02,UK,FL,Enterprise,Financial Services,5,77,Active,2026-03-02
12891,2024-12-25,Canada,OH,Mid-Market,Retail,7,54,Active,2024-12-25
12892,2025-05-07,USA,FL,Mid-Market,Retail,4,15,Active,2025-05-07
12893,2024-02-14,Australia,CA,Enterprise,Professional Services,1,65,Active,2024-06-20
12894,2025-12-18,USA,NC,SMB,Education,2,89,Active,2025-12-18
12895,2025-04-22,Canada,TX,Mid-Market,Retail,8,63,Active,2025-11-29
12896,2025-03-23,USA,CA,Mid-Market,Education,1,73,Churned,2025-03-23
12897,2025-06-02,Canada,CO,SMB,Healthcare,3,17,Active,
12898,2024-07-28,UK,FL,SMB,Financial Services,6,59,Churned,2024-07-28
12899,2025-08-05,USA,OH,SMB,Healthcare,4,70,Active,2025-08-05
12900,2025-12-26,USA,PA,Enterprise,Financial Services,3,57,Active,2025-12-26
12901,2024-12-06,USA,KY,SMB,Financial Services,3,94,Active,2024-12-06
12902,2024-05-07,USA,OH,SMB,Professional Services,6,96,Churned,2025-09-10
12903,2025-01-11,USA,PA,Mid-Market,Retail,2,55,Active,2025-01-11
12904,2024-07-12,USA,KY,Mid-Market,Retail,5,,Active,2024-07-30
12905,2024-12-30,USA,TN,SMB,Healthcare,2,8,Churned,2024-12-30
12906,2025-09-02,USA,GA,Mid-Market,Healthcare,4,,Active,2025-09-02
12907,2024-04-20,UK,PA,SMB,Financial Services,6,15,Active,2024-11-20
12908,2025-12-28,USA,KY,Mid-Market,Healthcare,3,83,Active,2025-12-28
12909,2024-08-06,USA,CA,SMB,Retail,2,45,Active,2025-07-11
12910,2026-05-21,USA,NY,SMB,Financial Services,1,36,Active,2026-05-21
12911,2025-12-14,Australia,TX,Mid-Market,Financial Services,4,85,Active,2025-12-14
12912,2024-09-22,USA,OH,SMB,Technology,3,17,Active,2024-09-22
12913,2025-07-02,USA,GA,SMB,Government,1,58,Active,2025-07-02
12914,2024-04-17,USA,GA,SMB,Healthcare,5,30,Active,
12915,2024-04-07,USA,,Mid-Market,Technology,6,27,Active,
12916,2026-07-20,Australia,WA,Enterprise,Technology,5,97,Active,2026-07-20
12917,2026-02-20,USA,VA,Mid-Market,Technology,3,17,Active,2026-02-20
12918,2024-05-30,USA,FL,Enterprise,Technology,7,97,Active,2024-05-30
12919,2024-10-02,USA,MI,Enterprise,Manufacturing,5,3,Active,2024-10-02
12920,2024-07-11,USA,MI,SMB,Professional Services,1,21,Active,2024-07-11
12921,2025-01-19,USA,FL,SMB,Healthcare,8,38,Active,2025-01-19
12922,2024-10-10,USA,PA,Enterprise,Manufacturing,3,23,Active,2024-10-10
12923,2024-11-15,USA,GA,Enterprise,Technology,6,26,Churned,2026-05-18
12924,2025-05-30,USA,OH,Enterprise,Professional Services,4,66,Active,2025-06-01
12925,2024-07-03,USA,MI,Mid-Market,Manufacturing,3,7,Active,2025-10-17
12926,2026-05-09,USA,NY,SMB,Government,2,56,Active,2026-05-09
12927,2025-12-09,USA,MI,Enterprise,Technology,1,,Active,2025-12-09
12928,2026-01-10,USA,NC,Enterprise,Technology,1,57,Active,2026-01-10
12929,2024-06-14,Canada,GA,Mid-Market,Professional Services,3,35,Active,2024-06-14
12930,2025-11-20,Canada,,Enterprise,Education,5,91,Active,2025-11-20
12931,2026-03-25,UK,NY,Mid-Market,Manufacturing,1,34,Active,2026-03-25
12932,2024-06-19,USA,GA,Enterprise,Education,1,56,Active,2025-03-02
12933,2026-01-01,UK,MI,SMB,Healthcare,3,44,Active,2026-01-01
12934,2024-12-14,USA,KY,Enterprise,Professional Services,1,59,Active,2024-12-14
12935,2026-02-06,USA,IL,SMB,Professional Services,1,40,Active,2026-02-06
12936,2025-04-10,USA,KY,SMB,Technology,1,67,Active,2025-08-08
12937,2026-02-20,USA,PA,SMB,Healthcare,3,,Active,2026-02-20
12938,2024-05-23,USA,TX,SMB,Retail,3,52,Active,2026-05-13
12939,2025-01-13,USA,NY,SMB,Financial Services,5,86,Active,2025-01-13
12940,2024-09-23,Australia,KY,Enterprise,Financial Services,2,59,Active,2024-10-11
12941,2024-08-29,USA,CO,Mid-Market,Technology,1,21,Active,2024-08-29
12942,2024-10-27,Australia,NC,Enterprise,Professional Services,4,75,Active,2024-12-22
12943,2025-01-07,USA,NY,SMB,Technology,8,32,Active,2025-01-07
12944,2024-05-03,Australia,TX,SMB,Retail,2,92,Active,2024-12-20
12945,2025-11-19,USA,OH,Mid-Market,Government,5,83,Active,2025-11-19
12946,2025-06-19,USA,PA,Mid-Market,Professional Services,4,94,Active,2025-06-19
12947,2026-03-18,USA,TN,SMB,Technology,6,84,Churned,2026-03-18
12948,2025-11-17,Australia,TN,Mid-Market,Retail,2,67,Active,2025-11-17
12949,2024-05-25,USA,VA,Mid-Market,Technology,1,67,Active,2024-07-03
12950,2024-03-09,USA,VA,Mid-Market,Retail,1,27,Active,2024-06-28
12951,2025-02-15,Canada,TX,Enterprise,Healthcare,4,38,Active,2025-07-06
12952,2025-04-13,USA,PA,Mid-Market,Technology,5,87,Active,2025-04-13
12953,2024-08-22,USA,TN,Mid-Market,Technology,2,62,Active,2024-12-09
12954,2026-01-31,USA,FL,SMB,Retail,1,70,Active,2026-01-31
12955,2025-07-20,Canada,CO,SMB,Professional Services,1,22,Active,2025-07-20
12956,2025-12-29,UK,TX,SMB,Professional Services,3,37,Churned,2025-12-29
12957,2024-04-16,USA,PA,Mid-Market,Technology,6,26,Active,2024-04-16
12958,2026-03-04,USA,TX,Mid-Market,Healthcare,2,63,Active,2026-03-04
12959,2024-07-19,USA,KY,SMB,Healthcare,3,52,Active,2025-02-20
12960,2025-03-12,USA,TX,Mid-Market,Technology,3,43,Active,2025-03-12
12961,2025-03-03,USA,TX,SMB,Professional Services,5,77,Active,
12962,2026-03-10,USA,GA,SMB,Manufacturing,4,84,Active,2026-03-13
12963,2024-09-26,USA,CO,Enterprise,Healthcare,1,93,Active,2024-09-26
12964,2024-08-22,USA,NC,SMB,Healthcare,3,34,Active,2024-08-30
12965,2024-11-26,USA,WA,SMB,Financial Services,4,49,Churned,2024-11-26
12966,2024-12-17,USA,VA,SMB,Technology,6,44,Active,2024-12-17
12967,2024-06-25,UK,CO,SMB,Manufacturing,3,94,Active,2025-05-04
12968,2024-06-20,Canada,CA,Mid-Market,Healthcare,1,80,Active,2024-06-22
12969,2024-08-13,USA,OH,Enterprise,Manufacturing,3,93,Active,2025-03-20
12970,2025-03-31,UK,WA,Mid-Market,Professional Services,3,,Active,2025-03-31
12971,2024-11-30,Australia,MI,Mid-Market,Manufacturing,1,55,Active,2024-11-30
12972,2025-01-16,USA,CO,SMB,Healthcare,7,57,Active,2025-01-16
12973,2025-12-01,USA,CO,Mid-Market,Technology,1,43,Active,2025-12-01
12974,2024-08-22,USA,TX,SMB,Professional Services,6,45,Active,2025-07-07
12975,2026-06-05,Canada,NC,SMB,Healthcare,2,85,Active,2026-06-05
12976,2026-01-02,USA,IL,Enterprise,Healthcare,1,37,Active,2026-01-02
12977,2024-06-19,USA,CO,SMB,Technology,3,45,Active,
12978,2024-11-01,USA,GA,SMB,Retail,3,11,Active,2024-11-01
12979,2024-06-27,USA,CO,SMB,Professional Services,5,64,Active,2025-05-03
12980,2024-09-22,Canada,PA,Mid-Market,Technology,3,2,Active,2024-09-22
12981,2024-12-21,Canada,NY,SMB,Healthcare,1,75,Active,2024-12-21
12982,2024-05-07,USA,PA,SMB,Professional Services,6,62,Churned,2025-03-29
12983,2024-01-15,USA,TX,Mid-Market,Technology,3,96,Active,2025-05-28
12984,2025-03-03,Australia,CA,SMB,Manufacturing,1,57,Active,2025-03-03
12985,2025-11-13,USA,OH,Enterprise,Financial Services,5,73,Active,2025-11-13
12986,2024-10-22,USA,CA,SMB,Technology,1,94,Active,2024-10-22
12987,2026-04-18,USA,TX,Mid-Market,Professional Services,1,23,Active,2026-04-18
12988,2024-12-25,USA,NC,Enterprise,Healthcare,3,31,Active,2024-12-25
12989,2026-05-27,USA,FL,SMB,Retail,3,53,Active,2026-05-27
12990,2024-08-17,USA,TX,Mid-Market,Professional Services,3,5,Churned,2024-09-18
12991,2025-06-09,USA,CA,SMB,Retail,6,24,Active,2025-06-09
12992,2026-01-13,USA,NC,Mid-Market,Healthcare,1,47,Active,2026-01-13
12993,2024-02-27,Canada,PA,Enterprise,Healthcare,8,25,Churned,2024-07-27
12994,2026-06-24,Australia,CO,Mid-Market,Technology,1,5,Active,2026-06-24
12995,2024-12-21,Canada,KY,Enterprise,Technology,1,75,Active,2024-12-21
12996,2025-04-29,USA,FL,Mid-Market,Healthcare,1,26,Active,2025-04-29
12997,2025-09-04,USA,IL,Mid-Market,Financial Services,1,2,Active,2026-06-18
12998,2025-09-18,USA,KY,SMB,Technology,2,67,Active,2026-02-10
12999,2024-01-24,USA,PA,Mid-Market,Technology,5,23,Active,2024-03-12
13000,2026-04-24,USA,NC,Enterprise,Healthcare,4,46,Active,2026-04-24
13001,2025-08-30,Canada,OH,Mid-Market,Manufacturing,4,77,Active,2025-08-30
13002,2026-08-30,USA,VA,SMB,Technology,1,33,Active,2026-08-30
13003,2025-04-04,USA,OH,SMB,Healthcare,5,59,Active,2025-04-04
13004,2025-08-20,USA,NY,Mid-Market,Financial Services,2,80,Active,2025-08-20
13005,2025-03-05,USA,TX,Enterprise,Professional Services,4,74,Active,2025-03-05
13006,2026-05-16,Canada,TN,SMB,Professional Services,4,34,Active,2026-05-16
13007,2026-03-21,USA,IL,SMB,Retail,1,40,Active,2026-03-21
13008,2026-06-03,USA,IL,SMB,Professional Services,3,17,Active,2026-06-03
13009,2025-05-06,USA,TX,SMB,Technology,6,16,Active,2025-05-06
13010,2026-02-09,UK,TN,Enterprise,Government,1,28,Active,2026-02-09
13011,2024-12-15,USA,CO,SMB,Government,4,95,Active,2025-01-24
13012,2025-03-24,USA,FL,SMB,Technology,7,96,Active,
13013,2026-01-10,USA,MI,SMB,Manufacturing,2,86,Churned,2026-01-10
13014,2024-03-20,UK,FL,SMB,Healthcare,2,26,Active,2024-09-15
13015,2025-11-23,USA,PA,Enterprise,Manufacturing,2,60,Churned,2026-06-04
13016,2024-01-16,USA,MI,SMB,Retail,4,37,Churned,2025-10-26
13017,2025-07-19,USA,IL,SMB,Technology,2,28,Active,2025-07-19
13018,2025-04-09,USA,MI,SMB,Healthcare,2,18,Active,2025-04-09
13019,2025-04-01,Canada,TN,Enterprise,Professional Services,1,96,Active,2025-07-15
13020,2025-04-26,Canada,PA,Enterprise,Government,8,65,Active,2025-04-26
13021,2025-04-24,USA,IL,SMB,Financial Services,5,71,Churned,2025-04-24
13022,2025-01-31,USA,MI,Mid-Market,Technology,3,28,Active,2025-01-31
13023,2025-03-15,Canada,VA,SMB,Professional Services,7,98,Active,2025-03-15
13024,2025-07-07,Canada,KY,Mid-Market,Manufacturing,3,21,Active,2025-07-07
13025,2026-01-13,USA,VA,SMB,Professional Services,7,19,Active,2026-01-13
13026,2025-06-21,USA,IL,Mid-Market,Manufacturing,1,59,Active,2025-06-21
13027,2025-09-17,USA,WA,Enterprise,Financial Services,1,94,Active,2025-09-17
13028,2026-03-25,USA,PA,SMB,Manufacturing,5,77,Active,2026-03-25
13029,2026-08-21,UK,MI,SMB,Manufacturing,2,96,Churned,2026-08-21
13030,2024-04-15,USA,PA,SMB,Financial Services,2,60,Churned,2024-04-15
13031,2025-11-25,USA,GA,SMB,Education,4,25,Active,2025-11-25
13032,2024-08-07,USA,PA,SMB,Technology,3,50,Active,2024-08-07
13033,2024-07-10,USA,IL,SMB,Retail,2,50,Active,2024-07-22
13034,2026-02-11,USA,OH,Enterprise,Manufacturing,2,98,Active,2026-02-11
13035,2024-03-07,Australia,OH,SMB,Retail,2,30,Active,2025-02-06
13036,2026-04-05,USA,KY,Enterprise,Manufacturing,1,29,Active,2026-04-05
13037,2026-01-20,USA,NC,SMB,Manufacturing,1,42,Active,2026-01-20
13038,2026-08-26,Canada,PA,SMB,Retail,3,48,Active,2026-08-26
13039,2025-10-12,USA,CO,SMB,Professional Services,4,59,Active,2025-10-12
13040,2026-04-30,USA,OH,Enterprise,Professional Services,2,20,Active,2026-04-30
13041,2024-04-25,USA,WA,SMB,Manufacturing,2,81,Active,
13042,2026-05-16,USA,GA,SMB,Technology,3,51,Active,2026-05-16
13043,2024-06-05,USA,NC,Mid-Market,Professional Services,1,47,Active,2024-06-05
13044,2024-11-02,USA,WA,Mid-Market,Financial Services,2,49,Active,2024-11-02
13045,2024-05-04,Australia,FL,Mid-Market,Financial Services,1,92,Active,2024-05-04
13046,2025-01-26,Canada,WA,SMB,Healthcare,3,78,Active,
13047,2025-12-30,USA,VA,SMB,Manufacturing,1,57,Active,2026-01-09
13048,2024-09-18,USA,CA,Mid-Market,Retail,2,46,Active,2024-09-18
13049,2026-03-11,USA,CO,Mid-Market,Technology,3,23,Churned,2026-03-11
13050,2025-08-13,USA,TN,Mid-Market,Manufacturing,4,15,Active,2025-08-13
13051,2025-09-04,USA,PA,SMB,Financial Services,4,95,Active,2026-08-29
13052,2026-07-03,USA,CA,SMB,Retail,6,95,Active,2026-07-03
13053,2025-02-24,USA,IL,Enterprise,Healthcare,3,28,Active,2025-02-24
13054,2024-12-01,UK,TN,Mid-Market,Manufacturing,2,27,Active,2024-12-01
13055,2026-08-26,USA,CO,SMB,Financial Services,1,86,Active,2026-08-26
13056,2025-06-26,USA,OH,Enterprise,Healthcare,1,25,Active,2025-06-26
13057,2025-08-21,UK,VA,Mid-Market,Healthcare,1,69,Active,2025-08-21
13058,2024-10-15,UK,KY,SMB,Technology,1,91,Active,2024-10-15
13059,2024-07-28,USA,CO,SMB,Financial Services,2,93,Active,2024-07-28
13060,2024-06-14,USA,MI,Mid-Market,Technology,4,67,Active,2025-05-21
13061,2024-08-05,Canada,MI,SMB,Professional Services,3,12,Active,2024-08-05
13062,2024-07-09,USA,CA,Mid-Market,Manufacturing,2,89,Active,2024-07-09
13063,2025-12-28,USA,OH,Mid-Market,Healthcare,3,20,Active,2025-12-28
13064,2024-02-26,USA,TN,SMB,Technology,1,29,Active,2024-04-08
13065,2025-09-05,USA,KY,Enterprise,Healthcare,3,,Active,2025-09-05
13066,2026-07-13,UK,VA,SMB,Professional Services,3,6,Active,2026-07-13
13067,2026-01-15,Australia,CA,SMB,Education,2,20,Active,2026-08-23
13068,2025-01-27,USA,GA,Mid-Market,Retail,1,44,Active,2025-07-16
13069,2024-02-27,USA,WA,Mid-Market,Financial Services,7,2,Active,
13070,2026-03-23,UK,CO,SMB,Technology,3,25,Active,2026-03-23
13071,2024-01-04,USA,FL,Mid-Market,Technology,3,16,Active,2024-01-14
13072,2025-10-25,USA,KY,Enterprise,Healthcare,1,74,Active,2025-10-25
13073,2025-10-15,USA,FL,Mid-Market,Education,1,69,Active,2025-10-15
13074,2024-07-05,USA,KY,Mid-Market,Retail,2,22,Active,2024-07-28
13075,2025-12-21,USA,GA,SMB,Professional Services,7,87,Active,2025-12-21
13076,2024-06-19,USA,CA,SMB,Professional Services,1,,Active,2024-06-19
13077,2024-08-07,Canada,OH,Mid-Market,Financial Services,2,16,Active,2024-08-07
13078,2026-03-01,Australia,GA,SMB,Financial Services,8,48,Active,2026-03-01
13079,2026-08-11,USA,WA,Mid-Market,Retail,2,91,Active,2026-08-11
13080,2024-09-14,USA,TN,SMB,Professional Services,2,29,Active,2025-04-26
13081,2026-06-16,USA,MI,SMB,Healthcare,3,97,Active,2026-06-16
13082,2026-06-08,USA,CO,SMB,Retail,2,26,Churned,2026-06-08
13083,2026-01-19,USA,FL,SMB,Technology,7,64,Churned,2026-01-19
13084,2024-05-16,USA,MI,SMB,Healthcare,1,32,Churned,2024-05-25
13085,2024-10-18,USA,NY,Mid-Market,Healthcare,4,60,Churned,2024-10-18
13086,2025-10-22,Canada,CO,Mid-Market,Education,1,,Active,
13087,2026-08-31,Canada,MI,SMB,Manufacturing,4,25,Active,2026-08-31
13088,2026-03-04,Canada,IL,SMB,Manufacturing,4,45,Churned,2026-03-04
13089,2025-02-13,USA,NC,Mid-Market,Financial Services,4,34,Active,2025-02-13
13090,2024-08-17,USA,TN,SMB,Manufacturing,5,58,Active,2024-08-17
13091,2026-07-24,USA,TX,SMB,Manufacturing,4,50,Active,2026-07-24
13092,2024-09-26,USA,WA,SMB,Retail,1,54,Churned,2024-09-26
13093,2024-11-29,USA,CO,Mid-Market,Government,1,15,Active,2024-11-29
13094,2026-07-28,Canada,IL,Enterprise,Healthcare,2,60,Active,2026-07-28
13095,2025-07-01,Canada,NY,Mid-Market,Retail,2,73,Active,2025-07-01
13096,2024-09-14,USA,FL,Enterprise,Professional Services,2,13,Active,2024-09-14
13097,2024-01-06,USA,FL,Enterprise,Financial Services,4,21,Active,2024-02-29
13098,2025-02-22,USA,IL,SMB,Professional Services,4,6,Churned,2025-02-22
13099,2026-08-18,USA,KY,SMB,Manufacturing,7,23,Active,2026-08-18
13100,2025-02-25,USA,NC,SMB,Healthcare,2,94,Churned,2025-02-25
13101,2025-11-12,Canada,VA,SMB,Healthcare,4,10,Active,2025-11-12
13102,2024-09-03,UK,IL,Mid-Market,Retail,4,23,Active,2024-11-11
13103,2026-01-25,USA,OH,SMB,Professional Services,8,14,Active,
13104,2026-01-25,Canada,MI,SMB,Professional Services,4,84,Active,2026-01-25
13105,2025-08-15,USA,FL,SMB,Technology,1,59,Active,2025-08-15
13106,2026-01-21,USA,WA,Mid-Market,Healthcare,1,7,Active,2026-01-21
13107,2025-07-17,USA,FL,Mid-Market,Manufacturing,7,,Churned,2026-04-09
13108,2025-01-03,USA,PA,Enterprise,Retail,4,68,Active,2025-01-03
13109,2025-12-19,USA,GA,SMB,Financial Services,4,76,Active,2025-12-19
13110,2026-03-24,USA,CO,SMB,Healthcare,4,61,Active,2026-03-24
13111,2026-03-30,USA,TN,Enterprise,Retail,4,57,Active,2026-03-30
13112,2024-07-26,USA,NC,Mid-Market,Retail,4,47,Active,2024-07-26
13113,2025-10-21,USA,PA,Mid-Market,Technology,6,84,Active,2025-10-21
13114,2024-01-05,UK,CA,SMB,Retail,6,38,Active,2025-12-04
13115,2025-07-11,USA,WA,SMB,Healthcare,2,97,Active,2025-07-11
13116,2025-07-10,USA,IL,Enterprise,Healthcare,1,87,Active,2026-04-26
13117,2024-12-20,USA,CO,Mid-Market,Technology,1,93,Active,2024-12-20
13118,2026-08-26,USA,NC,Mid-Market,Technology,2,71,Active,2026-08-26
13119,2026-05-10,USA,IL,SMB,Financial Services,4,35,Churned,2026-05-10
13120,2024-02-07,USA,TN,SMB,Professional Services,4,65,Active,2024-02-07
13121,2024-07-22,USA,TN,SMB,Technology,2,47,Active,2024-12-31
13122,2024-07-21,UK,NC,Mid-Market,Healthcare,2,93,Active,2024-07-21
13123,2026-05-24,USA,CA,SMB,Retail,3,91,Churned,2026-05-24
13124,2025-05-20,USA,FL,SMB,Government,4,7,Active,2025-05-20
13125,2025-12-10,USA,VA,SMB,Retail,3,76,Churned,2025-12-10
13126,2026-02-27,USA,CA,Enterprise,Financial Services,1,75,Active,2026-02-27
13127,2026-01-17,Canada,WA,SMB,Manufacturing,2,62,Active,2026-01-17
13128,2024-03-27,USA,IL,SMB,Financial Services,3,97,Active,2024-04-28
13129,2024-05-16,USA,VA,Mid-Market,Education,3,8,Active,2024-05-16
13130,2025-01-19,Canada,CO,Mid-Market,Education,4,98,Active,2025-01-19
13131,2024-11-25,USA,TN,Mid-Market,Professional Services,6,1,Active,2024-11-25
13132,2025-12-28,USA,OH,Enterprise,Technology,1,18,Active,2025-12-28
13133,2024-06-01,USA,MI,SMB,Technology,1,65,Active,2024-10-19
13134,2024-12-27,UK,PA,Enterprise,Retail,2,81,Active,2024-12-27
13135,2024-08-18,USA,NC,Enterprise,Professional Services,1,91,Churned,
13136,2024-07-02,USA,OH,SMB,Healthcare,2,6,Active,2024-07-02
13137,2024-06-17,USA,TX,Mid-Market,Financial Services,1,83,Active,2024-12-01
13138,2024-07-09,USA,NC,SMB,Government,1,70,Active,2024-07-09
13139,2025-07-03,USA,GA,SMB,Government,4,41,Active,2025-07-03
13140,2025-02-03,UK,MI,SMB,Manufacturing,1,65,Churned,2025-02-03
13141,2025-02-27,USA,TX,SMB,Manufacturing,4,40,Active,2025-02-27
13142,2025-04-11,Canada,,Enterprise,Healthcare,2,46,Active,2025-12-25
13143,2025-12-22,USA,NC,SMB,Technology,2,21,Active,2025-12-22
13144,2026-04-19,USA,TX,Mid-Market,Healthcare,1,35,Active,2026-04-19
13145,2025-05-27,USA,TN,SMB,Retail,1,67,Active,
13146,2025-09-17,USA,MI,SMB,Retail,2,24,Active,2025-09-17
13147,2025-12-20,USA,VA,SMB,Professional Services,4,80,Active,2025-12-20
13148,2025-11-03,USA,CO,SMB,Government,6,35,Active,2025-11-03
13149,2024-05-10,USA,KY,Mid-Market,Government,1,93,Active,
13150,2026-08-15,Canada,OH,Enterprise,Education,1,10,Active,2026-08-15
13151,2024-06-09,USA,KY,SMB,Retail,1,36,Active,2026-07-22
13152,2025-02-05,USA,CA,Enterprise,Healthcare,4,31,Active,2025-02-05
13153,2025-09-27,USA,CA,Mid-Market,Manufacturing,1,58,Active,2025-09-27
13154,2025-01-27,USA,PA,Mid-Market,Retail,1,51,Active,2025-01-27
13155,2024-08-24,USA,WA,SMB,Technology,5,7,Active,2024-08-24
13156,2026-06-18,USA,TN,SMB,Retail,5,52,Active,2026-06-18
13157,2024-03-10,USA,NC,Enterprise,Professional Services,3,54,Active,2024-03-10
13158,2024-08-27,USA,VA,Mid-Market,Retail,1,58,Active,2024-08-27
13159,2026-08-25,USA,KY,SMB,Retail,2,,Active,2026-08-25
13160,2025-12-11,USA,FL,Mid-Market,Education,1,73,Active,2026-02-03
13161,2024-03-25,UK,IL,SMB,Technology,3,73,Active,2024-09-05
13162,2026-01-04,USA,NY,Mid-Market,Financial Services,4,12,Active,2026-01-04
13163,2026-08-02,USA,TN,SMB,Technology,1,64,Active,2026-08-02
13164,2024-04-05,USA,FL,Enterprise,Technology,5,86,Active,2024-06-26
13165,2025-02-07,USA,TX,SMB,Healthcare,2,47,Active,2025-02-07
13166,2025-04-01,USA,OH,SMB,Manufacturing,4,37,Active,2025-04-01
13167,2024-05-07,USA,GA,Mid-Market,Professional Services,1,53,Active,2024-08-16
13168,2024-07-14,USA,CA,SMB,Financial Services,2,20,Active,2024-07-14
13169,2024-06-18,Canada,MI,Enterprise,Retail,1,46,Active,2025-02-01
13170,2024-06-29,USA,MI,Mid-Market,Financial Services,4,18,Active,2024-06-29
13171,2025-01-28,USA,OH,SMB,Manufacturing,1,36,Churned,2025-03-04
13172,2025-03-27,USA,VA,SMB,Government,2,81,Active,2025-03-27
13173,2024-08-19,Canada,PA,Enterprise,Retail,4,93,Active,2025-03-28
13174,2024-10-08,Canada,NY,Mid-Market,Professional Services,4,48,Active,2025-07-25
13175,2024-07-06,USA,TN,Enterprise,Professional Services,3,94,Active,2024-07-06
13176,2026-02-14,USA,IL,SMB,Financial Services,3,26,Churned,2026-02-14
13177,2024-07-25,Australia,OH,Enterprise,Education,3,26,Active,2024-10-11
13178,2026-06-03,USA,OH,SMB,Government,3,94,Active,2026-06-03
13179,2025-06-08,USA,TX,Mid-Market,Government,2,63,Churned,2025-06-08
13180,2026-02-20,USA,GA,SMB,Technology,1,59,Active,2026-02-20
13181,2025-09-11,Canada,WA,SMB,Healthcare,2,,Active,2025-09-11
13182,2024-09-16,USA,NC,Enterprise,Healthcare,1,64,Active,2024-09-16
13183,2025-08-08,USA,MI,Enterprise,Financial Services,2,95,Active,2025-08-08
13184,2024-09-24,USA,TN,SMB,Technology,2,25,Active,2025-06-26
13185,2024-04-25,USA,OH,Enterprise,Retail,1,77,Active,2025-03-15
13186,2024-09-05,USA,OH,SMB,Technology,4,40,Active,2024-09-05
13187,2024-09-25,USA,GA,SMB,Education,4,36,Active,2024-09-25
13188,2024-05-11,Canada,IL,SMB,Financial Services,3,31,Churned,2025-01-26
13189,2024-01-23,USA,OH,SMB,Professional Services,6,87,Active,2024-10-05
13190,2026-07-08,USA,CO,SMB,Healthcare,1,25,Active,2026-07-08
13191,2025-05-15,Canada,PA,SMB,Financial Services,1,43,Active,2025-05-15
13192,2025-01-26,USA,TX,SMB,Professional Services,1,90,Active,2025-01-26
13193,2026-06-24,USA,TX,Mid-Market,Financial Services,3,49,Active,2026-06-24
13194,2024-08-06,USA,CA,Mid-Market,Financial Services,1,13,Churned,2024-11-09
13195,2025-01-27,UK,NC,Mid-Market,Government,5,98,Churned,2025-01-27
13196,2026-04-04,USA,IL,SMB,Professional Services,2,9,Active,
13197,2025-09-07,USA,,Mid-Market,Professional Services,2,90,Active,2025-10-13
13198,2025-01-23,USA,MI,SMB,Financial Services,3,39,Active,2025-01-23
13199,2024-09-06,USA,PA,Mid-Market,Financial Services,2,66,Active,
13200,2024-02-04,USA,KY,Mid-Market,Financial Services,4,66,Churned,2024-03-19
13201,2024-03-23,USA,CA,SMB,Financial Services,3,27,Active,2024-06-03
13202,2024-06-06,USA,MI,SMB,Government,4,,Active,2024-06-06
13203,2026-02-05,USA,IL,Mid-Market,Financial Services,3,14,Active,2026-02-05
13204,2025-09-14,USA,WA,Enterprise,Education,2,21,Active,2025-09-14
13205,2025-02-26,USA,GA,Mid-Market,Healthcare,2,6,Active,2025-02-26
13206,2026-02-01,USA,GA,Enterprise,Manufacturing,4,6,Active,2026-02-01
13207,2024-06-05,USA,NY,Enterprise,Healthcare,2,42,Active,2025-07-12
13208,2024-07-24,USA,KY,SMB,Healthcare,2,84,Active,2024-07-24
13209,2025-01-17,USA,PA,Mid-Market,Financial Services,1,40,Active,2025-01-17
13210,2026-06-12,USA,IL,SMB,Professional Services,3,74,Active,2026-06-12
13211,2025-08-21,USA,FL,SMB,Technology,1,33,Active,2025-08-21
13212,2026-04-08,Canada,TN,SMB,Technology,8,65,Active,2026-04-08
13213,2024-08-29,USA,CA,Enterprise,Retail,1,53,Active,2024-08-29
13214,2026-04-06,UK,TX,Mid-Market,Education,2,74,Active,
13215,2024-03-11,Australia,CA,SMB,Technology,1,68,Churned,2024-06-16
13216,2024-08-09,Australia,MI,SMB,Manufacturing,1,85,Active,2024-09-27
13217,2025-05-24,USA,PA,SMB,Technology,2,56,Churned,2025-05-24
13218,2024-02-19,USA,IL,Mid-Market,Professional Services,4,27,Active,2024-10-17
13219,2026-04-15,USA,TN,Enterprise,Government,1,9,Active,2026-04-15
13220,2026-04-24,USA,VA,SMB,Government,1,,Churned,2026-04-24
13221,2025-06-11,USA,NY,SMB,Manufacturing,1,21,Active,2025-06-11
13222,2024-10-24,USA,VA,Mid-Market,Healthcare,2,11,Active,2024-10-24
13223,2024-04-06,USA,FL,SMB,Financial Services,6,43,Active,2024-05-15
13224,2025-08-25,USA,NY,SMB,Financial Services,2,94,Active,2025-08-25
13225,2025-06-07,Canada,CA,SMB,Retail,4,33,Active,2025-06-07
13226,2026-01-10,USA,PA,SMB,Retail,2,57,Active,2026-01-10
13227,2025-08-09,USA,FL,SMB,Technology,2,47,Active,2025-08-09
13228,2024-05-04,USA,MI,Enterprise,Manufacturing,4,77,Churned,2024-07-27
13229,2024-04-28,USA,CO,SMB,Technology,1,82,Churned,2024-06-08
13230,2026-01-30,Canada,PA,SMB,Government,5,49,Active,2026-01-30
13231,2024-06-03,USA,NY,Mid-Market,Healthcare,2,44,Active,2025-03-04
13232,2026-07-03,USA,NY,Enterprise,Healthcare,2,41,Active,2026-07-03
13233,2024-04-13,USA,NY,SMB,Technology,5,71,Active,2024-04-13
13234,2025-12-10,USA,PA,SMB,Manufacturing,2,71,Active,2025-12-10
13235,2026-08-07,USA,MI,Mid-Market,Manufacturing,7,27,Active,2026-08-07
13236,2025-03-05,Australia,PA,SMB,Professional Services,6,33,Churned,2025-03-05
13237,2024-02-25,USA,IL,Mid-Market,Healthcare,1,72,Active,2024-02-25
13238,2026-05-03,Canada,FL,SMB,Technology,2,60,Churned,2026-05-03
13239,2024-07-01,Canada,,SMB,Professional Services,4,74,Active,2024-07-01
13240,2025-05-28,USA,CA,SMB,Manufacturing,1,1,Churned,2025-05-28
13241,2026-08-16,USA,WA,Mid-Market,Technology,4,89,Active,2026-08-16
13242,2025-12-26,USA,FL,SMB,Healthcare,1,84,Active,2025-12-26
13243,2024-02-15,USA,NY,SMB,Retail,1,90,Churned,2024-11-07
13244,2026-03-10,USA,NY,SMB,Healthcare,3,17,Active,2026-03-10
13245,2024-06-06,Canada,CA,Mid-Market,Technology,4,57,Active,2024-12-01
13246,2025-12-30,USA,OH,SMB,Technology,4,62,Active,2026-07-26
13247,2025-08-27,USA,KY,Mid-Market,Government,3,29,Active,2025-08-27
13248,2024-10-07,USA,KY,Mid-Market,Technology,1,86,Active,2025-02-20
13249,2025-02-16,USA,OH,SMB,Healthcare,2,6,Active,2025-08-04
13250,2024-04-24,USA,GA,Enterprise,Professional Services,1,69,Active,2024-04-24
13251,2026-08-19,USA,WA,Enterprise,Retail,1,58,Active,2026-08-19
13252,2024-08-20,UK,GA,SMB,Technology,2,48,Active,2024-08-20
13253,2024-10-27,USA,GA,SMB,Financial Services,3,78,Churned,2024-10-27
13254,2025-05-04,USA,,SMB,Education,1,51,Churned,2025-05-04
13255,2025-10-16,USA,CO,SMB,Professional Services,1,7,Active,2025-10-16
13256,2025-05-07,USA,IL,SMB,Healthcare,3,44,Active,2025-05-07
13257,2025-05-07,USA,GA,Enterprise,Manufacturing,1,94,Active,2025-05-07
13258,2025-07-21,USA,VA,Enterprise,Manufacturing,7,4,Active,
13259,2026-04-15,USA,NC,SMB,Retail,2,6,Active,2026-04-15
13260,2025-01-19,Canada,IL,SMB,Retail,1,78,Active,2025-01-19
13261,2026-03-21,Canada,TX,SMB,Technology,5,11,Active,2026-04-10
13262,2026-02-05,USA,FL,SMB,Retail,3,96,Active,2026-02-05
13263,2026-07-25,USA,WA,SMB,Healthcare,4,55,Active,2026-07-25
13264,2026-06-08,USA,PA,Enterprise,Education,2,73,Active,
13265,2026-02-16,USA,KY,Enterprise,Technology,2,70,Active,2026-02-16
13266,2024-08-28,USA,PA,SMB,Financial Services,3,90,Churned,2025-03-18
13267,2026-01-24,USA,MI,Mid-Market,Government,2,100,Active,2026-01-24
13268,2025-12-18,USA,IL,Mid-Market,Professional Services,3,88,Active,2025-12-18
13269,2024-10-08,USA,VA,Mid-Market,Government,1,68,Active,2024-10-08
13270,2025-10-22,USA,PA,SMB,Manufacturing,2,36,Active,
13271,2024-09-03,USA,NC,SMB,Financial Services,1,33,Active,2025-05-07
13272,2025-05-24,USA,KY,Mid-Market,Financial Services,4,37,Active,2025-05-24
13273,2026-02-15,USA,NY,SMB,Government,2,98,Active,2026-02-15
13274,2024-07-02,USA,NC,Mid-Market,Professional Services,7,46,Active,2024-12-09
13275,2024-11-24,Australia,PA,SMB,Education,1,5,Active,2024-11-24
13276,2026-02-13,USA,PA,Mid-Market,Manufacturing,2,10,Active,2026-02-13
13277,2025-03-17,USA,GA,Mid-Market,Retail,2,56,Active,2025-03-17
13278,2026-07-24,USA,GA,SMB,Technology,3,5,Active,2026-07-24
13279,2024-01-08,Canada,OH,SMB,Healthcare,4,69,Active,2025-01-23
13280,2025-12-04,USA,KY,Mid-Market,Manufacturing,2,1,Active,2025-12-04
13281,2026-03-04,USA,TX,SMB,Technology,2,67,Active,2026-03-04
13282,2026-06-12,USA,NY,Mid-Market,Education,4,53,Active,2026-06-12
13283,2024-06-01,USA,IL,Mid-Market,Manufacturing,1,67,Active,2025-05-17
13284,2026-08-16,USA,FL,SMB,Education,3,54,Active,
13285,2025-01-17,Australia,FL,Mid-Market,Healthcare,4,40,Active,2025-01-17
13286,2024-12-08,USA,CO,SMB,Financial Services,1,8,Active,
13287,2024-12-12,USA,PA,Mid-Market,Healthcare,3,60,Active,2024-12-12
13288,2025-09-13,USA,PA,SMB,Retail,4,18,Churned,2025-09-13
13289,2025-10-04,Canada,,SMB,Retail,1,89,Churned,2025-10-04
13290,2025-04-06,Canada,TN,SMB,Retail,2,75,Active,2025-04-06
13291,2024-03-10,USA,PA,Enterprise,Manufacturing,2,95,Churned,2024-03-10
13292,2026-08-18,USA,FL,Enterprise,Manufacturing,4,54,Active,2026-08-18
13293,2024-08-04,Canada,VA,Mid-Market,Manufacturing,3,93,Active,2024-08-04
13294,2024-04-01,UK,PA,SMB,Education,2,78,Churned,2024-09-08
13295,2025-08-04,Canada,TN,SMB,Healthcare,2,84,Active,2025-08-04
13296,2025-02-05,USA,IL,Mid-Market,Retail,1,21,Active,2025-02-05
13297,2025-08-22,USA,CO,Mid-Market,Healthcare,1,78,Active,2025-08-22
13298,2026-05-02,Australia,NC,SMB,Healthcare,1,58,Active,2026-05-02
13299,2024-04-04,USA,VA,Enterprise,Technology,1,79,Active,2024-11-21
13300,2024-10-03,USA,GA,SMB,Professional Services,1,24,Active,2025-09-11
13301,2025-05-18,USA,PA,SMB,Retail,3,26,Active,2025-05-18
13302,2026-02-06,USA,CO,Enterprise,Retail,3,97,Active,2026-02-06
13303,2025-08-08,USA,CA,SMB,Financial Services,1,41,Active,2025-08-08
13304,2025-01-07,USA,FL,SMB,Healthcare,3,93,Churned,2025-01-07
13305,2025-08-17,USA,NY,Mid-Market,Professional Services,1,23,Active,2025-08-17
13306,2026-08-12,USA,OH,Enterprise,Technology,2,33,Active,2026-08-12
13307,2025-04-12,Canada,GA,SMB,Technology,8,42,Churned,2025-04-12
13308,2026-05-10,Canada,GA,Mid-Market,Professional Services,3,16,Active,2026-05-10
13309,2026-01-29,USA,OH,SMB,Technology,1,43,Active,2026-01-29
13310,2024-10-20,USA,PA,SMB,Financial Services,2,15,Active,
13311,2024-08-31,USA,VA,SMB,Technology,3,15,Active,2024-08-31
13312,2026-01-20,USA,VA,SMB,Education,1,18,Active,2026-01-20
13313,2024-07-21,USA,GA,SMB,Retail,7,36,Active,2024-07-21
13314,2024-11-24,USA,KY,SMB,Technology,2,64,Active,2025-03-20
13315,2024-08-17,USA,WA,Mid-Market,Manufacturing,1,38,Active,2024-08-17
13316,2025-08-13,Canada,NY,Mid-Market,Retail,3,18,Active,2025-08-13
13317,2024-10-13,Canada,GA,Mid-Market,Technology,3,96,Active,2024-10-13
13318,2025-10-03,USA,WA,Mid-Market,Financial Services,2,19,Active,2025-10-03
13319,2026-06-29,USA,NC,SMB,Retail,6,64,Active,2026-06-29
13320,2026-03-19,USA,NY,SMB,Retail,5,41,Active,2026-03-19
13321,2026-07-12,UK,NC,SMB,Technology,1,6,Active,2026-07-12
13322,2024-01-24,USA,CA,Mid-Market,Professional Services,1,80,Churned,2024-11-17
13323,2025-03-19,USA,IL,SMB,Technology,2,11,Active,2025-03-19
13324,2024-08-02,USA,TX,SMB,Education,3,14,Active,2024-12-06
13325,2026-06-13,USA,CA,SMB,Retail,3,5,Active,2026-06-13
13326,2025-11-24,USA,OH,SMB,Technology,1,16,Active,2025-11-24
13327,2024-11-07,USA,,Enterprise,Healthcare,7,32,Active,2024-11-07
13328,2025-07-02,USA,CO,Mid-Market,Manufacturing,2,8,Active,2025-07-02
13329,2025-08-12,USA,KY,SMB,Technology,4,19,Active,2025-10-13
13330,2025-04-27,USA,OH,Mid-Market,Financial Services,4,7,Active,2025-05-25
13331,2025-04-07,Canada,NY,Mid-Market,Professional Services,1,23,Active,2025-04-07
13332,2024-02-23,USA,TN,SMB,Retail,1,17,Active,2024-03-05
13333,2025-03-16,USA,FL,SMB,Technology,1,29,Churned,2025-03-16
13334,2024-12-05,USA,OH,Mid-Market,Manufacturing,6,80,Active,2024-12-05
13335,2026-03-07,USA,KY,SMB,Education,2,12,Active,2026-03-07
13336,2026-04-22,USA,OH,SMB,Technology,4,99,Active,2026-04-22
13337,2025-12-31,USA,MI,SMB,Healthcare,2,52,Active,2025-12-31
13338,2024-01-31,USA,FL,Mid-Market,Professional Services,2,21,Active,2025-07-14
13339,2026-03-30,Canada,TN,Enterprise,Technology,5,17,Active,2026-03-30
13340,2025-01-21,USA,CO,Mid-Market,Manufacturing,2,19,Active,
13341,2025-02-09,USA,WA,SMB,Technology,4,,Active,2025-04-14
13342,2026-07-09,USA,OH,SMB,Financial Services,2,17,Churned,2026-07-09
13343,2026-04-24,USA,GA,Mid-Market,Education,1,56,Active,2026-04-24
13344,2024-02-19,USA,OH,Mid-Market,Retail,1,5,Active,2025-08-12
13345,2024-12-16,USA,,Enterprise,Professional Services,1,45,Active,2024-12-16
13346,2025-12-31,Canada,FL,Mid-Market,Financial Services,4,85,Active,2025-12-31
13347,2025-06-08,USA,PA,SMB,Education,2,81,Active,2025-06-08
13348,2024-09-07,USA,CO,Mid-Market,Professional Services,2,52,Active,2024-09-07
13349,2025-05-26,UK,MI,Enterprise,Government,1,26,Active,2025-05-26
13350,2026-04-24,Canada,CO,Mid-Market,Education,3,34,Active,
13351,2024-08-05,USA,TN,Mid-Market,Technology,4,33,Active,2024-08-05
13352,2025-12-27,USA,WA,SMB,Manufacturing,3,21,Churned,2025-12-27
13353,2025-12-16,USA,VA,Mid-Market,Healthcare,8,67,Active,2026-05-05
13354,2026-05-12,USA,GA,SMB,Manufacturing,1,18,Active,2026-05-12
13355,2024-10-17,USA,WA,SMB,Technology,1,97,Active,2024-10-17
13356,2024-07-29,USA,IL,Mid-Market,Healthcare,3,12,Active,2024-07-29
13357,2025-06-17,USA,,Enterprise,Technology,1,63,Active,2025-06-17
13358,2025-06-01,USA,VA,Enterprise,Healthcare,3,67,Active,2025-06-01
13359,2025-02-02,USA,PA,SMB,Technology,4,66,Active,2025-02-02
13360,2026-01-29,USA,TN,SMB,Manufacturing,1,66,Churned,
13361,2026-02-17,USA,NC,SMB,Professional Services,6,45,Active,2026-02-17
13362,2024-08-27,USA,IL,Mid-Market,Financial Services,1,13,Active,2024-08-27
13363,2026-02-13,Canada,MI,Mid-Market,Financial Services,3,62,Active,2026-02-13
13364,2024-08-12,UK,IL,Enterprise,Manufacturing,2,22,Active,2024-08-12
13365,2025-02-01,USA,KY,SMB,Manufacturing,3,21,Active,2025-05-03
13366,2024-01-27,USA,VA,Mid-Market,Financial Services,1,82,Active,2024-05-03
13367,2024-11-27,UK,KY,Mid-Market,Technology,6,14,Active,2024-11-27
13368,2026-07-22,Canada,KY,SMB,Professional Services,6,54,Active,2026-07-22
13369,2025-03-07,Canada,VA,Enterprise,Education,3,37,Active,2025-03-07
13370,2025-11-22,USA,TX,Mid-Market,Financial Services,3,18,Active,2025-11-22
13371,2024-04-15,USA,TX,SMB,Financial Services,3,,Active,2024-12-11
13372,2025-09-11,Australia,NC,SMB,Manufacturing,3,66,Active,2025-09-11
13373,2024-12-27,USA,OH,Enterprise,Technology,3,49,Active,2024-12-27
13374,2025-12-25,USA,OH,Mid-Market,Government,3,85,Active,2025-12-25
13375,2026-06-22,USA,FL,Mid-Market,Healthcare,5,35,Active,2026-06-22
13376,2025-06-01,USA,OH,Mid-Market,Manufacturing,3,33,Active,
13377,2024-04-10,USA,PA,SMB,Government,1,4,Active,2024-06-10
13378,2025-04-08,Australia,IL,Mid-Market,Healthcare,6,77,Active,2025-04-08
13379,2024-04-29,USA,WA,Enterprise,Government,1,97,Active,2024-05-22
13380,2025-03-13,USA,OH,SMB,Manufacturing,1,85,Active,2025-03-13
13381,2024-02-29,USA,PA,Mid-Market,Technology,8,2,Churned,2024-08-04
13382,2025-09-15,USA,TN,SMB,Manufacturing,1,35,Churned,2025-09-15
13383,2024-10-29,USA,VA,SMB,Professional Services,1,96,Active,2025-07-19
13384,2024-07-15,USA,OH,SMB,Professional Services,3,93,Active,2024-07-15
13385,2024-01-17,USA,IL,Enterprise,Financial Services,4,,Active,2024-08-09
13386,2026-05-14,USA,GA,SMB,Education,1,41,Churned,2026-05-14
13387,2026-03-26,USA,TN,SMB,Healthcare,2,56,Active,2026-03-26
13388,2026-03-01,Australia,TX,Mid-Market,Financial Services,1,11,Active,2026-03-01
13389,2024-02-26,USA,CA,SMB,Manufacturing,2,40,Active,2025-02-24
13390,2024-12-06,UK,PA,Mid-Market,Technology,2,76,Active,2025-04-21
13391,2026-08-04,USA,OH,Enterprise,Retail,1,76,Active,2026-08-04
13392,2025-07-17,USA,PA,SMB,Financial Services,6,18,Active,2025-07-17
13393,2024-05-05,USA,NY,SMB,Financial Services,3,,Churned,2025-07-18
13394,2024-05-17,UK,GA,Enterprise,Financial Services,4,21,Active,2024-05-17
13395,2024-09-13,USA,WA,SMB,Healthcare,5,75,Active,2024-09-13
13396,2026-08-05,USA,NC,SMB,Financial Services,6,66,Churned,2026-08-05
13397,2024-06-14,USA,MI,Enterprise,Professional Services,4,70,Active,2024-06-14
13398,2026-05-29,USA,GA,Enterprise,Retail,2,51,Active,2026-05-29
13399,2025-10-22,USA,FL,Mid-Market,Professional Services,4,38,Active,2025-10-22
13400,2026-06-16,USA,OH,Mid-Market,Financial Services,3,8,Active,2026-06-16
13401,2026-03-15,USA,NY,Enterprise,Manufacturing,1,76,Active,2026-03-15
13402,2024-11-19,UK,PA,Mid-Market,Financial Services,2,81,Active,2025-06-05
13403,2026-03-17,UK,MI,Mid-Market,Healthcare,2,43,Active,2026-07-21
13404,2024-06-13,Australia,WA,Mid-Market,Technology,2,3,Active,2024-06-13
13405,2024-10-10,USA,KY,Mid-Market,Retail,4,56,Active,2025-08-31
13406,2024-07-25,USA,TX,SMB,Retail,2,20,Active,2026-01-15
13407,2024-05-09,USA,PA,SMB,Retail,1,93,Active,2024-05-09
13408,2024-03-28,Canada,PA,SMB,Education,1,63,Churned,2024-09-22
13409,2024-07-01,USA,TX,SMB,Retail,5,99,Active,2024-08-23
13410,2024-04-26,USA,,SMB,Healthcare,2,77,Active,2025-08-01
13411,2025-01-05,USA,OH,SMB,Financial Services,2,89,Active,2025-01-05
13412,2024-03-10,USA,PA,Mid-Market,Technology,4,46,Active,2024-03-10
13413,2024-02-29,USA,GA,SMB,Government,4,95,Active,2024-04-15
13414,2026-08-22,USA,NC,SMB,Healthcare,3,46,Active,2026-08-22
13415,2024-03-26,USA,CA,SMB,Retail,3,40,Active,2024-03-26
13416,2024-03-13,USA,NC,SMB,Manufacturing,1,94,Active,2024-03-23
13417,2024-01-30,USA,CO,Mid-Market,Government,6,36,Active,2024-07-30
13418,2024-05-09,USA,MI,SMB,Healthcare,3,31,Active,2026-05-03
13419,2025-05-29,Australia,CO,SMB,Education,4,52,Active,2025-05-29
13420,2026-03-16,Australia,IL,Mid-Market,Education,1,55,Active,2026-03-16
13421,2025-12-16,USA,FL,SMB,Retail,3,55,Active,2025-12-16
13422,2025-07-19,Canada,WA,SMB,Education,2,65,Churned,2025-07-19
13423,2024-03-23,USA,NC,Mid-Market,Technology,2,46,Active,2024-11-04
13424,2026-01-24,USA,CA,Mid-Market,Financial Services,3,93,Active,2026-01-24
13425,2024-02-06,USA,MI,Mid-Market,Retail,4,90,Active,2024-07-25
13426,2025-09-06,USA,WA,Mid-Market,Retail,2,77,Active,2025-09-06
13427,2025-02-02,USA,NY,Enterprise,Retail,5,36,Active,
13428,2026-05-09,USA,MI,SMB,Education,1,12,Active,2026-05-09
13429,2024-10-26,UK,NY,Mid-Market,Technology,3,1,Churned,2024-10-26
13430,2025-09-13,USA,NY,Mid-Market,Professional Services,1,77,Active,2025-09-13
13431,2025-03-04,USA,NY,SMB,Manufacturing,1,16,Active,2025-03-04
13432,2025-05-23,Canada,NY,Enterprise,Retail,5,63,Active,2025-05-23
13433,2026-07-03,Canada,CO,SMB,Healthcare,1,45,Active,2026-07-03
13434,2025-11-25,USA,CO,Enterprise,Education,6,78,Active,2025-11-25
13435,2025-02-07,USA,PA,Mid-Market,Healthcare,2,86,Active,2025-02-07
13436,2025-03-11,USA,NC,SMB,Retail,3,10,Active,2025-11-29
13437,2025-11-17,USA,GA,SMB,Technology,1,49,Active,
13438,2024-12-03,USA,CA,Enterprise,Education,3,93,Active,2024-12-03
13439,2024-06-12,USA,OH,Mid-Market,Healthcare,5,39,Active,2024-06-12
13440,2025-03-31,Canada,TN,SMB,Technology,3,80,Active,2025-03-31
13441,2024-03-07,USA,VA,SMB,Healthcare,2,75,Churned,2024-03-07
13442,2024-06-14,Australia,TX,Mid-Market,Education,4,,Active,2025-09-29
13443,2025-02-13,USA,GA,SMB,Education,4,8,Active,
13444,2026-02-14,Canada,KY,Mid-Market,Education,1,89,Active,2026-02-14
13445,2026-01-31,USA,TN,Mid-Market,Healthcare,3,2,Active,2026-01-31
13446,2024-09-10,USA,GA,SMB,Manufacturing,3,10,Active,2024-09-10
13447,2025-02-14,Canada,NY,Mid-Market,Financial Services,4,19,Active,2025-02-14
13448,2024-05-29,USA,IL,SMB,Manufacturing,2,80,Active,2025-04-12
13449,2026-01-05,USA,PA,Enterprise,Government,2,15,Active,2026-01-05
13450,2024-08-27,Australia,,Enterprise,Healthcare,7,71,Active,
13451,2026-02-17,Australia,PA,SMB,Technology,3,30,Active,2026-02-17
13452,2026-03-31,USA,GA,SMB,Financial Services,3,69,Active,2026-03-31
13453,2025-11-02,USA,GA,SMB,Manufacturing,8,70,Active,2025-11-02
13454,2024-11-17,USA,TX,Enterprise,Manufacturing,1,39,Active,2026-02-11
13455,2026-07-17,USA,VA,SMB,Manufacturing,2,97,Active,2026-07-17
13456,2025-10-30,USA,OH,Mid-Market,Technology,4,27,Active,2025-10-30
13457,2025-09-21,USA,TN,Enterprise,Government,4,9,Active,2025-09-21
13458,2026-04-14,USA,NC,SMB,Professional Services,7,61,Churned,2026-04-14
13459,2026-05-08,UK,FL,Mid-Market,Government,3,6,Active,2026-05-08
13460,2024-03-16,USA,FL,SMB,Financial Services,2,29,Churned,2025-06-29
13461,2026-05-08,USA,FL,Mid-Market,Government,2,52,Active,2026-05-08
13462,2026-01-15,UK,WA,SMB,Retail,1,92,Churned,
13463,2024-07-20,USA,GA,Enterprise,Healthcare,6,71,Active,2024-09-18
13464,2024-10-26,USA,VA,SMB,Manufacturing,1,61,Churned,2024-10-26
13465,2026-01-03,UK,PA,SMB,Financial Services,3,54,Churned,2026-01-03
13466,2024-07-29,Australia,PA,Mid-Market,Education,2,36,Active,2025-03-31
13467,2025-03-16,USA,GA,Mid-Market,Healthcare,1,83,Active,2025-03-16
13468,2025-11-01,USA,CA,Mid-Market,Manufacturing,1,3,Active,2025-11-01
13469,2025-09-25,USA,WA,Mid-Market,Retail,3,16,Active,2025-09-25
13470,2026-06-05,USA,PA,SMB,Financial Services,1,17,Active,2026-06-05
13471,2024-04-18,USA,CO,Mid-Market,Professional Services,7,63,Active,
13472,2024-10-14,USA,PA,SMB,Manufacturing,5,30,Active,2025-01-29
13473,2026-08-17,USA,GA,SMB,Retail,1,7,Active,2026-08-17
13474,2025-07-08,USA,WA,Enterprise,Education,5,17,Active,2025-07-08
13475,2024-08-30,UK,MI,Mid-Market,Professional Services,2,66,Active,
13476,2024-10-09,USA,VA,SMB,Manufacturing,1,55,Active,2024-10-09
13477,2024-11-26,USA,TN,SMB,Financial Services,2,54,Active,2024-11-26
13478,2025-06-23,Canada,CO,Enterprise,Government,4,73,Active,2025-06-23
13479,2024-10-04,USA,CO,SMB,Retail,3,52,Active,2024-10-04
13480,2025-08-28,USA,CO,SMB,Financial Services,1,89,Active,2025-08-28
13481,2025-03-09,Canada,TX,SMB,Healthcare,4,57,Active,2025-03-09
13482,2025-08-17,Canada,,SMB,Healthcare,4,65,Active,
13483,2024-05-31,USA,TN,SMB,Government,4,32,Active,2024-05-31
13484,2025-08-30,USA,NC,Enterprise,Government,3,58,Active,2025-08-30
13485,2026-06-19,USA,PA,SMB,Manufacturing,4,19,Active,2026-06-19
13486,2024-05-11,USA,KY,SMB,Technology,3,24,Active,2024-08-08
13487,2024-11-14,USA,WA,Mid-Market,Professional Services,1,96,Active,2024-11-14
13488,2025-11-06,Australia,NC,Mid-Market,Manufacturing,4,88,Active,2025-11-06
13489,2025-08-24,USA,OH,Mid-Market,Technology,2,41,Churned,2026-01-28
13490,2025-10-19,USA,CO,Mid-Market,Government,4,32,Churned,2025-10-19
13491,2025-06-29,USA,GA,Mid-Market,Financial Services,3,62,Active,2025-06-29
13492,2025-10-26,USA,WA,Mid-Market,Healthcare,2,71,Active,2025-10-26
13493,2025-08-16,USA,WA,Mid-Market,Education,1,4,Active,2025-08-16
13494,2024-03-13,USA,WA,Mid-Market,Technology,3,75,Active,2024-04-15
13495,2026-01-01,UK,TX,Mid-Market,Financial Services,4,4,Active,2026-01-01
13496,2025-03-11,USA,FL,SMB,Retail,4,5,Active,2025-03-11
13497,2024-02-20,Australia,PA,Mid-Market,Technology,3,48,Active,2024-09-06
13498,2025-02-02,USA,MI,Mid-Market,Manufacturing,1,66,Active,2025-02-02
13499,2025-02-27,USA,KY,SMB,Professional Services,2,35,Active,2025-02-27
13500,2024-03-25,USA,NY,Enterprise,Professional Services,4,94,Active,2024-03-25
13501,2026-08-28,UK,CA,SMB,Manufacturing,2,42,Active,2026-08-28
13502,2024-08-04,Canada,IL,SMB,Technology,4,70,Active,2024-08-04
13503,2024-11-18,USA,PA,Enterprise,Technology,2,52,Active,2024-11-18
13504,2025-03-05,USA,FL,SMB,Healthcare,1,48,Active,2025-03-05
13505,2026-03-21,USA,CO,SMB,Manufacturing,3,30,Active,2026-03-21
13506,2025-12-24,USA,TX,SMB,Manufacturing,3,41,Active,2025-12-24
13507,2026-01-20,USA,PA,Enterprise,Professional Services,3,38,Active,2026-01-20
13508,2024-08-18,USA,FL,SMB,Professional Services,1,15,Churned,2024-08-18
13509,2026-04-03,USA,GA,Mid-Market,Healthcare,4,75,Active,2026-04-03
13510,2026-03-19,USA,TX,Mid-Market,Professional Services,2,23,Active,2026-03-19
13511,2025-03-27,USA,MI,Mid-Market,Technology,4,1,Active,2025-03-27
13512,2025-06-15,USA,FL,Enterprise,Healthcare,3,89,Active,2025-06-15
13513,2024-02-06,Canada,PA,Mid-Market,Retail,2,70,Active,2024-12-10
13514,2026-01-10,USA,IL,SMB,Professional Services,3,40,Active,
13515,2026-07-24,UK,FL,Enterprise,Retail,3,74,Active,2026-07-24
13516,2025-04-05,Canada,KY,SMB,Technology,3,17,Active,2026-07-06
13517,2025-06-10,USA,IL,SMB,Technology,3,37,Active,2025-06-10
13518,2025-05-01,USA,IL,SMB,Technology,1,40,Active,2025-05-01
13519,2024-03-21,USA,TX,Mid-Market,Manufacturing,6,48,Churned,2024-10-24
13520,2025-08-26,USA,GA,SMB,Manufacturing,2,44,Active,2025-08-26
13521,2025-12-03,Australia,CA,Mid-Market,Professional Services,1,43,Active,2025-12-03
13522,2026-06-22,USA,TN,SMB,Retail,4,34,Active,2026-06-22
13523,2026-06-24,USA,PA,SMB,Financial Services,1,40,Active,2026-06-24
13524,2025-04-24,Canada,KY,SMB,Retail,8,2,Active,2025-07-26
13525,2026-07-23,UK,CA,Mid-Market,Education,2,2,Churned,2026-07-23
13526,2025-05-29,USA,KY,SMB,Manufacturing,1,37,Active,2025-05-29
13527,2025-09-17,USA,CO,SMB,Education,1,68,Active,2025-09-17
13528,2025-08-09,Canada,MI,SMB,Financial Services,1,90,Active,2025-08-09
13529,2026-08-30,USA,WA,SMB,Technology,1,91,Active,2026-08-30
13530,2025-12-19,Canada,PA,Mid-Market,Professional Services,1,28,Active,2025-12-19
13531,2024-04-26,UK,GA,SMB,Manufacturing,2,55,Churned,2024-12-02
13532,2024-03-10,USA,VA,SMB,Technology,2,37,Active,2024-03-10
13533,2025-02-03,USA,FL,Enterprise,Technology,2,7,Churned,2025-02-24
13534,2025-05-17,UK,IL,SMB,Education,1,72,Active,2025-05-17
13535,2025-10-13,USA,IL,SMB,Retail,1,5,Churned,2025-10-13
13536,2025-04-14,USA,VA,Mid-Market,Technology,1,16,Active,2025-04-14
13537,2025-05-16,USA,VA,Mid-Market,Retail,1,87,Active,2025-05-16
13538,2026-06-16,USA,MI,Mid-Market,Retail,2,85,Active,2026-06-16
13539,2024-11-22,USA,CO,SMB,Manufacturing,1,60,Active,2024-11-22
13540,2025-04-25,USA,NC,SMB,Retail,2,55,Active,2025-04-25
13541,2025-06-26,USA,TN,SMB,Healthcare,6,74,Churned,2025-06-26
13542,2025-04-01,USA,TN,SMB,Education,1,54,Active,2025-04-01
13543,2026-07-31,USA,TN,SMB,Technology,1,75,Active,2026-07-31
13544,2026-07-26,USA,MI,Enterprise,Healthcare,3,13,Active,2026-07-26
13545,2025-05-14,Canada,FL,Mid-Market,Financial Services,2,99,Churned,2025-05-14
13546,2025-03-14,USA,NY,SMB,Technology,1,7,Active,2025-03-14
13547,2025-07-27,Canada,TX,SMB,Manufacturing,4,74,Churned,2025-07-27
13548,2024-06-25,USA,CO,Mid-Market,Education,4,85,Active,2024-11-20
13549,2025-02-18,USA,KY,SMB,Manufacturing,7,4,Active,2026-05-24
13550,2024-07-30,USA,CO,SMB,Professional Services,6,23,Active,2024-07-30
13551,2024-05-20,Canada,IL,SMB,Healthcare,3,28,Active,2025-03-01
13552,2024-04-02,USA,CA,Mid-Market,Technology,3,44,Active,2024-09-09
13553,2025-07-25,Canada,VA,Mid-Market,Retail,2,17,Active,2025-07-25
13554,2024-01-01,USA,CO,SMB,Retail,5,51,Active,2025-08-13
13555,2025-09-21,UK,TN,SMB,Government,3,96,Active,2025-09-21
13556,2025-02-24,Canada,TN,Mid-Market,Professional Services,2,3,Churned,2025-02-24
13557,2024-12-22,UK,OH,Mid-Market,Financial Services,1,89,Active,2024-12-22
13558,2026-01-19,USA,VA,Mid-Market,Healthcare,3,71,Active,2026-01-19
13559,2025-06-08,USA,NY,SMB,Professional Services,3,44,Active,2025-06-08
13560,2025-12-15,USA,IL,Mid-Market,Financial Services,4,55,Active,2025-12-15
13561,2025-11-22,USA,FL,Enterprise,Professional Services,1,16,Active,2025-11-22
13562,2024-02-01,USA,MI,Mid-Market,Financial Services,4,91,Churned,2024-06-01
13563,2024-07-28,USA,NY,SMB,Retail,1,5,Active,2025-01-20
13564,2025-07-09,USA,NY,Mid-Market,Healthcare,3,14,Active,2025-07-09
13565,2026-08-08,USA,NY,SMB,Manufacturing,2,71,Active,2026-08-08
13566,2024-05-30,USA,KY,SMB,Financial Services,2,17,Active,2024-05-30
13567,2024-04-12,USA,WA,SMB,Manufacturing,2,,Active,2026-02-09
13568,2026-07-05,UK,TN,Enterprise,Professional Services,1,26,Churned,2026-07-05
13569,2026-07-30,USA,TN,SMB,Financial Services,1,57,Active,2026-07-30
13570,2024-06-12,USA,NY,Enterprise,Technology,4,31,Active,2024-07-21
13571,2025-01-26,USA,IL,SMB,Financial Services,1,85,Active,2025-01-26
13572,2025-09-02,USA,FL,SMB,Technology,4,95,Active,2025-09-02
13573,2024-07-09,USA,PA,SMB,Retail,4,42,Churned,2024-07-09
13574,2024-11-13,USA,CA,Mid-Market,Technology,1,57,Active,2024-11-13
13575,2025-01-20,USA,KY,SMB,Education,5,60,Active,2025-01-20
13576,2025-09-16,USA,VA,SMB,Professional Services,4,,Active,2025-09-16
13577,2024-10-27,USA,KY,SMB,Professional Services,4,49,Active,2024-10-27
13578,2025-02-05,Canada,NY,SMB,Financial Services,4,22,Active,2025-02-05
13579,2024-10-09,USA,VA,SMB,Healthcare,3,97,Active,2024-10-09
13580,2026-01-09,USA,GA,SMB,Healthcare,8,53,Active,
13581,2024-05-29,USA,KY,SMB,Education,1,43,Active,2024-05-29
13582,2024-08-12,USA,TN,Enterprise,Financial Services,1,21,Active,2025-07-25
13583,2024-08-31,USA,KY,SMB,Professional Services,4,15,Active,2024-08-31
13584,2026-06-01,Canada,CO,SMB,Government,1,9,Active,2026-06-01
13585,2026-07-08,USA,TN,SMB,Healthcare,3,,Churned,2026-07-08
13586,2025-05-02,USA,PA,SMB,Retail,2,63,Active,2025-05-02
13587,2024-06-01,Canada,OH,Mid-Market,Manufacturing,2,94,Active,2024-10-15
13588,2026-01-06,USA,FL,SMB,Manufacturing,5,67,Churned,2026-02-19
13589,2025-04-24,USA,TN,SMB,Manufacturing,1,17,Active,2025-04-24
13590,2026-04-07,UK,NY,Mid-Market,Financial Services,1,8,Active,2026-04-07
13591,2024-12-16,USA,CO,SMB,Professional Services,3,52,Active,2024-12-16
13592,2026-08-30,Canada,GA,Enterprise,Technology,4,51,Active,2026-08-30
13593,2026-02-25,USA,TX,Enterprise,Healthcare,4,8,Active,2026-02-25
13594,2024-08-06,Australia,KY,SMB,Healthcare,1,58,Active,2025-12-15
13595,2025-12-07,Canada,IL,SMB,Education,5,11,Active,2025-12-07
13596,2024-10-06,USA,MI,SMB,Healthcare,3,64,Churned,2024-11-08
13597,2024-12-06,Australia,TX,SMB,Professional Services,4,99,Active,2024-12-06
13598,2024-08-31,USA,GA,SMB,Manufacturing,1,1,Active,2024-08-31
13599,2025-10-26,Canada,CO,Mid-Market,Professional Services,2,28,Active,2025-10-26
13600,2024-09-13,USA,GA,SMB,Education,3,80,Active,2025-05-16
13601,2025-09-14,USA,MI,SMB,Professional Services,3,74,Churned,2025-09-14
13602,2025-07-21,USA,NC,SMB,Education,1,53,Active,2025-07-21
13603,2026-01-01,USA,PA,Enterprise,Technology,3,94,Active,2026-01-01
13604,2026-08-25,USA,,Enterprise,Financial Services,3,42,Churned,2026-08-25
13605,2024-01-09,USA,IL,SMB,Education,2,67,Active,2024-05-15
13606,2026-08-22,USA,CA,Mid-Market,Technology,3,44,Active,2026-08-22
13607,2024-04-16,Canada,TX,SMB,Manufacturing,1,97,Active,2024-04-16
13608,2025-05-28,UK,VA,Mid-Market,Manufacturing,5,46,Churned,2025-05-28
13609,2024-11-28,USA,NY,Mid-Market,Financial Services,3,12,Active,2024-11-28
13610,2025-09-14,USA,CO,Enterprise,Retail,3,86,Active,2025-09-14
13611,2025-12-03,USA,PA,SMB,Healthcare,6,41,Active,2025-12-03
13612,2026-04-17,Australia,CO,SMB,Retail,3,69,Active,2026-04-17
13613,2025-01-26,Canada,CA,Enterprise,Manufacturing,1,41,Active,2025-01-26
13614,2026-06-27,UK,NY,SMB,Professional Services,3,29,Active,2026-06-27
13615,2024-11-10,USA,CO,SMB,Manufacturing,7,25,Active,2026-05-09
13616,2024-07-17,USA,TX,Mid-Market,Professional Services,1,2,Active,2024-10-07
13617,2025-01-04,USA,,Mid-Market,Government,3,10,Active,2025-01-04
13618,2025-05-29,USA,NC,Mid-Market,Healthcare,1,38,Active,2025-07-09
13619,2025-10-12,USA,FL,Mid-Market,Technology,4,78,Active,2025-10-12
13620,2026-03-22,USA,CO,Mid-Market,Retail,3,19,Active,2026-03-22
13621,2024-08-07,USA,KY,SMB,Professional Services,6,70,Active,2025-09-21
13622,2024-10-22,USA,IL,Mid-Market,Manufacturing,3,61,Active,2024-10-22
13623,2026-07-03,USA,CA,Mid-Market,Healthcare,1,69,Churned,2026-07-03
13624,2025-03-04,USA,WA,Enterprise,Financial Services,3,65,Active,2025-03-04
13625,2024-08-23,USA,NC,SMB,Technology,5,86,Churned,2024-08-23
13626,2026-08-17,USA,NC,SMB,Healthcare,1,33,Churned,2026-08-17
13627,2025-03-13,USA,TX,Mid-Market,Retail,1,67,Active,2025-03-13
13628,2026-08-17,USA,TN,SMB,Professional Services,4,87,Churned,2026-08-17
13629,2026-06-14,USA,WA,SMB,Healthcare,3,67,Active,2026-06-14
13630,2026-06-01,USA,FL,Mid-Market,Technology,1,99,Active,2026-06-01
13631,2025-07-20,USA,VA,SMB,Technology,1,83,Active,2025-07-20
13632,2026-02-16,USA,CO,SMB,Retail,2,47,Active,2026-02-16
13633,2026-07-24,USA,CA,SMB,Healthcare,3,78,Active,2026-07-24
13634,2024-09-19,USA,TN,SMB,Healthcare,2,48,Active,2025-06-03
13635,2024-02-06,Canada,PA,Mid-Market,Government,2,91,Active,2025-04-21
13636,2024-11-08,USA,VA,SMB,Technology,4,,Active,2024-11-08
13637,2025-09-12,USA,VA,SMB,Retail,1,100,Active,2025-09-12
13638,2025-06-17,USA,CA,SMB,Professional Services,3,88,Active,2025-06-17
13639,2024-03-19,USA,CO,SMB,Healthcare,2,30,Active,2024-07-25
13640,2025-06-30,USA,FL,SMB,Healthcare,2,15,Active,2026-07-09
13641,2024-06-18,USA,TN,SMB,Financial Services,3,58,Active,2024-06-18
13642,2025-05-07,USA,NC,SMB,Education,3,63,Active,2026-05-04
13643,2025-07-14,USA,PA,SMB,Retail,6,38,Churned,2025-07-14
13644,2025-09-12,UK,FL,SMB,Technology,1,65,Active,2025-09-12
13645,2025-02-05,UK,FL,SMB,Financial Services,1,54,Active,2025-02-05
13646,2025-02-01,USA,CO,SMB,Education,2,35,Churned,2025-04-06
13647,2025-10-22,USA,NC,SMB,Professional Services,3,48,Active,2025-10-22
13648,2025-12-30,USA,TX,SMB,Retail,1,10,Active,2025-12-30
13649,2026-02-25,USA,CA,SMB,Financial Services,5,55,Active,2026-02-25
13650,2024-11-20,USA,PA,SMB,Technology,4,66,Active,2024-11-20
13651,2025-02-17,USA,PA,Mid-Market,Financial Services,2,97,Active,2026-06-05
13652,2024-11-18,Australia,,SMB,Healthcare,2,35,Active,2024-11-23
13653,2025-05-28,USA,,Mid-Market,Technology,1,9,Active,2025-05-28
13654,2024-05-03,UK,TX,Mid-Market,Manufacturing,3,,Active,2024-07-22
13655,2025-02-22,Australia,OH,SMB,Education,3,88,Active,2025-02-22
13656,2024-07-02,USA,OH,SMB,Retail,5,92,Active,2024-07-22
13657,2025-06-02,USA,CO,SMB,Financial Services,3,79,Active,2026-01-22
13658,2026-04-08,USA,KY,SMB,Technology,1,49,Active,2026-04-08
13659,2026-08-17,USA,NY,SMB,Technology,1,99,Active,2026-08-17
13660,2025-03-10,UK,NC,SMB,Retail,1,71,Active,2025-03-10
13661,2024-02-24,Australia,NY,Mid-Market,Manufacturing,6,23,Active,2025-08-05
13662,2024-08-09,USA,CA,SMB,Healthcare,4,31,Churned,2025-03-18
13663,2024-04-12,USA,TN,Mid-Market,Manufacturing,4,95,Churned,2024-08-26
13664,2026-01-09,Canada,TN,Mid-Market,Government,4,15,Active,2026-02-10
13665,2026-08-17,USA,NY,SMB,Healthcare,1,72,Active,2026-08-17
13666,2025-06-23,USA,MI,Enterprise,Technology,4,,Active,2025-06-23
13667,2024-06-21,USA,MI,Enterprise,Healthcare,4,70,Active,2026-04-15
13668,2024-01-21,USA,IL,SMB,Retail,1,35,Active,2025-05-07
13669,2026-08-08,USA,TX,SMB,Education,2,2,Active,2026-08-08
13670,2024-11-04,USA,WA,SMB,Technology,3,6,Active,2024-11-04
13671,2024-04-19,USA,CA,SMB,Healthcare,5,19,Active,2024-04-19
13672,2024-06-21,USA,MI,SMB,Manufacturing,1,100,Active,2026-01-05
13673,2024-09-05,USA,OH,SMB,Healthcare,5,98,Churned,2026-01-01
13674,2025-09-30,Canada,NC,SMB,Retail,6,24,Active,2025-09-30
13675,2026-05-18,USA,KY,Mid-Market,Education,6,31,Active,2026-05-18
13676,2024-09-24,UK,FL,SMB,Financial Services,1,13,Churned,2025-05-28
13677,2025-10-31,USA,PA,SMB,Manufacturing,1,51,Active,2025-10-31
13678,2024-03-04,USA,WA,SMB,Manufacturing,3,83,Active,2024-07-05
13679,2024-01-10,USA,GA,Mid-Market,Professional Services,2,54,Active,2024-04-03
13680,2024-02-23,Canada,FL,Mid-Market,Healthcare,1,80,Active,2024-03-03
13681,2026-06-18,USA,GA,SMB,Manufacturing,4,98,Active,
13682,2025-07-20,USA,NC,Mid-Market,Healthcare,1,100,Active,2025-07-20
13683,2026-02-23,Australia,WA,SMB,Healthcare,2,34,Active,2026-02-23
13684,2024-01-22,USA,CA,Mid-Market,Financial Services,6,25,Active,2024-03-31
13685,2024-01-22,USA,CA,Mid-Market,Technology,2,49,Active,2024-01-22
13686,2026-04-06,USA,TX,SMB,Healthcare,6,5,Active,2026-04-06
13687,2024-04-09,USA,MI,Mid-Market,Government,2,46,Active,
13688,2024-05-31,USA,MI,Enterprise,Manufacturing,2,73,Active,2026-02-10
13689,2025-05-20,Canada,MI,Mid-Market,Professional Services,1,20,Active,2025-05-20
13690,2025-08-13,UK,,SMB,Financial Services,2,81,Active,2025-08-13
13691,2024-08-10,USA,KY,Mid-Market,Retail,2,86,Active,2024-10-21
13692,2025-03-09,Canada,OH,SMB,Education,4,36,Active,2025-03-09
13693,2025-10-19,Canada,OH,Mid-Market,Retail,6,31,Active,2025-10-19
13694,2025-03-07,USA,IL,Mid-Market,Manufacturing,1,94,Active,2026-01-19
13695,2025-01-07,Canada,NC,SMB,Professional Services,1,82,Active,2026-04-22
13696,2024-03-10,USA,MI,SMB,Technology,3,78,Churned,2026-02-28
13697,2025-03-16,USA,VA,SMB,Professional Services,2,34,Churned,2025-03-16
13698,2026-02-20,Australia,CO,SMB,Healthcare,1,41,Active,2026-02-20
13699,2025-09-02,USA,TN,SMB,Technology,1,70,Active,2025-09-02
13700,2026-05-19,USA,IL,SMB,Technology,1,72,Active,2026-05-19
13701,2024-05-02,USA,GA,Mid-Market,Technology,3,25,Active,2024-11-22
13702,2024-01-11,USA,CA,SMB,Technology,1,1,Active,2024-12-07
13703,2025-06-17,USA,FL,SMB,Education,4,6,Active,2025-06-17
13704,2024-06-22,USA,NY,Mid-Market,Professional Services,2,34,Active,2024-06-22
13705,2025-08-01,USA,KY,SMB,Financial Services,2,47,Active,2025-08-01
13706,2026-05-30,USA,OH,SMB,Healthcare,3,17,Active,2026-05-30
13707,2024-11-24,USA,OH,Mid-Market,Healthcare,1,4,Active,2024-11-24
13708,2025-06-19,USA,KY,Enterprise,Healthcare,5,,Active,2025-06-19
13709,2025-10-25,UK,IL,Mid-Market,Technology,3,88,Active,2025-10-25
13710,2024-05-26,USA,CO,SMB,Retail,5,21,Active,2025-05-06
13711,2026-05-24,USA,CA,SMB,Retail,2,67,Active,2026-05-24
13712,2024-07-16,Australia,MI,Enterprise,Professional Services,2,72,Active,2024-07-16
13713,2026-02-26,USA,MI,Mid-Market,Professional Services,1,63,Churned,2026-02-26
13714,2025-10-04,USA,TX,Mid-Market,Manufacturing,3,83,Active,2025-10-04
13715,2024-05-17,USA,OH,Mid-Market,Manufacturing,3,29,Active,2026-02-09
13716,2025-12-06,UK,,SMB,Financial Services,2,19,Churned,2025-12-06
13717,2024-07-10,USA,GA,SMB,Manufacturing,1,17,Churned,2024-07-10
13718,2025-08-06,Australia,WA,Mid-Market,Retail,1,42,Active,2025-08-06
13719,2026-07-23,Australia,MI,Enterprise,Healthcare,1,53,Active,2026-07-23
13720,2026-07-17,UK,CA,SMB,Education,2,60,Active,2026-07-17
13721,2026-04-28,Canada,NY,Mid-Market,Manufacturing,3,89,Active,2026-04-28
13722,2025-04-26,USA,TX,SMB,Financial Services,7,15,Active,2025-04-26
13723,2025-06-28,Australia,TN,Enterprise,Technology,1,62,Active,2025-06-28
13724,2024-10-19,USA,KY,SMB,Manufacturing,1,37,Active,2024-10-19
13725,2026-06-16,Canada,TN,Mid-Market,Retail,1,70,Active,2026-06-16
13726,2025-04-09,USA,FL,SMB,Financial Services,1,20,Active,2025-04-09
13727,2026-01-21,USA,FL,Mid-Market,Healthcare,3,2,Active,
13728,2024-12-16,USA,CA,Mid-Market,Manufacturing,1,57,Active,2025-07-17
13729,2025-12-22,Australia,IL,SMB,Retail,8,31,Active,
13730,2024-08-06,USA,PA,Mid-Market,Healthcare,5,91,Active,2025-02-07
13731,2025-12-15,USA,NC,Enterprise,Professional Services,2,74,Active,
13732,2024-02-14,USA,,Enterprise,Professional Services,6,47,Active,
13733,2024-04-12,USA,CA,SMB,Manufacturing,3,39,Active,
13734,2024-12-09,USA,,Mid-Market,Professional Services,8,68,Churned,2026-03-01
13735,2025-04-14,USA,PA,Mid-Market,Manufacturing,1,47,Active,2025-04-14
13736,2025-11-23,USA,TX,Mid-Market,Financial Services,8,73,Active,2025-11-23
13737,2024-12-15,UK,IL,SMB,Manufacturing,1,74,Active,2024-12-15
13738,2024-01-18,Australia,TX,Mid-Market,Retail,2,100,Active,2025-08-30
13739,2024-11-12,USA,NC,SMB,Manufacturing,6,32,Churned,2024-11-12
13740,2025-03-03,USA,KY,SMB,Government,2,63,Active,2025-03-03
13741,2025-06-13,USA,GA,SMB,Retail,1,50,Active,2025-06-13
13742,2025-09-19,USA,NY,SMB,Financial Services,1,19,Active,2025-09-19
13743,2024-08-29,USA,IL,SMB,Healthcare,1,24,Active,2024-12-17
13744,2025-08-17,Canada,FL,SMB,Professional Services,2,2,Churned,2025-08-17
13745,2025-09-07,USA,PA,Mid-Market,Healthcare,2,30,Active,2026-01-31
13746,2026-01-26,Canada,,SMB,Professional Services,3,14,Active,2026-01-26
13747,2025-05-23,USA,TN,SMB,Healthcare,4,19,Active,2025-05-23
13748,2026-02-28,Australia,,Mid-Market,Education,1,13,Active,2026-02-28
13749,2024-08-03,USA,NC,Enterprise,Retail,4,1,Active,2025-03-26
13750,2025-11-24,Canada,CA,Enterprise,Financial Services,3,53,Active,2025-11-24
13751,2024-02-14,USA,VA,Mid-Market,Financial Services,4,94,Active,2024-03-21
13752,2024-04-10,USA,PA,Enterprise,Healthcare,4,44,Active,2025-06-11
13753,2026-04-22,USA,CO,Mid-Market,Healthcare,5,51,Active,2026-04-22
13754,2025-04-07,USA,CO,Enterprise,Healthcare,1,62,Active,2026-05-12
13755,2025-08-27,UK,CA,Enterprise,Technology,3,59,Active,2026-05-27
13756,2025-08-10,Canada,TN,SMB,Technology,5,8,Active,2025-08-10
13757,2025-11-07,USA,FL,Enterprise,Retail,4,45,Active,2025-11-07
13758,2024-08-27,USA,GA,Mid-Market,Technology,1,83,Active,2024-10-01
13759,2024-06-22,Australia,NY,Mid-Market,Education,3,22,Active,2024-06-22
13760,2024-02-11,USA,OH,Enterprise,Government,4,11,Active,2024-07-14
13761,2026-04-22,USA,IL,SMB,Manufacturing,1,65,Active,2026-04-22
13762,2024-08-05,USA,CO,SMB,Retail,3,69,Active,2024-08-05
13763,2025-07-14,Canada,KY,Mid-Market,Government,4,73,Active,
13764,2025-03-19,USA,NC,Mid-Market,Government,3,70,Active,2025-03-19
13765,2024-06-07,USA,WA,Enterprise,Professional Services,1,30,Active,
13766,2025-02-07,USA,TX,Enterprise,Technology,3,57,Active,2025-02-07
13767,2024-03-22,USA,PA,Mid-Market,Technology,3,86,Active,2025-12-26
13768,2024-06-21,USA,TN,Enterprise,Professional Services,2,18,Active,2024-11-04
13769,2024-05-16,UK,VA,SMB,Manufacturing,3,70,Active,2024-07-04
13770,2026-03-13,Canada,TN,Enterprise,Financial Services,2,62,Active,2026-03-13
13771,2025-07-06,Australia,GA,SMB,Government,5,28,Churned,2025-07-06
13772,2026-06-20,USA,NC,Mid-Market,Professional Services,4,93,Active,2026-06-20
13773,2025-02-28,USA,CO,SMB,Healthcare,4,17,Active,2025-02-28
13774,2024-07-15,USA,IL,Mid-Market,Healthcare,3,,Active,2024-07-15
13775,2025-08-15,UK,FL,SMB,Professional Services,1,57,Churned,2025-08-15
13776,2026-06-24,USA,CA,SMB,Retail,4,13,Active,2026-06-24
13777,2025-06-02,USA,NY,Mid-Market,Technology,1,45,Active,2025-06-02
13778,2024-01-18,USA,TX,Mid-Market,Healthcare,3,34,Active,2024-03-25
13779,2024-10-22,USA,TN,SMB,Financial Services,1,42,Active,2024-12-26
13780,2026-06-19,UK,MI,Mid-Market,Education,3,79,Active,2026-06-19
13781,2025-05-19,USA,NY,SMB,Government,3,65,Active,2025-05-19
13782,2026-07-16,USA,MI,SMB,Manufacturing,2,20,Active,2026-07-16
13783,2025-05-11,USA,NC,SMB,Healthcare,2,75,Churned,2025-05-11
13784,2024-01-12,USA,CA,Mid-Market,Financial Services,1,72,Active,2024-01-28
13785,2026-04-30,Australia,TN,Mid-Market,Financial Services,2,10,Active,2026-04-30
13786,2026-01-13,Canada,PA,Mid-Market,Professional Services,2,92,Active,2026-02-12
13787,2025-11-27,Australia,VA,Mid-Market,Retail,5,1,Active,2025-11-27
13788,2026-08-02,USA,CO,Mid-Market,Government,5,29,Active,2026-08-02
13789,2024-07-10,USA,KY,Mid-Market,Professional Services,7,,Active,2024-07-13
13790,2026-06-01,USA,CA,Enterprise,Manufacturing,1,10,Active,2026-06-01
13791,2024-08-14,USA,KY,SMB,Healthcare,1,67,Churned,2024-08-14
13792,2026-08-03,USA,OH,SMB,Government,2,47,Active,2026-08-03
13793,2024-07-05,USA,CO,SMB,Healthcare,3,82,Active,2024-07-05
13794,2025-06-20,USA,CA,Mid-Market,Professional Services,4,32,Active,2025-06-20
13795,2026-02-07,USA,TN,SMB,Retail,4,86,Active,2026-02-07
13796,2024-03-17,Canada,TN,SMB,Retail,2,51,Active,2024-06-26
13797,2024-03-05,USA,CA,Enterprise,Retail,3,1,Active,
13798,2026-04-07,USA,TN,Enterprise,Retail,7,31,Churned,2026-04-07
13799,2024-02-28,USA,CO,SMB,Technology,1,37,Active,2025-08-02
13800,2025-08-20,USA,MI,SMB,Technology,4,51,Active,2025-08-20
13801,2026-07-02,UK,CO,SMB,Financial Services,4,71,Active,2026-07-02
13802,2025-08-21,USA,MI,SMB,Manufacturing,1,16,Active,2025-12-08
13803,2025-04-13,USA,TN,Enterprise,Retail,6,81,Active,2025-04-13
13804,2025-02-10,USA,VA,Mid-Market,Professional Services,5,18,Active,2025-02-10
13805,2025-09-13,USA,MI,SMB,Professional Services,4,100,Churned,2025-09-13
13806,2025-07-10,USA,MI,SMB,Technology,1,39,Active,
13807,2025-05-03,USA,FL,SMB,Government,1,94,Churned,2025-09-01
13808,2024-05-29,USA,WA,SMB,Retail,3,9,Active,2024-05-29
13809,2025-10-07,USA,OH,SMB,Healthcare,1,21,Active,2025-10-07
13810,2025-12-21,USA,IL,Mid-Market,Healthcare,1,99,Active,2025-12-21
13811,2025-11-21,UK,TX,SMB,Professional Services,2,17,Churned,2025-11-21
13812,2024-03-14,USA,CO,Enterprise,Retail,1,33,Active,2024-04-10
13813,2025-11-15,USA,CO,SMB,Professional Services,4,57,Active,2025-11-15
13814,2025-12-11,USA,CO,Mid-Market,Manufacturing,3,20,Active,2025-12-11
13815,2024-06-27,Canada,TN,SMB,Healthcare,1,35,Churned,2024-07-08
13816,2026-04-06,USA,TX,SMB,Manufacturing,3,71,Active,2026-04-06
13817,2025-05-25,USA,CA,Enterprise,Technology,1,48,Active,2025-05-25
13818,2025-04-05,UK,WA,Mid-Market,Manufacturing,1,43,Active,2025-04-05
13819,2025-12-04,USA,VA,SMB,Professional Services,2,68,Active,2025-12-04
13820,2025-05-11,USA,WA,SMB,Technology,2,96,Churned,2025-05-11
13821,2025-06-14,USA,CO,Mid-Market,Retail,2,85,Active,2025-06-14
13822,2024-10-31,UK,TX,Enterprise,Technology,3,6,Active,2026-03-23
13823,2026-06-22,USA,OH,Mid-Market,Retail,2,63,Active,2026-06-22
13824,2026-08-02,USA,VA,SMB,Professional Services,3,48,Active,2026-08-02
13825,2024-05-07,UK,PA,SMB,Retail,2,,Churned,2024-05-07
13826,2025-12-15,Canada,KY,SMB,Technology,4,24,Active,2025-12-15
13827,2024-01-23,USA,IL,SMB,Retail,3,27,Active,
13828,2024-12-25,USA,CA,Mid-Market,Healthcare,1,71,Active,2024-12-25
13829,2026-08-02,USA,PA,Mid-Market,Technology,3,98,Active,2026-08-02
13830,2024-06-19,Canada,VA,SMB,Retail,4,55,Active,2024-06-19
13831,2025-01-02,USA,IL,Mid-Market,Technology,1,21,Active,2025-01-02
13832,2024-08-01,USA,TN,Mid-Market,Manufacturing,3,24,Active,2025-08-01
13833,2025-12-10,UK,MI,Mid-Market,Healthcare,4,19,Active,2025-12-10
13834,2025-03-27,USA,VA,SMB,Financial Services,1,53,Active,2025-03-27
13835,2025-07-31,USA,KY,SMB,Technology,5,71,Active,2025-07-31
13836,2026-07-07,UK,NY,SMB,Manufacturing,2,78,Churned,2026-07-07
13837,2025-05-22,USA,TX,SMB,Manufacturing,4,65,Churned,2025-05-22
13838,2025-12-16,UK,GA,SMB,Healthcare,5,98,Active,2025-12-16
13839,2024-04-05,USA,NY,SMB,Retail,8,90,Active,2025-08-09
13840,2024-07-28,USA,IL,SMB,Technology,3,23,Active,2024-08-01
13841,2026-07-11,USA,PA,SMB,Professional Services,4,92,Active,2026-07-11
13842,2026-04-17,USA,WA,Enterprise,Technology,1,6,Churned,2026-04-17
13843,2025-10-01,USA,VA,Mid-Market,Manufacturing,1,75,Active,2025-10-01
13844,2025-01-03,USA,TN,SMB,Manufacturing,5,57,Active,2025-01-03
13845,2024-07-13,USA,CA,Enterprise,Technology,2,3,Active,2024-08-29
13846,2026-04-09,USA,FL,SMB,Education,4,31,Active,2026-04-09
13847,2026-02-03,USA,WA,SMB,Financial Services,1,87,Active,2026-02-03
13848,2024-08-23,USA,GA,Mid-Market,Technology,1,75,Active,2024-11-08
13849,2025-07-28,USA,CO,SMB,Financial Services,1,57,Active,2025-07-28
13850,2025-08-25,USA,KY,SMB,Healthcare,3,77,Churned,2025-10-04
13851,2025-04-10,USA,IL,SMB,Healthcare,1,20,Active,2025-04-10
13852,2026-06-21,USA,NY,SMB,Healthcare,2,19,Active,2026-06-21
13853,2024-04-30,Canada,WA,Mid-Market,Retail,8,62,Active,2024-04-30
13854,2024-09-08,Canada,TX,SMB,Healthcare,4,45,Active,2024-09-08
13855,2024-04-02,USA,NY,SMB,Healthcare,4,23,Churned,2024-04-02
13856,2025-11-05,USA,VA,SMB,Healthcare,1,3,Active,2025-11-05
13857,2025-09-19,USA,OH,SMB,Healthcare,2,44,Active,2025-09-19
13858,2026-08-19,USA,KY,SMB,Retail,3,73,Churned,2026-08-19
13859,2025-06-12,USA,,Enterprise,Professional Services,1,39,Active,2025-06-12
13860,2024-05-26,USA,PA,Mid-Market,Manufacturing,2,55,Active,2026-04-20
13861,2025-03-15,USA,IL,SMB,Healthcare,6,20,Churned,2025-03-15
13862,2024-03-27,USA,OH,Mid-Market,Retail,1,98,Active,2024-04-28
13863,2025-10-15,UK,KY,SMB,Manufacturing,5,81,Active,2025-10-15
13864,2025-10-18,USA,CO,SMB,Financial Services,1,34,Active,2025-10-18
13865,2026-04-15,Canada,CO,SMB,Retail,1,49,Active,2026-04-15
13866,2024-11-26,USA,FL,SMB,Retail,1,66,Active,2025-06-14
13867,2024-10-29,Canada,NC,Mid-Market,Manufacturing,6,15,Active,2025-01-15
13868,2024-03-10,USA,TN,Enterprise,Technology,3,58,Active,2024-04-02
13869,2025-02-08,USA,VA,SMB,Manufacturing,4,24,Active,2025-02-08
13870,2025-04-07,USA,GA,SMB,Healthcare,2,56,Active,2025-04-07
13871,2026-01-04,USA,,Mid-Market,Healthcare,5,50,Active,2026-01-04
13872,2026-01-04,USA,NY,SMB,Professional Services,3,43,Active,2026-01-04
13873,2024-05-16,USA,MI,SMB,Technology,3,64,Active,
13874,2024-10-04,USA,CO,Enterprise,Technology,4,38,Active,2025-04-21
13875,2025-05-13,USA,FL,Mid-Market,Professional Services,4,78,Active,2025-05-13
13876,2024-11-22,Australia,NY,Enterprise,Manufacturing,3,24,Active,2026-04-23
13877,2024-01-25,USA,NC,SMB,Healthcare,1,5,Active,2026-04-06
13878,2026-04-03,USA,FL,SMB,Technology,5,70,Active,2026-04-03
13879,2025-12-13,USA,IL,SMB,Financial Services,1,60,Active,
13880,2025-05-21,UK,PA,Enterprise,Technology,8,71,Active,2025-08-01
13881,2024-11-05,UK,FL,SMB,Retail,2,39,Active,2024-11-05
13882,2026-03-31,USA,KY,SMB,Healthcare,1,67,Active,2026-03-31
13883,2024-02-04,USA,MI,SMB,Healthcare,2,5,Active,2024-02-05
13884,2025-03-10,USA,IL,Mid-Market,Retail,3,98,Active,2025-03-10
13885,2026-02-19,USA,FL,Mid-Market,Technology,2,89,Active,2026-02-19
13886,2026-07-17,USA,KY,Mid-Market,Financial Services,4,33,Active,2026-07-17
13887,2024-09-01,USA,FL,SMB,Healthcare,3,31,Active,2024-11-14
13888,2025-09-25,USA,MI,Mid-Market,Retail,1,17,Active,2026-01-01
13889,2024-07-03,USA,TX,SMB,Professional Services,3,97,Active,2024-07-03
13890,2024-04-22,USA,CO,SMB,Education,4,6,Churned,2024-04-22
13891,2024-12-09,USA,KY,SMB,Technology,5,83,Active,2025-03-12
13892,2026-05-12,USA,OH,SMB,Manufacturing,2,14,Active,2026-05-12
13893,2025-11-02,USA,TN,SMB,Manufacturing,6,97,Active,2025-11-02
13894,2025-04-21,UK,OH,Enterprise,Financial Services,1,27,Active,
13895,2024-10-02,USA,KY,SMB,Healthcare,3,44,Active,2024-10-02
13896,2024-05-17,USA,IL,SMB,Healthcare,4,6,Churned,2024-09-25
13897,2024-09-20,USA,NY,Mid-Market,Professional Services,2,30,Active,2024-09-20
13898,2024-05-28,Canada,VA,Mid-Market,Manufacturing,1,95,Churned,2024-10-07
13899,2024-07-01,USA,GA,SMB,Healthcare,3,60,Active,2024-07-01
13900,2025-10-31,USA,VA,Mid-Market,Manufacturing,2,33,Active,2025-10-31
13901,2024-05-09,USA,VA,SMB,Financial Services,1,90,Churned,2025-06-19
13902,2024-02-16,USA,NY,SMB,Manufacturing,1,94,Active,2026-04-23
13903,2025-06-12,USA,VA,Mid-Market,Technology,4,42,Active,2025-06-12
13904,2024-10-06,USA,GA,Mid-Market,Professional Services,1,38,Active,2024-10-06
13905,2025-03-18,USA,NY,SMB,Technology,2,84,Active,2025-03-18
13906,2024-05-16,USA,IL,SMB,Professional Services,7,55,Active,2024-05-16
13907,2024-07-23,USA,OH,SMB,Financial Services,4,29,Churned,2024-07-23
13908,2025-03-05,USA,OH,SMB,Technology,3,60,Churned,2025-03-05
13909,2025-11-03,USA,PA,Enterprise,Professional Services,3,37,Active,2025-11-03
13910,2025-02-07,USA,NC,SMB,Retail,1,40,Active,2025-02-07
13911,2025-06-11,USA,KY,Enterprise,Education,2,67,Churned,2025-06-11
13912,2025-05-23,Australia,CA,SMB,Government,1,36,Churned,2025-05-23
13913,2024-09-18,USA,CO,Mid-Market,Technology,1,53,Active,2026-02-27
13914,2024-09-29,USA,TX,SMB,Financial Services,1,67,Active,2025-01-18
13915,2025-02-18,USA,CA,SMB,Financial Services,3,91,Active,2025-07-16
13916,2024-02-01,Canada,MI,SMB,Technology,1,91,Churned,2024-06-30
13917,2025-10-29,USA,KY,SMB,Professional Services,1,89,Active,2025-10-29
13918,2025-08-21,USA,FL,Enterprise,Healthcare,5,75,Churned,2025-08-21
13919,2024-10-25,USA,TX,Mid-Market,Retail,1,46,Active,2024-11-28
13920,2024-12-30,USA,NY,Mid-Market,Financial Services,4,45,Active,2025-06-21
13921,2024-11-16,USA,KY,SMB,Manufacturing,2,7,Churned,2024-11-16
13922,2025-09-26,USA,CO,Mid-Market,Education,3,79,Active,2025-09-26
13923,2026-01-09,USA,OH,Mid-Market,Manufacturing,1,94,Active,2026-01-09
13924,2024-04-15,Australia,,Mid-Market,Manufacturing,1,64,Active,2025-04-07
13925,2025-02-06,USA,VA,Mid-Market,Technology,4,94,Churned,2025-04-27
13926,2024-01-14,USA,MI,Mid-Market,Manufacturing,2,52,Active,2025-02-11
13927,2025-03-16,UK,GA,SMB,Technology,1,12,Active,2025-04-07
13928,2024-08-29,Australia,MI,Enterprise,Healthcare,2,89,Active,2024-08-29
13929,2024-11-23,USA,KY,SMB,Healthcare,3,41,Active,2024-11-23
13930,2025-03-20,USA,IL,SMB,Professional Services,1,51,Active,2025-03-20
13931,2024-11-11,USA,TN,Enterprise,Manufacturing,3,62,Active,2024-11-11
13932,2025-01-18,USA,OH,SMB,Retail,3,44,Active,2025-01-18
13933,2026-01-14,USA,NY,SMB,Manufacturing,3,44,Active,2026-01-14
13934,2026-02-28,USA,GA,SMB,Technology,4,67,Active,2026-02-28
13935,2024-01-06,USA,FL,SMB,Healthcare,2,32,Active,2024-01-12
13936,2025-01-03,USA,FL,Enterprise,Manufacturing,5,44,Active,
13937,2026-04-04,UK,NY,Mid-Market,Healthcare,2,15,Churned,2026-04-04
13938,2025-05-31,USA,TN,SMB,Professional Services,2,29,Active,2025-05-31
13939,2024-07-18,USA,IL,Enterprise,Technology,3,73,Active,2025-06-02
13940,2025-08-01,USA,TX,Mid-Market,Professional Services,3,52,Active,2025-08-01
13941,2024-05-21,Canada,IL,Enterprise,Education,1,37,Active,2024-05-21
13942,2024-01-22,USA,KY,SMB,Professional Services,8,94,Active,2024-07-28
13943,2025-09-07,USA,KY,SMB,Retail,6,21,Active,2025-09-07
13944,2025-05-16,USA,TN,SMB,Healthcare,1,51,Active,2026-07-07
13945,2026-01-06,USA,MI,SMB,Professional Services,3,7,Active,2026-01-06
13946,2024-12-01,USA,CA,Mid-Market,Professional Services,4,99,Active,2024-12-01
13947,2026-04-12,Canada,OH,SMB,Professional Services,6,85,Churned,2026-04-12
13948,2025-02-14,USA,KY,SMB,Government,3,83,Active,2025-02-14
13949,2025-12-19,USA,OH,Mid-Market,Technology,1,27,Active,2025-12-19
13950,2024-04-07,USA,GA,SMB,Manufacturing,3,49,Active,2025-03-25
13951,2024-04-04,USA,GA,SMB,Education,1,46,Active,2024-10-30
13952,2026-02-01,Canada,IL,Mid-Market,Healthcare,3,34,Active,
13953,2026-03-23,USA,NC,Enterprise,Education,3,3,Active,2026-03-23
13954,2026-07-06,USA,CO,SMB,Professional Services,3,65,Active,2026-07-06
13955,2024-11-12,USA,WA,Enterprise,Technology,1,2,Active,2024-11-12
13956,2024-01-22,USA,VA,Mid-Market,Retail,2,96,Active,2024-02-16
13957,2026-08-12,USA,NC,Mid-Market,Technology,3,15,Active,2026-08-12
13958,2025-08-08,USA,CO,SMB,Professional Services,2,42,Active,2026-07-09
13959,2024-08-28,USA,WA,Mid-Market,Healthcare,1,31,Active,2025-08-06
13960,2026-01-13,USA,OH,Mid-Market,Retail,1,22,Active,2026-01-13
13961,2026-05-30,Canada,NC,SMB,Technology,5,99,Active,2026-05-30
13962,2024-10-04,USA,PA,Enterprise,Professional Services,2,14,Active,2025-12-16
13963,2026-01-19,Canada,CO,Enterprise,Technology,3,81,Active,2026-01-19
13964,2026-02-06,Australia,FL,SMB,Technology,3,52,Active,2026-02-06
13965,2025-05-03,USA,VA,Mid-Market,Healthcare,4,68,Active,2025-05-03
13966,2025-09-07,USA,NY,SMB,Manufacturing,3,45,Active,2025-09-07
13967,2024-09-19,USA,VA,Mid-Market,Professional Services,1,1,Active,2024-09-19
13968,2026-06-24,USA,VA,Mid-Market,Retail,1,52,Active,2026-06-24
13969,2026-08-15,Australia,NC,SMB,Retail,1,3,Churned,2026-08-15
13970,2026-08-13,UK,PA,SMB,Retail,4,49,Active,2026-08-13
13971,2025-12-18,USA,GA,SMB,Retail,3,58,Active,2025-12-18
13972,2024-02-11,USA,TN,Enterprise,Retail,4,58,Active,2025-06-04
13973,2024-12-22,USA,MI,SMB,Education,4,71,Active,2025-01-21
13974,2025-03-09,USA,CA,Enterprise,Manufacturing,4,32,Active,2025-03-09
13975,2026-07-23,UK,CA,SMB,Technology,8,99,Active,2026-07-23
13976,2025-06-16,USA,PA,SMB,Manufacturing,3,48,Active,2025-06-16
13977,2025-06-06,USA,NC,Enterprise,Professional Services,1,70,Active,2025-11-06
13978,2024-05-22,Canada,NC,Mid-Market,Financial Services,1,43,Active,2025-09-27
13979,2026-02-12,USA,WA,SMB,Healthcare,3,37,Active,2026-02-12
13980,2024-11-23,USA,CA,SMB,Retail,4,53,Active,2024-11-23
13981,2024-03-30,USA,KY,SMB,Government,3,84,Active,2024-09-28
13982,2026-08-19,USA,TN,SMB,Technology,2,45,Active,2026-08-19
13983,2024-07-04,USA,WA,SMB,Technology,4,7,Active,2025-08-29
13984,2024-01-16,USA,TN,Mid-Market,Retail,2,66,Active,2026-06-14
13985,2024-03-16,USA,FL,SMB,Retail,1,,Active,2024-03-30
13986,2025-03-16,USA,FL,SMB,Government,4,72,Active,2025-03-16
13987,2024-04-10,Canada,CO,SMB,Manufacturing,3,84,Active,2024-04-10
13988,2026-03-31,USA,NY,SMB,Technology,1,41,Active,2026-05-04
13989,2025-05-14,UK,TN,Enterprise,Professional Services,2,93,Active,2025-05-14
13990,2024-11-11,USA,KY,SMB,Technology,3,74,Active,
13991,2024-01-04,USA,NY,SMB,Financial Services,2,68,Active,2024-09-18
13992,2025-04-12,USA,PA,Mid-Market,Retail,1,92,Active,2025-04-12
13993,2024-05-27,USA,TN,Enterprise,Healthcare,3,88,Active,2024-08-15
13994,2026-08-10,USA,IL,Mid-Market,Government,3,77,Active,2026-08-10
13995,2024-10-10,USA,OH,Mid-Market,Professional Services,1,99,Active,2025-05-20
13996,2025-04-07,USA,OH,Enterprise,Retail,3,78,Active,2025-04-07
13997,2024-01-19,USA,OH,Mid-Market,Professional Services,3,86,Active,2024-05-13
13998,2024-05-07,USA,OH,Enterprise,Healthcare,2,74,Active,2024-05-07
13999,2024-07-21,USA,VA,SMB,Healthcare,2,46,Active,2024-07-21
14000,2024-02-20,USA,MI,Mid-Market,Healthcare,2,40,Active,2024-02-28
14001,2025-12-08,USA,GA,Enterprise,Professional Services,2,81,Active,2025-12-08
14002,2026-07-09,USA,,Enterprise,Financial Services,4,96,Active,2026-07-09
14003,2026-08-17,USA,KY,SMB,Healthcare,2,59,Active,2026-08-17
14004,2024-09-15,USA,WA,Mid-Market,Financial Services,8,20,Churned,2024-09-15
14005,2026-02-07,USA,MI,SMB,Retail,2,82,Active,2026-02-07
14006,2025-05-05,USA,,Mid-Market,Manufacturing,3,30,Active,2025-05-05
14007,2024-02-14,USA,NY,SMB,Financial Services,3,74,Active,2024-05-12
14008,2024-03-29,Canada,CO,Mid-Market,Professional Services,4,21,Active,2024-10-13
14009,2025-06-17,USA,NY,Mid-Market,Government,5,86,Active,2025-06-25
14010,2025-02-16,USA,OH,SMB,Retail,3,49,Churned,
14011,2024-01-09,USA,TX,SMB,Professional Services,2,38,Active,2024-10-18
14012,2026-06-24,USA,,SMB,Professional Services,6,75,Active,2026-06-24
14013,2025-12-12,USA,KY,Mid-Market,Professional Services,6,71,Active,2025-12-12
14014,2025-05-04,USA,,Mid-Market,Healthcare,8,26,Active,2025-05-04
14015,2026-08-19,USA,NY,Mid-Market,Professional Services,1,7,Active,2026-08-19
14016,2026-08-03,USA,NC,SMB,Technology,1,97,Churned,2026-08-03
14017,2026-08-06,USA,NY,Mid-Market,Healthcare,2,98,Active,2026-08-06
14018,2024-09-09,USA,KY,Mid-Market,Education,4,67,Churned,2024-09-09
14019,2026-05-07,Canada,KY,SMB,Financial Services,1,12,Active,2026-05-07
14020,2025-05-06,USA,NC,SMB,Education,2,94,Active,2025-05-06
14021,2025-12-08,USA,TX,SMB,Technology,3,47,Active,2025-12-08
14022,2026-04-17,USA,TN,SMB,Manufacturing,1,61,Active,2026-04-17
14023,2024-06-08,USA,IL,SMB,Healthcare,4,68,Active,2024-09-29
14024,2025-03-12,USA,NY,SMB,Professional Services,1,59,Active,2025-03-12
14025,2024-05-05,USA,OH,SMB,Healthcare,4,24,Active,2024-08-01
14026,2024-09-29,Canada,CO,SMB,Professional Services,2,97,Active,2026-02-13
14027,2025-02-06,Canada,KY,SMB,Technology,3,53,Churned,
14028,2026-04-13,USA,IL,Mid-Market,Healthcare,3,95,Active,2026-04-13
14029,2026-04-20,USA,TN,SMB,Manufacturing,1,14,Active,2026-04-20
14030,2025-01-14,USA,CA,SMB,Government,2,70,Active,
14031,2024-11-16,USA,KY,Mid-Market,Professional Services,4,19,Active,2024-11-16
14032,2025-05-31,USA,GA,SMB,Healthcare,3,12,Churned,2025-12-27
14033,2026-06-07,USA,FL,SMB,Financial Services,1,88,Active,2026-06-07
14034,2026-08-09,Canada,KY,SMB,Healthcare,4,12,Active,2026-08-09
14035,2024-08-08,USA,KY,SMB,Education,1,5,Active,2024-08-08
14036,2024-06-30,USA,NY,Mid-Market,Financial Services,2,4,Active,2024-06-30
14037,2025-11-19,USA,CO,SMB,Healthcare,2,37,Churned,2025-11-19
14038,2024-10-20,USA,KY,SMB,Retail,2,15,Active,2024-10-20
14039,2024-07-13,Australia,OH,Mid-Market,Government,1,8,Active,2024-07-13
14040,2024-01-31,USA,PA,Enterprise,Retail,1,55,Active,2024-06-24
14041,2025-01-27,UK,FL,SMB,Education,1,21,Active,2025-01-27
14042,2025-01-16,Australia,WA,SMB,Healthcare,2,45,Active,2025-01-16
14043,2025-07-02,USA,IL,SMB,Technology,3,11,Active,2025-07-02
14044,2024-07-13,Canada,OH,Mid-Market,Technology,3,70,Active,2025-07-19
14045,2025-11-26,UK,PA,Mid-Market,Professional Services,1,42,Active,2025-11-26
14046,2025-10-24,USA,TN,Mid-Market,Technology,1,90,Active,2025-10-24
14047,2025-03-26,USA,FL,SMB,Healthcare,3,81,Active,2025-03-26
14048,2024-06-25,USA,GA,SMB,Retail,3,38,Active,2024-06-25
14049,2025-05-08,USA,PA,Mid-Market,Healthcare,4,34,Churned,2025-05-08
14050,2025-10-19,USA,MI,SMB,Financial Services,1,87,Churned,2025-10-19
14051,2024-12-29,USA,WA,Enterprise,Government,1,37,Active,2024-12-29
14052,2024-09-13,Canada,TN,SMB,Manufacturing,2,90,Active,2024-09-13
14053,2025-05-08,USA,MI,SMB,Professional Services,3,10,Active,2025-05-08
14054,2024-12-11,USA,PA,SMB,Healthcare,2,68,Active,2025-02-10
14055,2025-01-25,USA,MI,SMB,Professional Services,1,45,Active,2025-01-25
14056,2024-12-05,Canada,,Mid-Market,Professional Services,1,84,Active,2024-12-05
14057,2024-10-22,USA,VA,SMB,Technology,3,9,Active,2025-05-20
14058,2025-11-29,USA,FL,Mid-Market,Healthcare,1,93,Active,2025-11-29
14059,2025-03-24,USA,IL,Mid-Market,Professional Services,3,100,Active,2025-03-24
14060,2025-03-30,USA,IL,Enterprise,Professional Services,1,46,Active,2025-04-01
14061,2025-09-28,USA,TX,Mid-Market,Financial Services,2,66,Active,2025-09-28
14062,2024-12-17,Canada,TX,Enterprise,Government,1,51,Active,2024-12-17
14063,2024-04-08,USA,,Enterprise,Professional Services,8,62,Active,2025-01-30
14064,2026-04-10,USA,MI,SMB,Financial Services,1,52,Active,2026-04-10
14065,2024-02-24,Canada,TN,Enterprise,Retail,1,67,Active,2026-02-04
14066,2025-07-11,USA,GA,Enterprise,Retail,4,47,Active,2026-03-12
14067,2024-09-15,USA,PA,SMB,Manufacturing,1,99,Active,2025-04-23
14068,2024-07-27,USA,,Mid-Market,Professional Services,1,95,Active,2025-05-04
14069,2024-02-10,USA,KY,SMB,Professional Services,1,80,Active,2024-08-06
14070,2026-05-26,USA,CO,Mid-Market,Financial Services,3,10,Active,2026-05-26
14071,2025-02-22,UK,TN,SMB,Manufacturing,2,24,Active,2025-02-22
14072,2024-11-29,USA,OH,Mid-Market,Manufacturing,4,37,Churned,2024-11-29
14073,2025-12-22,USA,NC,SMB,Manufacturing,4,13,Active,2025-12-22
14074,2024-02-07,USA,NC,Mid-Market,Technology,3,91,Churned,2026-07-01
14075,2025-07-03,UK,KY,SMB,Technology,1,28,Active,2025-07-03
14076,2025-04-26,USA,VA,Mid-Market,Financial Services,4,78,Active,2025-05-26
14077,2025-06-23,USA,MI,SMB,Retail,5,91,Active,2025-06-23
14078,2024-04-30,USA,GA,Mid-Market,Professional Services,4,29,Active,2024-10-08
14079,2026-07-16,Australia,PA,SMB,Retail,1,73,Active,2026-07-16
14080,2024-08-20,USA,,SMB,Manufacturing,3,67,Churned,2025-02-05
14081,2025-10-22,Canada,CO,SMB,Government,4,64,Churned,2025-10-22
14082,2025-12-28,USA,KY,Enterprise,Professional Services,6,1,Active,2025-12-28
14083,2024-12-01,USA,IL,SMB,Technology,1,55,Churned,2025-12-18
14084,2024-05-07,Australia,PA,Mid-Market,Retail,4,54,Active,2024-05-31
14085,2024-10-15,USA,CA,SMB,Technology,3,1,Churned,2024-10-15
14086,2026-02-24,USA,NC,Mid-Market,Technology,5,92,Active,2026-02-24
14087,2026-06-01,USA,PA,SMB,Retail,3,76,Active,2026-06-01
14088,2026-07-01,USA,FL,SMB,Healthcare,5,62,Active,2026-07-01
14089,2024-08-08,USA,VA,SMB,Retail,2,37,Active,2026-04-13
14090,2025-08-13,USA,PA,SMB,Manufacturing,1,91,Active,2025-08-13
14091,2024-05-27,USA,KY,SMB,Government,2,43,Active,2024-12-01
14092,2025-11-22,USA,IL,SMB,Education,4,8,Active,2025-11-22
14093,2025-02-09,USA,NC,SMB,Healthcare,1,100,Active,2025-02-09
14094,2025-11-26,UK,KY,Enterprise,Retail,3,54,Active,2025-11-26
14095,2025-10-29,USA,MI,SMB,Manufacturing,8,59,Active,2025-10-29
14096,2026-08-24,USA,TN,Enterprise,Manufacturing,5,69,Active,2026-08-24
14097,2025-04-20,USA,VA,SMB,Healthcare,3,17,Active,2025-04-20
14098,2024-11-28,USA,KY,SMB,Professional Services,4,4,Active,2024-11-28
14099,2025-05-28,USA,IL,SMB,Professional Services,1,46,Active,2025-12-10
14100,2024-06-07,USA,CO,SMB,Professional Services,2,87,Active,2024-09-18
14101,2024-04-18,Canada,VA,SMB,Manufacturing,3,100,Churned,2024-04-18
14102,2025-05-20,Canada,CA,Enterprise,Professional Services,4,26,Active,2025-05-20
14103,2026-03-14,Australia,VA,Mid-Market,Technology,1,99,Active,2026-03-14
14104,2025-06-03,UK,KY,Mid-Market,Manufacturing,1,87,Active,
14105,2026-01-31,USA,GA,SMB,Healthcare,3,82,Active,2026-01-31
14106,2024-06-22,USA,CA,SMB,Financial Services,2,28,Active,2024-06-22
14107,2025-03-13,USA,VA,Mid-Market,Financial Services,4,74,Active,2025-03-13
14108,2025-08-20,USA,CA,SMB,Professional Services,2,99,Active,2025-08-20
14109,2024-12-04,USA,GA,SMB,Technology,4,59,Active,2024-12-04
14110,2024-01-14,USA,FL,SMB,Government,3,89,Active,2025-01-13
14111,2024-03-12,UK,CO,SMB,Technology,4,28,Active,2024-03-12
14112,2026-06-22,USA,FL,Mid-Market,Healthcare,4,86,Active,2026-06-22
14113,2025-08-12,USA,FL,SMB,Manufacturing,1,18,Active,2025-08-12
14114,2024-09-14,USA,TX,SMB,Healthcare,2,69,Active,
14115,2024-09-09,USA,NY,Enterprise,Professional Services,5,37,Active,
14116,2024-02-08,Canada,TX,Enterprise,Financial Services,1,41,Active,2025-04-07
14117,2026-07-09,USA,WA,SMB,Financial Services,3,74,Active,2026-07-09
14118,2024-04-15,USA,PA,SMB,Manufacturing,1,,Active,2024-06-26
14119,2026-01-09,USA,IL,Mid-Market,Professional Services,4,85,Active,2026-01-09
14120,2024-08-22,USA,VA,SMB,Manufacturing,1,59,Active,2025-05-08
14121,2024-11-22,USA,TX,SMB,Healthcare,3,52,Active,2025-01-17
14122,2024-09-23,Canada,IL,SMB,Education,3,27,Active,2024-12-10
14123,2026-03-14,Canada,WA,SMB,Healthcare,1,65,Active,2026-03-14
14124,2024-02-01,USA,OH,Enterprise,Technology,2,26,Churned,2024-10-07
14125,2024-12-09,USA,MI,Mid-Market,Technology,5,75,Churned,2024-12-09
14126,2024-09-29,USA,WA,Enterprise,Financial Services,3,49,Active,2026-02-19
14127,2024-09-22,USA,TN,Mid-Market,Manufacturing,8,54,Active,2024-11-12
14128,2024-07-06,USA,GA,Mid-Market,Healthcare,4,53,Churned,
14129,2026-06-07,USA,NY,Mid-Market,Retail,3,5,Active,2026-06-07
14130,2025-01-03,USA,,Mid-Market,Technology,3,80,Active,2025-03-28
14131,2025-02-11,Canada,NY,SMB,Retail,6,100,Active,2025-02-11
14132,2025-01-10,Australia,PA,SMB,Healthcare,3,75,Active,2025-01-10
14133,2026-08-12,USA,MI,SMB,Technology,2,19,Active,2026-08-12
14134,2024-11-26,USA,TX,SMB,Education,4,63,Active,2024-12-06
14135,2024-11-28,USA,NY,SMB,Professional Services,6,17,Active,2026-06-15
14136,2024-11-15,USA,GA,SMB,Professional Services,2,66,Active,
14137,2024-11-14,USA,GA,Mid-Market,Manufacturing,1,45,Active,2024-11-14
14138,2024-03-28,USA,PA,SMB,Retail,3,88,Active,2026-07-26
14139,2025-08-11,Australia,CO,SMB,Technology,4,59,Active,2025-08-11
14140,2024-01-25,USA,NC,SMB,Education,2,6,Active,2025-05-15
14141,2024-08-08,USA,IL,SMB,Manufacturing,4,88,Active,2024-08-10
14142,2024-07-15,USA,WA,Enterprise,Government,3,58,Active,2024-07-15
14143,2024-10-10,USA,GA,SMB,Technology,2,89,Active,2026-04-11
14144,2026-01-06,USA,IL,SMB,Retail,3,7,Active,2026-01-14
14145,2025-08-06,USA,VA,SMB,Education,2,24,Active,2025-08-06
14146,2026-08-23,USA,CO,Mid-Market,Healthcare,4,12,Active,2026-08-23
14147,2024-12-08,USA,TX,Mid-Market,Professional Services,1,30,Active,2024-12-08
14148,2026-06-23,USA,VA,SMB,Retail,4,48,Churned,2026-06-23
14149,2024-02-13,Canada,MI,SMB,Technology,2,66,Churned,2025-01-06
14150,2025-05-06,UK,NY,Mid-Market,Technology,7,40,Active,2025-05-06
14151,2026-02-17,USA,TX,Enterprise,Healthcare,4,48,Active,2026-04-29
14152,2025-06-01,USA,WA,SMB,Education,1,74,Active,2025-06-01
14153,2026-06-28,Canada,OH,SMB,Retail,7,42,Active,2026-06-28
14154,2024-11-02,Australia,MI,SMB,Retail,2,82,Active,2024-11-02
14155,2024-02-02,Canada,MI,SMB,Healthcare,3,12,Active,2024-12-04
14156,2026-01-23,USA,TN,Mid-Market,Professional Services,5,80,Active,2026-01-23
14157,2024-03-07,Canada,CA,Enterprise,Professional Services,6,81,Churned,2024-03-24
14158,2026-01-14,USA,NC,Enterprise,Healthcare,3,58,Active,2026-01-14
14159,2025-12-15,USA,GA,Mid-Market,Professional Services,7,30,Active,2025-12-15
14160,2026-04-02,USA,OH,SMB,Professional Services,2,1,Active,2026-04-02
14161,2025-04-11,UK,TX,Enterprise,Healthcare,1,99,Active,2025-04-11
14162,2026-05-22,UK,WA,SMB,Government,1,3,Active,2026-05-22
14163,2024-06-14,USA,FL,SMB,Healthcare,2,9,Active,2024-06-27
14164,2025-02-27,USA,IL,Mid-Market,Professional Services,3,20,Active,2025-06-18
14165,2024-04-28,USA,VA,SMB,Manufacturing,2,20,Active,2024-05-04
14166,2026-01-16,USA,FL,Mid-Market,Government,3,27,Active,2026-01-16
14167,2025-11-26,USA,GA,Enterprise,Retail,1,22,Active,2025-11-26
14168,2026-02-24,USA,WA,Mid-Market,Retail,2,47,Active,2026-02-24
14169,2026-01-14,USA,NC,Mid-Market,Professional Services,4,90,Active,2026-01-14
14170,2024-10-27,USA,CA,SMB,Technology,1,39,Active,2025-04-22
14171,2024-03-07,UK,FL,SMB,Technology,4,15,Churned,2024-07-20
14172,2026-06-24,UK,FL,Mid-Market,Technology,4,16,Churned,2026-06-24
14173,2025-04-25,USA,WA,Mid-Market,Technology,3,85,Active,2025-04-25
14174,2024-04-01,USA,CA,Enterprise,Healthcare,5,10,Active,2024-04-08
14175,2026-06-21,USA,WA,SMB,Healthcare,7,96,Active,2026-06-21
14176,2026-08-26,USA,GA,SMB,Financial Services,1,3,Active,2026-08-26
14177,2025-03-09,USA,KY,SMB,Financial Services,3,5,Active,2025-03-09
14178,2026-01-20,USA,OH,Mid-Market,Professional Services,1,7,Active,2026-01-20
14179,2024-02-05,USA,WA,Mid-Market,Retail,2,93,Active,2025-03-01
14180,2024-03-31,Australia,NC,Enterprise,Manufacturing,3,1,Active,2024-08-31
14181,2024-09-26,USA,NY,SMB,Healthcare,4,89,Active,
14182,2025-10-01,USA,GA,SMB,Professional Services,4,4,Active,2025-10-01
14183,2024-05-09,USA,,SMB,Healthcare,4,72,Active,2024-12-06
14184,2024-02-03,USA,CO,SMB,Healthcare,4,45,Active,2024-02-06
14185,2025-10-13,USA,WA,SMB,Professional Services,3,25,Churned,2025-10-13
14186,2026-01-20,USA,TX,Mid-Market,Healthcare,1,68,Active,2026-01-20
14187,2025-12-20,USA,IL,SMB,Education,1,72,Active,2025-12-20
14188,2026-02-17,USA,TX,SMB,Retail,3,42,Active,2026-02-17
14189,2026-02-20,Australia,WA,Mid-Market,Education,4,11,Active,2026-02-20
14190,2025-08-09,USA,OH,Mid-Market,Healthcare,1,27,Active,
14191,2025-05-20,USA,GA,SMB,Retail,2,2,Active,2025-05-20
14192,2026-04-14,Canada,CA,SMB,Manufacturing,1,62,Active,2026-04-14
14193,2024-12-04,Canada,OH,Mid-Market,Technology,3,36,Churned,2024-12-04
14194,2024-04-05,UK,IL,Mid-Market,Professional Services,2,64,Active,2024-04-18
14195,2026-01-02,USA,CO,Mid-Market,Financial Services,1,54,Active,2026-01-02
14196,2024-09-25,USA,WA,SMB,Technology,1,72,Active,2024-09-25
14197,2026-08-11,Canada,WA,SMB,Healthcare,2,46,Active,2026-08-11
14198,2025-02-07,Australia,OH,Enterprise,Education,3,29,Active,2025-02-07
14199,2026-04-09,USA,TN,SMB,Professional Services,6,63,Active,
14200,2024-02-11,Australia,OH,SMB,Healthcare,1,96,Churned,2024-05-14
14201,2025-10-04,USA,,Enterprise,Healthcare,3,70,Active,2025-10-04
14202,2025-03-12,USA,OH,SMB,Education,3,18,Active,2025-03-12
14203,2025-03-26,UK,IL,Mid-Market,Professional Services,3,26,Active,2025-09-19
14204,2024-09-15,Canada,NC,Enterprise,Technology,2,97,Churned,2024-09-15
14205,2026-08-03,USA,PA,SMB,Manufacturing,1,72,Churned,2026-08-03
14206,2025-01-17,USA,GA,Mid-Market,Education,6,64,Active,2025-01-17
14207,2026-04-08,USA,FL,SMB,Retail,7,73,Active,2026-04-08
14208,2025-02-18,USA,GA,Enterprise,Government,2,28,Active,2025-10-12
14209,2024-02-17,USA,TN,Enterprise,Professional Services,3,93,Active,2024-03-11
14210,2026-05-06,USA,PA,Enterprise,Professional Services,1,20,Active,2026-05-06
14211,2024-06-29,USA,NC,SMB,Professional Services,1,95,Active,2024-10-15
14212,2024-09-20,USA,PA,Mid-Market,Professional Services,1,24,Active,2024-09-20
14213,2026-04-18,USA,GA,Enterprise,Healthcare,4,32,Active,2026-04-18
14214,2026-05-20,USA,TX,Mid-Market,Professional Services,1,65,Active,2026-05-20
14215,2026-06-11,USA,OH,Mid-Market,Financial Services,1,50,Active,2026-06-11
14216,2025-02-18,USA,NC,SMB,Retail,1,96,Active,2025-02-18
14217,2026-01-07,USA,NC,Enterprise,Retail,1,86,Active,2026-01-07
14218,2024-11-15,USA,PA,SMB,Financial Services,2,87,Active,2025-06-28
14219,2025-12-22,USA,GA,SMB,Manufacturing,3,57,Active,2025-12-22
14220,2025-05-04,Canada,TN,Enterprise,Manufacturing,3,99,Active,2025-05-04
14221,2024-02-20,USA,MI,Enterprise,Healthcare,2,73,Active,2024-08-05
14222,2025-02-10,USA,VA,Enterprise,Retail,2,33,Active,2025-02-10
14223,2025-03-31,USA,GA,SMB,Retail,4,60,Active,2025-03-31
14224,2024-09-07,USA,TX,SMB,Technology,1,39,Active,2024-09-07
14225,2024-12-30,USA,FL,SMB,Technology,1,28,Active,2024-12-30
14226,2025-05-04,USA,FL,SMB,Technology,5,75,Active,2025-05-04
14227,2024-02-18,USA,IL,Enterprise,Education,3,41,Active,2025-05-08
14228,2024-05-27,USA,CA,Mid-Market,Technology,2,26,Active,2024-05-27
14229,2026-01-16,Australia,NC,SMB,Financial Services,1,86,Active,2026-01-16
14230,2024-12-08,Canada,IL,SMB,Manufacturing,1,34,Active,2024-12-08
14231,2025-08-15,UK,GA,SMB,Manufacturing,1,75,Active,2025-08-15
14232,2025-07-05,USA,NY,Enterprise,Healthcare,5,29,Active,2025-07-05
14233,2025-06-20,USA,KY,Mid-Market,Professional Services,3,39,Active,2025-06-20
14234,2025-02-06,USA,PA,SMB,Healthcare,1,41,Active,2025-02-06
14235,2025-04-15,USA,GA,SMB,Government,1,49,Active,2025-04-15
14236,2026-03-13,USA,TX,SMB,Healthcare,1,78,Active,2026-03-13
14237,2026-07-28,USA,VA,SMB,Education,1,36,Churned,2026-07-28
14238,2024-09-07,Australia,NC,Enterprise,Retail,3,1,Active,2025-02-01
14239,2025-10-14,Australia,TN,Mid-Market,Professional Services,2,16,Active,2025-10-14
14240,2026-08-02,USA,CO,SMB,Professional Services,5,3,Churned,2026-08-02
14241,2024-01-08,UK,GA,Mid-Market,Healthcare,4,92,Active,2024-03-11
14242,2026-02-03,UK,FL,SMB,Healthcare,6,1,Active,2026-02-03
14243,2025-04-28,USA,TN,SMB,Technology,5,93,Churned,2026-03-08
14244,2026-07-31,USA,NC,Mid-Market,Healthcare,6,64,Active,2026-07-31
14245,2025-07-17,USA,CA,SMB,Healthcare,8,1,Active,2025-07-17
14246,2026-03-27,USA,IL,SMB,Government,2,37,Active,2026-03-27
14247,2024-06-10,USA,VA,Mid-Market,Technology,1,78,Active,
14248,2024-05-18,USA,CO,Enterprise,Healthcare,1,48,Churned,2024-05-18
14249,2026-06-21,USA,TN,SMB,Manufacturing,3,81,Active,2026-06-21
14250,2025-05-27,USA,VA,Mid-Market,Healthcare,3,47,Active,2025-05-27
14251,2025-06-27,USA,CA,SMB,Professional Services,1,37,Active,2025-06-27
14252,2024-06-14,USA,VA,Mid-Market,Healthcare,4,21,Active,2024-11-29
14253,2024-08-08,Canada,WA,SMB,Retail,4,67,Active,2024-08-08
14254,2026-03-07,USA,MI,Mid-Market,Financial Services,3,80,Active,2026-03-07
14255,2024-10-22,USA,WA,SMB,Government,2,69,Active,2024-10-22
14256,2025-07-22,USA,WA,Enterprise,Healthcare,1,19,Active,2025-07-22
14257,2024-11-04,USA,PA,Enterprise,Technology,3,36,Active,2025-12-18
14258,2024-09-13,USA,CO,SMB,Manufacturing,1,69,Active,2024-09-13
14259,2024-06-10,USA,IL,Mid-Market,Professional Services,3,22,Active,2024-06-10
14260,2026-06-24,USA,GA,SMB,Financial Services,2,74,Active,
14261,2026-07-04,USA,CO,Mid-Market,Professional Services,1,93,Active,2026-07-04
14262,2024-04-22,USA,IL,SMB,Government,2,26,Active,2024-04-22
14263,2024-12-10,USA,MI,SMB,Financial Services,3,37,Active,
14264,2025-07-03,Australia,TX,Mid-Market,Financial Services,2,71,Active,2025-07-03
14265,2025-01-08,USA,NC,SMB,Government,7,75,Churned,2026-06-02
14266,2025-12-03,USA,FL,SMB,Manufacturing,1,22,Active,2025-12-03
14267,2024-09-10,Canada,TN,SMB,Professional Services,6,49,Active,2024-09-10
14268,2024-02-27,USA,VA,SMB,Professional Services,1,53,Active,2025-03-26
14269,2024-11-24,USA,TX,SMB,Retail,1,84,Active,2024-11-24
14270,2025-08-05,Australia,OH,Mid-Market,Financial Services,8,72,Active,2025-09-02
14271,2024-06-24,USA,KY,Mid-Market,Retail,4,15,Active,2026-06-20
14272,2026-03-05,USA,IL,SMB,Technology,3,,Active,2026-03-05
14273,2024-01-12,Canada,IL,SMB,Manufacturing,4,91,Churned,2024-04-09
14274,2024-03-06,UK,TX,Mid-Market,Education,2,68,Active,2024-03-10
14275,2025-05-10,USA,CA,Mid-Market,Manufacturing,4,87,Active,2025-05-10
14276,2025-05-13,USA,MI,Mid-Market,Professional Services,1,14,Churned,2025-05-13
14277,2024-10-14,USA,NY,SMB,Healthcare,4,53,Active,2024-10-14
14278,2024-09-08,USA,CA,SMB,Manufacturing,6,8,Churned,2024-09-08
14279,2024-03-08,USA,MI,Mid-Market,Healthcare,5,48,Active,2024-07-07
14280,2025-10-07,Australia,TN,SMB,Healthcare,4,35,Active,2025-10-07
14281,2025-01-04,USA,IL,SMB,Retail,3,32,Active,2025-01-04
14282,2024-04-25,Canada,NC,SMB,Professional Services,3,22,Active,2024-06-17
14283,2025-01-24,Canada,CA,Mid-Market,Retail,2,13,Active,2025-01-24
14284,2026-07-01,USA,PA,SMB,Financial Services,5,15,Active,2026-07-01
14285,2024-09-11,USA,TX,Mid-Market,Technology,3,54,Active,2025-01-22
14286,2026-05-21,USA,VA,Mid-Market,Technology,2,26,Active,2026-05-21
14287,2024-09-09,USA,KY,SMB,Manufacturing,4,31,Active,2026-06-04
14288,2024-06-30,USA,PA,Mid-Market,Retail,1,77,Active,2024-10-12
14289,2024-09-10,USA,FL,Mid-Market,Retail,4,41,Active,2024-09-10
14290,2024-11-10,USA,MI,SMB,Financial Services,4,87,Active,2025-12-09
14291,2024-04-27,USA,NC,Mid-Market,Retail,1,63,Active,2025-10-01
14292,2025-07-26,USA,TN,SMB,Financial Services,1,94,Churned,2025-07-26
14293,2024-11-20,USA,VA,SMB,Technology,4,71,Active,
14294,2025-11-30,USA,TN,Mid-Market,Professional Services,1,96,Active,2025-11-30
14295,2025-04-23,UK,IL,Mid-Market,Financial Services,8,73,Active,2025-04-23
14296,2025-03-07,USA,KY,SMB,Financial Services,1,63,Active,2025-03-07
14297,2025-04-03,USA,WA,Enterprise,Professional Services,1,38,Active,2025-04-03
14298,2024-06-01,Australia,KY,Mid-Market,Technology,1,70,Active,2024-07-06
14299,2025-11-25,USA,FL,Mid-Market,Education,4,41,Active,2025-11-25
14300,2024-04-11,Australia,,SMB,Professional Services,3,31,Active,2026-01-30
14301,2025-12-03,USA,OH,SMB,Technology,4,3,Active,2025-12-03
14302,2026-08-31,USA,KY,SMB,Education,7,90,Active,2026-08-31
14303,2026-01-14,Canada,WA,Mid-Market,Retail,3,30,Active,2026-01-14
14304,2025-03-19,USA,CA,SMB,Professional Services,1,35,Churned,2025-03-19
14305,2024-11-02,UK,PA,Mid-Market,Technology,1,80,Active,2024-11-02
14306,2026-04-29,USA,FL,SMB,Healthcare,5,74,Active,2026-04-29
14307,2024-09-07,USA,KY,Mid-Market,Technology,1,67,Active,2024-09-07
14308,2025-04-14,USA,VA,Mid-Market,Healthcare,5,79,Active,2025-04-14
14309,2026-01-20,USA,OH,Mid-Market,Manufacturing,5,98,Churned,2026-01-20
14310,2026-06-17,USA,WA,Mid-Market,Healthcare,3,98,Active,2026-06-17
14311,2026-06-16,USA,IL,Enterprise,Technology,3,48,Active,2026-06-16
14312,2024-03-26,USA,IL,SMB,Manufacturing,7,4,Active,2025-05-31
14313,2026-05-24,USA,TN,Mid-Market,Manufacturing,4,13,Active,2026-05-24
14314,2024-04-21,USA,KY,Enterprise,Technology,3,26,Active,2025-08-25
14315,2025-07-23,USA,CA,Mid-Market,Financial Services,2,54,Active,2025-07-23
14316,2026-06-24,USA,CA,SMB,Retail,2,48,Active,2026-06-24
14317,2025-09-29,USA,GA,Enterprise,Manufacturing,2,62,Active,
14318,2026-07-11,Canada,TN,SMB,Technology,6,80,Active,2026-07-11
14319,2024-12-01,USA,NC,SMB,Professional Services,3,72,Churned,2024-12-01
14320,2024-11-02,USA,FL,SMB,Retail,4,73,Active,2024-11-02
14321,2024-11-13,USA,KY,SMB,Technology,1,85,Active,2025-01-16
14322,2024-12-11,USA,NC,SMB,Professional Services,5,8,Active,2025-02-15
14323,2025-10-27,USA,WA,SMB,Technology,2,40,Active,2025-10-27
14324,2025-03-16,USA,WA,Enterprise,Retail,4,86,Active,2025-03-16
14325,2025-12-19,USA,CO,SMB,Retail,1,13,Active,2025-12-19
14326,2025-02-09,Canada,TX,SMB,Professional Services,5,42,Active,2025-02-09
14327,2024-10-26,USA,OH,Enterprise,Manufacturing,3,79,Active,2025-02-02
14328,2024-07-04,USA,KY,Mid-Market,Financial Services,2,86,Active,2024-07-04
14329,2025-06-20,USA,TX,SMB,Manufacturing,2,83,Active,2025-06-20
14330,2026-05-25,USA,TN,SMB,Financial Services,2,89,Active,2026-05-25
14331,2026-04-16,USA,TX,Mid-Market,Technology,2,6,Active,2026-04-16
14332,2024-09-03,USA,NC,Mid-Market,Government,1,92,Active,2024-09-03
14333,2025-04-10,USA,KY,Mid-Market,Government,2,50,Active,
14334,2025-11-17,USA,WA,SMB,Technology,2,79,Active,2026-01-19
14335,2025-08-19,USA,MI,Mid-Market,Professional Services,2,27,Active,2025-08-19
14336,2024-03-06,UK,CA,Mid-Market,Professional Services,4,76,Active,2026-08-22
14337,2025-07-29,USA,FL,Mid-Market,Government,2,14,Active,2025-07-29
14338,2024-02-07,UK,NY,Enterprise,Professional Services,1,52,Active,2025-02-06
14339,2024-04-23,UK,TX,Mid-Market,Professional Services,5,4,Active,2024-04-23
14340,2025-09-28,USA,TN,Mid-Market,Financial Services,2,56,Active,2025-09-28
14341,2024-04-09,Canada,CA,Mid-Market,Healthcare,3,100,Active,2024-04-30
14342,2024-11-26,Australia,NC,Mid-Market,Healthcare,6,52,Active,2024-11-26
14343,2025-07-27,USA,KY,SMB,Technology,4,5,Churned,
14344,2025-09-30,USA,KY,SMB,Professional Services,3,52,Active,2025-09-30
14345,2025-03-10,USA,NY,Mid-Market,Government,3,21,Active,2025-03-10
14346,2024-04-01,USA,TN,Mid-Market,Professional Services,4,22,Active,2025-04-02
14347,2026-02-17,USA,PA,SMB,Professional Services,4,59,Active,2026-02-17
14348,2026-07-14,USA,IL,SMB,Manufacturing,1,33,Active,2026-07-14
14349,2026-05-15,USA,WA,Mid-Market,Manufacturing,3,39,Active,2026-05-15
14350,2025-12-30,USA,OH,Mid-Market,Technology,5,18,Active,
14351,2025-01-26,USA,PA,SMB,Healthcare,4,64,Active,
14352,2026-05-03,USA,GA,SMB,Education,1,72,Active,2026-05-03
14353,2025-04-20,USA,PA,SMB,Technology,2,90,Churned,2025-04-20
14354,2024-05-12,Australia,KY,Enterprise,Financial Services,3,43,Active,2024-05-12
14355,2026-04-08,Canada,MI,Enterprise,Technology,1,3,Active,2026-04-08
14356,2024-11-07,USA,OH,Mid-Market,Technology,3,25,Active,2024-11-07
14357,2026-07-03,Canada,MI,SMB,Education,2,99,Active,2026-07-03
14358,2024-12-24,Canada,VA,Mid-Market,Professional Services,1,80,Active,2024-12-24
14359,2026-04-26,Canada,TN,SMB,Financial Services,2,54,Active,2026-04-26
14360,2025-06-07,Canada,TX,Enterprise,Professional Services,5,90,Active,
14361,2025-03-31,USA,NY,SMB,Financial Services,5,26,Churned,2025-11-22
14362,2024-10-16,USA,IL,SMB,Retail,4,,Active,2025-03-17
14363,2026-03-24,Canada,PA,Mid-Market,Manufacturing,6,66,Active,2026-03-24
14364,2024-02-29,Canada,NC,SMB,Professional Services,7,88,Active,2026-08-12
14365,2025-04-01,USA,IL,Mid-Market,Professional Services,2,14,Active,2025-12-02
14366,2024-12-25,USA,CA,Mid-Market,Healthcare,1,,Active,2024-12-25
14367,2025-06-13,USA,TX,SMB,Education,4,74,Churned,2025-12-12
14368,2024-09-04,USA,OH,SMB,Professional Services,3,71,Active,2026-07-15
14369,2025-10-09,USA,IL,Mid-Market,Government,2,5,Active,2025-10-09
14370,2025-01-10,USA,IL,Mid-Market,Financial Services,7,88,Active,2026-03-29
14371,2024-07-02,USA,CO,SMB,Financial Services,2,98,Churned,2024-07-02
14372,2024-07-10,USA,NY,SMB,Manufacturing,5,24,Active,
14373,2025-11-09,USA,VA,Mid-Market,Professional Services,3,85,Active,2025-11-09
14374,2024-09-12,USA,IL,SMB,Retail,1,95,Churned,2025-06-26
14375,2024-10-26,USA,CO,Mid-Market,Manufacturing,5,45,Active,2025-05-25
14376,2025-09-02,USA,NY,Mid-Market,Government,4,73,Active,2025-09-02
14377,2024-11-17,USA,PA,SMB,Manufacturing,3,48,Active,2024-11-17
14378,2025-01-13,USA,,Mid-Market,Technology,3,99,Churned,2025-01-13
14379,2024-08-26,USA,NC,SMB,Government,1,10,Churned,2024-08-26
14380,2024-12-02,USA,NC,SMB,Retail,1,20,Active,2024-12-02
14381,2025-11-05,Canada,,Mid-Market,Financial Services,1,24,Active,2026-07-05
14382,2025-06-04,USA,MI,Enterprise,Retail,1,13,Active,2025-06-04
14383,2026-08-29,USA,NC,Mid-Market,Technology,2,8,Active,
14384,2026-01-21,USA,NC,SMB,Financial Services,3,67,Active,2026-01-21
14385,2024-01-17,USA,KY,Mid-Market,Financial Services,1,60,Active,
14386,2025-01-04,USA,WA,SMB,Financial Services,3,52,Churned,2025-01-04
14387,2024-10-09,USA,TN,SMB,Manufacturing,1,75,Active,2024-10-09
14388,2025-07-26,Canada,MI,SMB,Professional Services,1,82,Churned,2025-07-26
14389,2024-09-15,USA,CA,SMB,Manufacturing,6,27,Churned,2024-11-02
14390,2026-07-30,Canada,KY,SMB,Education,8,43,Churned,2026-07-30
14391,2024-10-18,UK,KY,Enterprise,Government,4,66,Active,2026-05-08
14392,2025-05-23,USA,IL,SMB,Education,1,1,Active,2025-05-23
14393,2024-04-29,UK,TX,Mid-Market,Technology,4,51,Active,2024-05-09
14394,2026-06-05,USA,GA,Mid-Market,Healthcare,1,49,Active,2026-06-05
14395,2026-06-07,USA,FL,SMB,Manufacturing,3,28,Active,2026-06-07
14396,2026-02-12,USA,CO,SMB,Financial Services,5,67,Churned,2026-02-12
14397,2024-12-08,USA,CO,SMB,Manufacturing,2,34,Active,2026-02-03
14398,2024-02-27,USA,CA,SMB,Government,6,32,Active,2024-02-27
14399,2025-11-23,USA,VA,Mid-Market,Retail,4,73,Active,
14400,2025-02-21,USA,NY,Enterprise,Financial Services,2,51,Active,2025-02-21
14401,2026-08-22,USA,CA,Enterprise,Professional Services,1,20,Active,2026-08-22
14402,2025-11-11,USA,TN,SMB,Government,4,61,Active,2025-11-11
14403,2025-06-08,USA,OH,SMB,Education,2,33,Active,2025-06-08
14404,2026-08-19,Australia,CO,SMB,Healthcare,1,72,Active,2026-08-19
14405,2026-02-18,USA,WA,Enterprise,Manufacturing,1,49,Active,2026-02-18
14406,2025-03-22,Australia,WA,SMB,Retail,7,24,Active,2025-03-22
14407,2024-01-19,USA,WA,SMB,Technology,1,9,Active,2024-04-17
14408,2024-03-31,USA,NY,Mid-Market,Technology,7,27,Active,2025-02-07
14409,2025-03-08,USA,TN,Mid-Market,Professional Services,3,66,Active,2025-06-20
14410,2025-07-01,USA,OH,SMB,Financial Services,2,69,Active,2025-07-01
14411,2024-01-30,USA,PA,Mid-Market,Government,2,83,Active,2025-03-17
14412,2024-05-03,USA,IL,SMB,Financial Services,4,36,Churned,2026-02-14
14413,2025-11-16,Canada,WA,SMB,Healthcare,2,92,Active,2025-11-16
14414,2026-01-01,USA,TX,SMB,Professional Services,1,76,Active,2026-01-01
14415,2024-01-30,USA,CA,SMB,Manufacturing,1,34,Active,2024-03-12
14416,2025-05-09,USA,WA,Enterprise,Manufacturing,5,27,Active,2025-05-09
14417,2024-03-19,USA,CO,SMB,Retail,3,58,Churned,2024-03-30
14418,2025-12-05,Australia,TX,Mid-Market,Healthcare,3,76,Active,2025-12-05
14419,2026-03-23,USA,WA,SMB,Financial Services,1,48,Active,
14420,2026-04-26,USA,NC,Mid-Market,Education,2,16,Active,2026-04-26
14421,2025-08-05,Australia,WA,Enterprise,Financial Services,4,77,Active,2025-08-05
14422,2025-09-04,Australia,TN,SMB,Government,1,46,Active,2025-09-04
14423,2026-06-21,Canada,NC,Enterprise,Education,8,3,Active,2026-06-21
14424,2025-08-19,Canada,,Mid-Market,Professional Services,5,20,Active,2025-08-19
14425,2025-03-10,USA,WA,Mid-Market,Professional Services,2,58,Active,2025-03-10
14426,2026-01-04,USA,NC,SMB,Technology,5,52,Active,2026-06-27
14427,2025-07-29,USA,,Mid-Market,Manufacturing,3,17,Active,2025-08-09
14428,2026-03-31,USA,WA,SMB,Professional Services,3,71,Active,2026-03-31
14429,2025-05-26,Canada,OH,Enterprise,Manufacturing,1,64,Churned,2025-05-26
14430,2026-04-26,USA,TX,Enterprise,Healthcare,5,53,Active,2026-04-26
14431,2024-02-13,USA,CO,SMB,Technology,2,8,Active,2024-02-13
14432,2024-02-05,USA,NY,Enterprise,Healthcare,4,17,Active,2024-09-07
14433,2024-04-06,USA,KY,Enterprise,Technology,1,19,Active,2025-04-07
14434,2025-06-25,USA,TN,Mid-Market,Government,2,93,Active,
14435,2025-11-21,USA,OH,SMB,Technology,7,23,Active,2025-11-21
14436,2024-07-29,USA,PA,SMB,Financial Services,2,1,Churned,2026-02-03
14437,2024-05-31,USA,IL,SMB,Healthcare,1,29,Active,2024-05-31
14438,2026-04-17,USA,OH,SMB,Retail,4,74,Active,2026-04-17
14439,2026-01-01,USA,CO,Enterprise,Healthcare,1,22,Active,2026-01-01
14440,2025-09-23,USA,FL,SMB,Technology,5,73,Active,2025-09-23
14441,2025-04-20,USA,IL,Mid-Market,Education,6,3,Active,2025-04-20
14442,2025-02-13,USA,IL,Mid-Market,Technology,1,90,Churned,2025-02-13
14443,2024-01-20,USA,GA,Mid-Market,Technology,3,55,Active,
14444,2024-07-02,USA,GA,SMB,Manufacturing,8,87,Active,2025-01-19
14445,2026-05-23,Canada,VA,Mid-Market,Financial Services,6,72,Active,2026-05-23
14446,2024-11-26,USA,PA,Mid-Market,Technology,3,16,Active,2024-11-26
14447,2025-11-17,USA,WA,Mid-Market,Retail,3,67,Churned,2025-11-17
14448,2025-11-16,USA,MI,SMB,Retail,3,95,Active,2025-11-16
14449,2024-10-28,Canada,NC,Mid-Market,Technology,1,48,Active,2024-10-28
14450,2024-07-18,USA,NY,SMB,Retail,3,16,Active,2024-07-18
14451,2025-11-04,Australia,FL,Mid-Market,Financial Services,2,56,Churned,2025-11-04
14452,2024-04-01,USA,VA,SMB,Manufacturing,2,57,Active,2024-06-13
14453,2025-04-26,Canada,WA,SMB,Retail,2,79,Active,2025-04-26
14454,2026-05-14,USA,GA,Mid-Market,Education,5,16,Active,2026-05-14
14455,2025-11-23,USA,NY,SMB,Healthcare,1,66,Active,
14456,2026-01-14,USA,FL,Enterprise,Professional Services,1,38,Active,2026-01-14
14457,2024-03-22,USA,TX,Enterprise,Manufacturing,1,25,Active,2025-06-05
14458,2024-07-13,Canada,MI,SMB,Healthcare,1,80,Active,
14459,2024-09-24,USA,NC,SMB,Healthcare,7,55,Active,2024-10-27
14460,2024-10-11,USA,GA,SMB,Government,2,94,Active,2024-10-11
14461,2024-07-08,USA,IL,Enterprise,Manufacturing,1,24,Active,2024-08-05
14462,2026-08-04,USA,WA,Mid-Market,Education,7,33,Active,2026-08-04
14463,2024-06-09,USA,OH,SMB,Professional Services,1,92,Active,2025-10-06
14464,2025-11-20,USA,NY,SMB,Retail,2,44,Active,2025-11-20
14465,2025-07-25,USA,,SMB,Manufacturing,4,40,Active,2025-07-25
14466,2025-08-17,USA,TN,Mid-Market,Technology,4,81,Churned,2025-09-15
14467,2024-07-28,USA,FL,SMB,Professional Services,1,11,Active,2024-07-28
14468,2024-10-26,Canada,CA,SMB,Manufacturing,4,,Active,2024-10-26
14469,2025-08-13,USA,CO,Mid-Market,Government,3,36,Churned,2025-08-13
14470,2024-10-18,USA,NY,SMB,Technology,3,90,Active,2024-12-27
14471,2025-11-07,USA,VA,SMB,Professional Services,1,13,Active,2025-11-07
14472,2024-02-08,USA,WA,Mid-Market,Healthcare,4,33,Active,2024-02-16
14473,2024-03-11,UK,NY,Enterprise,Manufacturing,3,19,Active,2024-10-14
14474,2025-12-10,Australia,IL,SMB,Financial Services,4,19,Active,2025-12-10
14475,2025-08-23,Canada,NY,Enterprise,Professional Services,6,26,Churned,2025-08-23
14476,2024-02-12,USA,NC,SMB,Financial Services,5,55,Active,2024-09-08
14477,2026-05-25,USA,KY,Enterprise,Technology,4,,Active,2026-05-25
14478,2024-01-05,USA,WA,SMB,Healthcare,1,47,Active,2025-11-03
14479,2026-07-19,USA,TX,Mid-Market,Financial Services,1,88,Active,2026-07-19
14480,2025-12-11,Canada,TX,SMB,Retail,3,89,Active,2025-12-11
14481,2026-08-20,Canada,CA,Enterprise,Education,1,22,Active,2026-08-20
14482,2026-07-13,USA,CA,Enterprise,Financial Services,4,9,Active,2026-07-13
14483,2024-10-31,Canada,CA,SMB,Professional Services,4,68,Active,2024-10-31
14484,2026-01-06,UK,PA,SMB,Education,3,5,Churned,2026-01-06
14485,2024-07-24,USA,IL,Mid-Market,Government,1,61,Churned,2024-09-10
14486,2025-04-04,USA,NC,SMB,Technology,5,18,Churned,2025-05-29
14487,2024-08-21,Canada,TX,Mid-Market,Technology,3,18,Active,2024-08-21
14488,2025-04-18,USA,KY,Mid-Market,Technology,3,68,Active,2025-04-18
14489,2026-04-29,USA,IL,SMB,Healthcare,3,78,Active,2026-04-29
14490,2025-02-28,USA,PA,SMB,Manufacturing,1,33,Active,2025-02-28
14491,2024-03-30,Canada,FL,Enterprise,Professional Services,4,36,Active,2024-08-18
14492,2024-11-12,Canada,TX,SMB,Healthcare,1,10,Active,2025-01-16
14493,2026-02-05,USA,FL,Mid-Market,Healthcare,3,90,Active,2026-02-05
14494,2025-05-23,Canada,NC,SMB,Technology,1,89,Churned,2025-05-23
14495,2025-06-29,USA,TN,SMB,Professional Services,1,16,Active,2025-06-29
14496,2025-02-23,USA,MI,SMB,Retail,1,77,Active,2025-02-23
14497,2024-10-12,USA,IL,SMB,Professional Services,1,93,Active,2026-07-07
14498,2025-08-05,USA,TX,Mid-Market,Retail,5,89,Active,2025-08-05
14499,2025-09-08,USA,MI,SMB,Manufacturing,4,43,Active,2025-09-08
14500,2026-05-24,USA,PA,Mid-Market,Government,1,12,Active,2026-05-24
14501,2025-08-24,USA,NY,Mid-Market,Retail,1,52,Active,2025-08-24
14502,2026-08-27,USA,MI,SMB,Technology,4,32,Active,2026-08-27
14503,2026-03-16,USA,KY,SMB,Professional Services,1,35,Active,2026-03-16
14504,2024-03-17,USA,TX,Mid-Market,Financial Services,2,63,Active,2024-11-02
14505,2025-01-16,USA,WA,Mid-Market,Healthcare,1,58,Active,2025-11-08
14506,2025-01-09,USA,OH,Mid-Market,Government,3,8,Active,2025-01-09
14507,2024-01-03,Canada,MI,SMB,Manufacturing,8,63,Active,
14508,2024-06-25,Canada,MI,Mid-Market,Government,1,100,Active,2024-06-25
14509,2026-01-12,USA,CA,SMB,Professional Services,7,20,Active,2026-01-12
14510,2024-12-08,USA,FL,Mid-Market,Technology,5,100,Active,2024-12-08
14511,2024-05-24,USA,WA,SMB,Manufacturing,8,11,Active,2024-05-24
14512,2024-10-06,USA,TX,Mid-Market,Manufacturing,4,52,Active,2024-10-06
14513,2024-09-24,USA,CA,SMB,Financial Services,5,10,Active,2024-09-24
14514,2024-06-18,USA,TN,Mid-Market,Manufacturing,3,100,Active,2024-06-18
14515,2024-04-08,USA,CA,SMB,Professional Services,5,80,Active,2024-06-24
14516,2026-01-14,USA,OH,Mid-Market,Government,1,94,Active,2026-01-14
14517,2026-03-14,USA,KY,SMB,Government,4,5,Active,2026-03-14
14518,2025-04-28,USA,NY,Mid-Market,Government,3,61,Active,2025-04-28
14519,2025-08-22,USA,PA,SMB,Healthcare,1,83,Active,2026-06-16
14520,2026-06-14,USA,MI,SMB,Manufacturing,1,9,Active,2026-06-14
14521,2026-03-31,USA,CA,Mid-Market,Financial Services,1,94,Active,2026-03-31
14522,2024-02-01,Australia,NY,SMB,Technology,2,13,Active,
14523,2026-07-17,USA,GA,SMB,Government,1,12,Active,2026-07-17
14524,2024-03-06,Canada,TX,Mid-Market,Professional Services,1,30,Active,2024-09-26
14525,2024-01-26,USA,TX,Mid-Market,Professional Services,1,92,Active,2024-04-28
14526,2025-01-27,USA,CO,Enterprise,Retail,3,83,Active,2025-01-27
14527,2025-12-27,USA,MI,SMB,Manufacturing,1,44,Active,2025-12-27
14528,2024-03-19,USA,CA,SMB,Retail,1,54,Active,2024-05-20
14529,2024-10-12,USA,OH,Mid-Market,Manufacturing,2,4,Active,2024-10-12
14530,2024-09-12,USA,OH,SMB,Retail,2,84,Churned,2024-09-12
14531,2025-01-22,USA,NY,Mid-Market,Professional Services,1,6,Active,2025-01-22
14532,2026-08-18,USA,WA,SMB,Manufacturing,8,72,Active,2026-08-18
14533,2024-11-18,USA,NC,Enterprise,Technology,2,38,Active,2025-06-09
14534,2024-07-22,Canada,CA,Mid-Market,Professional Services,1,82,Active,2024-09-14
14535,2024-04-29,USA,MI,SMB,Retail,3,3,Churned,2024-04-29
14536,2024-07-11,USA,NY,SMB,Technology,5,27,Churned,2024-07-11
14537,2024-05-09,Australia,KY,SMB,Professional Services,2,66,Active,2024-09-26
14538,2025-07-12,Australia,MI,SMB,Government,1,71,Active,2026-02-14
14539,2025-02-13,USA,CO,Mid-Market,Financial Services,3,1,Active,2025-02-13
14540,2025-04-30,USA,TX,SMB,Technology,2,8,Active,2025-04-30
14541,2026-03-21,USA,WA,SMB,Manufacturing,2,37,Active,2026-03-21
14542,2025-07-19,USA,NY,SMB,Retail,8,69,Active,2025-07-19
14543,2024-05-31,Australia,KY,Mid-Market,Healthcare,8,64,Active,2024-10-06
14544,2025-01-01,USA,MI,SMB,Technology,3,49,Active,2025-01-01
14545,2024-10-31,USA,OH,SMB,Retail,1,59,Churned,2024-10-31
14546,2026-03-16,UK,KY,Enterprise,Technology,3,34,Active,2026-03-16
14547,2024-10-26,USA,CA,SMB,Retail,7,58,Active,2024-10-26
14548,2024-05-14,Australia,CO,SMB,Healthcare,6,70,Active,2025-02-24
14549,2025-12-17,USA,WA,Enterprise,Education,1,22,Churned,2025-12-17
14550,2025-02-21,USA,OH,SMB,Financial Services,1,1,Active,2025-04-28
14551,2024-04-03,Australia,TN,Enterprise,Financial Services,1,29,Active,2024-04-03
14552,2025-11-02,USA,MI,Mid-Market,Financial Services,4,78,Active,2026-03-02
14553,2024-07-24,USA,NC,Mid-Market,Retail,2,84,Churned,2024-12-02
14554,2026-04-25,USA,CA,SMB,Manufacturing,2,54,Active,2026-04-25
14555,2026-03-21,USA,TN,SMB,Professional Services,2,86,Active,
14556,2024-12-25,USA,NC,SMB,Technology,1,44,Active,2025-07-06
14557,2025-06-25,Canada,OH,SMB,Healthcare,5,73,Active,2025-06-25
14558,2025-07-06,Australia,NC,SMB,Financial Services,2,53,Churned,2025-07-06
14559,2025-09-28,USA,OH,Mid-Market,Professional Services,1,1,Active,2025-09-28
14560,2024-03-08,USA,KY,Mid-Market,Financial Services,4,28,Churned,2024-03-08
14561,2024-11-12,USA,GA,SMB,Financial Services,3,68,Active,
14562,2024-06-14,Australia,OH,Mid-Market,Healthcare,4,62,Active,2024-06-14
14563,2025-11-10,USA,IL,Enterprise,Education,4,74,Active,2025-11-10
14564,2024-03-08,Australia,IL,Mid-Market,Education,1,23,Active,2024-03-08
14565,2025-05-18,UK,FL,Mid-Market,Retail,1,19,Active,2025-05-18
14566,2025-12-09,USA,MI,Mid-Market,Healthcare,1,93,Churned,2025-12-09
14567,2026-07-12,USA,WA,SMB,Education,4,37,Active,2026-07-12
14568,2024-10-07,USA,OH,SMB,Healthcare,6,78,Churned,2025-05-23
14569,2024-01-08,USA,KY,Enterprise,Manufacturing,2,6,Active,2024-12-25
14570,2025-12-05,USA,PA,Mid-Market,Professional Services,4,89,Active,2025-12-05
14571,2024-01-02,USA,NC,Mid-Market,Financial Services,4,87,Active,2024-04-10
14572,2024-03-05,USA,TX,Enterprise,Retail,7,72,Active,2024-03-15
14573,2026-08-22,Canada,NC,SMB,Technology,2,30,Active,2026-08-22
14574,2026-04-20,USA,NC,SMB,Technology,1,9,Active,2026-04-20
14575,2025-11-20,USA,NC,Mid-Market,Manufacturing,4,21,Active,2025-11-20
14576,2026-03-24,USA,NC,SMB,Manufacturing,4,53,Active,2026-03-24
14577,2024-03-14,USA,TN,Mid-Market,Retail,4,96,Churned,2024-10-03
14578,2024-03-27,USA,PA,Mid-Market,Manufacturing,5,71,Active,2025-10-21
14579,2024-10-20,USA,OH,Mid-Market,Retail,2,48,Active,2024-10-20
14580,2024-01-24,USA,NC,SMB,Financial Services,3,62,Active,2024-09-30
14581,2026-05-15,USA,NC,Mid-Market,Retail,1,74,Active,2026-05-15
14582,2024-02-24,USA,GA,SMB,Manufacturing,2,69,Active,2025-01-26
14583,2025-06-13,USA,TX,Enterprise,Retail,1,11,Churned,2025-06-13
14584,2026-04-11,Canada,TX,SMB,Technology,1,54,Active,2026-05-07
14585,2025-12-16,USA,KY,Enterprise,Technology,1,90,Active,2025-12-16
14586,2024-08-16,Australia,CA,SMB,Government,3,64,Active,2024-08-16
14587,2025-04-03,USA,TX,SMB,Technology,5,38,Churned,2025-04-03
14588,2025-06-18,UK,NC,SMB,Education,2,57,Active,2026-03-10
14589,2026-01-17,USA,TN,SMB,Healthcare,2,72,Active,2026-01-17
14590,2025-02-19,Australia,OH,SMB,Education,1,8,Active,2025-02-19
14591,2024-10-04,USA,NY,Mid-Market,Manufacturing,2,19,Active,2025-11-08
14592,2026-02-13,USA,CA,Mid-Market,Professional Services,1,59,Active,2026-07-30
14593,2026-05-13,Canada,FL,SMB,Government,3,10,Active,2026-05-13
14594,2025-04-21,USA,TN,Mid-Market,Financial Services,5,47,Active,2025-04-21
14595,2024-01-28,USA,KY,Enterprise,Professional Services,3,77,Active,2024-01-28
14596,2025-05-02,USA,TX,Mid-Market,Technology,3,51,Active,2026-03-03
14597,2026-05-16,Canada,TN,SMB,Education,4,81,Active,2026-05-16
14598,2026-08-21,USA,NY,SMB,Manufacturing,1,8,Churned,2026-08-21
14599,2025-01-25,Canada,TN,Enterprise,Retail,2,47,Active,2025-01-25
14600,2024-05-26,USA,WA,SMB,Professional Services,1,91,Churned,2025-02-07
14601,2025-07-11,Australia,TN,SMB,Healthcare,2,61,Churned,2025-07-11
14602,2026-03-20,Canada,OH,Mid-Market,Manufacturing,5,84,Active,2026-03-20
14603,2026-07-09,USA,NY,SMB,Healthcare,2,41,Active,2026-07-09
14604,2024-02-20,USA,TN,Mid-Market,Financial Services,2,6,Active,2025-04-28
14605,2024-10-09,USA,VA,SMB,Education,1,31,Active,2024-10-09
14606,2025-04-10,USA,CA,Mid-Market,Education,2,90,Active,2025-04-10
14607,2024-04-05,USA,TN,Enterprise,Professional Services,6,23,Active,2024-05-06
14608,2026-05-13,USA,VA,Enterprise,Technology,2,85,Active,2026-05-13
14609,2024-04-19,USA,GA,Enterprise,Technology,4,64,Active,2024-04-19
14610,2025-10-09,USA,VA,Enterprise,Government,1,78,Churned,2025-10-09
14611,2026-06-13,USA,VA,SMB,Manufacturing,1,95,Active,2026-06-13
14612,2025-10-29,UK,CA,Enterprise,Technology,2,94,Active,2025-10-29
14613,2026-01-13,USA,VA,Enterprise,Professional Services,5,51,Active,2026-01-13
14614,2024-09-13,USA,TN,SMB,Education,1,66,Active,2024-09-13
14615,2026-03-16,UK,CO,SMB,Education,4,12,Active,2026-03-16
14616,2025-02-11,USA,CO,SMB,Manufacturing,1,13,Active,2025-02-11
14617,2024-02-29,USA,OH,Mid-Market,Manufacturing,3,93,Active,2024-08-25
14618,2024-12-23,UK,NY,Mid-Market,Technology,3,,Active,2025-04-07
14619,2024-12-06,USA,FL,SMB,Technology,3,6,Active,2024-12-06
14620,2025-05-22,Canada,PA,SMB,Manufacturing,1,8,Active,2025-05-22
14621,2024-09-14,UK,KY,Mid-Market,Financial Services,1,2,Active,2025-09-20
14622,2025-03-26,USA,CA,SMB,Financial Services,5,42,Active,2025-03-26
14623,2025-02-20,Canada,CA,Enterprise,Manufacturing,3,9,Active,2025-02-20
14624,2024-11-14,USA,MI,SMB,Financial Services,1,17,Active,
14625,2025-11-09,Australia,NY,SMB,Manufacturing,2,89,Churned,2025-11-09
14626,2024-10-24,USA,PA,SMB,Healthcare,1,4,Active,2024-10-24
14627,2026-01-15,Canada,GA,Enterprise,Healthcare,2,12,Active,2026-01-15
14628,2024-09-01,USA,GA,Enterprise,Professional Services,2,52,Active,2024-09-01
14629,2026-04-22,USA,WA,SMB,Manufacturing,1,21,Active,2026-04-22
14630,2024-12-21,USA,TN,SMB,Education,2,31,Active,2024-12-21
14631,2024-02-09,Australia,IL,SMB,Healthcare,3,47,Active,2024-06-21
14632,2024-05-26,USA,OH,SMB,Retail,6,20,Active,2026-03-12
14633,2026-02-24,USA,NY,Mid-Market,Healthcare,4,73,Active,2026-02-24
14634,2026-04-29,Australia,MI,SMB,Healthcare,3,71,Active,2026-04-29
14635,2024-07-25,USA,NY,SMB,Healthcare,4,2,Active,2025-10-14
14636,2025-08-09,USA,TX,SMB,Manufacturing,1,58,Active,2025-08-09
14637,2025-07-13,USA,OH,SMB,Healthcare,3,34,Active,2025-07-13
14638,2024-05-10,UK,CA,SMB,Education,1,56,Active,2024-05-26
14639,2025-03-16,Australia,WA,SMB,Manufacturing,1,66,Active,2025-03-16
14640,2025-11-06,USA,NC,SMB,Financial Services,3,36,Churned,2025-11-06
14641,2026-07-30,Canada,FL,SMB,Professional Services,1,61,Active,2026-07-30
14642,2026-04-05,USA,VA,SMB,Manufacturing,3,76,Active,2026-04-05
14643,2024-04-05,USA,NY,Enterprise,Retail,3,81,Active,2024-05-16
14644,2024-08-19,USA,FL,SMB,Technology,1,16,Active,2025-05-06
14645,2025-03-01,USA,OH,SMB,Technology,2,56,Churned,
14646,2024-05-26,USA,FL,SMB,Manufacturing,3,45,Active,2026-01-15
14647,2025-07-09,USA,TX,Mid-Market,Professional Services,4,91,Active,2025-07-09
14648,2024-01-09,USA,TX,Enterprise,Retail,4,39,Active,
14649,2024-04-20,USA,TX,Mid-Market,Retail,2,24,Active,2024-12-20
14650,2024-02-16,Australia,GA,Mid-Market,Professional Services,4,80,Active,2024-02-16
14651,2024-10-14,USA,NY,Mid-Market,Technology,2,40,Active,2024-10-14
14652,2026-01-12,USA,OH,SMB,Government,1,19,Active,2026-06-23
14653,2024-06-21,USA,FL,Enterprise,Education,3,54,Active,2026-08-13
14654,2026-08-19,Canada,CO,Mid-Market,Manufacturing,1,99,Churned,2026-08-19
14655,2024-09-19,USA,MI,SMB,Technology,1,30,Active,2024-09-19
14656,2024-02-13,Australia,WA,SMB,Retail,1,16,Active,2024-09-24
14657,2024-11-22,USA,OH,SMB,Healthcare,4,48,Active,2024-11-22
14658,2025-12-29,USA,MI,SMB,Retail,6,45,Active,
14659,2024-04-13,USA,MI,Mid-Market,Retail,7,30,Active,2025-07-01
14660,2024-03-10,USA,TX,SMB,Technology,2,,Active,2024-03-10
14661,2026-04-07,USA,CA,Mid-Market,Technology,2,3,Active,2026-04-07
14662,2025-07-30,Canada,OH,Enterprise,Professional Services,4,43,Churned,2025-07-30
14663,2024-11-30,USA,WA,SMB,Healthcare,2,14,Active,2024-11-30
14664,2026-01-06,USA,NY,SMB,Manufacturing,2,88,Churned,2026-02-07
14665,2026-04-02,USA,TX,Mid-Market,Retail,1,56,Active,2026-04-02
14666,2024-12-15,USA,GA,Mid-Market,Manufacturing,3,65,Active,2024-12-15
14667,2025-06-30,USA,NY,SMB,Healthcare,3,61,Active,2025-12-06
14668,2024-01-11,USA,CO,SMB,Manufacturing,2,69,Churned,2024-02-13
14669,2024-10-25,UK,CA,Mid-Market,Technology,1,69,Active,2024-10-25
14670,2025-08-02,USA,PA,Enterprise,Retail,4,89,Churned,2025-08-02
14671,2024-07-10,UK,CA,SMB,Technology,3,62,Active,2024-07-10
14672,2026-08-23,USA,WA,SMB,Financial Services,1,13,Active,2026-08-23
14673,2026-08-03,Canada,VA,Enterprise,Retail,2,38,Active,2026-08-03
14674,2024-09-07,Australia,MI,SMB,Professional Services,7,45,Active,2024-09-24
14675,2025-01-21,USA,VA,SMB,Healthcare,3,91,Active,2025-01-21
14676,2024-07-03,USA,FL,Mid-Market,Financial Services,3,41,Active,2024-10-24
14677,2025-05-05,Canada,TN,SMB,Professional Services,3,87,Active,
14678,2024-04-30,USA,TX,SMB,Healthcare,7,76,Active,2026-02-18
14679,2025-01-15,USA,KY,Mid-Market,Retail,2,40,Active,2025-01-15
14680,2025-06-24,USA,MI,Mid-Market,Manufacturing,1,85,Churned,2025-06-24
14681,2025-08-18,Canada,,SMB,Technology,2,48,Active,2025-08-18
14682,2025-08-03,USA,NC,SMB,Technology,4,45,Active,2025-08-03
14683,2024-08-03,USA,WA,Mid-Market,Technology,1,14,Active,2024-08-03
14684,2026-02-10,USA,CO,Mid-Market,Government,1,12,Active,2026-02-10
14685,2025-11-04,USA,IL,Mid-Market,Retail,1,56,Active,2025-11-04
14686,2026-01-03,USA,TX,Mid-Market,Manufacturing,3,77,Active,2026-01-03
14687,2025-03-31,USA,GA,Mid-Market,Government,3,85,Active,2025-03-31
14688,2026-05-19,Canada,NC,Enterprise,Healthcare,2,79,Active,2026-05-19
14689,2025-01-14,Australia,WA,Mid-Market,Government,1,46,Active,2026-06-03
14690,2026-02-23,Australia,FL,SMB,Government,4,28,Active,2026-02-23
14691,2024-07-17,Australia,WA,Enterprise,Government,1,41,Active,2024-07-17
14692,2024-08-28,USA,OH,Enterprise,Healthcare,4,18,Churned,2024-11-05
14693,2025-05-28,USA,TN,SMB,Technology,1,53,Active,2025-05-28
14694,2025-06-25,USA,NC,SMB,Professional Services,5,,Active,2025-06-25
14695,2025-12-27,USA,CA,Mid-Market,Retail,2,76,Active,2025-12-27
14696,2024-10-16,Australia,GA,SMB,Technology,3,11,Active,2024-10-16
14697,2026-04-29,USA,WA,Mid-Market,Financial Services,1,41,Active,2026-04-29
14698,2024-11-17,USA,CA,SMB,Healthcare,1,30,Active,2025-03-08
14699,2025-06-04,USA,KY,SMB,Professional Services,4,63,Active,2025-06-04
14700,2026-06-26,USA,NC,SMB,Government,3,72,Active,2026-06-26
14701,2025-06-09,Canada,MI,Enterprise,Healthcare,4,40,Active,2025-06-09
14702,2025-10-26,USA,OH,SMB,Healthcare,3,29,Active,2025-10-26
14703,2026-06-04,USA,CA,Mid-Market,Technology,3,92,Active,2026-06-04
14704,2026-08-07,Australia,PA,SMB,Healthcare,5,84,Active,2026-08-07
14705,2025-05-01,USA,,SMB,Technology,2,85,Active,2025-05-01
14706,2025-02-10,USA,OH,SMB,Technology,5,34,Active,2025-02-10
14707,2024-07-10,USA,TN,SMB,Retail,2,5,Active,2024-11-25
14708,2025-06-07,USA,,Mid-Market,Education,2,71,Active,2025-06-07
14709,2026-06-13,USA,KY,Mid-Market,Healthcare,4,21,Active,
14710,2025-04-19,USA,TN,SMB,Retail,1,22,Churned,2025-04-19
14711,2024-12-05,USA,CO,SMB,Professional Services,1,80,Active,2024-12-05
14712,2024-04-14,USA,IL,Mid-Market,Healthcare,1,12,Active,2024-04-14
14713,2025-01-14,Canada,FL,Mid-Market,Retail,3,84,Active,2025-03-10
14714,2024-08-18,USA,FL,SMB,Technology,3,25,Churned,2024-08-18
14715,2026-08-09,Australia,CO,Mid-Market,Financial Services,1,34,Active,2026-08-09
14716,2025-05-28,USA,PA,SMB,Manufacturing,1,63,Active,2025-05-28
14717,2024-05-13,UK,NY,SMB,Professional Services,2,70,Active,2024-05-13
14718,2024-03-06,UK,NC,Mid-Market,Financial Services,1,67,Active,2024-10-01
14719,2026-04-08,USA,NC,Mid-Market,Manufacturing,1,51,Active,2026-04-08
14720,2026-06-26,USA,CA,Mid-Market,Healthcare,1,63,Churned,2026-06-26
14721,2026-01-13,Canada,NY,SMB,Technology,4,38,Active,2026-01-13
14722,2024-04-30,USA,VA,SMB,Retail,4,43,Active,2024-05-04
14723,2024-04-05,UK,VA,Mid-Market,Professional Services,1,13,Active,2025-08-07
14724,2024-07-11,USA,CA,SMB,Healthcare,1,56,Active,2024-08-18
14725,2026-01-01,UK,MI,SMB,Education,1,35,Active,2026-01-01
14726,2026-01-15,USA,CA,Mid-Market,Professional Services,2,95,Active,2026-01-15
14727,2026-03-27,USA,PA,SMB,Education,2,97,Churned,2026-03-27
14728,2024-04-04,USA,FL,SMB,Education,5,8,Churned,2024-04-04
14729,2024-05-29,USA,WA,SMB,Financial Services,4,64,Churned,2024-11-17
14730,2026-05-26,USA,IL,Enterprise,Retail,2,9,Active,2026-05-26
14731,2026-06-23,USA,IL,SMB,Retail,1,36,Active,2026-06-23
14732,2025-12-07,Canada,VA,SMB,Financial Services,3,50,Active,2025-12-07
14733,2024-04-13,USA,OH,SMB,Manufacturing,6,29,Active,2025-02-16
14734,2024-03-07,USA,CO,SMB,Technology,1,81,Churned,2024-04-06
14735,2024-02-24,UK,IL,SMB,Manufacturing,4,1,Active,2024-07-26
14736,2025-11-04,UK,TN,Mid-Market,Government,1,88,Active,2025-11-04
14737,2026-04-03,Canada,TX,SMB,Technology,4,99,Active,2026-04-03
14738,2025-09-07,USA,OH,SMB,Manufacturing,1,74,Churned,2025-09-07
14739,2024-09-12,UK,OH,SMB,Retail,3,100,Active,2024-09-12
14740,2026-01-07,USA,NY,SMB,Technology,1,23,Churned,2026-01-07
14741,2024-02-27,USA,PA,SMB,Manufacturing,3,62,Churned,2024-07-09
14742,2026-03-17,UK,IL,Mid-Market,Financial Services,3,76,Active,2026-08-23
14743,2026-05-18,USA,WA,Mid-Market,Manufacturing,3,35,Churned,2026-05-18
14744,2025-11-30,USA,GA,Mid-Market,Technology,3,22,Active,2025-11-30
14745,2026-05-06,USA,VA,SMB,Retail,1,39,Active,2026-05-06
14746,2025-07-24,USA,TX,Enterprise,Retail,4,2,Active,2025-07-24
14747,2025-04-01,USA,TN,Mid-Market,Financial Services,1,53,Active,2025-04-01
14748,2024-11-10,Canada,WA,SMB,Retail,3,16,Active,2024-11-10
14749,2026-06-16,UK,GA,SMB,Financial Services,1,32,Active,2026-06-16
14750,2025-11-10,Australia,TX,Mid-Market,Education,2,97,Active,2026-07-25
14751,2024-07-04,USA,NY,SMB,Technology,2,7,Active,2024-08-31
14752,2026-07-21,USA,CA,SMB,Retail,7,72,Active,2026-07-21
14753,2024-02-27,Canada,OH,Mid-Market,Government,3,25,Active,2025-04-01
14754,2025-07-26,USA,KY,SMB,Technology,1,15,Active,2025-07-26
14755,2024-07-04,USA,IL,Enterprise,Healthcare,4,55,Active,2024-10-18
14756,2025-10-09,USA,TN,SMB,Professional Services,1,32,Churned,2025-10-09
14757,2025-02-05,USA,TN,SMB,Education,1,69,Active,2025-02-05
14758,2025-03-01,USA,TX,SMB,Manufacturing,2,89,Churned,2025-03-01
14759,2025-10-16,USA,WA,SMB,Financial Services,4,72,Active,2025-10-16
14760,2026-01-06,USA,OH,Enterprise,Professional Services,6,72,Active,2026-01-06
14761,2025-01-05,USA,VA,Mid-Market,Healthcare,6,64,Churned,2025-01-05
14762,2026-08-29,USA,CA,Enterprise,Retail,1,25,Active,2026-08-29
14763,2025-04-30,USA,NY,SMB,Professional Services,1,46,Active,2025-04-30
14764,2024-06-05,USA,KY,SMB,Professional Services,4,98,Active,
14765,2024-01-07,UK,CO,SMB,Technology,1,53,Active,2024-02-05
14766,2024-07-16,USA,FL,SMB,Healthcare,3,59,Active,2025-03-25
14767,2025-11-04,Canada,TN,Enterprise,Retail,7,63,Active,2025-11-04
14768,2025-06-09,USA,TX,SMB,Professional Services,1,55,Active,2025-06-09
14769,2024-11-25,USA,TX,SMB,Education,2,12,Churned,2024-11-25
14770,2025-04-13,UK,CO,SMB,Professional Services,5,59,Active,2025-05-13
14771,2026-03-27,USA,TN,Mid-Market,Healthcare,3,16,Active,2026-03-27
14772,2025-07-10,USA,TX,SMB,Government,6,74,Active,2025-07-10
14773,2024-02-26,USA,OH,Mid-Market,Financial Services,3,90,Active,2024-02-26
14774,2024-02-17,USA,OH,Mid-Market,Retail,2,27,Active,2025-01-05
14775,2025-04-14,UK,WA,Mid-Market,Professional Services,4,30,Active,2025-04-14
14776,2025-01-28,Australia,PA,SMB,Retail,4,3,Active,2025-01-28
14777,2026-04-08,USA,WA,SMB,Technology,6,33,Active,2026-04-08
14778,2025-07-21,USA,MI,SMB,Manufacturing,2,66,Active,2025-07-21
14779,2026-01-07,USA,MI,Enterprise,Professional Services,3,18,Active,2026-01-07
14780,2025-07-23,USA,NC,Enterprise,Healthcare,2,48,Active,2025-07-23
14781,2024-12-02,USA,NY,Mid-Market,Healthcare,1,81,Active,2024-12-02
14782,2025-10-02,USA,CA,SMB,Technology,8,82,Active,2025-10-02
14783,2025-08-28,UK,GA,SMB,Professional Services,7,4,Active,2025-08-28
14784,2025-12-02,UK,MI,Mid-Market,Professional Services,3,93,Active,2025-12-02
14785,2024-07-03,USA,CA,SMB,Retail,7,85,Active,2024-10-16
14786,2025-09-16,USA,IL,Mid-Market,Education,2,62,Active,2025-09-16
14787,2024-10-05,Australia,WA,Mid-Market,Retail,4,,Active,2025-12-28
14788,2026-02-08,USA,CA,SMB,Retail,3,60,Active,2026-02-08
14789,2026-02-16,USA,OH,SMB,Healthcare,4,42,Active,2026-02-16
14790,2025-08-31,USA,CA,SMB,Financial Services,4,64,Active,2025-08-31
14791,2026-07-11,USA,WA,SMB,Financial Services,3,89,Active,2026-07-11
14792,2025-06-07,USA,TN,Mid-Market,Financial Services,5,8,Active,2025-06-07
14793,2024-01-25,USA,KY,SMB,Retail,2,74,Churned,2024-08-12
14794,2025-08-13,USA,TN,SMB,Professional Services,4,37,Active,2025-08-13
14795,2026-01-27,Canada,PA,SMB,Financial Services,1,86,Active,2026-01-27
14796,2024-04-08,USA,OH,SMB,Professional Services,1,66,Churned,2024-04-08
14797,2024-04-11,Canada,TX,Mid-Market,Professional Services,4,10,Active,
14798,2024-09-23,USA,KY,Mid-Market,Manufacturing,4,53,Active,2024-12-28
14799,2026-04-02,USA,TN,SMB,Education,5,84,Active,2026-04-02
14800,2025-05-28,Australia,CO,SMB,Retail,1,79,Active,2026-07-26
14801,2026-08-09,USA,CA,SMB,Healthcare,1,69,Churned,2026-08-09
14802,2026-04-30,USA,MI,SMB,Technology,3,12,Active,
14803,2025-06-24,USA,NY,SMB,Technology,5,100,Active,2025-06-24
14804,2025-10-23,USA,TN,Enterprise,Manufacturing,7,64,Active,2025-10-23
14805,2024-11-18,USA,OH,SMB,Professional Services,5,82,Active,2025-10-11
14806,2024-03-29,UK,TN,SMB,Education,2,84,Active,2025-02-28
14807,2025-01-23,UK,KY,SMB,Manufacturing,5,100,Active,2025-01-23
14808,2025-07-30,USA,NC,Mid-Market,Healthcare,1,67,Active,2025-07-30
14809,2024-06-26,USA,GA,SMB,Professional Services,6,55,Active,2024-08-16
14810,2024-08-03,USA,CA,Enterprise,Government,3,8,Churned,2026-06-16
14811,2024-01-15,USA,TN,SMB,Technology,2,14,Active,2024-01-23
14812,2025-12-15,USA,MI,Mid-Market,Education,3,67,Active,2025-12-15
14813,2026-05-26,USA,CA,Mid-Market,Manufacturing,4,93,Active,2026-05-26
14814,2026-03-16,USA,WA,SMB,Financial Services,1,86,Active,2026-03-16
14815,2025-01-05,USA,TX,SMB,Professional Services,1,86,Active,2025-01-05
14816,2025-08-01,USA,NY,SMB,Technology,4,15,Active,2025-08-01
14817,2026-07-24,USA,NY,Mid-Market,Manufacturing,7,45,Active,2026-07-24
14818,2025-07-29,USA,OH,Enterprise,Technology,3,62,Active,2025-10-21
14819,2024-10-15,UK,PA,SMB,Manufacturing,1,62,Churned,2024-10-15
14820,2024-11-25,USA,CO,SMB,Healthcare,3,49,Active,2024-11-25
14821,2025-12-09,USA,MI,SMB,Technology,1,94,Active,2025-12-09
14822,2025-03-10,USA,FL,SMB,Healthcare,2,23,Churned,2025-03-10
14823,2026-03-26,USA,PA,Mid-Market,Financial Services,1,84,Active,2026-03-26
14824,2026-04-21,USA,FL,SMB,Healthcare,2,45,Active,2026-04-21
14825,2024-02-04,USA,OH,SMB,Retail,2,65,Active,2025-09-25
14826,2025-12-05,USA,IL,Enterprise,Professional Services,1,43,Active,2025-12-05
14827,2024-12-26,USA,FL,Mid-Market,Healthcare,2,36,Active,2024-12-26
14828,2025-05-21,USA,CA,Mid-Market,Retail,3,58,Active,2025-05-21
14829,2024-09-14,UK,GA,SMB,Education,1,54,Active,2024-10-16
14830,2024-12-24,USA,KY,Enterprise,Professional Services,1,75,Active,2024-12-24
14831,2024-11-17,USA,FL,Mid-Market,Education,3,8,Active,2024-11-17
14832,2024-02-19,UK,PA,SMB,Government,4,10,Active,2024-10-14
14833,2026-02-01,USA,CA,SMB,Technology,4,39,Churned,2026-02-01
14834,2024-05-19,Australia,OH,Enterprise,Education,2,21,Active,2024-12-28
14835,2025-01-01,UK,,SMB,Manufacturing,4,72,Churned,2025-01-01
14836,2024-07-07,USA,TN,Mid-Market,Retail,4,65,Active,2025-03-09
14837,2024-06-05,USA,FL,Mid-Market,Manufacturing,3,15,Active,2024-06-05
14838,2024-12-29,Canada,NY,Mid-Market,Education,3,13,Active,2024-12-29
14839,2026-06-13,USA,IL,Mid-Market,Technology,1,85,Active,2026-06-13
14840,2026-07-08,USA,TN,Enterprise,Education,1,66,Active,2026-07-08
14841,2025-01-06,USA,VA,SMB,Technology,2,90,Active,2025-01-06
14842,2025-05-07,Canada,PA,SMB,Education,2,66,Active,2025-05-07
14843,2026-08-18,USA,MI,Mid-Market,Healthcare,7,41,Active,
14844,2024-08-16,USA,WA,SMB,Retail,1,34,Active,2025-04-11
14845,2026-07-09,USA,IL,Mid-Market,Technology,3,84,Active,2026-07-09
14846,2024-04-13,USA,WA,Mid-Market,Healthcare,8,99,Active,2024-04-13
14847,2024-08-07,Canada,CA,SMB,Professional Services,3,44,Churned,
14848,2024-11-25,USA,OH,Mid-Market,Financial Services,1,48,Active,2024-11-25
14849,2024-02-06,USA,TN,SMB,Healthcare,7,40,Active,2024-09-26
14850,2026-03-05,USA,CO,Enterprise,Technology,2,97,Active,2026-03-05
14851,2026-04-13,USA,GA,SMB,Financial Services,1,13,Active,2026-04-13
14852,2025-01-08,USA,GA,Mid-Market,Technology,2,18,Active,2025-01-08
14853,2026-03-25,USA,PA,Enterprise,Financial Services,1,83,Active,2026-03-25
14854,2026-01-22,UK,CA,SMB,Financial Services,4,94,Active,2026-01-22
14855,2026-02-19,USA,NY,SMB,Education,1,28,Active,2026-02-19
14856,2026-02-20,USA,GA,SMB,Retail,4,58,Active,2026-02-20
14857,2025-07-12,Australia,FL,Mid-Market,Technology,1,29,Churned,2025-07-12
14858,2024-04-17,Canada,MI,SMB,Financial Services,6,99,Churned,2024-05-01
14859,2026-06-18,USA,NC,SMB,Manufacturing,1,7,Churned,2026-06-18
14860,2025-08-15,USA,KY,Enterprise,Manufacturing,6,60,Active,2025-08-15
14861,2026-05-27,Canada,OH,SMB,Healthcare,1,60,Active,2026-05-27
14862,2026-07-23,UK,VA,SMB,Education,5,94,Active,2026-07-23
14863,2024-07-01,UK,IL,Mid-Market,Manufacturing,4,57,Active,2024-07-01
14864,2025-01-26,USA,PA,SMB,Professional Services,3,35,Active,2026-05-28
14865,2024-07-06,USA,GA,SMB,Professional Services,1,50,Active,2024-09-22
14866,2024-02-19,USA,CA,Enterprise,Technology,3,64,Active,2024-05-18
14867,2026-07-30,Canada,TN,Mid-Market,Healthcare,3,85,Active,2026-07-30
14868,2026-06-18,USA,PA,SMB,Education,3,4,Churned,
14869,2026-06-26,USA,KY,Mid-Market,Manufacturing,3,72,Active,2026-06-26
14870,2026-05-10,USA,TX,SMB,Professional Services,7,59,Active,2026-05-10
14871,2025-09-23,USA,NC,SMB,Technology,8,20,Active,2025-09-23
14872,2025-05-23,USA,OH,Mid-Market,Healthcare,3,38,Active,2025-07-11
14873,2026-08-23,USA,PA,SMB,Professional Services,1,56,Active,2026-08-23
14874,2025-06-21,USA,FL,SMB,Education,1,83,Active,2025-06-21
14875,2025-09-17,USA,NC,Enterprise,Healthcare,4,85,Active,2025-09-17
14876,2024-07-25,USA,IL,SMB,Technology,8,50,Active,2024-07-25
14877,2025-12-28,USA,VA,SMB,Manufacturing,2,70,Active,2025-12-28
14878,2026-03-09,Australia,TN,SMB,Technology,1,53,Active,2026-03-09
14879,2025-10-22,USA,,Mid-Market,Professional Services,2,69,Active,
14880,2025-04-30,USA,MI,Mid-Market,Financial Services,2,99,Active,2025-04-30
14881,2024-07-11,USA,CO,Enterprise,Healthcare,8,9,Active,2025-09-04
14882,2024-02-02,Canada,KY,SMB,Financial Services,3,90,Active,
14883,2025-09-03,USA,TN,Mid-Market,Professional Services,1,19,Active,2025-09-03
14884,2025-10-27,USA,IL,Mid-Market,Financial Services,2,94,Churned,2025-10-27
14885,2026-01-22,USA,WA,SMB,Technology,1,42,Active,2026-01-22
14886,2026-07-14,USA,GA,SMB,Education,3,17,Active,2026-07-14
14887,2025-04-29,USA,GA,Mid-Market,Professional Services,3,5,Active,2025-04-29
14888,2026-03-18,USA,CA,SMB,Healthcare,1,89,Churned,2026-03-18
14889,2025-11-28,USA,VA,Mid-Market,Healthcare,2,73,Churned,2025-11-28
14890,2024-09-26,USA,FL,SMB,Government,5,43,Active,2024-09-26
14891,2026-04-03,USA,NY,SMB,Manufacturing,4,94,Active,2026-04-03
14892,2024-02-21,Australia,NY,Enterprise,Healthcare,3,86,Active,2024-08-18
14893,2025-08-06,USA,WA,Mid-Market,Healthcare,2,18,Active,2025-08-06
14894,2026-07-04,Canada,TX,SMB,Professional Services,8,51,Active,
14895,2025-10-03,Australia,GA,Mid-Market,Professional Services,4,65,Active,2025-10-03
14896,2026-07-01,USA,NY,SMB,Manufacturing,7,67,Churned,2026-07-01
14897,2024-02-24,USA,NY,Mid-Market,Retail,1,51,Active,2024-09-07
14898,2025-06-02,USA,TX,SMB,Technology,1,26,Active,2025-09-21
14899,2026-01-30,USA,WA,SMB,Healthcare,1,24,Active,2026-01-30
14900,2025-09-17,USA,OH,SMB,Professional Services,5,20,Active,2025-12-02
14901,2026-05-07,USA,,SMB,Financial Services,3,49,Churned,2026-05-07
14902,2025-03-26,USA,OH,SMB,Financial Services,1,56,Active,2025-03-26
14903,2025-10-26,USA,WA,SMB,Retail,7,95,Active,2025-10-26
14904,2025-02-12,USA,CO,Enterprise,Healthcare,7,15,Active,2025-02-12
14905,2026-04-29,USA,WA,SMB,Retail,1,48,Active,2026-04-29
14906,2024-04-26,USA,GA,SMB,Technology,3,63,Churned,2024-07-29
14907,2024-09-04,USA,TN,SMB,Manufacturing,3,44,Active,2024-11-22
14908,2024-04-04,USA,CA,Mid-Market,Technology,1,4,Churned,2024-07-19
14909,2025-11-14,Australia,NY,SMB,Financial Services,3,68,Active,2025-11-14
14910,2024-08-14,USA,KY,SMB,Retail,1,20,Churned,2026-08-02
14911,2024-11-04,UK,VA,Mid-Market,Manufacturing,5,74,Active,2024-11-04
14912,2026-03-25,Australia,VA,SMB,Technology,4,28,Churned,2026-03-25
14913,2024-12-16,USA,IL,Enterprise,Financial Services,5,68,Active,2024-12-16
14914,2024-05-22,USA,CA,SMB,Professional Services,4,17,Active,2025-05-12
14915,2024-01-21,UK,TN,Mid-Market,Healthcare,1,62,Active,2024-05-31
14916,2024-08-08,USA,TX,SMB,Healthcare,2,12,Active,2024-08-08
14917,2026-06-09,USA,OH,Mid-Market,Financial Services,4,30,Churned,2026-06-09
14918,2025-06-18,USA,WA,Mid-Market,Technology,2,77,Active,2026-06-23
14919,2026-08-26,USA,MI,SMB,Healthcare,4,27,Active,2026-08-26
14920,2024-07-28,Canada,WA,SMB,Healthcare,2,42,Active,2024-07-28
14921,2024-12-08,USA,PA,SMB,Manufacturing,1,44,Active,2024-12-08
14922,2024-06-07,USA,GA,SMB,Retail,3,26,Active,2024-06-11
14923,2025-01-23,USA,FL,Enterprise,Healthcare,3,58,Active,2025-01-31
14924,2025-07-02,USA,IL,Mid-Market,Technology,3,31,Active,2025-07-02
14925,2026-02-26,USA,TN,Mid-Market,Technology,3,53,Active,2026-02-26
14926,2024-12-24,UK,CO,Enterprise,Healthcare,2,80,Active,2024-12-24
14927,2026-01-21,USA,MI,Mid-Market,Financial Services,4,76,Active,2026-01-21
14928,2025-09-01,USA,,Mid-Market,Retail,3,23,Active,2025-09-01
14929,2024-10-11,USA,TX,SMB,Government,3,69,Active,2024-10-11
14930,2026-06-07,USA,TX,SMB,Education,2,77,Active,2026-06-07
14931,2025-02-26,UK,VA,SMB,Retail,3,57,Active,2025-02-26
14932,2024-05-27,USA,PA,SMB,Government,1,73,Active,
14933,2026-07-26,USA,TX,SMB,Manufacturing,3,42,Churned,
14934,2026-06-08,Australia,TX,SMB,Retail,1,7,Active,2026-06-08
14935,2024-02-18,USA,CA,SMB,Government,5,58,Active,2024-02-18
14936,2026-05-29,Canada,VA,SMB,Education,4,91,Active,2026-05-29
14937,2026-07-11,Australia,GA,SMB,Manufacturing,3,49,Active,2026-07-11
14938,2026-03-18,Canada,NY,SMB,Technology,4,57,Active,2026-03-18
14939,2024-09-05,USA,KY,SMB,Government,3,68,Active,2024-09-05
14940,2025-09-06,USA,IL,SMB,Healthcare,1,84,Active,2025-09-06
14941,2025-06-08,USA,PA,Mid-Market,Retail,4,50,Active,2025-06-08
14942,2025-08-27,USA,CO,Mid-Market,Manufacturing,8,32,Active,2025-08-27
14943,2025-08-23,USA,CA,SMB,Government,1,64,Active,2026-04-21
14944,2025-09-14,USA,GA,SMB,Healthcare,1,69,Active,2025-09-14
14945,2025-05-15,Australia,KY,SMB,Healthcare,3,68,Active,2025-05-15
14946,2025-11-03,USA,KY,SMB,Manufacturing,2,61,Active,2025-11-03
14947,2025-05-27,USA,TN,SMB,Financial Services,3,100,Active,
14948,2024-01-17,USA,NC,Enterprise,Technology,3,28,Churned,2024-02-07
14949,2024-02-04,USA,VA,SMB,Retail,4,32,Active,2024-03-16
14950,2026-07-22,USA,CA,SMB,Professional Services,1,86,Active,2026-07-22
14951,2026-06-04,USA,TX,Mid-Market,Education,2,19,Active,2026-06-04
14952,2025-07-24,USA,NC,SMB,Manufacturing,5,82,Active,2025-07-24
14953,2024-06-19,Canada,,SMB,Professional Services,2,25,Active,2024-11-10
14954,2026-01-31,USA,PA,SMB,Healthcare,3,68,Active,2026-01-31
14955,2024-05-19,Canada,KY,Enterprise,Technology,1,86,Active,2025-03-09
14956,2025-01-02,USA,IL,SMB,Technology,1,87,Active,2025-01-02
14957,2024-11-17,USA,IL,Mid-Market,Financial Services,2,61,Churned,2025-01-30
14958,2024-01-13,USA,PA,Mid-Market,Healthcare,2,22,Active,2024-01-29
14959,2026-02-25,USA,NC,SMB,Manufacturing,4,34,Churned,2026-02-25
14960,2025-05-11,USA,OH,Mid-Market,Manufacturing,3,72,Active,2025-05-11
14961,2024-11-04,USA,TN,SMB,Technology,5,64,Active,2024-11-04
14962,2025-05-09,Canada,,SMB,Financial Services,5,29,Active,2025-05-09
14963,2024-01-01,USA,OH,SMB,Financial Services,1,58,Active,2024-02-22
14964,2025-03-01,USA,CO,Enterprise,Government,1,94,Active,2025-03-01
14965,2025-05-21,USA,GA,SMB,Healthcare,5,6,Active,2025-05-21
14966,2024-11-26,USA,FL,SMB,Government,2,57,Churned,2026-04-25
14967,2026-03-19,UK,NY,Enterprise,Technology,2,56,Active,2026-03-19
14968,2024-08-31,USA,VA,SMB,Technology,1,85,Active,2024-08-31
14969,2024-05-14,USA,GA,Enterprise,Retail,3,26,Active,2024-05-15
14970,2025-05-28,USA,GA,Mid-Market,Professional Services,1,18,Active,2025-05-28
14971,2026-05-14,USA,MI,Mid-Market,Professional Services,1,45,Active,2026-05-14
14972,2024-12-31,USA,IL,Mid-Market,Education,3,32,Active,2025-08-06
14973,2024-02-15,USA,VA,Mid-Market,Technology,4,89,Active,2024-02-15
14974,2026-08-02,UK,GA,SMB,Manufacturing,1,77,Active,2026-08-02
14975,2025-03-08,USA,IL,Enterprise,Healthcare,4,40,Churned,2025-03-08
14976,2024-06-17,USA,PA,Enterprise,Government,2,36,Active,2024-06-17
14977,2025-08-22,USA,MI,Enterprise,Healthcare,2,2,Active,2025-08-22
14978,2024-11-07,USA,TN,Mid-Market,Manufacturing,2,9,Active,2024-11-07
14979,2026-07-02,USA,NC,SMB,Retail,1,56,Active,
14980,2024-10-13,UK,GA,SMB,Education,2,66,Active,2024-10-25
14981,2025-06-19,USA,CA,SMB,Education,5,80,Active,2025-06-19
14982,2025-06-13,USA,CA,SMB,Technology,1,12,Active,2025-06-13
14983,2024-08-24,USA,OH,Mid-Market,Healthcare,7,17,Active,2025-09-27
14984,2025-05-01,USA,KY,Mid-Market,Financial Services,1,56,Active,2025-05-01
14985,2024-04-16,USA,WA,SMB,Healthcare,2,9,Active,
14986,2025-09-19,USA,WA,SMB,Government,3,84,Active,2025-09-19
14987,2026-01-08,Canada,NY,Mid-Market,Healthcare,4,45,Active,2026-01-08
14988,2026-07-14,USA,FL,SMB,Government,1,59,Active,2026-07-14
14989,2024-11-13,USA,WA,Enterprise,Healthcare,1,79,Active,2024-11-13
14990,2024-10-04,USA,NY,Mid-Market,Professional Services,3,51,Active,2024-10-04
14991,2025-06-18,USA,FL,SMB,Technology,1,8,Active,2025-06-18
14992,2025-11-05,USA,TN,SMB,Professional Services,3,23,Active,
14993,2026-08-24,USA,OH,Mid-Market,Technology,4,35,Active,2026-08-24
14994,2024-01-25,Canada,NY,SMB,Education,1,17,Active,2024-02-11
14995,2024-08-20,USA,,Mid-Market,Education,4,52,Active,2024-08-20
14996,2024-09-12,USA,TN,SMB,Financial Services,1,2,Active,2024-09-12
14997,2024-09-05,USA,IL,SMB,Professional Services,5,15,Active,2025-01-05
14998,2025-03-27,USA,VA,SMB,Technology,7,81,Active,2025-09-09
14999,2026-04-30,USA,TN,Mid-Market,Financial Services,3,13,Churned,2026-06-14
15000,2024-01-31,USA,WA,Enterprise,Retail,8,4,Active,2024-01-31
15001,2026-03-05,USA,KY,Enterprise,Manufacturing,4,45,Active,2026-03-05
15002,2025-08-24,UK,TX,SMB,Professional Services,1,86,Active,2025-08-24
15003,2025-08-22,USA,OH,Mid-Market,Education,1,25,Active,2025-12-13
15004,2025-10-22,USA,MI,SMB,Retail,1,40,Active,
15005,2024-04-22,USA,WA,Mid-Market,Technology,2,77,Active,2025-06-17
15006,2025-12-28,USA,WA,Enterprise,Healthcare,3,92,Active,2026-04-06
15007,2024-08-29,USA,GA,SMB,Retail,2,30,Churned,2024-08-29
15008,2025-05-18,USA,WA,Enterprise,Professional Services,3,16,Active,2025-05-18
15009,2025-10-21,USA,TN,SMB,Healthcare,2,25,Active,2025-10-21
15010,2025-08-11,USA,PA,SMB,Retail,1,82,Active,2025-08-11
15011,2024-11-10,USA,VA,SMB,Healthcare,1,34,Churned,2024-11-10
15012,2025-01-20,USA,CO,Enterprise,Healthcare,8,87,Churned,2025-01-20
15013,2025-04-09,UK,NC,SMB,Healthcare,2,50,Churned,2025-04-09
15014,2024-02-10,USA,CA,Mid-Market,Healthcare,2,42,Active,2024-09-07
15015,2025-12-08,USA,VA,SMB,Manufacturing,1,73,Active,2025-12-08
15016,2024-04-07,USA,NC,Mid-Market,Professional Services,8,99,Churned,2024-12-09
15017,2025-03-22,USA,OH,Mid-Market,Healthcare,1,75,Churned,2025-03-22
15018,2025-09-29,USA,VA,SMB,Professional Services,3,22,Active,2025-09-29
15019,2024-03-19,USA,IL,Mid-Market,Technology,1,33,Active,2024-09-03
15020,2026-08-27,USA,KY,Mid-Market,Financial Services,1,12,Churned,2026-08-27
15021,2025-01-02,USA,VA,SMB,Retail,4,60,Churned,2025-01-02
15022,2024-01-16,USA,TX,SMB,Financial Services,3,98,Active,2025-03-05
15023,2025-10-03,USA,NY,SMB,Education,3,32,Active,2025-10-03
15024,2025-06-27,USA,CA,Enterprise,Education,1,26,Active,2025-06-27
15025,2025-09-15,USA,VA,Mid-Market,Retail,8,93,Active,2025-09-15
15026,2026-01-01,USA,TN,Mid-Market,Healthcare,3,3,Active,2026-01-01
15027,2025-04-08,Australia,,Mid-Market,Financial Services,7,22,Active,2025-04-08
15028,2026-03-16,USA,FL,Mid-Market,Technology,1,40,Active,2026-03-16
15029,2024-12-26,USA,IL,SMB,Healthcare,2,94,Churned,2025-03-10
15030,2025-06-15,USA,PA,SMB,Manufacturing,2,100,Active,2025-06-15
15031,2024-06-03,USA,OH,Mid-Market,Technology,4,90,Churned,2024-12-14
15032,2025-08-26,USA,VA,SMB,Technology,4,85,Active,2025-08-26
15033,2024-09-11,UK,WA,SMB,Healthcare,2,,Active,2025-09-07
15034,2025-11-09,USA,VA,Mid-Market,Manufacturing,1,,Active,2025-11-09
15035,2026-02-19,Canada,TN,Enterprise,Manufacturing,1,90,Active,2026-02-19
15036,2026-04-16,Canada,VA,Mid-Market,Professional Services,1,36,Active,2026-04-16
15037,2026-06-23,USA,CA,SMB,Manufacturing,4,17,Active,2026-06-23
15038,2024-04-29,USA,TN,Enterprise,Retail,1,54,Churned,2024-08-30
15039,2024-05-14,USA,FL,SMB,Healthcare,1,93,Active,2024-05-14
15040,2026-06-21,Canada,TN,SMB,Technology,2,80,Active,2026-06-21
15041,2025-01-05,Canada,GA,Enterprise,Technology,1,42,Active,2025-01-05
15042,2024-01-26,USA,OH,Mid-Market,Technology,7,20,Active,2024-07-24
15043,2024-10-06,USA,KY,Enterprise,Technology,2,77,Active,2024-10-19
15044,2026-03-25,USA,CO,Mid-Market,Professional Services,6,10,Active,2026-03-25
15045,2024-12-11,USA,KY,Mid-Market,Professional Services,3,12,Active,2025-01-20
15046,2024-03-15,USA,MI,SMB,Retail,3,74,Active,2024-03-15
15047,2025-12-04,USA,OH,SMB,Financial Services,2,19,Active,2025-12-04
15048,2024-07-08,Canada,NC,Enterprise,Professional Services,3,3,Active,2026-05-17
15049,2024-12-09,USA,TX,Enterprise,Technology,3,100,Active,2024-12-09
15050,2024-01-04,USA,CA,SMB,Government,1,52,Active,2024-01-08
15051,2025-08-09,USA,NY,SMB,Manufacturing,5,79,Active,2025-08-09
15052,2025-03-09,USA,WA,SMB,Government,2,71,Active,2025-06-10
15053,2026-04-24,USA,IL,SMB,Healthcare,2,83,Active,2026-04-24
15054,2024-11-21,Canada,TN,Enterprise,Technology,2,67,Active,2024-11-21
15055,2024-07-18,USA,CO,SMB,Manufacturing,3,72,Active,2025-01-13
15056,2024-06-10,UK,GA,SMB,Healthcare,2,52,Active,2025-04-26
15057,2024-07-13,USA,NY,Enterprise,Financial Services,2,17,Active,2024-07-13
15058,2025-03-15,USA,VA,SMB,Healthcare,1,79,Active,2025-03-15
15059,2024-03-25,USA,NC,SMB,Healthcare,2,49,Active,2024-09-17
15060,2025-01-26,USA,NC,SMB,Government,1,60,Active,2025-05-09
15061,2026-04-12,USA,IL,SMB,Government,5,31,Active,2026-07-13
15062,2026-01-17,USA,WA,SMB,Professional Services,2,83,Active,2026-01-17
15063,2025-09-12,USA,KY,SMB,Government,7,76,Active,2026-05-21
15064,2026-05-19,USA,MI,SMB,Professional Services,3,59,Active,2026-05-19
15065,2026-01-29,USA,TN,SMB,Professional Services,4,19,Active,2026-01-29
15066,2025-09-27,Canada,WA,SMB,Financial Services,6,44,Active,2025-09-27
15067,2026-04-20,USA,CA,SMB,Financial Services,1,26,Active,2026-04-20
15068,2024-05-01,Canada,IL,Enterprise,Professional Services,3,60,Active,2024-11-01
15069,2026-03-07,USA,KY,SMB,Manufacturing,1,7,Active,2026-03-07
15070,2024-10-14,USA,CO,SMB,Technology,1,43,Active,2024-10-14
15071,2025-12-15,USA,NY,Enterprise,Technology,2,99,Active,2025-12-15
15072,2026-06-08,UK,IL,SMB,Retail,3,21,Active,2026-06-08
15073,2025-04-28,Canada,KY,SMB,Retail,4,50,Active,2025-04-28
15074,2024-03-27,Canada,NY,Mid-Market,Education,1,48,Churned,2024-03-27
15075,2024-12-26,USA,PA,Mid-Market,Manufacturing,4,87,Active,2024-12-26
15076,2025-01-31,USA,NC,SMB,Retail,1,95,Churned,2025-01-31
15077,2026-07-01,USA,OH,Mid-Market,Technology,1,84,Active,2026-07-01
15078,2026-07-06,USA,CO,Mid-Market,Retail,1,59,Active,2026-07-06
15079,2025-07-07,USA,KY,SMB,Manufacturing,3,43,Active,2025-07-07
15080,2026-07-14,USA,,SMB,Technology,2,73,Active,2026-07-14
15081,2025-02-28,Canada,VA,SMB,Manufacturing,1,6,Active,2025-02-28
15082,2025-02-04,USA,NC,Mid-Market,Government,1,66,Active,2025-03-24
15083,2026-03-25,USA,FL,SMB,Manufacturing,3,32,Active,2026-03-25
15084,2025-10-12,USA,CA,SMB,Government,4,47,Churned,2025-10-12
15085,2025-05-23,USA,TN,SMB,Professional Services,1,65,Churned,2025-05-23
15086,2025-03-20,USA,VA,Enterprise,Professional Services,4,41,Active,2025-03-20
15087,2025-11-18,USA,KY,SMB,Education,3,30,Active,2025-11-18
15088,2026-01-03,USA,VA,SMB,Technology,2,20,Churned,2026-01-03
15089,2025-04-22,USA,CO,SMB,Manufacturing,1,41,Active,2025-04-22
15090,2024-01-31,USA,CA,Mid-Market,Manufacturing,6,2,Active,2024-12-31
15091,2024-04-09,USA,NC,SMB,Financial Services,2,87,Active,2025-03-30
15092,2024-05-20,USA,IL,Enterprise,Financial Services,2,87,Active,2024-05-20
15093,2025-03-26,USA,NC,SMB,Healthcare,5,68,Active,2025-03-26
15094,2025-08-21,USA,NC,SMB,Education,4,28,Active,2025-08-21
15095,2026-02-21,USA,FL,SMB,Healthcare,4,77,Churned,2026-02-21
15096,2024-08-14,USA,OH,SMB,Technology,4,60,Active,2024-08-14
15097,2026-02-05,USA,IL,SMB,Healthcare,1,27,Active,2026-02-05
15098,2025-10-10,USA,VA,Mid-Market,Healthcare,4,47,Active,2025-10-10
15099,2024-02-20,USA,FL,SMB,Manufacturing,2,9,Active,2024-11-12
15100,2024-12-08,USA,TN,Mid-Market,Professional Services,5,11,Active,2024-12-08
15101,2024-10-21,UK,TN,SMB,Retail,2,38,Active,2025-11-14
15102,2026-05-13,Australia,MI,Mid-Market,Professional Services,1,4,Active,2026-08-16
15103,2026-06-16,USA,GA,SMB,Healthcare,2,87,Active,2026-06-16
15104,2026-03-08,USA,CO,SMB,Manufacturing,4,,Active,
15105,2025-05-29,USA,TN,SMB,Healthcare,3,33,Active,2025-10-14
15106,2025-04-25,USA,GA,Enterprise,Retail,4,37,Active,2025-04-25
15107,2024-10-30,USA,KY,Enterprise,Healthcare,1,77,Active,2024-10-30
15108,2026-01-22,USA,KY,Mid-Market,Healthcare,1,32,Active,2026-01-22
15109,2024-03-25,Australia,TX,Enterprise,Technology,3,79,Active,2024-03-28
15110,2024-09-21,USA,GA,SMB,Technology,2,9,Churned,2025-07-23
15111,2024-05-11,USA,,SMB,Financial Services,3,54,Active,2024-05-11
15112,2025-04-26,USA,PA,SMB,Professional Services,7,,Active,2025-04-26
15113,2024-10-18,USA,CO,Enterprise,Technology,3,73,Active,2024-10-18
15114,2024-07-11,USA,GA,SMB,Retail,2,73,Active,2025-03-16
15115,2025-01-01,USA,VA,SMB,Retail,3,47,Active,2026-01-25
15116,2026-04-18,USA,NC,Mid-Market,Retail,6,89,Active,2026-04-18
15117,2025-06-27,Canada,IL,SMB,Professional Services,3,67,Active,2025-06-27
15118,2026-03-12,USA,CA,Mid-Market,Manufacturing,4,26,Active,2026-03-12
15119,2026-06-09,USA,KY,SMB,Healthcare,2,60,Active,2026-06-09
15120,2026-05-28,Canada,PA,Mid-Market,Financial Services,4,45,Active,2026-05-28
15121,2024-12-07,USA,VA,Enterprise,Retail,1,70,Active,2024-12-07
15122,2026-05-04,USA,VA,Mid-Market,Retail,4,63,Active,2026-05-04
15123,2026-06-04,UK,OH,SMB,Technology,5,78,Churned,2026-06-04
15124,2026-07-23,USA,NC,SMB,Government,5,17,Active,2026-07-23
15125,2024-12-07,USA,CO,SMB,Financial Services,1,3,Active,2025-12-31
15126,2024-08-10,USA,NY,SMB,Retail,4,38,Churned,2024-08-10
15127,2025-07-23,UK,CO,Mid-Market,Healthcare,1,8,Active,2025-07-23
15128,2026-06-26,USA,PA,SMB,Retail,2,49,Active,2026-06-26
15129,2026-05-27,USA,CA,SMB,Technology,3,36,Active,2026-05-27
15130,2025-07-10,USA,NY,SMB,Government,2,65,Active,2025-07-10
15131,2024-05-25,USA,,Enterprise,Education,2,,Active,2024-05-25
15132,2025-02-15,USA,FL,SMB,Healthcare,3,99,Active,2025-02-15
15133,2025-11-26,USA,OH,SMB,Professional Services,3,2,Active,2025-11-26
15134,2025-06-29,USA,TN,SMB,Professional Services,3,50,Active,2025-07-23
15135,2024-12-02,USA,IL,SMB,Financial Services,3,80,Active,2024-12-02
15136,2024-11-29,USA,TX,Enterprise,Professional Services,4,26,Active,2024-11-29
15137,2024-02-28,USA,CO,SMB,Technology,2,87,Active,2025-03-03
15138,2024-10-08,USA,CA,Mid-Market,Education,1,66,Active,2025-04-16
15139,2025-10-13,USA,VA,Mid-Market,Manufacturing,3,50,Active,2025-10-13
15140,2024-08-23,USA,NC,Mid-Market,Financial Services,4,12,Active,2024-10-21
15141,2026-08-25,USA,,Mid-Market,Education,1,57,Churned,2026-08-25
15142,2024-03-21,USA,IL,Mid-Market,Manufacturing,1,1,Active,2024-06-28
15143,2025-07-27,USA,FL,SMB,Government,6,32,Active,2025-07-27
15144,2025-04-28,USA,WA,SMB,Healthcare,5,38,Churned,2025-04-28
15145,2026-03-22,Canada,CA,Mid-Market,Retail,3,9,Active,2026-03-22
15146,2026-05-14,USA,TX,Mid-Market,Education,4,7,Churned,2026-05-14
15147,2025-06-13,USA,TN,SMB,Technology,7,89,Active,2025-08-13
15148,2025-09-05,USA,NC,SMB,Manufacturing,3,48,Active,2025-09-05
15149,2025-11-11,USA,NY,SMB,Technology,1,10,Active,2025-11-11
15150,2025-05-22,USA,PA,SMB,Education,3,33,Churned,2025-05-22
15151,2024-06-29,USA,OH,SMB,Technology,6,60,Active,2026-05-18
15152,2025-02-21,USA,TX,SMB,Retail,3,,Active,2025-02-21
15153,2024-08-23,USA,KY,SMB,Technology,1,45,Active,2024-08-23
15154,2025-03-28,Australia,NC,Mid-Market,Manufacturing,6,18,Active,2025-03-28
15155,2025-08-22,USA,TX,Mid-Market,Education,4,49,Active,2025-08-22
15156,2024-07-22,USA,FL,Mid-Market,Technology,2,70,Active,2024-07-22
15157,2024-08-30,Australia,CO,Mid-Market,Manufacturing,8,13,Active,2024-08-30
15158,2026-03-12,USA,CA,SMB,Healthcare,4,64,Active,2026-03-12
15159,2025-01-02,USA,WA,SMB,Financial Services,4,35,Active,2026-05-05
15160,2024-07-12,USA,TN,Mid-Market,Retail,6,100,Active,2024-12-11
15161,2025-11-25,USA,FL,Mid-Market,Technology,1,44,Active,2025-11-25
15162,2025-11-28,USA,TN,Mid-Market,Education,4,57,Active,2025-11-28
15163,2026-03-15,Canada,NC,Mid-Market,Government,2,71,Active,2026-03-15
15164,2026-01-10,USA,TX,Mid-Market,Technology,5,81,Active,2026-01-10
15165,2026-08-24,USA,OH,Mid-Market,Education,5,6,Active,2026-08-24
15166,2025-07-13,UK,CO,Mid-Market,Technology,4,36,Active,2026-03-26
15167,2024-10-06,USA,VA,Mid-Market,Manufacturing,4,2,Active,2024-10-06
15168,2026-04-20,Australia,OH,SMB,Technology,4,8,Active,2026-04-20
15169,2024-09-14,USA,IL,SMB,Retail,1,48,Churned,2025-03-22
15170,2024-10-10,Canada,TN,SMB,Manufacturing,2,41,Active,2024-10-10
15171,2026-03-17,USA,NY,SMB,Professional Services,1,73,Active,2026-03-17
15172,2026-05-08,Canada,VA,Mid-Market,Technology,4,68,Active,2026-05-08
15173,2024-11-26,UK,,SMB,Healthcare,3,93,Active,2024-11-26
15174,2025-12-11,USA,WA,SMB,Manufacturing,3,26,Churned,2025-12-11
15175,2026-06-17,USA,GA,Mid-Market,Government,1,55,Active,2026-06-17
15176,2026-02-16,Australia,TN,SMB,Healthcare,3,14,Active,2026-02-16
15177,2024-01-05,USA,NY,Mid-Market,Government,2,43,Active,2024-03-19
15178,2025-10-09,Australia,PA,SMB,Government,8,11,Active,2025-10-09
15179,2024-06-14,USA,NC,SMB,Technology,5,92,Active,2024-06-14
15180,2026-04-04,USA,GA,SMB,Retail,3,53,Active,2026-04-04
15181,2024-03-06,Canada,GA,SMB,Healthcare,4,8,Churned,2025-01-08
15182,2026-08-25,USA,OH,SMB,Healthcare,1,34,Active,2026-08-25
15183,2024-06-21,USA,WA,SMB,Retail,1,78,Active,2024-06-21
15184,2025-02-13,USA,WA,SMB,Education,3,77,Active,2025-02-13
15185,2024-08-15,USA,GA,SMB,Government,4,75,Churned,2024-08-15
15186,2026-03-03,USA,IL,Mid-Market,Healthcare,1,64,Active,
15187,2025-01-18,Canada,MI,SMB,Manufacturing,1,99,Active,2025-01-18
15188,2025-12-26,Canada,NC,SMB,Manufacturing,3,94,Active,2025-12-26
15189,2024-03-06,USA,OH,SMB,Retail,1,41,Active,2024-08-28
15190,2025-03-17,USA,OH,Enterprise,Manufacturing,2,99,Active,2025-03-17
15191,2026-06-06,USA,IL,Mid-Market,Professional Services,2,69,Active,2026-06-06
15192,2026-06-21,USA,NC,Enterprise,Manufacturing,6,1,Active,2026-06-21
15193,2024-07-22,Canada,OH,Enterprise,Healthcare,2,75,Active,2024-07-22
15194,2025-01-19,Canada,TN,SMB,Technology,1,24,Churned,2025-01-19
15195,2025-02-02,USA,FL,Mid-Market,Healthcare,1,86,Active,2025-02-02
15196,2025-07-04,USA,CA,SMB,Government,1,25,Active,2025-07-04
15197,2025-06-07,USA,WA,Enterprise,Professional Services,4,48,Active,2025-06-07
15198,2024-04-13,UK,IL,SMB,Healthcare,2,88,Active,2024-04-17
15199,2026-01-12,USA,FL,SMB,Manufacturing,1,79,Active,2026-01-12
15200,2024-08-07,USA,NC,Enterprise,Education,6,14,Churned,2024-08-07
15201,2024-11-02,Canada,NY,Mid-Market,Manufacturing,4,98,Active,2024-11-02
15202,2026-03-29,USA,IL,Enterprise,Manufacturing,1,42,Active,2026-03-29
15203,2025-11-02,Canada,NC,SMB,Government,1,54,Active,2025-11-02
15204,2025-01-21,Canada,GA,SMB,Financial Services,4,6,Active,2025-01-31
15205,2026-06-07,Canada,NY,SMB,Manufacturing,3,3,Churned,2026-06-07
15206,2025-01-18,USA,PA,SMB,Healthcare,6,48,Active,2025-01-18
15207,2025-07-04,Canada,CO,SMB,Retail,1,36,Active,2025-07-04
15208,2024-08-27,USA,WA,SMB,Professional Services,4,4,Active,2024-08-27
15209,2024-06-27,USA,IL,Mid-Market,Technology,1,9,Active,2024-06-27
15210,2025-04-23,UK,CO,SMB,Technology,2,73,Active,2025-04-23
15211,2025-07-02,USA,TN,Mid-Market,Healthcare,4,59,Active,2025-07-02
15212,2026-02-23,USA,GA,Enterprise,Professional Services,4,52,Active,2026-02-23
15213,2025-01-15,USA,OH,Mid-Market,Retail,1,57,Active,2025-08-11
15214,2026-05-21,Canada,GA,SMB,Manufacturing,1,100,Active,2026-05-21
15215,2025-08-14,USA,VA,SMB,Financial Services,4,47,Active,2025-11-23
15216,2024-03-09,UK,NY,SMB,Manufacturing,1,99,Active,2024-03-09
15217,2025-12-20,Australia,NC,Mid-Market,Technology,2,30,Active,2025-12-20
15218,2025-07-13,USA,NY,SMB,Retail,1,79,Churned,2025-07-13
15219,2025-01-14,USA,NY,SMB,Manufacturing,1,63,Active,2025-01-14
15220,2025-03-31,USA,MI,Enterprise,Retail,4,30,Active,2025-03-31
15221,2024-10-20,USA,KY,Mid-Market,Technology,1,12,Active,2024-10-20
15222,2025-08-21,USA,CA,Mid-Market,Manufacturing,3,12,Active,2025-09-02
15223,2025-07-06,USA,GA,SMB,Professional Services,3,66,Active,2025-07-06
15224,2025-03-11,USA,NY,Enterprise,Healthcare,1,16,Active,
15225,2024-10-04,USA,CA,SMB,Healthcare,3,63,Active,2024-10-04
15226,2025-01-23,USA,KY,SMB,Financial Services,2,70,Active,2025-01-23
15227,2025-04-29,USA,NC,Enterprise,Healthcare,4,74,Active,2025-04-29
15228,2025-04-04,USA,WA,Enterprise,Manufacturing,4,14,Active,2025-06-16
15229,2024-10-28,USA,PA,SMB,Financial Services,4,13,Active,
15230,2025-07-20,USA,GA,SMB,Healthcare,2,29,Active,2025-07-20
15231,2024-08-08,USA,CA,SMB,Retail,4,49,Active,2024-08-08
15232,2025-05-02,USA,CO,Mid-Market,Manufacturing,3,10,Active,2025-07-07
15233,2024-04-28,USA,KY,Mid-Market,Technology,2,50,Churned,2024-04-28
15234,2025-04-04,USA,CO,SMB,Manufacturing,1,6,Churned,2025-12-19
15235,2026-02-02,USA,CO,SMB,Government,1,15,Active,2026-02-02
15236,2026-03-07,UK,TN,Mid-Market,Financial Services,1,39,Active,2026-03-07
15237,2025-11-07,USA,WA,Mid-Market,Manufacturing,1,58,Active,2025-11-07
15238,2025-12-27,USA,PA,SMB,Financial Services,6,42,Active,2025-12-27
15239,2024-03-05,USA,NY,Mid-Market,Professional Services,8,71,Active,2024-07-25
15240,2024-11-28,USA,CA,Enterprise,Financial Services,1,20,Active,2024-11-28
15241,2025-09-29,USA,FL,SMB,Government,6,10,Churned,2025-09-29
15242,2026-02-18,Canada,KY,Mid-Market,Technology,4,93,Active,2026-02-18
15243,2025-07-21,USA,PA,Mid-Market,Manufacturing,2,44,Active,2025-07-21
15244,2026-04-11,USA,FL,SMB,Manufacturing,7,61,Active,2026-04-11
15245,2024-09-22,Canada,FL,Enterprise,Retail,4,72,Active,2024-09-22
15246,2024-05-29,USA,CO,Mid-Market,Healthcare,3,30,Active,2024-07-29
15247,2024-03-25,Canada,TN,SMB,Professional Services,1,7,Active,2024-05-02
15248,2025-07-21,USA,CA,SMB,Education,1,84,Active,2025-07-21
15249,2025-10-09,USA,VA,Mid-Market,Healthcare,6,69,Active,2025-10-09
15250,2024-10-04,USA,KY,SMB,Healthcare,1,56,Active,2024-10-04
15251,2026-02-02,USA,OH,SMB,Retail,1,87,Churned,2026-02-02
15252,2025-12-20,USA,NY,SMB,Education,1,45,Active,2025-12-20
15253,2024-12-16,Canada,OH,Mid-Market,Manufacturing,2,5,Active,2024-12-16
15254,2024-08-20,USA,FL,Enterprise,Technology,2,76,Active,2026-04-09
15255,2025-12-24,UK,GA,Mid-Market,Healthcare,6,81,Active,
15256,2025-10-15,USA,TN,Mid-Market,Professional Services,2,37,Active,2025-10-15
15257,2024-06-15,USA,PA,SMB,Financial Services,5,20,Active,2024-09-06
15258,2024-09-05,USA,OH,SMB,Retail,3,81,Active,2024-09-05
15259,2025-04-18,Canada,TN,Enterprise,Government,3,6,Active,2025-04-18
15260,2025-05-12,USA,TN,SMB,Education,1,1,Churned,2025-05-12
15261,2024-06-10,USA,NC,Mid-Market,Manufacturing,1,,Active,2024-07-03
15262,2026-07-12,USA,NY,SMB,Professional Services,5,25,Active,2026-07-12
15263,2025-01-13,Canada,NC,SMB,Healthcare,4,79,Active,2025-03-16
15264,2025-01-06,USA,VA,Mid-Market,Healthcare,2,54,Active,2025-01-06
15265,2024-02-28,USA,VA,SMB,Healthcare,5,94,Active,2024-05-01
15266,2026-05-02,USA,IL,SMB,Financial Services,4,84,Active,
15267,2024-08-17,USA,MI,SMB,Technology,1,49,Active,2026-04-07
15268,2026-08-19,USA,KY,SMB,Manufacturing,3,75,Active,2026-08-19
15269,2025-04-28,USA,GA,SMB,Manufacturing,4,17,Active,2025-04-28
15270,2026-05-02,USA,MI,Enterprise,Education,4,94,Churned,2026-05-02
15271,2024-06-23,USA,GA,SMB,Retail,1,92,Active,2025-01-01
15272,2024-06-10,USA,FL,Mid-Market,Healthcare,1,27,Active,2024-06-10
15273,2026-02-19,Canada,VA,Mid-Market,Retail,2,53,Active,2026-02-19
15274,2026-03-09,Australia,TN,SMB,Education,1,93,Active,2026-03-09
15275,2025-06-12,USA,WA,SMB,Manufacturing,1,,Active,2025-06-12
15276,2024-02-01,Canada,CO,Enterprise,Government,3,12,Active,2025-06-14
15277,2026-07-08,UK,MI,Mid-Market,Professional Services,3,99,Active,2026-07-08
15278,2025-01-18,USA,IL,Enterprise,Education,1,20,Active,2026-02-21
15279,2026-06-30,USA,PA,SMB,Education,3,16,Active,2026-06-30
15280,2026-04-28,USA,NC,Mid-Market,Technology,1,47,Active,2026-04-28
15281,2026-04-09,Canada,PA,Mid-Market,Professional Services,2,47,Active,2026-04-09
15282,2025-11-01,USA,TN,Enterprise,Technology,4,22,Active,2025-11-01
15283,2025-10-17,USA,KY,SMB,Retail,5,89,Active,2025-10-17
15284,2025-06-02,USA,TN,Enterprise,Financial Services,1,4,Active,2025-06-02
15285,2024-01-25,USA,GA,SMB,Professional Services,5,93,Active,2024-06-10
15286,2025-01-12,USA,NC,Mid-Market,Retail,5,64,Active,2025-01-12
15287,2025-12-12,USA,PA,SMB,Education,3,27,Churned,2026-04-08
15288,2026-03-02,USA,CO,Mid-Market,Government,8,41,Active,2026-03-02
15289,2025-06-29,UK,OH,SMB,Retail,1,9,Active,2025-06-29
15290,2025-11-22,Australia,VA,Mid-Market,Retail,1,93,Active,2025-11-22
15291,2024-01-22,USA,PA,SMB,Financial Services,4,71,Active,2024-05-14
15292,2025-04-01,USA,TN,SMB,Manufacturing,2,99,Active,2025-04-01
15293,2025-05-09,USA,,Mid-Market,Technology,2,5,Active,2025-05-09
15294,2026-05-19,USA,VA,Mid-Market,Retail,1,93,Active,2026-05-19
15295,2024-10-29,USA,OH,SMB,Manufacturing,1,84,Active,2024-10-29
15296,2024-08-11,USA,CA,Mid-Market,Manufacturing,1,52,Active,2024-09-16
15297,2024-12-09,USA,FL,SMB,Financial Services,1,62,Active,2024-12-09
15298,2024-06-14,USA,GA,Mid-Market,Healthcare,7,31,Active,2024-06-18
15299,2025-06-27,Australia,GA,Mid-Market,Financial Services,1,51,Active,2025-06-27
15300,2025-09-18,USA,MI,Mid-Market,Professional Services,4,96,Active,2025-09-18
15301,2026-02-19,USA,GA,Mid-Market,Financial Services,1,82,Active,2026-02-19
15302,2026-08-04,USA,NC,SMB,Healthcare,2,38,Active,2026-08-04
15303,2024-03-12,USA,FL,SMB,Manufacturing,5,56,Active,2024-05-03
15304,2024-08-28,UK,IL,Mid-Market,Technology,1,38,Active,2024-08-28
15305,2024-10-19,USA,CO,SMB,Education,1,35,Active,2024-10-19
15306,2024-08-31,USA,OH,SMB,Retail,4,64,Active,2024-11-03
15307,2026-03-16,USA,WA,Mid-Market,Technology,1,42,Active,2026-03-16
15308,2024-05-15,USA,GA,SMB,Education,1,64,Active,2024-05-15
15309,2024-01-29,USA,CO,SMB,Professional Services,7,98,Active,2025-12-01
15310,2026-04-18,Canada,NY,Enterprise,Technology,2,11,Active,2026-04-18
15311,2026-07-25,Canada,TN,SMB,Technology,3,41,Active,2026-07-25
15312,2024-08-08,USA,,SMB,Healthcare,1,20,Active,2024-08-08
15313,2024-11-20,UK,CO,SMB,Manufacturing,1,7,Active,2025-03-04
15314,2025-05-05,Canada,NC,SMB,Professional Services,2,1,Active,2025-05-05
15315,2025-05-27,USA,GA,Mid-Market,Financial Services,3,38,Active,2025-05-27
15316,2026-08-23,USA,PA,Mid-Market,Retail,1,10,Active,2026-08-23
15317,2025-01-28,USA,MI,Mid-Market,Technology,5,72,Active,2025-01-28
15318,2024-01-12,USA,VA,SMB,Professional Services,4,35,Active,2024-01-20
15319,2025-02-15,USA,FL,SMB,Healthcare,3,22,Active,2025-02-15
15320,2025-06-26,USA,IL,SMB,Professional Services,2,95,Active,2025-06-26
15321,2025-05-18,USA,CA,Mid-Market,Financial Services,3,63,Churned,
15322,2025-05-13,USA,OH,Mid-Market,Professional Services,4,80,Active,2025-05-13
15323,2026-06-17,USA,MI,SMB,Professional Services,1,77,Active,2026-06-17
15324,2026-02-25,UK,FL,Mid-Market,Education,5,23,Active,2026-02-25
15325,2024-09-02,USA,PA,Mid-Market,Professional Services,2,63,Active,2024-09-02
15326,2024-12-12,USA,NC,SMB,Government,6,12,Active,2024-12-12
15327,2025-10-12,USA,CO,Mid-Market,Professional Services,7,,Active,2025-10-12
15328,2025-02-03,USA,,Mid-Market,Manufacturing,1,100,Active,2025-02-03
15329,2025-02-21,USA,TX,SMB,Manufacturing,2,22,Active,2025-02-21
15330,2024-06-12,USA,TX,SMB,Healthcare,3,73,Active,2025-08-11
15331,2024-09-04,USA,NY,Mid-Market,Financial Services,3,6,Active,2025-07-07
15332,2025-12-22,USA,WA,Enterprise,Technology,4,53,Active,2025-12-22
15333,2026-04-01,USA,OH,Mid-Market,Healthcare,1,13,Active,2026-04-01
15334,2026-02-03,USA,OH,Mid-Market,Government,3,98,Active,2026-02-03
15335,2024-10-26,USA,KY,Mid-Market,Financial Services,6,45,Active,2025-07-29
15336,2024-05-13,USA,WA,SMB,Healthcare,8,96,Active,2024-05-13
15337,2024-06-04,USA,VA,SMB,Financial Services,1,91,Active,2024-06-04
15338,2025-01-18,USA,PA,SMB,Healthcare,7,12,Active,2025-01-18
15339,2025-05-19,Australia,NC,Enterprise,Financial Services,1,51,Active,2025-08-17
15340,2026-05-19,USA,NC,Mid-Market,Technology,3,64,Active,2026-05-19
15341,2026-05-25,USA,VA,Enterprise,Retail,1,44,Active,2026-05-25
15342,2024-01-03,USA,GA,SMB,Professional Services,3,69,Active,2024-04-17
15343,2025-11-20,USA,VA,SMB,Retail,1,45,Active,
15344,2024-10-17,USA,NC,Mid-Market,Technology,1,87,Active,2024-12-02
15345,2024-07-11,USA,MI,SMB,Technology,2,64,Active,
15346,2025-06-24,UK,GA,SMB,Healthcare,6,50,Churned,
15347,2024-02-03,USA,NY,Mid-Market,Healthcare,3,86,Active,2024-07-13
15348,2024-11-21,Canada,CO,Mid-Market,Professional Services,4,68,Active,2024-11-21
15349,2025-06-21,USA,MI,Mid-Market,Technology,3,28,Active,2025-06-21
15350,2024-09-21,USA,TX,SMB,Financial Services,2,36,Active,2025-01-24
15351,2025-07-31,USA,IL,SMB,Technology,1,,Active,2025-07-31
15352,2025-03-24,USA,CA,SMB,Retail,1,41,Active,2025-03-24
15353,2026-02-17,Canada,PA,SMB,Healthcare,2,57,Active,2026-02-23
15354,2024-06-25,UK,VA,SMB,Financial Services,6,57,Churned,2024-06-25
15355,2024-02-25,USA,NY,SMB,Education,1,80,Active,2025-05-13
15356,2025-05-30,USA,TN,Enterprise,Retail,3,22,Active,
15357,2024-09-07,USA,PA,SMB,Manufacturing,4,40,Active,
15358,2025-11-19,USA,NC,SMB,Healthcare,5,80,Active,2025-11-19
15359,2024-03-31,Canada,NY,SMB,Healthcare,1,74,Active,2025-01-15
15360,2025-07-14,USA,IL,Mid-Market,Financial Services,6,50,Active,2025-07-14
15361,2026-08-22,USA,CO,SMB,Manufacturing,3,79,Active,2026-08-22
15362,2024-03-31,USA,KY,SMB,Professional Services,3,,Active,2024-03-31
15363,2024-10-20,USA,CO,SMB,Education,4,43,Churned,2025-04-12
15364,2026-04-02,USA,OH,SMB,Financial Services,1,79,Active,2026-04-02
15365,2025-06-03,USA,VA,Mid-Market,Healthcare,4,23,Active,2026-07-15
15366,2024-06-19,USA,NY,SMB,Financial Services,3,57,Active,
15367,2024-07-26,Australia,PA,SMB,Professional Services,4,25,Active,2024-07-26
15368,2026-01-14,UK,NC,Mid-Market,Manufacturing,5,69,Active,2026-01-14
15369,2026-04-18,USA,NC,SMB,Professional Services,3,37,Active,2026-04-18
15370,2024-12-17,USA,FL,Mid-Market,Retail,1,85,Active,2024-12-17
15371,2025-04-06,USA,VA,SMB,Technology,1,92,Active,2025-04-06
15372,2026-02-01,USA,TX,Mid-Market,Technology,5,34,Active,2026-02-01
15373,2024-06-21,USA,TX,SMB,Technology,3,4,Active,2024-06-21
15374,2024-07-19,USA,FL,SMB,Manufacturing,5,73,Active,2024-09-07
15375,2026-01-24,USA,KY,SMB,Financial Services,2,92,Active,2026-01-24
15376,2024-06-30,Australia,TX,Enterprise,Manufacturing,3,93,Active,2024-06-30
15377,2026-01-20,USA,GA,SMB,Government,5,24,Active,
15378,2025-04-29,UK,KY,Enterprise,Financial Services,4,4,Active,2025-04-29
15379,2026-08-22,USA,FL,Enterprise,Education,2,8,Churned,2026-08-22
15380,2024-02-02,USA,NY,SMB,Government,1,50,Active,2024-02-28
15381,2026-07-10,Australia,VA,SMB,Technology,5,28,Active,
15382,2024-08-07,USA,CA,SMB,Manufacturing,4,15,Churned,2024-08-07
15383,2024-02-04,USA,VA,Enterprise,Healthcare,2,20,Active,2024-02-04
15384,2025-12-06,USA,FL,Mid-Market,Education,3,39,Active,2025-12-06
15385,2025-06-02,Canada,FL,SMB,Professional Services,1,6,Active,2025-06-02
15386,2026-03-26,USA,TN,SMB,Government,2,83,Active,2026-03-26
15387,2024-04-15,UK,PA,Mid-Market,Financial Services,1,96,Active,2025-01-25
15388,2024-03-19,USA,IL,SMB,Professional Services,1,20,Churned,2024-03-19
15389,2025-07-06,USA,TN,SMB,Retail,4,58,Active,2025-07-06
15390,2026-05-09,Canada,TN,SMB,Technology,2,4,Churned,2026-05-09
15391,2025-01-30,USA,PA,SMB,Financial Services,4,9,Active,2025-01-30
15392,2026-02-15,USA,KY,Enterprise,Financial Services,2,29,Active,2026-02-15
15393,2026-06-01,USA,CO,Mid-Market,Technology,1,85,Active,2026-06-01
15394,2026-04-27,USA,MI,SMB,Manufacturing,2,78,Active,2026-04-27
15395,2025-05-10,USA,FL,SMB,Government,1,72,Churned,2025-05-10
15396,2025-11-11,USA,WA,Mid-Market,Financial Services,3,11,Active,2025-11-11
15397,2025-05-26,USA,NY,SMB,Professional Services,6,22,Active,2025-10-14
15398,2025-10-18,USA,WA,SMB,Manufacturing,4,59,Active,2025-10-18
15399,2025-07-06,Canada,TN,SMB,Healthcare,4,37,Active,2025-07-06
15400,2025-05-26,USA,NC,Mid-Market,Financial Services,5,75,Active,2025-05-26
15401,2025-03-01,USA,MI,Enterprise,Education,4,56,Active,2025-03-01
15402,2025-09-27,USA,KY,Mid-Market,Professional Services,3,58,Churned,2025-09-27
15403,2026-01-01,USA,MI,SMB,Healthcare,4,58,Active,2026-03-23
15404,2026-06-14,USA,MI,Mid-Market,Retail,2,94,Active,2026-06-14
15405,2025-08-20,USA,PA,SMB,Manufacturing,1,56,Active,2025-08-20
15406,2024-04-07,USA,VA,Enterprise,Technology,4,76,Active,2024-04-07
15407,2025-07-26,USA,GA,SMB,Technology,4,49,Churned,2025-07-26
15408,2024-11-03,USA,WA,SMB,Professional Services,1,9,Active,2024-11-18
15409,2024-01-27,USA,CO,SMB,Financial Services,7,55,Active,2025-04-05
15410,2024-03-11,UK,NC,SMB,Healthcare,1,86,Churned,2024-04-15
15411,2025-07-29,USA,CA,SMB,Financial Services,4,77,Churned,2025-07-29
15412,2026-07-09,USA,NY,Mid-Market,Professional Services,7,55,Active,2026-07-09
15413,2025-05-07,USA,WA,Mid-Market,Manufacturing,2,,Active,2025-05-07
15414,2025-03-09,USA,TN,Mid-Market,Financial Services,6,97,Active,2026-07-28
15415,2024-03-27,USA,NY,SMB,Education,4,95,Churned,2024-03-27
15416,2025-10-19,USA,OH,SMB,Technology,4,99,Active,2025-10-19
15417,2024-02-24,USA,,SMB,Retail,7,34,Churned,2025-02-18
15418,2026-03-30,USA,IL,SMB,Healthcare,3,17,Active,2026-03-30
15419,2026-03-06,USA,CO,SMB,Education,2,45,Active,2026-03-06
15420,2026-08-23,USA,WA,Enterprise,Technology,3,25,Active,2026-08-23
15421,2024-10-03,USA,GA,Enterprise,Financial Services,2,17,Active,2025-04-08
15422,2024-06-06,USA,NY,SMB,Financial Services,2,66,Churned,2024-06-06
15423,2024-10-18,USA,CO,Mid-Market,Financial Services,1,12,Active,2025-11-02
15424,2026-02-17,UK,TN,Mid-Market,Technology,2,6,Active,2026-02-17
15425,2024-08-01,USA,CO,SMB,Retail,4,19,Active,2024-11-02
15426,2026-05-14,USA,CA,Mid-Market,Retail,6,41,Active,2026-05-14
15427,2024-05-30,USA,NC,SMB,Retail,7,66,Active,2024-06-12
15428,2024-02-17,Canada,GA,SMB,Government,1,99,Active,2024-04-24
15429,2024-08-01,USA,CA,Enterprise,Manufacturing,3,63,Active,2024-08-01
15430,2026-01-04,USA,WA,Mid-Market,Retail,3,53,Churned,2026-01-04
15431,2025-08-09,USA,CO,SMB,Manufacturing,1,30,Active,2025-08-09
15432,2024-12-11,USA,OH,SMB,Technology,3,34,Churned,2024-12-11
15433,2025-09-30,USA,NC,Enterprise,Professional Services,2,62,Active,2025-09-30
15434,2025-09-23,USA,GA,SMB,Government,6,19,Active,2025-09-23
15435,2025-06-24,USA,,Enterprise,Manufacturing,1,8,Active,2026-06-15
15436,2025-05-15,USA,FL,Enterprise,Manufacturing,4,76,Active,2025-05-15
15437,2024-04-08,USA,KY,SMB,Retail,5,99,Active,2024-09-06
15438,2024-09-09,USA,NC,Mid-Market,Education,4,94,Active,2024-09-09
15439,2025-05-28,USA,KY,Mid-Market,Technology,1,68,Active,2025-05-28
15440,2024-05-11,USA,IL,Mid-Market,Retail,1,93,Active,
15441,2025-04-08,USA,CA,SMB,Manufacturing,7,76,Churned,2025-04-08
15442,2024-04-23,USA,CA,SMB,Financial Services,1,7,Active,2024-05-13
15443,2026-02-05,USA,PA,SMB,Technology,1,40,Active,2026-02-05
15444,2024-04-10,USA,CO,Mid-Market,Financial Services,7,8,Churned,2024-05-30
15445,2024-03-31,USA,KY,Mid-Market,Retail,4,26,Active,2024-03-31
15446,2025-09-13,Canada,NC,Mid-Market,Healthcare,4,100,Active,2025-09-13
15447,2024-08-02,USA,TX,Mid-Market,Financial Services,1,83,Active,2024-08-02
15448,2024-12-08,USA,TN,SMB,Financial Services,2,96,Active,2025-04-23
15449,2024-11-02,USA,KY,SMB,Education,4,49,Active,2024-11-02
15450,2024-07-30,Canada,TN,Mid-Market,Technology,2,22,Active,2025-02-21
15451,2026-01-11,USA,PA,SMB,Manufacturing,1,38,Active,2026-01-11
15452,2025-11-04,USA,NY,Mid-Market,Retail,1,20,Active,2025-11-04
15453,2024-08-20,USA,NC,SMB,Professional Services,3,97,Active,2024-08-20
15454,2025-10-30,USA,FL,SMB,Professional Services,1,59,Active,2025-10-30
15455,2025-11-25,USA,TX,Enterprise,Technology,5,5,Churned,2025-11-25
15456,2025-06-09,USA,FL,SMB,Technology,1,32,Active,2025-06-09
15457,2025-07-17,USA,OH,SMB,Education,1,50,Active,2026-03-03
15458,2026-06-29,USA,TN,Mid-Market,Education,7,72,Churned,2026-06-29
15459,2025-03-18,Canada,OH,Mid-Market,Financial Services,7,90,Active,2025-03-18
15460,2025-01-10,USA,TN,Enterprise,Manufacturing,3,21,Active,2026-02-23
15461,2025-06-08,Canada,NC,Enterprise,Healthcare,6,71,Active,2025-06-08
15462,2026-03-25,USA,TN,Mid-Market,Professional Services,1,81,Churned,2026-03-25
15463,2025-11-22,USA,CA,SMB,Technology,2,79,Active,
15464,2024-03-14,USA,PA,SMB,Government,1,29,Active,2026-02-10
15465,2025-03-23,UK,NC,Enterprise,Healthcare,2,34,Active,2025-03-23
15466,2025-12-21,USA,VA,SMB,Manufacturing,4,14,Churned,2025-12-21
15467,2024-08-06,USA,TX,Enterprise,Education,4,59,Active,2024-08-06
15468,2026-08-20,USA,OH,Mid-Market,Professional Services,1,35,Active,2026-08-20
15469,2026-02-26,Australia,OH,SMB,Professional Services,2,42,Active,2026-02-26
15470,2026-04-04,USA,FL,SMB,Financial Services,8,2,Active,2026-04-04
15471,2024-03-20,USA,CO,Mid-Market,Government,3,95,Churned,2024-08-19
15472,2025-07-18,USA,WA,SMB,Government,1,65,Active,2025-07-18
15473,2025-05-29,UK,OH,SMB,Government,2,24,Churned,2025-05-29
15474,2025-09-02,Canada,GA,Mid-Market,Technology,2,7,Churned,2025-09-02
15475,2026-04-08,USA,FL,SMB,Professional Services,2,40,Active,2026-04-08
15476,2024-12-10,USA,OH,SMB,Healthcare,2,15,Active,
15477,2025-06-04,USA,OH,Mid-Market,Financial Services,3,19,Churned,2025-06-04
15478,2025-10-23,USA,CA,Mid-Market,Healthcare,2,80,Active,2025-10-23
15479,2026-01-03,USA,WA,SMB,Manufacturing,3,6,Active,2026-01-03
15480,2026-01-20,Canada,KY,Enterprise,Government,1,51,Churned,2026-01-20
15481,2024-11-24,USA,GA,Enterprise,Technology,1,78,Active,2024-11-24
15482,2026-08-30,USA,OH,SMB,Manufacturing,2,60,Active,2026-08-30
15483,2024-01-10,USA,VA,SMB,Education,5,14,Active,2025-09-16
15484,2025-04-24,USA,WA,Mid-Market,Manufacturing,4,29,Active,2026-08-24
15485,2025-08-15,USA,WA,SMB,Manufacturing,1,18,Active,2025-08-15
15486,2024-02-29,USA,PA,Mid-Market,Technology,2,98,Churned,2024-11-15
15487,2025-03-15,USA,NY,Mid-Market,Manufacturing,3,68,Churned,2025-03-15
15488,2025-08-03,USA,IL,SMB,Technology,2,99,Active,2025-08-03
15489,2025-08-14,USA,TN,Mid-Market,Professional Services,3,14,Active,2025-08-14
15490,2024-04-25,USA,CO,SMB,Manufacturing,8,37,Active,2024-08-23
15491,2024-09-27,USA,PA,Enterprise,Retail,1,36,Active,2026-04-19
15492,2024-08-26,USA,OH,SMB,Manufacturing,3,79,Active,2025-04-05
15493,2025-09-15,USA,TX,Enterprise,Professional Services,3,8,Active,2025-09-15
15494,2024-11-16,USA,CO,SMB,Manufacturing,3,81,Active,2024-11-16
15495,2025-07-10,USA,NC,Mid-Market,Professional Services,1,47,Active,2025-07-10
15496,2025-12-13,USA,WA,Enterprise,Technology,3,92,Active,2025-12-13
15497,2026-02-15,USA,CA,SMB,Healthcare,1,33,Churned,2026-03-19
15498,2024-06-28,Canada,NC,SMB,Manufacturing,4,87,Active,2024-10-04
15499,2026-05-30,USA,TN,Mid-Market,Financial Services,3,90,Active,
15500,2024-06-10,USA,CO,Mid-Market,Healthcare,2,44,Churned,2024-06-10
15501,2024-01-22,USA,MI,SMB,Financial Services,8,90,Active,2024-09-08
15502,2024-02-13,USA,MI,SMB,Technology,4,37,Active,2025-01-16
15503,2024-07-14,USA,PA,Mid-Market,Technology,3,67,Active,2024-07-14
15504,2026-04-30,USA,TX,SMB,Manufacturing,8,94,Active,2026-04-30
15505,2024-07-21,USA,TN,Mid-Market,Manufacturing,4,18,Active,2024-07-21
15506,2025-11-06,USA,TX,SMB,Retail,1,41,Churned,2025-11-06
15507,2025-02-11,Canada,IL,SMB,Professional Services,3,6,Active,2025-02-11
15508,2024-02-08,Australia,IL,Mid-Market,Professional Services,3,53,Active,2024-03-31
15509,2025-03-08,USA,MI,SMB,Education,3,28,Active,2025-03-08
15510,2024-01-28,USA,NC,Enterprise,Retail,6,10,Active,2024-04-08
15511,2025-04-08,USA,CA,Mid-Market,Professional Services,2,91,Active,2025-11-07
15512,2025-06-28,Australia,CA,SMB,Professional Services,1,30,Active,2025-06-28
15513,2025-05-22,UK,WA,SMB,Healthcare,2,74,Churned,2025-05-22
15514,2024-10-02,UK,TN,SMB,Retail,4,17,Active,2024-10-02
15515,2026-01-16,USA,VA,Mid-Market,Retail,2,27,Active,2026-01-16
15516,2025-08-04,Australia,TN,Mid-Market,Education,1,9,Active,2025-08-22
15517,2024-09-05,USA,FL,Mid-Market,Manufacturing,2,71,Active,2024-09-05
15518,2025-02-27,USA,GA,SMB,Financial Services,3,38,Active,2025-02-27
15519,2024-04-15,USA,KY,SMB,Financial Services,1,91,Active,2024-06-21
15520,2026-06-18,USA,FL,SMB,Manufacturing,2,,Active,2026-06-18
15521,2026-01-03,Canada,TX,Mid-Market,Technology,1,20,Active,2026-01-03
15522,2024-10-07,USA,TN,SMB,Manufacturing,2,78,Active,2025-04-15
15523,2025-10-19,Canada,PA,SMB,Financial Services,1,87,Active,2025-10-19
15524,2025-10-23,USA,OH,SMB,Technology,1,61,Churned,2025-10-23
15525,2025-08-16,USA,IL,SMB,Government,3,70,Active,2025-08-16
15526,2024-02-22,USA,WA,Mid-Market,Financial Services,1,83,Active,2026-02-12
15527,2026-05-05,USA,KY,Mid-Market,Manufacturing,1,11,Active,2026-05-05
15528,2026-07-20,USA,FL,Enterprise,Retail,3,24,Active,2026-07-20
15529,2026-08-06,USA,VA,SMB,Financial Services,1,78,Active,
15530,2026-08-13,Canada,CO,Mid-Market,Professional Services,1,80,Active,2026-08-13
15531,2026-06-23,UK,CA,SMB,Government,2,19,Active,2026-06-23
15532,2025-12-20,USA,OH,Mid-Market,Retail,2,6,Churned,2025-12-20
15533,2024-02-25,USA,GA,Mid-Market,Retail,3,55,Active,2024-08-22
15534,2025-03-29,Canada,CA,SMB,Healthcare,8,28,Active,2025-03-29
15535,2024-08-26,USA,MI,Mid-Market,Technology,2,17,Active,2024-08-26
15536,2024-08-02,USA,IL,SMB,Healthcare,3,45,Active,2024-08-02
15537,2026-03-20,USA,KY,SMB,Manufacturing,6,27,Active,2026-03-20
15538,2026-03-02,UK,WA,SMB,Healthcare,2,96,Active,2026-03-02
15539,2025-05-23,USA,VA,SMB,Technology,4,82,Active,2025-05-23
15540,2025-12-18,Australia,IL,Enterprise,Professional Services,3,10,Active,2025-12-18
15541,2024-05-06,USA,TN,Mid-Market,Healthcare,3,97,Active,2024-07-30
15542,2024-08-04,USA,CO,Mid-Market,Education,6,27,Active,
15543,2026-04-18,USA,GA,Enterprise,Professional Services,1,17,Active,2026-04-18
15544,2025-03-15,USA,TN,Mid-Market,Financial Services,5,16,Active,2025-03-15
15545,2025-06-16,USA,IL,SMB,Professional Services,2,38,Churned,2025-06-16
15546,2025-03-26,USA,TX,SMB,Technology,3,43,Active,2025-03-26
15547,2024-07-15,USA,WA,SMB,Manufacturing,2,91,Active,
15548,2026-03-15,USA,CO,Enterprise,Technology,1,33,Churned,2026-08-25
15549,2026-01-08,Canada,NC,Enterprise,Retail,1,69,Active,2026-01-08
15550,2025-10-28,USA,NY,Mid-Market,Healthcare,6,10,Active,2025-10-28
15551,2024-12-10,Canada,OH,SMB,Manufacturing,3,83,Active,2024-12-10
15552,2025-09-18,Canada,OH,SMB,Education,5,49,Churned,2025-09-18
15553,2026-07-17,USA,TN,Enterprise,Professional Services,1,58,Active,2026-07-17
15554,2025-09-24,USA,OH,SMB,Manufacturing,1,49,Active,2025-09-24
15555,2025-04-26,Australia,FL,Mid-Market,Financial Services,2,75,Active,2025-04-26
15556,2024-09-20,Canada,PA,SMB,Healthcare,1,64,Active,2024-09-20
15557,2025-05-24,Canada,GA,SMB,Professional Services,2,37,Active,2025-05-24
15558,2024-12-28,USA,,Mid-Market,Financial Services,6,85,Active,2024-12-28
15559,2025-08-18,Canada,CA,Enterprise,Professional Services,5,11,Churned,2025-08-18
15560,2024-02-14,USA,NY,Mid-Market,Financial Services,2,98,Active,2024-03-08
15561,2024-07-04,USA,FL,SMB,Healthcare,2,63,Active,2024-10-25
15562,2026-02-05,USA,OH,SMB,Financial Services,3,11,Churned,2026-02-05
15563,2025-01-05,USA,PA,Enterprise,Manufacturing,3,50,Active,2025-01-05
15564,2025-02-25,USA,KY,Mid-Market,Retail,3,34,Active,2025-02-25
15565,2025-06-13,USA,GA,SMB,Professional Services,3,6,Churned,2025-06-13
15566,2025-03-02,USA,,Mid-Market,Manufacturing,1,98,Active,2025-03-02
15567,2026-01-08,USA,WA,SMB,Healthcare,1,88,Active,2026-01-08
15568,2024-08-26,USA,GA,SMB,Technology,7,57,Active,2025-12-07
15569,2026-01-08,USA,GA,Enterprise,Retail,4,13,Active,2026-01-08
15570,2024-07-22,USA,VA,Mid-Market,Technology,6,40,Active,2025-09-11
15571,2024-12-26,Australia,VA,SMB,Education,2,72,Active,2024-12-26
15572,2025-07-26,USA,OH,SMB,Government,3,44,Active,2025-07-26
15573,2026-05-12,USA,VA,Enterprise,Technology,2,55,Active,2026-05-12
15574,2024-08-14,Australia,PA,Mid-Market,Retail,5,85,Active,2025-04-02
15575,2025-07-26,UK,VA,Mid-Market,Manufacturing,1,19,Active,2025-07-26
15576,2024-03-03,USA,NY,SMB,Retail,3,87,Active,2024-04-17
15577,2024-03-14,USA,FL,Enterprise,Manufacturing,1,98,Churned,2024-04-25
15578,2026-01-17,USA,CA,Enterprise,Healthcare,1,30,Active,2026-04-07
15579,2025-12-01,USA,GA,SMB,Financial Services,1,93,Active,2025-12-01
15580,2025-01-01,Canada,VA,SMB,Government,3,31,Active,2026-08-27
15581,2025-08-29,Australia,PA,Mid-Market,Professional Services,4,71,Active,2025-08-29
15582,2025-01-05,USA,FL,Mid-Market,Healthcare,8,70,Active,2025-01-05
15583,2024-09-27,USA,PA,Mid-Market,Government,3,94,Active,2024-09-27
15584,2025-02-24,UK,GA,Enterprise,Education,3,7,Active,2025-02-24
15585,2024-10-30,Canada,GA,Mid-Market,Healthcare,4,60,Active,2024-11-16
15586,2026-03-04,USA,TX,SMB,Professional Services,1,85,Active,2026-03-04
15587,2025-02-04,USA,CA,SMB,Government,4,10,Active,2025-02-04
15588,2024-11-08,USA,NY,Mid-Market,Technology,4,1,Active,2024-11-08
15589,2025-06-06,USA,TN,SMB,Education,3,7,Active,2025-06-06
15590,2026-01-08,USA,GA,SMB,Retail,1,47,Active,2026-01-08
15591,2024-09-23,USA,IL,Mid-Market,Technology,1,57,Active,2024-09-23
15592,2026-07-04,USA,IL,SMB,Education,2,80,Active,2026-07-04
15593,2025-03-27,USA,PA,Mid-Market,Technology,6,43,Active,2025-03-27
15594,2025-10-05,USA,CA,SMB,Retail,3,92,Active,2025-10-05
15595,2026-07-21,USA,IL,SMB,Technology,3,12,Churned,2026-07-21
15596,2025-02-24,USA,KY,SMB,Professional Services,2,63,Active,2025-04-21
15597,2024-07-13,USA,CO,Mid-Market,Professional Services,4,47,Active,2025-05-11
15598,2025-12-29,Australia,TN,Mid-Market,Healthcare,2,54,Active,2025-12-29
15599,2024-01-07,USA,VA,SMB,Manufacturing,1,51,Active,2024-01-10
15600,2025-03-21,USA,GA,SMB,Healthcare,3,70,Active,2025-03-21
15601,2026-08-12,USA,MI,SMB,Technology,2,72,Active,2026-08-12
15602,2025-02-07,USA,KY,Mid-Market,Financial Services,2,85,Active,2025-02-07
15603,2025-10-28,USA,TN,Enterprise,Professional Services,2,37,Active,2025-10-28
15604,2025-05-26,USA,CA,Mid-Market,Technology,1,2,Active,2025-05-26
15605,2024-07-28,UK,CO,SMB,Retail,6,16,Active,2025-03-16
15606,2024-11-05,USA,OH,Mid-Market,Education,4,61,Active,2024-11-05
15607,2025-05-24,UK,TX,SMB,Financial Services,8,17,Active,2025-05-24
15608,2024-04-11,USA,NC,SMB,Healthcare,7,77,Active,2024-04-11
15609,2025-02-08,USA,CO,SMB,Healthcare,2,1,Active,2025-02-08
15610,2025-02-08,Canada,OH,SMB,Technology,2,93,Churned,2025-02-08
15611,2026-03-24,USA,CA,SMB,Professional Services,3,100,Active,
15612,2024-04-30,USA,WA,Mid-Market,Financial Services,1,40,Active,2024-12-18
15613,2026-03-31,Canada,IL,SMB,Education,8,86,Active,2026-03-31
15614,2025-02-03,USA,NC,Mid-Market,Healthcare,1,91,Active,2026-01-19
15615,2025-09-26,USA,CA,Enterprise,Retail,3,82,Active,2025-09-26
15616,2025-06-26,Canada,PA,Mid-Market,Technology,3,64,Active,
15617,2024-10-18,USA,WA,SMB,Professional Services,6,21,Churned,2024-10-18
15618,2026-06-25,UK,FL,Mid-Market,Government,3,34,Active,2026-06-25
15619,2024-08-06,USA,WA,SMB,Technology,3,36,Active,2024-08-06
15620,2024-02-05,USA,KY,SMB,Manufacturing,2,99,Active,2024-09-11
15621,2025-12-31,USA,MI,SMB,Healthcare,3,65,Active,2025-12-31
15622,2025-08-28,USA,FL,Mid-Market,Financial Services,4,6,Active,2025-08-28
15623,2026-05-17,Australia,KY,Mid-Market,Professional Services,3,17,Active,2026-05-17
15624,2025-03-21,USA,FL,Mid-Market,Technology,4,87,Active,2025-11-03
15625,2024-01-17,USA,FL,Mid-Market,Retail,1,49,Active,2024-02-15
15626,2024-01-20,USA,VA,SMB,Financial Services,2,53,Active,2025-03-08
15627,2025-02-25,USA,PA,Mid-Market,Healthcare,7,92,Active,2026-02-03
15628,2024-08-31,USA,CO,Enterprise,Education,2,59,Active,2024-09-29
15629,2026-06-17,USA,OH,SMB,Retail,3,42,Churned,2026-06-17
15630,2024-04-25,USA,KY,Enterprise,Professional Services,3,84,Churned,2025-01-15
15631,2026-05-07,USA,MI,Enterprise,Manufacturing,6,34,Active,2026-05-07
15632,2024-07-30,Australia,GA,SMB,Professional Services,1,93,Active,2024-07-30
15633,2024-04-26,USA,TX,SMB,Healthcare,1,,Active,2024-04-26
15634,2024-09-24,Canada,IL,SMB,Healthcare,5,90,Active,2024-09-24
15635,2024-05-20,USA,NC,Mid-Market,Financial Services,3,13,Churned,2025-11-29
15636,2025-01-25,USA,TN,SMB,Financial Services,3,47,Active,2025-01-25
15637,2024-11-17,USA,OH,SMB,Government,2,22,Active,2024-11-17
15638,2025-05-30,USA,PA,Mid-Market,Professional Services,2,72,Active,2025-05-30
15639,2025-06-07,Canada,CA,Enterprise,Retail,6,47,Active,2025-06-07
15640,2024-01-01,USA,IL,Mid-Market,Manufacturing,3,76,Active,2024-09-10
15641,2024-05-01,USA,IL,Mid-Market,Manufacturing,6,57,Active,2024-10-28
15642,2024-06-06,USA,MI,SMB,Technology,7,35,Churned,2024-06-06
15643,2024-07-08,USA,NC,SMB,Healthcare,3,74,Churned,2025-01-11
15644,2024-04-01,USA,GA,Mid-Market,Retail,3,31,Active,2024-04-01
15645,2024-11-02,USA,GA,SMB,Healthcare,3,23,Active,2024-11-02
15646,2025-06-19,UK,KY,Mid-Market,Professional Services,4,83,Active,2025-07-28
15647,2024-10-27,USA,OH,Enterprise,Retail,3,100,Active,2024-11-10
15648,2024-11-16,USA,NC,Mid-Market,Education,1,54,Churned,2024-11-16
15649,2025-04-02,Canada,FL,Mid-Market,Professional Services,6,96,Churned,2025-04-02
15650,2025-06-18,USA,TX,Mid-Market,Retail,3,23,Active,2025-06-18
15651,2024-11-18,USA,NC,Mid-Market,Healthcare,5,1,Active,2024-11-18
15652,2024-08-04,USA,MI,SMB,Retail,2,89,Churned,2024-08-04
15653,2025-02-02,USA,CA,SMB,Technology,2,84,Churned,2025-04-21
15654,2024-01-24,USA,FL,SMB,Manufacturing,3,50,Active,2024-08-10
15655,2025-04-24,USA,CO,Mid-Market,Healthcare,4,,Churned,2025-04-24
15656,2026-07-05,USA,FL,SMB,Healthcare,1,88,Churned,2026-07-05
15657,2025-01-22,USA,GA,SMB,Technology,2,37,Active,2026-06-04
15658,2024-04-15,USA,OH,Mid-Market,Education,4,17,Active,2024-06-04
15659,2025-11-19,USA,TX,SMB,Healthcare,8,62,Active,2025-11-19
15660,2024-05-03,USA,NC,Mid-Market,Education,1,90,Active,2024-11-16
15661,2024-07-07,USA,FL,SMB,Retail,1,58,Active,2024-07-07
15662,2024-05-22,USA,CA,SMB,Healthcare,2,41,Churned,2026-01-20
15663,2026-05-10,USA,MI,SMB,Retail,1,24,Active,2026-05-10
15664,2026-08-13,USA,FL,SMB,Education,1,30,Active,2026-08-13
15665,2025-07-08,USA,NY,Enterprise,Technology,3,77,Active,
15666,2025-08-24,USA,TX,Enterprise,Manufacturing,3,37,Active,
15667,2025-09-20,USA,FL,Mid-Market,Financial Services,2,51,Churned,2025-09-20
15668,2025-08-17,USA,VA,Mid-Market,Retail,2,61,Active,2025-08-17
15669,2025-06-13,USA,CO,Mid-Market,Retail,8,31,Active,2026-04-27
15670,2026-08-19,USA,MI,Enterprise,Retail,2,31,Churned,2026-08-19
15671,2025-12-15,USA,TN,SMB,Manufacturing,4,73,Churned,2025-12-15
15672,2024-03-27,USA,TN,SMB,Manufacturing,1,65,Active,2025-04-03
15673,2025-01-16,USA,MI,Mid-Market,Healthcare,4,78,Active,2025-04-07
15674,2026-08-07,Canada,KY,Enterprise,Retail,4,51,Active,2026-08-07
15675,2025-01-28,USA,TN,SMB,Healthcare,1,2,Active,2025-01-28
15676,2024-07-17,Canada,IL,SMB,Technology,3,66,Active,2024-07-17
15677,2026-04-25,USA,WA,SMB,Manufacturing,3,2,Active,2026-04-25
15678,2025-08-29,Canada,IL,SMB,Technology,2,34,Active,2026-01-21
15679,2025-07-01,USA,OH,Mid-Market,Healthcare,4,74,Active,2025-07-01
15680,2025-02-13,USA,TX,SMB,Retail,2,26,Active,
15681,2024-05-01,USA,TX,Enterprise,Financial Services,2,88,Active,2025-05-05
15682,2025-01-08,USA,TX,Mid-Market,Healthcare,8,68,Active,2025-01-08
15683,2025-03-02,USA,VA,SMB,Education,1,91,Active,2025-03-02
15684,2026-06-26,USA,PA,Mid-Market,Healthcare,1,53,Active,2026-06-26
15685,2024-10-26,USA,TX,Mid-Market,Financial Services,1,46,Active,2026-07-28
15686,2024-05-25,USA,NC,SMB,Retail,8,15,Active,2024-05-25
15687,2025-02-20,USA,NY,SMB,Retail,1,90,Active,2025-02-20
15688,2026-08-29,USA,CA,Mid-Market,Professional Services,1,66,Active,2026-08-29
15689,2025-04-14,USA,OH,SMB,Government,3,82,Active,2025-06-05
15690,2025-01-04,UK,TN,SMB,Manufacturing,4,28,Active,2025-03-23
15691,2025-10-11,USA,WA,SMB,Financial Services,3,21,Active,2025-10-11
15692,2025-09-23,USA,VA,SMB,Manufacturing,8,37,Active,2025-09-23
15693,2024-10-18,USA,MI,Mid-Market,Manufacturing,1,48,Active,2024-10-18
15694,2026-07-31,USA,TX,SMB,Manufacturing,3,86,Active,2026-07-31
15695,2025-07-31,USA,KY,Mid-Market,Healthcare,3,27,Active,2025-12-15
15696,2024-02-26,USA,NC,SMB,Healthcare,2,21,Active,2024-02-26
15697,2025-01-31,USA,IL,Mid-Market,Healthcare,5,12,Active,2026-04-03
15698,2026-06-17,USA,IL,SMB,Retail,3,44,Active,2026-06-17
15699,2025-01-18,USA,NC,Enterprise,Technology,1,11,Active,2025-09-26
15700,2025-07-07,USA,FL,Enterprise,Professional Services,1,9,Active,2025-10-09
15701,2025-08-19,UK,NC,SMB,Financial Services,1,36,Active,2026-01-04
15702,2025-11-17,USA,KY,Mid-Market,Education,5,46,Active,2025-11-17
15703,2026-04-29,USA,OH,SMB,Financial Services,1,42,Active,2026-04-29
15704,2024-05-25,USA,KY,Mid-Market,Healthcare,5,93,Churned,2024-05-25
15705,2025-05-18,USA,CA,Mid-Market,Technology,1,92,Active,2025-07-27
15706,2025-06-03,Canada,IL,SMB,Financial Services,8,56,Active,2025-06-03
15707,2024-05-28,Canada,CO,SMB,Professional Services,4,94,Active,2024-05-28
15708,2025-10-18,USA,CO,SMB,Professional Services,1,87,Active,2026-03-31
15709,2024-04-25,UK,CA,Mid-Market,Healthcare,1,5,Churned,2024-04-25
15710,2025-03-20,USA,WA,Mid-Market,Financial Services,4,55,Active,2025-03-20
15711,2024-11-17,USA,WA,SMB,Financial Services,1,35,Active,2025-02-15
15712,2024-05-30,USA,MI,SMB,Professional Services,1,6,Active,2024-05-30
15713,2026-03-11,USA,GA,SMB,Healthcare,4,66,Active,2026-03-11
15714,2024-08-25,USA,VA,Mid-Market,Education,5,51,Active,2024-08-25
15715,2024-09-05,USA,TX,SMB,Retail,4,62,Active,2025-03-16
15716,2026-04-12,USA,MI,SMB,Technology,5,24,Active,
15717,2026-05-04,USA,KY,Enterprise,Financial Services,3,85,Active,2026-05-04
15718,2024-02-03,UK,CA,SMB,Professional Services,4,44,Active,2024-02-07
15719,2024-09-27,USA,KY,Mid-Market,Technology,2,24,Active,2024-09-27
15720,2025-11-21,USA,CO,SMB,Healthcare,4,24,Active,2025-11-21
15721,2026-01-27,Canada,NC,SMB,Financial Services,3,28,Active,2026-01-27
15722,2026-08-31,USA,FL,Mid-Market,Manufacturing,3,12,Active,2026-08-31
15723,2025-06-24,USA,MI,SMB,Manufacturing,8,87,Active,
15724,2024-01-08,UK,NC,SMB,Professional Services,2,22,Active,
15725,2026-04-30,USA,VA,Enterprise,Retail,3,75,Active,2026-04-30
15726,2024-06-05,USA,,Enterprise,Professional Services,3,41,Active,2024-06-05
15727,2024-04-27,UK,CA,Mid-Market,Financial Services,1,13,Active,2024-04-27
15728,2025-10-18,USA,NY,SMB,Professional Services,2,83,Active,2025-10-18
15729,2025-08-11,USA,FL,SMB,Professional Services,7,81,Churned,2025-08-11
15730,2024-02-28,Canada,,SMB,Technology,2,77,Active,2024-02-28
15731,2024-06-13,USA,WA,Enterprise,Government,3,37,Active,2024-10-29
15732,2025-07-28,USA,,Mid-Market,Retail,3,4,Active,2025-07-28
15733,2024-09-05,Australia,NC,SMB,Technology,5,79,Active,2024-09-05
15734,2025-10-28,UK,NC,Enterprise,Healthcare,4,78,Active,2025-10-28
15735,2025-02-05,UK,KY,SMB,Financial Services,1,88,Active,
15736,2025-07-26,USA,CO,Mid-Market,Technology,2,4,Active,2025-07-26
15737,2025-04-07,Canada,OH,SMB,Professional Services,4,85,Active,2025-04-07
15738,2024-12-21,USA,MI,SMB,Government,1,8,Active,2024-12-21
15739,2024-11-29,USA,NC,Enterprise,Technology,3,3,Active,2025-05-13
15740,2025-11-10,USA,CA,Enterprise,Professional Services,2,77,Active,2025-11-10
15741,2025-05-16,USA,TX,SMB,Education,1,75,Churned,
15742,2025-08-01,USA,PA,SMB,Education,8,40,Churned,2025-08-01
15743,2025-07-16,UK,FL,Mid-Market,Healthcare,6,74,Active,2025-07-16
15744,2024-07-21,USA,,SMB,Manufacturing,4,33,Active,2024-07-21
15745,2026-06-08,USA,CA,Mid-Market,Manufacturing,1,12,Active,2026-06-08
15746,2025-07-02,USA,CA,Mid-Market,Education,8,38,Active,2025-07-02
15747,2025-11-30,USA,TX,SMB,Technology,3,90,Active,2025-11-30
15748,2026-05-08,USA,CO,SMB,Professional Services,7,53,Active,2026-05-08
15749,2026-06-19,Canada,CO,SMB,Government,1,74,Active,2026-06-19
15750,2025-10-11,USA,OH,Enterprise,Manufacturing,1,61,Active,2025-10-11
15751,2026-02-05,USA,OH,SMB,Education,3,66,Active,2026-02-05
15752,2025-04-04,USA,MI,Mid-Market,Technology,5,68,Active,2025-04-04
15753,2025-12-19,USA,CA,SMB,Technology,1,11,Active,2025-12-19
15754,2024-11-09,USA,KY,Mid-Market,Manufacturing,2,10,Active,2024-11-09
15755,2025-11-24,USA,KY,SMB,Government,3,13,Active,2025-11-24
15756,2024-03-24,USA,CO,SMB,Professional Services,8,17,Active,2024-03-24
15757,2026-06-09,USA,KY,Mid-Market,Education,4,69,Churned,2026-06-09
15758,2024-08-26,USA,IL,Mid-Market,Retail,6,44,Active,2025-01-02
15759,2025-10-01,USA,FL,SMB,Manufacturing,3,37,Active,2025-10-01
15760,2024-01-11,USA,FL,SMB,Professional Services,5,87,Active,2025-03-11
15761,2024-05-31,USA,CA,Enterprise,Professional Services,3,48,Active,2024-06-14
15762,2026-08-18,USA,GA,SMB,Government,1,77,Active,2026-08-18
15763,2026-03-22,USA,GA,SMB,Education,4,63,Active,2026-03-22
15764,2024-08-04,USA,OH,SMB,Education,3,19,Active,2024-08-04
15765,2024-05-07,USA,TX,SMB,Healthcare,2,37,Active,2024-10-16
15766,2026-03-04,USA,OH,Mid-Market,Education,1,29,Active,2026-03-04
15767,2026-08-22,USA,TX,Mid-Market,Retail,4,72,Active,2026-08-22
15768,2024-06-13,UK,PA,SMB,Professional Services,4,38,Active,2024-06-13
15769,2025-10-08,USA,TN,Mid-Market,Healthcare,2,57,Active,2025-10-08
15770,2024-10-03,USA,VA,SMB,Professional Services,6,86,Active,2024-10-03
15771,2025-12-26,Australia,NY,Mid-Market,Manufacturing,2,37,Active,2025-12-26
15772,2025-02-11,USA,KY,SMB,Healthcare,1,98,Churned,2025-02-11
15773,2024-05-02,USA,TX,SMB,Technology,1,21,Active,2024-05-02
15774,2024-11-11,USA,CA,Mid-Market,Technology,2,8,Active,
15775,2025-06-08,USA,TX,SMB,Education,1,20,Active,2025-07-07
15776,2026-02-16,Canada,TX,SMB,Technology,4,49,Active,2026-02-16
15777,2024-01-21,USA,FL,SMB,Manufacturing,4,3,Churned,2024-12-19
15778,2026-07-21,Canada,VA,Mid-Market,Healthcare,3,37,Active,2026-07-21
15779,2025-09-24,Canada,VA,SMB,Professional Services,5,32,Active,2025-09-24
15780,2026-05-02,USA,TX,Mid-Market,Government,7,33,Active,2026-05-02
15781,2026-06-24,USA,TX,Mid-Market,Education,2,20,Active,2026-06-24
15782,2024-05-29,Canada,PA,Mid-Market,Healthcare,1,50,Active,2024-05-29
15783,2024-04-01,USA,PA,SMB,Education,1,28,Churned,2025-10-22
15784,2026-01-26,USA,IL,Mid-Market,Financial Services,3,72,Churned,2026-01-26
15785,2024-07-01,USA,IL,SMB,Government,2,59,Active,2024-07-01
15786,2024-05-24,USA,KY,Enterprise,Healthcare,3,60,Active,2024-08-31
15787,2025-04-01,USA,VA,Mid-Market,Healthcare,3,77,Active,2025-11-01
15788,2026-06-08,USA,TX,SMB,Financial Services,3,43,Active,2026-06-08
15789,2026-02-13,USA,NY,Mid-Market,Education,1,17,Active,2026-02-13
15790,2025-05-19,USA,NC,SMB,Technology,1,73,Active,2025-05-19
15791,2024-07-10,USA,PA,SMB,Education,2,95,Active,2026-03-01
15792,2024-11-23,UK,CO,SMB,Retail,4,42,Active,2026-01-30
15793,2025-11-01,USA,FL,Mid-Market,Professional Services,3,72,Active,2025-11-01
15794,2024-06-01,Canada,GA,Mid-Market,Manufacturing,3,66,Churned,
15795,2025-05-25,UK,TN,Enterprise,Healthcare,3,5,Active,2025-05-25
15796,2024-01-12,Canada,CA,SMB,Education,3,17,Active,2025-06-26
15797,2024-11-12,USA,FL,Mid-Market,Manufacturing,1,69,Active,2024-11-12
15798,2024-08-29,USA,NC,Mid-Market,Technology,1,34,Active,2024-08-29
15799,2025-10-25,USA,CA,Mid-Market,Retail,1,27,Active,2025-11-28
15800,2026-06-09,USA,TX,SMB,Technology,1,57,Active,2026-06-09
15801,2024-05-22,UK,PA,SMB,Healthcare,2,56,Active,2024-07-02
15802,2026-02-15,USA,TX,Mid-Market,Manufacturing,4,92,Active,2026-02-15
15803,2025-09-30,Canada,TN,SMB,Manufacturing,1,99,Active,2025-09-30
15804,2026-08-02,USA,FL,SMB,Education,1,2,Active,2026-08-02
15805,2026-06-06,UK,VA,SMB,Financial Services,1,,Active,2026-06-06
15806,2024-04-08,USA,OH,SMB,Financial Services,1,73,Active,2024-05-14
15807,2025-12-24,USA,TN,SMB,Retail,1,35,Active,2025-12-24
15808,2025-07-30,UK,VA,SMB,Manufacturing,1,49,Active,2026-01-14
15809,2024-04-20,USA,OH,Mid-Market,Financial Services,1,70,Active,2024-09-05
15810,2024-09-07,USA,CO,Enterprise,Technology,8,75,Churned,2024-09-07
15811,2026-06-21,USA,CA,SMB,Retail,2,95,Active,2026-06-21
15812,2025-06-12,Canada,CO,SMB,Manufacturing,1,12,Active,2025-06-12
15813,2024-11-25,USA,GA,Mid-Market,Manufacturing,2,45,Churned,2024-11-25
15814,2024-11-08,Canada,NY,SMB,Retail,1,60,Active,2024-11-08
15815,2026-03-27,USA,FL,Enterprise,Technology,3,90,Active,2026-03-27
15816,2024-10-03,USA,,Mid-Market,Technology,2,43,Churned,2025-10-22
15817,2024-06-03,USA,CA,SMB,Education,5,6,Active,2024-06-03
15818,2025-07-12,USA,CA,SMB,Manufacturing,6,32,Active,2025-07-12
15819,2026-08-24,USA,TN,SMB,Retail,4,94,Active,2026-08-24
15820,2024-06-27,USA,KY,Mid-Market,Financial Services,1,4,Active,2024-06-27
15821,2024-09-05,USA,TX,SMB,Manufacturing,2,95,Active,2024-09-05
15822,2025-04-01,USA,NC,Enterprise,Professional Services,2,53,Active,2025-04-01
15823,2024-07-13,USA,TX,Mid-Market,Healthcare,4,21,Active,2024-07-13
15824,2025-09-25,USA,OH,Enterprise,Financial Services,1,35,Active,2025-09-25
15825,2024-09-04,USA,IL,Enterprise,Technology,3,36,Active,2024-09-04
15826,2024-05-04,USA,TX,SMB,Technology,2,93,Active,2026-02-18
15827,2024-09-11,Australia,TN,SMB,Professional Services,2,82,Active,2024-10-21
15828,2026-06-25,USA,OH,Mid-Market,Healthcare,2,76,Active,2026-06-25
15829,2026-06-29,Australia,NC,SMB,Professional Services,2,2,Active,2026-06-29
15830,2025-05-07,USA,KY,SMB,Education,3,9,Active,2025-05-07
15831,2025-01-25,USA,CO,SMB,Education,3,88,Active,2025-01-25
15832,2026-03-09,USA,IL,SMB,Retail,1,31,Active,2026-03-09
15833,2024-07-08,USA,TX,Enterprise,Retail,1,20,Active,2024-07-31
15834,2025-09-28,Australia,WA,SMB,Healthcare,5,26,Active,2025-09-28
15835,2025-10-24,USA,IL,Mid-Market,Education,2,66,Active,2025-10-24
15836,2025-11-22,USA,IL,Enterprise,Financial Services,3,69,Active,2025-11-22
15837,2024-07-31,USA,GA,SMB,Financial Services,2,28,Active,2024-07-31
15838,2025-11-28,USA,KY,Mid-Market,Financial Services,3,58,Active,2025-11-28
15839,2025-08-19,USA,VA,SMB,Professional Services,3,83,Active,2025-08-19
15840,2026-05-02,USA,FL,SMB,Retail,1,36,Active,2026-05-02
15841,2024-06-18,UK,MI,SMB,Manufacturing,3,14,Active,2024-06-18
15842,2025-08-20,USA,VA,SMB,Education,3,23,Active,2025-08-20
15843,2026-03-19,USA,GA,SMB,Professional Services,1,99,Active,
15844,2024-09-27,USA,CO,SMB,Education,4,45,Active,2026-05-05
15845,2025-12-25,UK,,SMB,Manufacturing,1,72,Active,2025-12-25
15846,2024-04-06,UK,IL,SMB,Healthcare,1,26,Active,2024-04-06
15847,2025-11-30,UK,PA,Mid-Market,Healthcare,4,87,Active,2025-11-30
15848,2025-08-13,USA,OH,SMB,Financial Services,5,19,Active,
15849,2024-07-06,USA,PA,Mid-Market,Retail,1,12,Active,2024-07-06
15850,2024-03-05,Canada,VA,Enterprise,Retail,3,82,Active,2024-11-24
15851,2025-12-27,USA,GA,Mid-Market,Manufacturing,1,62,Active,2025-12-27
15852,2024-08-23,USA,OH,Mid-Market,Retail,4,97,Active,2024-08-23
15853,2025-04-29,UK,NC,Mid-Market,Education,2,54,Churned,2025-06-13
15854,2024-02-29,USA,CA,Mid-Market,Healthcare,4,76,Active,2024-08-02
15855,2026-07-27,USA,NC,Enterprise,Government,2,53,Active,2026-07-27
15856,2025-06-18,USA,WA,Enterprise,Professional Services,2,7,Active,2025-12-10
15857,2026-06-26,USA,VA,SMB,Retail,4,38,Active,2026-06-26
15858,2024-06-05,Australia,CO,Mid-Market,Retail,1,94,Active,2024-06-05
15859,2024-07-19,USA,TN,Mid-Market,Government,1,95,Active,2025-05-02
15860,2025-08-17,USA,KY,SMB,Professional Services,2,46,Active,2025-08-17
15861,2025-08-11,USA,CO,SMB,Retail,3,87,Active,2025-08-11
15862,2026-02-09,USA,IL,Mid-Market,Healthcare,1,27,Churned,2026-02-09
15863,2026-06-22,USA,CA,Mid-Market,Government,3,31,Active,2026-06-22
15864,2026-03-11,USA,TX,SMB,Technology,2,78,Active,2026-03-11
15865,2024-05-16,USA,PA,SMB,Technology,3,7,Active,2024-08-30
15866,2024-10-28,USA,TN,SMB,Financial Services,5,1,Active,2026-02-26
15867,2026-06-09,USA,GA,Mid-Market,Professional Services,2,25,Active,2026-06-09
15868,2025-06-18,USA,MI,Enterprise,Manufacturing,3,4,Active,2025-06-18
15869,2026-04-24,UK,PA,Enterprise,Manufacturing,2,56,Active,2026-04-24
15870,2025-07-02,Canada,MI,SMB,Education,1,76,Active,2025-07-02
15871,2024-02-18,USA,NY,SMB,Retail,4,65,Active,2024-08-09
15872,2025-04-05,Canada,TX,Mid-Market,Manufacturing,5,17,Churned,2025-04-05
15873,2026-03-14,Canada,CA,Mid-Market,Technology,4,85,Active,2026-04-16
15874,2025-09-30,Canada,PA,SMB,Technology,6,48,Active,2025-09-30
15875,2024-05-09,Canada,KY,SMB,Government,2,31,Active,2024-06-06
15876,2024-07-23,Australia,TN,SMB,Technology,3,53,Active,2025-04-28
15877,2026-04-12,USA,NY,Mid-Market,Retail,1,16,Active,2026-04-12
15878,2026-08-11,USA,NC,Mid-Market,Retail,7,100,Churned,2026-08-11
15879,2026-01-03,Australia,FL,SMB,Manufacturing,3,47,Active,2026-01-03
15880,2024-04-05,USA,WA,Enterprise,Healthcare,1,33,Active,2024-04-05
15881,2025-08-26,USA,VA,Mid-Market,Technology,4,70,Active,2025-08-26
15882,2026-03-18,USA,PA,Enterprise,Retail,3,31,Active,2026-03-18
15883,2025-09-15,USA,KY,SMB,Retail,6,77,Churned,2025-09-15
15884,2025-08-01,Australia,NC,SMB,Financial Services,4,48,Active,2025-08-01
15885,2025-03-31,USA,CA,Enterprise,Manufacturing,5,88,Active,2025-03-31
15886,2024-08-26,USA,CA,Enterprise,Healthcare,3,49,Active,2024-10-26
15887,2024-09-30,USA,GA,Enterprise,Technology,3,65,Active,2024-09-30
15888,2025-12-27,Australia,PA,Mid-Market,Retail,4,55,Churned,2025-12-27
15889,2024-03-08,USA,FL,SMB,Professional Services,1,98,Active,2024-11-12
15890,2024-03-23,UK,WA,SMB,Manufacturing,1,88,Churned,2024-10-08
15891,2025-01-21,USA,NC,SMB,Education,8,46,Active,2025-01-21
15892,2026-01-24,UK,OH,Enterprise,Professional Services,6,71,Active,2026-01-24
15893,2025-10-01,USA,IL,SMB,Professional Services,7,22,Active,2025-10-01
15894,2025-07-28,Canada,TN,Mid-Market,Professional Services,1,87,Churned,2025-07-28
15895,2025-06-04,USA,PA,Enterprise,Financial Services,1,62,Active,2025-06-04
15896,2024-04-17,USA,CA,Enterprise,Retail,5,39,Active,2025-09-05
15897,2024-11-19,USA,TN,Enterprise,Technology,1,89,Active,
15898,2024-03-18,USA,NY,Mid-Market,Manufacturing,2,78,Active,2025-01-17
15899,2026-01-08,USA,NY,SMB,Technology,2,17,Active,2026-01-08
15900,2026-01-01,USA,KY,Enterprise,Technology,5,97,Active,2026-01-01
15901,2024-09-08,USA,GA,SMB,Healthcare,3,29,Active,2025-08-31
15902,2024-10-12,Canada,VA,SMB,Financial Services,1,8,Active,2025-08-07
15903,2024-11-05,USA,FL,Enterprise,Technology,3,35,Active,2024-11-05
15904,2026-05-16,USA,TX,Mid-Market,Technology,1,44,Active,2026-05-16
15905,2025-04-20,USA,NC,SMB,Professional Services,4,8,Active,2025-04-20
15906,2026-01-12,USA,WA,SMB,Technology,3,60,Active,2026-01-12
15907,2025-03-13,USA,CO,SMB,Financial Services,3,44,Active,2025-03-13
15908,2025-11-11,USA,KY,Enterprise,Healthcare,2,59,Active,2025-11-11
15909,2025-05-29,UK,CA,Mid-Market,Retail,1,50,Active,2025-05-29
15910,2024-09-28,USA,MI,SMB,Retail,1,52,Active,2024-12-15
15911,2026-05-03,USA,GA,Mid-Market,Education,6,16,Active,2026-05-03
15912,2025-11-21,USA,WA,Enterprise,Technology,2,83,Active,2025-11-21
15913,2026-01-19,USA,FL,Enterprise,Professional Services,2,63,Active,2026-01-19
15914,2026-07-12,USA,NY,SMB,Manufacturing,2,22,Active,2026-07-12
15915,2024-08-30,USA,WA,Mid-Market,Retail,8,12,Active,2024-08-30
15916,2024-03-30,Canada,OH,SMB,Manufacturing,4,97,Churned,2024-06-13
15917,2025-07-21,USA,OH,SMB,Financial Services,1,53,Active,2025-11-15
15918,2024-11-13,Canada,CO,SMB,Healthcare,3,81,Churned,2025-01-19
15919,2025-02-28,Australia,IL,SMB,Manufacturing,2,49,Active,2025-02-28
15920,2024-08-16,Australia,FL,Mid-Market,Retail,4,30,Active,2024-08-16
15921,2025-01-23,USA,GA,SMB,Healthcare,8,30,Active,2025-01-23
15922,2025-01-18,USA,NC,SMB,Education,4,4,Churned,2025-01-18
15923,2024-12-07,UK,PA,SMB,Technology,5,55,Churned,2024-12-07
15924,2025-12-24,USA,TN,SMB,Healthcare,3,73,Active,2025-12-24
15925,2025-07-31,USA,KY,Mid-Market,Technology,2,12,Active,2025-07-31
15926,2025-04-06,Canada,CA,SMB,Healthcare,3,3,Active,2025-04-06
15927,2024-04-19,Canada,TX,SMB,Manufacturing,4,17,Active,2024-04-19
15928,2025-07-09,Canada,NC,Enterprise,Technology,1,49,Active,2025-07-09
15929,2024-06-19,USA,WA,SMB,Manufacturing,3,52,Active,2024-06-19
15930,2024-11-01,USA,IL,Enterprise,Education,1,59,Active,2024-11-01
15931,2025-02-08,USA,NY,Mid-Market,Retail,1,85,Active,2025-02-08
15932,2024-05-17,USA,WA,Mid-Market,Financial Services,5,98,Active,2025-05-03
15933,2025-01-14,Canada,MI,Mid-Market,Manufacturing,1,90,Active,2025-01-14
15934,2024-09-16,USA,NC,SMB,Retail,4,32,Active,2024-10-13
15935,2026-04-07,USA,TN,Mid-Market,Healthcare,2,46,Active,2026-04-07
15936,2026-04-17,Canada,TX,Mid-Market,Manufacturing,3,72,Churned,2026-04-17
15937,2024-01-05,USA,CO,SMB,Financial Services,6,27,Active,2025-08-23
15938,2025-08-09,USA,NC,Mid-Market,Manufacturing,4,96,Active,2025-08-09
15939,2025-09-15,Canada,CO,SMB,Technology,4,13,Active,2025-09-15
15940,2025-01-03,Canada,GA,Enterprise,Education,1,47,Active,2025-01-03
15941,2025-04-01,Canada,OH,Mid-Market,Professional Services,2,76,Churned,2026-02-26
15942,2026-02-08,USA,OH,SMB,Technology,4,13,Active,2026-02-08
15943,2025-01-03,USA,GA,Enterprise,Professional Services,4,99,Active,2025-01-03
15944,2024-03-03,USA,CA,Enterprise,Manufacturing,4,13,Active,2024-03-19
15945,2024-12-28,USA,WA,Mid-Market,Technology,4,26,Active,2024-12-28
15946,2024-09-04,USA,TN,SMB,Education,1,39,Active,2024-09-04
15947,2025-01-07,USA,WA,Mid-Market,Professional Services,1,65,Active,2025-01-07
15948,2024-08-12,USA,GA,Mid-Market,Education,6,33,Active,2024-08-12
15949,2024-05-25,USA,TN,SMB,Professional Services,3,58,Active,2025-08-21
15950,2026-08-17,Canada,TN,Enterprise,Manufacturing,4,32,Active,2026-08-17
15951,2024-05-05,Australia,PA,Mid-Market,Government,3,35,Active,2025-03-23
15952,2025-11-18,USA,OH,Enterprise,Retail,6,49,Active,2025-11-18
15953,2025-11-29,Canada,GA,Mid-Market,Healthcare,5,30,Active,2025-11-29
15954,2025-08-24,USA,MI,SMB,Financial Services,1,54,Active,2025-08-24
15955,2026-06-06,USA,VA,Enterprise,Manufacturing,5,42,Churned,2026-06-06
15956,2024-01-05,USA,CA,Mid-Market,Healthcare,2,27,Active,2024-02-27
15957,2024-10-20,USA,PA,SMB,Healthcare,2,41,Active,2024-10-20
15958,2024-06-28,USA,CO,SMB,Retail,5,45,Active,2024-06-28
15959,2025-07-15,USA,NC,SMB,Technology,2,49,Active,2025-09-24
15960,2025-09-11,USA,,Mid-Market,Financial Services,1,66,Active,2025-09-11
15961,2026-05-24,USA,CA,SMB,Technology,3,30,Active,2026-05-24
15962,2025-01-04,USA,MI,Enterprise,Technology,8,56,Churned,2025-01-04
15963,2024-08-17,USA,VA,Enterprise,Education,1,44,Active,2025-08-02
15964,2026-06-19,USA,KY,Mid-Market,Technology,4,76,Active,2026-06-19
15965,2025-10-17,USA,VA,SMB,Financial Services,3,,Active,
15966,2026-01-14,USA,CA,Mid-Market,Government,2,28,Active,2026-01-14
15967,2025-03-09,Canada,GA,SMB,Professional Services,4,22,Active,2025-03-09
15968,2025-03-11,USA,NY,Mid-Market,Retail,3,38,Active,2025-03-11
15969,2025-01-13,USA,TN,SMB,Healthcare,4,36,Active,2025-01-13
15970,2025-12-31,USA,FL,Enterprise,Manufacturing,4,56,Churned,2025-12-31
15971,2024-07-24,USA,CO,SMB,Professional Services,8,25,Active,2024-07-24
15972,2026-08-08,Canada,GA,SMB,Professional Services,4,91,Active,2026-08-08
15973,2024-06-20,UK,IL,Enterprise,Professional Services,1,84,Active,2024-08-19
15974,2025-03-24,USA,KY,SMB,Government,4,62,Active,2025-08-09
15975,2024-11-02,USA,NC,Enterprise,Technology,3,67,Active,2025-06-06
15976,2025-09-17,USA,VA,Enterprise,Financial Services,1,29,Churned,2025-09-17
15977,2025-10-24,USA,PA,SMB,Healthcare,3,56,Active,2025-10-24
15978,2026-06-13,Canada,IL,SMB,Healthcare,4,4,Active,2026-06-13
15979,2026-02-07,USA,,Mid-Market,Financial Services,1,14,Active,2026-02-07
15980,2024-08-30,USA,CA,Mid-Market,Healthcare,2,52,Active,
15981,2024-07-20,USA,NC,Enterprise,Manufacturing,3,10,Active,2024-07-20
15982,2026-05-13,USA,TX,SMB,Education,2,96,Active,2026-05-13
15983,2025-04-20,Canada,MI,Mid-Market,Healthcare,5,74,Active,2025-04-20
15984,2024-04-05,USA,NC,SMB,Professional Services,1,67,Active,2025-07-27
15985,2026-03-14,USA,IL,Mid-Market,Professional Services,4,90,Active,2026-03-14
15986,2025-09-23,USA,VA,Mid-Market,Healthcare,4,43,Active,2026-03-04
15987,2024-01-25,USA,CA,Enterprise,Healthcare,2,87,Active,2025-02-24
15988,2026-02-01,USA,IL,SMB,Manufacturing,3,8,Active,2026-02-01
15989,2025-08-14,USA,VA,SMB,Professional Services,1,81,Active,2025-08-14
15990,2025-08-21,USA,MI,SMB,Education,1,12,Active,2025-08-21
15991,2026-04-22,USA,CA,SMB,Healthcare,3,13,Active,2026-04-22
15992,2025-04-27,USA,NC,SMB,Technology,1,75,Active,2026-05-20
15993,2025-03-25,Australia,CO,Enterprise,Professional Services,4,71,Active,2025-03-25
15994,2025-08-24,USA,CA,SMB,Financial Services,3,32,Active,2025-08-24
15995,2024-07-11,USA,MI,SMB,Technology,1,16,Churned,2024-07-13
15996,2024-05-27,USA,CA,Mid-Market,Manufacturing,2,30,Active,2025-10-06
15997,2026-04-01,UK,GA,SMB,Financial Services,5,47,Active,2026-04-01
15998,2024-07-28,USA,TN,SMB,Professional Services,1,24,Active,2025-03-20
15999,2025-05-06,USA,NY,Enterprise,Financial Services,4,94,Active,2025-05-06
16000,2024-09-19,USA,FL,SMB,Professional Services,1,90,Active,2024-09-19
16001,2024-08-12,USA,KY,SMB,Technology,6,41,Active,
16002,2025-08-05,USA,CO,Mid-Market,Financial Services,2,31,Active,2025-08-05
16003,2026-02-20,USA,MI,SMB,Technology,2,,Active,2026-02-20
16004,2025-03-06,USA,VA,SMB,Healthcare,3,18,Active,2025-03-06
16005,2024-05-15,USA,PA,SMB,Financial Services,2,9,Active,2024-07-15
16006,2024-08-26,UK,NC,SMB,Retail,4,37,Active,2025-02-14
16007,2024-06-09,USA,VA,Enterprise,Professional Services,1,90,Active,2024-06-09
16008,2026-05-09,USA,KY,SMB,Professional Services,1,72,Churned,2026-05-09
16009,2024-11-07,Australia,TN,SMB,Financial Services,1,6,Active,2024-11-07
16010,2024-12-30,USA,NC,SMB,Manufacturing,3,42,Active,2025-12-17
16011,2024-03-10,USA,GA,Enterprise,Government,5,33,Churned,2024-07-16
16012,2025-03-10,USA,OH,SMB,Technology,1,77,Active,2026-03-02
16013,2026-06-09,USA,NY,Enterprise,Healthcare,5,53,Active,2026-06-09
16014,2025-02-03,USA,CA,SMB,Retail,4,69,Active,2025-02-03
16015,2025-09-26,USA,CA,Enterprise,Manufacturing,1,7,Active,2025-09-26
16016,2024-06-26,USA,NC,SMB,Retail,1,36,Active,2024-06-26
16017,2024-05-19,USA,,SMB,Manufacturing,2,36,Active,2025-01-22
16018,2025-12-13,USA,TN,SMB,Education,1,88,Active,2025-12-13
16019,2024-03-05,USA,TX,SMB,Technology,4,77,Churned,2024-09-14
16020,2025-03-12,USA,TX,Mid-Market,Retail,3,8,Active,2025-03-12
16021,2024-11-04,USA,KY,Mid-Market,Education,2,,Active,2024-11-04
16022,2024-01-16,UK,GA,Mid-Market,Manufacturing,4,74,Active,2024-02-10
16023,2025-06-01,USA,TX,SMB,Education,1,37,Active,2025-06-29
16024,2026-07-27,USA,OH,Mid-Market,Healthcare,5,51,Active,2026-07-27
16025,2024-03-08,Canada,CO,SMB,Retail,3,39,Active,2025-09-18
16026,2026-03-05,USA,CA,Enterprise,Retail,2,33,Active,2026-03-05
16027,2025-06-09,USA,CA,Mid-Market,Retail,3,13,Active,2025-06-09
16028,2025-12-05,UK,IL,Mid-Market,Technology,1,41,Active,2025-12-05
16029,2024-04-04,USA,NC,Enterprise,Manufacturing,8,80,Active,2024-07-26
16030,2026-04-26,USA,TX,Mid-Market,Retail,2,59,Active,2026-04-26
16031,2024-01-12,USA,TX,Mid-Market,Manufacturing,5,18,Churned,2024-06-26
16032,2026-06-02,USA,TN,SMB,Technology,7,28,Churned,2026-06-02
16033,2025-10-02,USA,KY,Mid-Market,Technology,3,,Active,2025-10-02
16034,2024-11-24,USA,CA,SMB,Education,4,61,Active,2024-11-24
16035,2024-01-07,USA,FL,SMB,Professional Services,3,100,Active,2025-10-28
16036,2025-08-18,USA,KY,Mid-Market,Education,1,,Active,2025-08-18
16037,2024-03-26,USA,CO,SMB,Financial Services,7,96,Active,2024-07-30
16038,2025-08-15,USA,PA,Mid-Market,Professional Services,2,77,Active,2025-08-15
16039,2026-01-23,USA,FL,SMB,Retail,5,88,Churned,2026-01-23
16040,2024-09-17,USA,MI,SMB,Technology,3,18,Active,2024-11-21
16041,2024-08-20,USA,TX,Enterprise,Government,1,40,Active,2025-08-22
16042,2024-08-04,Canada,IL,SMB,Retail,2,36,Active,2024-09-04
16043,2024-08-06,USA,PA,Mid-Market,Financial Services,1,11,Active,2024-08-06
16044,2024-04-20,USA,VA,Mid-Market,Financial Services,1,52,Active,2024-04-20
16045,2024-08-31,USA,TX,Enterprise,Government,4,6,Active,2024-08-31
16046,2025-10-04,USA,IL,SMB,Manufacturing,1,73,Active,2025-10-04
16047,2024-10-21,USA,,Mid-Market,Education,7,27,Active,2025-01-23
16048,2026-01-30,USA,CA,SMB,Healthcare,2,34,Active,2026-01-30
16049,2026-03-08,USA,MI,SMB,Financial Services,2,25,Active,2026-03-08
16050,2026-01-11,USA,VA,SMB,Healthcare,1,31,Active,2026-01-11
16051,2025-06-09,USA,CA,SMB,Professional Services,1,46,Churned,2025-06-09
16052,2024-11-04,USA,FL,SMB,Healthcare,3,90,Active,2025-11-20
16053,2026-06-24,USA,FL,SMB,Professional Services,2,14,Churned,2026-06-24
16054,2024-07-18,USA,FL,SMB,Technology,3,11,Active,2024-07-18
16055,2025-03-28,USA,KY,Mid-Market,Professional Services,3,32,Active,2025-03-28
16056,2025-03-17,USA,PA,SMB,Retail,1,73,Active,2025-03-17
16057,2025-12-27,USA,GA,SMB,Manufacturing,2,76,Active,2026-04-09
16058,2025-06-16,Canada,PA,SMB,Healthcare,2,81,Active,2025-06-16
16059,2026-02-17,USA,NC,SMB,Manufacturing,1,68,Active,2026-02-17
16060,2026-06-14,USA,FL,Mid-Market,Technology,4,27,Active,2026-06-14
16061,2025-01-15,USA,PA,Enterprise,Healthcare,1,66,Active,2025-01-15
16062,2026-05-02,USA,WA,Mid-Market,Government,1,44,Churned,2026-05-02
16063,2024-06-14,USA,FL,Mid-Market,Healthcare,3,69,Active,2024-06-14
16064,2026-06-11,Australia,NC,SMB,Financial Services,2,52,Active,2026-06-11
16065,2024-06-22,USA,FL,Enterprise,Technology,6,94,Active,2024-06-22
16066,2026-04-08,USA,NY,SMB,Manufacturing,4,78,Active,2026-05-11
16067,2025-01-15,USA,CA,SMB,Financial Services,4,99,Churned,2025-01-15
16068,2026-07-28,Canada,NY,SMB,Government,3,88,Active,2026-07-28
16069,2024-05-05,USA,TN,SMB,Financial Services,2,50,Active,2024-09-15
16070,2025-03-29,Canada,PA,Mid-Market,Technology,1,40,Active,
16071,2026-05-28,USA,GA,SMB,Healthcare,4,28,Churned,2026-05-28
16072,2024-02-16,Canada,WA,SMB,Healthcare,2,35,Churned,2024-02-16
16073,2024-09-15,UK,CA,SMB,Manufacturing,2,20,Active,2024-09-15
16074,2024-03-22,USA,IL,Enterprise,Professional Services,3,36,Active,2024-07-11
16075,2024-11-08,Australia,TN,Mid-Market,Manufacturing,4,88,Active,2024-11-08
16076,2025-01-15,UK,CA,Enterprise,Retail,3,20,Active,2025-01-15
16077,2025-08-25,USA,WA,Enterprise,Healthcare,1,88,Active,2026-02-10
16078,2024-09-07,USA,NY,Enterprise,Government,6,6,Churned,2024-11-14
16079,2024-06-03,USA,FL,SMB,Financial Services,1,17,Churned,2025-01-02
16080,2024-06-14,Canada,TX,SMB,Technology,7,89,Active,2024-06-14
16081,2026-07-03,USA,IL,SMB,Healthcare,2,,Active,2026-07-03
16082,2026-07-17,USA,VA,SMB,Healthcare,6,32,Active,2026-07-17
16083,2024-08-03,USA,NY,Mid-Market,Financial Services,6,20,Churned,2024-08-03
16084,2024-07-09,Canada,,SMB,Healthcare,2,2,Active,2024-07-09
16085,2024-02-22,USA,NC,SMB,Manufacturing,4,21,Active,2025-11-07
16086,2026-07-23,USA,MI,Mid-Market,Retail,1,15,Active,2026-07-23
16087,2025-11-18,USA,NY,SMB,Professional Services,1,69,Active,2025-11-18
16088,2026-01-11,USA,NY,SMB,Healthcare,2,95,Active,2026-01-11
16089,2024-10-10,Canada,NC,SMB,Manufacturing,3,26,Active,
16090,2025-09-16,USA,CA,Mid-Market,Manufacturing,1,7,Active,2026-03-23
16091,2024-02-28,Canada,PA,SMB,Financial Services,3,100,Active,2024-02-28
16092,2025-10-20,Canada,FL,SMB,Healthcare,7,70,Active,2025-10-20
16093,2025-07-18,USA,TX,SMB,Healthcare,5,40,Active,2025-07-18
16094,2024-11-18,USA,TX,Mid-Market,Healthcare,1,79,Active,2024-11-18
16095,2025-11-22,USA,TX,SMB,Retail,3,70,Active,2025-11-22
16096,2025-09-21,USA,WA,SMB,Healthcare,1,75,Active,2025-09-21
16097,2025-03-03,Canada,TX,Enterprise,Retail,1,17,Active,2025-03-03
16098,2024-06-30,USA,KY,Enterprise,Manufacturing,6,34,Active,2025-02-15
16099,2024-01-23,USA,IL,SMB,Manufacturing,8,53,Active,2024-05-15
16100,2026-07-02,USA,MI,SMB,Financial Services,1,64,Active,2026-07-02
16101,2024-10-01,USA,FL,SMB,Manufacturing,1,56,Active,2024-10-01
16102,2024-10-20,USA,FL,Mid-Market,Retail,2,29,Active,2024-10-20
16103,2025-10-25,USA,VA,SMB,Government,2,38,Active,2025-10-25
16104,2024-09-05,Canada,VA,Enterprise,Healthcare,1,42,Active,2025-12-19
16105,2024-12-31,USA,GA,Mid-Market,Healthcare,1,8,Active,2024-12-31
16106,2025-11-23,USA,CO,Mid-Market,Professional Services,2,84,Active,2025-11-23
16107,2025-08-02,USA,,SMB,Financial Services,1,65,Active,2026-07-06
16108,2025-10-01,USA,NC,Enterprise,Financial Services,4,61,Active,2025-10-01
16109,2024-01-05,USA,TN,Mid-Market,Professional Services,4,77,Active,2024-01-05
16110,2025-03-15,USA,VA,Mid-Market,Manufacturing,3,47,Active,2025-03-15
16111,2025-04-07,USA,GA,SMB,Technology,2,59,Churned,2025-04-07
16112,2025-09-08,USA,TN,Mid-Market,Healthcare,4,69,Active,2025-09-08
16113,2024-05-27,Canada,WA,Mid-Market,Financial Services,1,65,Active,2024-09-26
16114,2024-06-04,USA,GA,Enterprise,Financial Services,5,75,Active,2024-06-04
16115,2026-01-12,USA,PA,Mid-Market,Education,1,7,Active,2026-01-12
16116,2025-10-17,USA,NC,SMB,Retail,6,94,Active,2025-10-17
16117,2026-03-01,USA,KY,SMB,Technology,1,53,Active,2026-03-01
16118,2024-09-20,USA,CA,Mid-Market,Professional Services,4,77,Active,2024-09-20
16119,2026-08-29,USA,OH,Enterprise,Government,1,5,Active,2026-08-29
16120,2024-09-22,USA,VA,Mid-Market,Healthcare,4,48,Active,2024-10-23
16121,2025-09-26,USA,MI,SMB,Manufacturing,3,46,Active,2025-09-26
16122,2024-06-06,USA,CA,SMB,Technology,1,22,Active,2025-02-14
16123,2026-06-13,Canada,CO,Mid-Market,Education,4,90,Active,2026-06-13
16124,2024-11-19,UK,OH,Enterprise,Professional Services,1,48,Active,2024-11-19
16125,2026-02-20,USA,WA,SMB,Education,3,90,Churned,2026-02-20
16126,2024-11-18,USA,PA,SMB,Technology,2,44,Active,2025-02-07
16127,2026-02-09,USA,TN,Enterprise,Healthcare,4,60,Active,2026-02-09
16128,2025-03-18,Canada,MI,SMB,Manufacturing,5,60,Active,2025-03-18
16129,2024-03-01,UK,TN,SMB,Technology,2,64,Active,2024-03-01
16130,2024-07-04,USA,WA,SMB,Technology,4,63,Active,2026-06-29
16131,2025-10-27,USA,IL,SMB,Technology,6,81,Active,2025-10-27
16132,2024-07-06,USA,KY,SMB,Retail,3,22,Churned,2025-01-11
16133,2024-09-25,USA,CO,Mid-Market,Manufacturing,2,72,Active,2025-11-02
16134,2025-06-11,USA,TX,Mid-Market,Government,2,81,Active,2025-06-11
16135,2024-09-03,USA,GA,Mid-Market,Retail,1,82,Active,2025-05-03
16136,2024-05-05,USA,TX,Mid-Market,Education,2,42,Active,2025-10-26
16137,2025-08-31,USA,MI,SMB,Technology,1,43,Churned,2025-08-31
16138,2025-11-01,USA,CO,SMB,Manufacturing,4,79,Active,2025-11-01
16139,2025-12-14,USA,CO,SMB,Retail,3,52,Active,2025-12-14
16140,2026-07-08,USA,NC,SMB,Manufacturing,3,2,Active,2026-07-08
16141,2024-05-01,USA,OH,Mid-Market,Education,1,76,Active,2025-01-11
16142,2025-02-19,USA,CO,SMB,Healthcare,1,77,Active,2025-02-19
16143,2024-08-15,USA,NY,Mid-Market,Professional Services,4,52,Active,2024-08-15
16144,2026-05-27,USA,CO,SMB,Education,3,55,Churned,2026-05-27
16145,2025-06-09,USA,GA,SMB,Retail,6,53,Churned,2025-06-09
16146,2024-04-05,USA,,SMB,Healthcare,3,43,Active,2024-06-07
16147,2025-11-05,USA,KY,SMB,Healthcare,1,70,Active,2025-11-05
16148,2024-02-11,Canada,FL,Mid-Market,Healthcare,3,15,Active,2024-02-11
16149,2024-09-24,USA,MI,Mid-Market,Healthcare,4,29,Active,2024-09-24
16150,2025-12-03,USA,FL,SMB,Healthcare,1,89,Churned,2025-12-03
16151,2025-05-07,USA,VA,Mid-Market,Government,3,81,Churned,2025-05-07
16152,2026-01-11,USA,NY,Mid-Market,Technology,1,6,Active,2026-01-11
16153,2025-07-10,Canada,WA,SMB,Professional Services,1,18,Active,2025-07-10
16154,2026-04-01,USA,WA,SMB,Technology,1,12,Active,2026-04-01
16155,2025-07-01,USA,CO,SMB,Technology,3,96,Active,2025-07-01
16156,2024-02-25,USA,OH,SMB,Professional Services,4,85,Churned,2025-03-04
16157,2024-03-10,Canada,MI,Enterprise,Financial Services,1,58,Active,2024-03-10
16158,2026-01-26,USA,PA,SMB,Technology,4,69,Active,2026-01-26
16159,2024-02-07,USA,CA,SMB,Professional Services,4,62,Active,2026-06-09
16160,2025-01-01,USA,KY,Mid-Market,Professional Services,2,85,Churned,2025-01-01
16161,2024-01-16,USA,WA,SMB,Manufacturing,1,93,Active,2024-04-26
16162,2024-10-22,USA,PA,Mid-Market,Professional Services,1,98,Active,2025-10-12
16163,2025-08-02,USA,KY,SMB,Manufacturing,1,35,Active,2025-08-02
16164,2024-06-17,USA,KY,SMB,Financial Services,7,35,Active,2024-09-08
16165,2025-03-29,USA,NC,SMB,Financial Services,4,12,Active,2025-03-29
16166,2026-08-28,USA,NY,SMB,Manufacturing,1,81,Active,2026-08-28
16167,2024-03-09,USA,MI,SMB,Financial Services,3,42,Active,2024-06-24
16168,2024-03-03,UK,IL,Mid-Market,Healthcare,1,4,Active,2024-05-26
16169,2024-09-21,Canada,MI,Mid-Market,Healthcare,1,83,Active,2024-09-21
16170,2026-03-16,USA,FL,Mid-Market,Professional Services,2,92,Active,2026-03-16
16171,2025-01-30,USA,WA,SMB,Professional Services,1,86,Active,2025-01-30
16172,2025-09-14,USA,WA,Enterprise,Professional Services,1,64,Active,2025-09-14
16173,2024-02-02,UK,WA,SMB,Manufacturing,2,88,Active,2025-05-18
16174,2025-12-16,USA,IL,Mid-Market,Professional Services,2,91,Active,2025-12-16
16175,2024-03-06,USA,CA,Mid-Market,Manufacturing,2,55,Churned,2024-10-31
16176,2025-11-24,USA,OH,Mid-Market,Manufacturing,3,57,Churned,2025-11-24
16177,2024-05-24,USA,NC,SMB,Manufacturing,2,33,Active,2026-03-23
16178,2026-04-16,USA,CA,Mid-Market,Financial Services,2,64,Active,2026-04-16
16179,2024-10-15,USA,OH,Mid-Market,Technology,2,100,Active,2024-10-15
16180,2024-06-28,USA,TX,SMB,Manufacturing,7,93,Active,2025-01-03
16181,2024-11-23,USA,MI,Mid-Market,Government,1,85,Active,2024-11-23
16182,2024-01-01,Australia,TX,SMB,Financial Services,3,31,Churned,2024-07-07
16183,2024-06-09,USA,GA,SMB,Healthcare,1,76,Active,2024-08-03
16184,2025-08-05,Canada,KY,Mid-Market,Retail,2,35,Active,2025-08-05
16185,2024-10-19,USA,OH,Mid-Market,Financial Services,3,2,Active,2024-10-19
16186,2024-12-10,Canada,OH,SMB,Government,4,86,Active,2024-12-10
16187,2026-02-25,USA,FL,SMB,Manufacturing,7,31,Active,2026-02-25
16188,2024-04-30,USA,CO,SMB,Retail,2,97,Active,2024-04-30
16189,2025-01-20,Canada,CA,SMB,Technology,1,55,Churned,2025-06-06
16190,2024-06-30,USA,WA,SMB,Manufacturing,4,67,Active,2024-07-04
16191,2025-04-15,USA,CO,SMB,Financial Services,1,58,Active,2026-01-31
16192,2024-11-19,UK,OH,Mid-Market,Retail,3,44,Active,2024-11-19
16193,2024-02-15,USA,VA,SMB,Retail,4,91,Active,2024-07-25
16194,2024-03-09,USA,PA,SMB,Technology,2,12,Churned,2025-04-22
16195,2026-04-10,Australia,IL,SMB,Professional Services,3,17,Active,2026-04-10
16196,2024-02-25,UK,KY,SMB,Financial Services,1,61,Active,2025-10-04
16197,2026-02-01,USA,IL,SMB,Technology,1,97,Active,2026-02-01
16198,2026-06-11,Canada,NY,SMB,Technology,8,83,Active,2026-06-11
16199,2025-03-29,UK,KY,SMB,Retail,1,71,Churned,2025-03-29
16200,2024-10-30,USA,OH,SMB,Manufacturing,2,11,Churned,2024-10-30
16201,2026-01-26,USA,CA,Mid-Market,Retail,3,6,Active,2026-01-26
16202,2026-08-14,USA,TX,Enterprise,Retail,2,30,Active,2026-08-14
16203,2024-04-27,USA,NC,SMB,Manufacturing,1,72,Active,2024-04-27
16204,2026-07-28,USA,FL,SMB,Retail,1,11,Churned,2026-07-28
16205,2026-07-08,Australia,GA,SMB,Manufacturing,2,36,Active,2026-07-08
16206,2024-05-18,USA,IL,SMB,Education,2,34,Active,
16207,2024-02-23,Canada,TN,Mid-Market,Retail,4,16,Active,2024-08-19
16208,2025-11-27,USA,NY,Mid-Market,Government,2,58,Active,2025-11-27
16209,2024-03-16,USA,TN,SMB,Financial Services,6,24,Active,
16210,2025-08-08,USA,MI,SMB,Manufacturing,1,14,Active,2025-08-08
16211,2024-03-04,USA,TX,SMB,Technology,2,44,Active,2024-05-25
16212,2025-11-03,USA,GA,SMB,Manufacturing,6,48,Active,2025-11-03
16213,2024-08-13,USA,KY,Enterprise,Government,4,21,Active,2024-08-13
16214,2024-04-03,Canada,NC,SMB,Retail,2,2,Churned,2024-05-11
16215,2024-03-05,USA,PA,SMB,Retail,2,8,Churned,2024-05-10
16216,2024-07-02,USA,GA,SMB,Technology,4,83,Churned,2026-02-06
16217,2025-06-10,USA,TX,SMB,Technology,1,83,Active,2025-06-10
16218,2024-03-15,Australia,GA,SMB,Education,1,68,Active,2024-11-23
16219,2026-02-20,USA,KY,SMB,Education,3,27,Active,
16220,2025-08-11,USA,TX,SMB,Healthcare,4,65,Active,2026-05-04
16221,2024-10-16,Australia,NC,SMB,Education,3,93,Active,2025-12-15
16222,2026-08-18,Australia,GA,Mid-Market,Technology,2,85,Active,
16223,2025-10-03,USA,VA,SMB,Technology,7,71,Active,2025-10-03
16224,2025-10-16,Canada,PA,SMB,Retail,1,14,Active,2025-10-16
16225,2024-06-18,UK,WA,Enterprise,Professional Services,4,45,Active,2024-06-26
16226,2025-11-23,USA,NY,SMB,Education,1,97,Active,2025-11-23
16227,2025-06-28,USA,NY,Enterprise,Financial Services,4,78,Active,2025-06-28
16228,2026-08-16,USA,VA,Enterprise,Retail,3,5,Active,2026-08-16
16229,2025-04-10,Canada,WA,SMB,Technology,1,89,Churned,
16230,2025-10-22,USA,TN,SMB,Professional Services,3,45,Active,2025-10-22
16231,2024-11-28,USA,OH,Mid-Market,Manufacturing,5,16,Active,2024-11-28
16232,2024-02-09,Canada,KY,SMB,Professional Services,2,1,Churned,2026-07-09
16233,2024-05-04,USA,OH,SMB,Retail,1,41,Active,2024-07-16
16234,2026-04-24,USA,NY,Mid-Market,Retail,1,93,Active,2026-04-24
16235,2025-12-19,USA,TN,SMB,Technology,3,,Active,2025-12-19
16236,2024-12-21,USA,GA,Enterprise,Healthcare,3,48,Active,2024-12-21
16237,2025-11-10,UK,IL,Mid-Market,Healthcare,2,52,Active,2025-11-10
16238,2024-01-05,UK,OH,Enterprise,Education,1,28,Active,2025-01-02
16239,2024-02-06,USA,TX,Mid-Market,Financial Services,4,2,Active,2024-11-28
16240,2025-05-09,UK,TN,Mid-Market,Financial Services,2,45,Active,2025-05-09
16241,2025-08-31,USA,PA,SMB,Healthcare,1,19,Active,2025-08-31
16242,2026-07-01,USA,CO,Enterprise,Financial Services,2,96,Active,2026-07-01
16243,2026-01-09,Canada,IL,Enterprise,Financial Services,3,26,Active,2026-01-09
16244,2024-09-07,UK,FL,Mid-Market,Retail,7,24,Active,2024-09-07
16245,2026-03-04,USA,CA,Mid-Market,Professional Services,3,46,Churned,2026-03-04
16246,2025-04-23,USA,TN,Mid-Market,Technology,1,35,Active,2025-04-23
16247,2026-03-15,USA,KY,SMB,Technology,4,61,Active,2026-03-15
16248,2024-06-18,USA,FL,Enterprise,Healthcare,1,2,Active,2024-06-18
16249,2024-01-26,Canada,TN,SMB,Financial Services,7,98,Active,2024-09-29
16250,2024-02-26,USA,CO,SMB,Professional Services,2,22,Active,2024-06-20
16251,2026-08-23,USA,VA,SMB,Technology,5,67,Active,2026-08-23
16252,2024-03-19,USA,OH,Mid-Market,Professional Services,5,89,Active,2024-07-31
16253,2026-07-03,USA,CO,Mid-Market,Retail,5,5,Active,2026-07-03
16254,2025-12-09,Australia,KY,SMB,Technology,1,48,Active,2025-12-09
16255,2024-05-22,USA,VA,SMB,Manufacturing,4,60,Active,2024-11-04
16256,2026-04-21,Australia,WA,SMB,Financial Services,4,,Churned,2026-04-21
16257,2024-05-20,USA,CA,SMB,Professional Services,2,67,Active,2024-12-03
16258,2024-05-19,USA,MI,SMB,Retail,2,84,Active,2025-10-24
16259,2025-07-14,Canada,CO,Mid-Market,Manufacturing,3,13,Active,2025-07-14
16260,2024-10-07,USA,NC,SMB,Healthcare,6,85,Churned,2026-07-16
16261,2024-10-10,USA,VA,SMB,Technology,4,47,Active,2024-10-10
16262,2024-07-08,USA,OH,SMB,Education,2,98,Active,2024-07-08
16263,2025-08-14,USA,MI,SMB,Retail,3,29,Active,2025-08-14
16264,2024-01-27,UK,KY,Enterprise,Government,1,7,Active,2025-05-21
16265,2024-08-26,USA,TX,SMB,Financial Services,2,66,Active,2024-10-13
16266,2025-06-23,USA,MI,SMB,Professional Services,4,44,Active,
16267,2025-04-18,USA,KY,Mid-Market,Education,3,64,Active,2025-04-18
16268,2025-11-12,USA,IL,SMB,Professional Services,4,89,Active,2025-11-12
16269,2024-07-29,USA,CA,Mid-Market,Education,3,87,Churned,2025-03-14
16270,2025-09-23,USA,CA,Enterprise,Manufacturing,2,12,Active,2025-09-23
16271,2026-01-10,Canada,CO,Mid-Market,Retail,4,7,Active,2026-01-10
16272,2025-01-12,USA,TN,Enterprise,Professional Services,1,37,Active,2025-01-12
16273,2024-09-07,USA,PA,SMB,Professional Services,7,14,Active,2024-09-07
16274,2025-06-24,USA,OH,SMB,Technology,6,91,Active,2025-10-15
16275,2025-07-17,USA,MI,SMB,Technology,5,55,Active,2025-07-17
16276,2024-04-01,USA,IL,SMB,Manufacturing,5,10,Active,
16277,2025-07-04,USA,VA,SMB,Financial Services,3,56,Active,2026-05-31
16278,2024-05-30,USA,VA,SMB,Healthcare,2,73,Active,2024-05-30
16279,2025-07-08,USA,TN,SMB,Technology,4,78,Active,2026-02-13
16280,2026-06-26,UK,CA,SMB,Technology,1,95,Active,2026-06-26
16281,2025-06-07,USA,IL,Mid-Market,Technology,4,62,Active,2025-06-07
16282,2026-01-11,USA,NC,SMB,Technology,1,61,Active,2026-01-11
16283,2024-10-28,USA,OH,SMB,Retail,5,6,Churned,2024-10-28
16284,2026-06-17,Canada,PA,SMB,Financial Services,3,88,Active,2026-06-17
16285,2026-03-02,USA,TX,Mid-Market,Healthcare,4,78,Active,2026-03-02
16286,2026-06-11,USA,VA,SMB,Healthcare,2,80,Active,2026-06-11
16287,2025-12-23,USA,VA,Mid-Market,Technology,3,98,Active,2026-02-15
16288,2025-09-24,USA,KY,SMB,Education,6,81,Active,2025-09-24
16289,2025-05-26,USA,TN,SMB,Professional Services,2,44,Active,2025-05-26
16290,2026-06-23,Canada,WA,Enterprise,Healthcare,1,63,Active,2026-06-23
16291,2026-04-06,USA,PA,SMB,Professional Services,1,89,Active,
16292,2025-02-09,UK,TN,SMB,Technology,3,8,Active,2026-04-11
16293,2024-03-24,UK,OH,SMB,Retail,3,15,Active,2024-03-24
16294,2024-01-04,USA,NC,SMB,Education,3,40,Active,2024-04-05
16295,2024-08-15,USA,CO,SMB,Government,1,66,Churned,2024-11-06
16296,2024-03-01,USA,KY,SMB,Retail,1,84,Active,2024-08-13
16297,2024-07-25,Canada,NY,SMB,Technology,5,31,Churned,2024-07-25
16298,2024-04-16,USA,IL,Enterprise,Financial Services,3,21,Active,2024-07-07
16299,2026-08-13,Canada,CO,SMB,Financial Services,1,19,Churned,2026-08-13
16300,2024-04-02,USA,NC,SMB,Healthcare,1,31,Churned,2025-09-28
16301,2025-09-02,Canada,FL,Mid-Market,Healthcare,1,7,Active,2025-09-02
16302,2024-12-08,USA,OH,SMB,Education,4,52,Churned,2024-12-08
16303,2024-06-18,USA,NC,Enterprise,Healthcare,4,87,Active,2024-07-19
16304,2025-11-14,USA,NY,SMB,Technology,3,43,Active,2025-11-14
16305,2026-08-03,USA,CO,Mid-Market,Professional Services,3,49,Active,
16306,2026-02-09,USA,NY,Enterprise,Professional Services,5,82,Active,2026-02-09
16307,2026-08-07,USA,PA,SMB,Retail,2,2,Active,2026-08-07
16308,2025-07-28,USA,FL,Mid-Market,Healthcare,2,98,Active,2025-07-28
16309,2025-10-18,UK,NY,Mid-Market,Manufacturing,2,21,Active,2025-10-18
16310,2024-05-22,Canada,TN,Mid-Market,Financial Services,8,11,Active,2024-08-01
16311,2026-04-10,Canada,NY,SMB,Retail,3,60,Active,2026-04-10
16312,2025-12-29,UK,KY,SMB,Technology,3,2,Churned,2025-12-29
16313,2024-09-04,USA,TX,SMB,Technology,4,45,Active,2026-07-17
16314,2024-12-11,UK,WA,Enterprise,Financial Services,1,78,Active,2024-12-11
16315,2025-08-18,USA,IL,SMB,Financial Services,2,69,Active,2025-09-30
16316,2024-01-13,USA,OH,SMB,Professional Services,3,8,Churned,2024-01-13
16317,2026-03-07,USA,NC,Enterprise,Government,8,73,Active,2026-03-07
16318,2024-09-30,USA,FL,SMB,Technology,1,24,Active,2024-10-05
16319,2024-03-14,USA,PA,Mid-Market,Manufacturing,2,19,Active,2024-03-21
16320,2024-11-18,USA,TX,SMB,Technology,5,35,Active,2025-11-14
16321,2026-03-25,Australia,VA,Mid-Market,Healthcare,4,45,Active,2026-03-25
16322,2024-09-24,USA,PA,SMB,Professional Services,3,30,Active,2024-09-24
16323,2025-06-09,UK,IL,SMB,Financial Services,1,54,Active,2025-06-09
16324,2026-03-01,Canada,NC,SMB,Technology,1,65,Active,2026-08-16
16325,2024-02-02,Canada,TN,SMB,Financial Services,2,8,Churned,2025-03-03
16326,2026-01-10,Canada,IL,SMB,Technology,1,28,Churned,2026-01-10
16327,2024-10-08,Australia,WA,SMB,Education,4,31,Active,2024-10-08
16328,2025-11-08,USA,VA,Mid-Market,Education,4,61,Active,2025-11-08
16329,2024-07-02,USA,NC,SMB,Manufacturing,4,26,Active,2024-11-10
16330,2024-05-15,USA,NY,SMB,Technology,1,70,Active,2024-05-15
16331,2026-02-06,USA,GA,SMB,Technology,2,73,Active,2026-02-06
16332,2026-02-25,USA,WA,SMB,Education,4,3,Active,2026-02-25
16333,2026-08-13,USA,CA,Mid-Market,Manufacturing,1,64,Active,2026-08-13
16334,2025-10-21,Australia,IL,SMB,Manufacturing,1,37,Active,2025-10-21
16335,2025-03-29,USA,NC,Enterprise,Technology,2,30,Active,2025-03-29
16336,2024-07-08,UK,IL,Mid-Market,Financial Services,1,6,Active,2025-04-29
16337,2024-10-14,USA,GA,Mid-Market,Technology,1,49,Active,2025-11-15
16338,2025-09-23,USA,IL,Mid-Market,Healthcare,2,77,Active,2025-09-23
16339,2024-12-03,USA,NC,SMB,Education,5,16,Churned,2024-12-03
16340,2025-04-15,Australia,NY,Enterprise,Retail,1,6,Active,2025-04-15
16341,2024-06-12,USA,PA,Mid-Market,Professional Services,3,14,Active,2024-06-12
16342,2025-03-03,USA,,Mid-Market,Healthcare,3,87,Active,2025-03-03
16343,2024-08-19,UK,PA,SMB,Manufacturing,3,21,Active,2025-03-24
16344,2024-04-19,USA,VA,SMB,Financial Services,3,85,Active,2024-07-19
16345,2024-05-08,UK,PA,Mid-Market,Professional Services,1,19,Churned,2026-07-20
16346,2025-05-19,USA,,SMB,Healthcare,1,52,Active,2025-05-19
16347,2024-12-22,USA,MI,Mid-Market,Manufacturing,3,45,Active,2025-04-09
16348,2024-04-07,USA,WA,SMB,Healthcare,7,95,Active,2024-05-29
16349,2025-05-15,USA,NC,SMB,Education,2,28,Churned,2025-05-15
16350,2024-06-08,Canada,NY,SMB,Retail,2,37,Active,2024-06-08
16351,2024-01-16,USA,GA,SMB,Technology,8,45,Active,2024-01-20
16352,2024-05-09,USA,VA,SMB,Financial Services,4,31,Active,2024-09-21
16353,2025-03-12,USA,IL,Mid-Market,Retail,4,17,Active,2025-03-12
16354,2026-07-18,USA,TX,Mid-Market,Healthcare,3,12,Active,2026-07-18
16355,2024-08-23,USA,TN,Enterprise,Manufacturing,5,60,Active,2024-08-23
16356,2024-10-04,USA,MI,Mid-Market,Healthcare,3,,Active,2024-10-30
16357,2024-08-24,USA,GA,Mid-Market,Government,3,17,Churned,2024-08-24
16358,2024-12-11,USA,IL,SMB,Retail,4,43,Active,2024-12-11
16359,2025-11-29,USA,WA,Mid-Market,Technology,2,71,Active,2025-11-29
16360,2024-11-09,USA,CO,Enterprise,Retail,7,98,Active,2024-11-17
16361,2025-10-02,UK,KY,Mid-Market,Financial Services,8,14,Active,2025-10-02
16362,2026-05-24,Canada,VA,SMB,Professional Services,3,88,Active,2026-05-24
16363,2026-07-10,Canada,WA,Mid-Market,Education,1,39,Active,2026-07-10
16364,2025-07-02,Canada,IL,SMB,Technology,4,52,Active,2025-07-02
16365,2025-11-25,USA,TX,SMB,Education,2,7,Active,2025-11-25
16366,2026-06-14,Australia,,Mid-Market,Financial Services,3,46,Churned,2026-06-14
16367,2026-02-05,USA,NY,Mid-Market,Professional Services,1,29,Active,2026-02-05
16368,2024-10-19,USA,VA,SMB,Manufacturing,4,24,Active,2024-10-19
16369,2024-05-08,Canada,OH,SMB,Professional Services,7,88,Active,2024-12-13
16370,2024-04-21,Canada,CA,Enterprise,Education,1,16,Active,2024-08-03
16371,2026-05-09,USA,FL,SMB,Retail,4,24,Active,2026-05-09
16372,2025-06-25,Canada,NY,SMB,Technology,5,25,Active,2025-06-25
16373,2024-10-15,USA,TN,Mid-Market,Government,1,78,Active,2024-10-15
16374,2024-12-02,USA,TX,Mid-Market,Healthcare,1,56,Active,2024-12-02
16375,2024-10-01,UK,,SMB,Manufacturing,2,46,Churned,2024-10-01
16376,2026-02-20,USA,TX,SMB,Technology,4,15,Active,2026-02-20
16377,2025-08-19,Canada,MI,SMB,Retail,2,40,Active,2025-08-19
16378,2026-05-06,Canada,MI,SMB,Retail,1,89,Active,2026-05-06
16379,2024-10-20,USA,MI,Mid-Market,Education,1,,Active,2025-12-01
16380,2025-04-05,Canada,NC,Mid-Market,Professional Services,2,97,Churned,2025-04-05
16381,2024-04-28,USA,CA,SMB,Manufacturing,1,5,Active,2024-10-14
16382,2026-08-04,Canada,KY,SMB,Government,3,27,Active,2026-08-04
16383,2025-05-13,USA,NC,SMB,Healthcare,1,16,Active,2025-05-13
16384,2025-06-22,USA,PA,SMB,Financial Services,4,65,Churned,2025-06-22
16385,2025-02-06,UK,MI,SMB,Healthcare,4,11,Active,2025-02-06
16386,2024-09-20,USA,GA,SMB,Manufacturing,5,42,Active,2024-09-20
16387,2026-07-12,USA,CO,Mid-Market,Technology,1,4,Active,2026-07-12
16388,2025-04-21,USA,TX,SMB,Financial Services,3,53,Active,2025-04-21
16389,2025-10-19,USA,KY,Mid-Market,Manufacturing,4,19,Active,2025-10-19
16390,2024-02-06,USA,CA,SMB,Technology,3,78,Active,2024-02-06
16391,2024-09-25,USA,CA,Mid-Market,Technology,1,47,Active,2024-09-25
16392,2026-02-22,USA,OH,Enterprise,Technology,1,61,Active,2026-02-22
16393,2024-03-26,UK,TX,SMB,Technology,3,19,Active,2025-06-24
16394,2024-04-08,USA,MI,SMB,Government,2,67,Active,2024-04-08
16395,2026-02-27,UK,TN,Mid-Market,Technology,6,4,Active,2026-02-27
16396,2024-10-27,USA,IL,SMB,Professional Services,4,15,Churned,2024-10-27
16397,2024-09-23,UK,CO,SMB,Government,4,82,Churned,2025-01-26
16398,2025-07-04,Canada,IL,SMB,Professional Services,8,24,Active,2025-07-04
16399,2024-07-08,USA,NY,Enterprise,Healthcare,3,74,Active,2024-07-08
16400,2024-02-11,USA,NC,SMB,Manufacturing,1,87,Active,2024-02-11
16401,2024-01-05,Australia,NC,SMB,Retail,1,14,Active,2024-08-31
16402,2024-03-18,Australia,CA,SMB,Healthcare,4,97,Active,2025-04-23
16403,2024-06-03,USA,MI,Mid-Market,Technology,2,82,Active,2024-06-03
16404,2025-11-09,Canada,VA,SMB,Financial Services,6,56,Active,2025-11-09
16405,2024-10-17,UK,TN,Enterprise,Technology,1,32,Active,2025-01-18
16406,2024-03-10,USA,PA,Mid-Market,Professional Services,1,21,Active,2024-03-10
16407,2024-01-15,USA,KY,SMB,Retail,4,23,Active,2024-07-25
16408,2025-04-09,USA,NC,SMB,Government,4,52,Active,2025-04-09
16409,2026-03-29,USA,OH,Mid-Market,Education,5,16,Active,2026-03-29
16410,2024-11-25,Canada,NY,Mid-Market,Professional Services,1,48,Active,2025-08-25
16411,2024-03-03,USA,OH,SMB,Healthcare,2,51,Active,2024-05-25
16412,2024-08-10,USA,KY,SMB,Government,3,67,Active,2024-08-10
16413,2025-05-01,USA,CO,SMB,Healthcare,6,1,Active,2026-07-18
16414,2024-07-02,USA,GA,SMB,Professional Services,1,33,Active,2025-05-05
16415,2026-08-11,USA,TX,SMB,Healthcare,3,14,Active,2026-08-11
16416,2026-01-13,USA,TN,SMB,Financial Services,1,89,Churned,2026-01-13
16417,2024-12-01,USA,OH,SMB,Retail,4,84,Active,
16418,2026-07-15,USA,IL,Enterprise,Education,1,98,Active,2026-07-15
16419,2024-11-12,Canada,NC,Mid-Market,Professional Services,8,91,Active,2024-11-12
16420,2024-05-16,USA,CA,Mid-Market,Technology,1,92,Active,2024-11-20
16421,2026-07-02,USA,GA,Mid-Market,Education,3,33,Active,2026-08-09
16422,2026-07-23,USA,IL,Mid-Market,Retail,4,99,Active,2026-07-23
16423,2024-10-31,USA,KY,SMB,Government,1,1,Active,2024-10-31
16424,2025-08-02,USA,NY,Mid-Market,Retail,1,14,Active,2025-08-02
16425,2024-06-17,USA,GA,SMB,Professional Services,3,30,Active,2024-06-17
16426,2025-09-16,USA,FL,SMB,Education,3,26,Active,2025-09-16
16427,2025-11-03,USA,CO,Enterprise,Retail,4,80,Active,2025-11-03
16428,2025-11-22,USA,VA,Enterprise,Retail,3,77,Active,2025-11-22
16429,2025-07-07,USA,NY,SMB,Technology,1,17,Active,2025-07-07
16430,2025-11-16,Canada,OH,Mid-Market,Government,6,47,Active,2025-11-16
16431,2025-06-24,USA,KY,SMB,Technology,1,10,Churned,2025-06-24
16432,2026-03-09,USA,WA,SMB,Professional Services,3,97,Active,2026-03-09
16433,2024-06-23,Australia,WA,SMB,Government,6,71,Churned,2024-06-23
16434,2025-04-15,USA,TX,SMB,Retail,6,15,Active,2025-04-15
16435,2025-02-09,USA,VA,Mid-Market,Manufacturing,1,77,Active,2025-02-09
16436,2025-06-03,USA,PA,SMB,Technology,1,31,Active,2025-06-03
16437,2024-05-18,UK,FL,SMB,Financial Services,3,24,Active,2025-08-11
16438,2024-11-11,USA,KY,Enterprise,Education,2,65,Active,2024-11-11
16439,2026-07-18,USA,CA,SMB,Financial Services,4,23,Active,2026-07-18
16440,2024-04-12,USA,NY,SMB,Technology,3,41,Churned,2024-09-15
16441,2025-09-10,USA,CA,SMB,Manufacturing,1,89,Active,2025-09-10
16442,2025-10-09,USA,NY,SMB,Professional Services,2,37,Active,2025-10-09
16443,2025-04-07,USA,OH,SMB,Manufacturing,3,16,Active,2025-04-07
16444,2024-02-02,UK,TX,Mid-Market,Technology,4,56,Active,2024-02-02
16445,2024-02-03,USA,,Enterprise,Financial Services,2,15,Churned,2025-11-02
16446,2024-09-25,USA,CA,SMB,Professional Services,1,81,Active,2024-09-25
16447,2024-04-09,USA,TX,SMB,Retail,2,74,Active,2024-07-07
16448,2024-04-01,USA,FL,SMB,Technology,3,44,Active,2024-06-28
16449,2024-06-04,USA,WA,Enterprise,Professional Services,4,54,Active,2024-07-16
16450,2024-07-04,USA,MI,SMB,Manufacturing,5,4,Active,2024-07-04
16451,2026-03-27,USA,VA,SMB,Financial Services,7,65,Active,2026-03-27
16452,2025-09-14,USA,NY,Enterprise,Financial Services,3,79,Active,2025-09-14
16453,2024-01-30,Canada,TX,Mid-Market,Technology,5,91,Active,2024-03-16
16454,2025-09-04,Canada,GA,SMB,Retail,1,73,Active,2025-09-04
16455,2024-05-13,USA,VA,SMB,Retail,3,29,Active,2024-05-13
16456,2025-02-14,USA,KY,SMB,Financial Services,3,51,Active,2025-03-17
16457,2024-02-07,USA,TN,Enterprise,Manufacturing,4,33,Active,2025-10-12
16458,2024-03-28,USA,WA,SMB,Manufacturing,4,61,Churned,2024-03-28
16459,2024-05-09,USA,KY,SMB,Manufacturing,1,88,Churned,2025-10-01
16460,2025-02-26,USA,GA,Mid-Market,Technology,5,37,Active,2025-02-26
16461,2025-03-27,Canada,NC,SMB,Technology,5,80,Active,2025-03-27
16462,2024-12-09,Australia,VA,SMB,Retail,6,11,Active,2024-12-09
16463,2025-08-27,USA,TX,Enterprise,Professional Services,2,72,Churned,2025-08-27
16464,2025-12-02,USA,KY,SMB,Manufacturing,8,80,Active,2025-12-02
16465,2025-12-10,USA,OH,Enterprise,Professional Services,4,79,Active,2025-12-10
16466,2025-07-17,USA,FL,Mid-Market,Manufacturing,3,40,Active,2025-07-17
16467,2025-06-15,Canada,FL,SMB,Retail,2,75,Active,2025-06-15
16468,2025-04-23,USA,CA,Mid-Market,Education,4,99,Active,2025-04-23
16469,2024-08-19,UK,CO,Mid-Market,Financial Services,4,7,Active,2024-12-30
16470,2025-04-19,USA,,Mid-Market,Government,3,98,Active,2025-04-19
16471,2024-01-10,USA,CO,Mid-Market,Technology,8,37,Active,2024-01-10
16472,2026-07-30,USA,NC,SMB,Healthcare,1,32,Active,2026-07-30
16473,2024-12-26,USA,WA,SMB,Manufacturing,3,11,Active,2025-03-22
16474,2026-01-06,USA,KY,Mid-Market,Technology,2,20,Active,2026-01-06
16475,2026-07-20,Canada,PA,SMB,Healthcare,2,52,Active,2026-07-20
16476,2025-04-29,USA,VA,SMB,Financial Services,2,76,Active,
16477,2026-04-19,USA,VA,SMB,Professional Services,2,73,Active,2026-04-19
16478,2025-04-11,USA,GA,SMB,Retail,2,77,Active,2025-04-11
16479,2024-05-08,Australia,OH,Mid-Market,Healthcare,1,73,Active,2024-09-23
16480,2024-01-26,Australia,CO,Mid-Market,Healthcare,1,4,Active,2024-05-05
16481,2024-05-12,USA,TX,Mid-Market,Technology,4,46,Active,
16482,2026-07-07,USA,CA,SMB,Manufacturing,2,54,Active,2026-07-07
16483,2025-04-07,Canada,IL,SMB,Technology,1,5,Active,2025-04-07
16484,2024-11-06,Canada,CO,Mid-Market,Government,1,29,Active,2024-11-06
16485,2025-03-10,USA,CA,SMB,Healthcare,1,29,Active,2026-04-02
16486,2024-09-06,Australia,MI,Mid-Market,Financial Services,1,5,Active,
16487,2026-04-27,Canada,VA,Mid-Market,Financial Services,6,45,Active,
16488,2026-08-31,USA,OH,SMB,Manufacturing,3,44,Active,2026-08-31
16489,2024-03-23,USA,NC,SMB,Healthcare,2,55,Churned,2026-01-18
16490,2025-12-01,USA,WA,Mid-Market,Retail,3,14,Active,2025-12-01
16491,2024-11-22,USA,WA,SMB,Professional Services,1,98,Active,2025-02-06
16492,2024-02-16,Canada,WA,Enterprise,Financial Services,4,29,Active,2024-04-17
16493,2026-06-17,USA,GA,Mid-Market,Professional Services,7,62,Active,2026-06-17
16494,2024-03-01,UK,MI,SMB,Professional Services,1,57,Active,2025-04-22
16495,2024-07-19,USA,NY,Mid-Market,Manufacturing,1,1,Active,2025-03-22
16496,2024-01-25,UK,FL,SMB,Professional Services,3,25,Churned,2026-06-13
16497,2025-04-04,UK,FL,SMB,Technology,1,70,Active,2025-04-04
16498,2025-08-07,USA,IL,Enterprise,Retail,1,37,Active,2025-08-07
16499,2024-11-08,USA,NY,Mid-Market,Technology,3,34,Active,2025-09-17
16500,2024-03-10,Canada,GA,Mid-Market,Healthcare,3,71,Churned,2025-03-17
16501,2024-04-23,USA,CA,Mid-Market,Manufacturing,1,80,Active,2024-06-26
16502,2026-06-28,USA,CO,SMB,Professional Services,4,81,Active,2026-06-28
16503,2026-02-23,Canada,,SMB,Technology,1,44,Active,2026-02-23
16504,2026-07-01,USA,KY,SMB,Retail,2,46,Active,2026-07-01
16505,2025-06-01,USA,GA,SMB,Technology,4,68,Active,2025-06-01
16506,2025-06-15,UK,IL,SMB,Government,3,59,Active,2025-06-15
16507,2026-02-04,USA,MI,SMB,Healthcare,3,38,Active,2026-02-04
16508,2025-08-23,USA,MI,Mid-Market,Retail,3,34,Active,2025-08-23
16509,2025-03-01,USA,GA,SMB,Healthcare,3,97,Churned,2025-03-01
16510,2024-10-11,USA,WA,Mid-Market,Government,5,89,Churned,2024-10-11
16511,2025-04-17,USA,CO,Mid-Market,Manufacturing,3,31,Churned,2025-04-17
16512,2024-03-03,USA,MI,Enterprise,Healthcare,2,9,Active,2025-01-24
16513,2024-07-06,USA,,SMB,Technology,4,96,Active,2024-08-04
16514,2025-12-19,Canada,MI,Enterprise,Manufacturing,1,10,Active,2025-12-19
16515,2026-04-25,USA,TN,Mid-Market,Healthcare,4,24,Active,2026-04-25
16516,2024-04-09,USA,IL,SMB,Professional Services,1,4,Active,2024-11-12
16517,2024-04-04,USA,CO,SMB,Technology,2,78,Churned,2024-05-27
16518,2024-03-24,USA,NC,SMB,Healthcare,4,,Active,2024-04-18
16519,2026-02-09,USA,CO,Mid-Market,Government,3,32,Active,2026-02-09
16520,2024-10-30,USA,TN,Mid-Market,Healthcare,1,63,Active,2025-07-05
16521,2024-11-14,Canada,NC,SMB,Healthcare,2,6,Active,2025-07-12
16522,2024-01-13,Canada,WA,Mid-Market,Manufacturing,4,100,Churned,2024-09-15
16523,2026-08-05,USA,NC,SMB,Healthcare,8,79,Active,2026-08-05
16524,2025-02-26,Canada,FL,SMB,Technology,2,61,Active,2025-02-26
16525,2026-02-15,USA,TX,Enterprise,Retail,1,57,Churned,2026-02-15
16526,2025-11-20,USA,PA,Enterprise,Financial Services,2,26,Active,2025-11-20
16527,2024-05-18,UK,WA,Mid-Market,Government,2,59,Active,2024-05-18
16528,2026-02-19,USA,CA,SMB,Retail,1,82,Active,2026-02-19
16529,2025-06-19,USA,NY,SMB,Retail,5,51,Churned,2025-06-19
16530,2025-08-11,USA,FL,SMB,Retail,3,36,Active,2025-08-11
16531,2024-07-14,UK,VA,SMB,Professional Services,2,30,Active,2025-09-04
16532,2026-04-04,USA,FL,SMB,Financial Services,2,60,Active,2026-04-04
16533,2026-06-26,USA,IL,Enterprise,Healthcare,1,90,Churned,
16534,2025-01-30,USA,WA,Mid-Market,Professional Services,3,45,Active,2025-08-09
16535,2024-03-31,USA,TX,SMB,Financial Services,2,67,Active,2024-05-27
16536,2026-04-06,USA,KY,SMB,Professional Services,2,52,Churned,2026-04-06
16537,2026-05-14,USA,NC,SMB,Technology,3,49,Active,2026-05-14
16538,2025-05-08,USA,NY,SMB,Professional Services,2,11,Active,2025-05-08
16539,2025-07-18,USA,FL,Mid-Market,Healthcare,3,34,Active,2025-07-18
16540,2024-08-05,USA,OH,SMB,Government,5,94,Churned,2025-02-28
16541,2024-03-06,USA,GA,Mid-Market,Retail,2,89,Active,2024-11-01
16542,2026-07-08,USA,NY,SMB,Healthcare,2,31,Active,2026-07-08
16543,2025-04-15,USA,IL,SMB,Education,5,59,Active,2025-04-15
16544,2024-09-24,USA,NC,Enterprise,Financial Services,2,61,Active,2024-09-24
16545,2025-11-06,Australia,PA,SMB,Retail,2,89,Active,2025-11-06
16546,2024-01-26,USA,OH,SMB,Technology,4,1,Churned,2024-04-18
16547,2024-03-18,USA,WA,Mid-Market,Healthcare,3,31,Active,
16548,2024-08-24,Canada,IL,SMB,Financial Services,6,46,Active,2026-01-03
16549,2025-03-14,USA,VA,SMB,Manufacturing,2,52,Active,
16550,2024-12-23,Canada,MI,SMB,Manufacturing,2,77,Active,2024-12-23
16551,2024-07-01,USA,WA,SMB,Manufacturing,1,35,Active,2024-07-01
16552,2024-12-08,USA,MI,SMB,Education,1,62,Active,2026-02-01
16553,2024-11-21,Australia,NY,SMB,Retail,3,85,Churned,2024-11-21
16554,2025-05-26,USA,IL,Mid-Market,Retail,1,32,Churned,2025-05-26
16555,2025-07-02,Canada,FL,Enterprise,Financial Services,2,51,Active,2025-07-02
16556,2026-05-10,USA,OH,SMB,Retail,1,66,Churned,2026-05-10
16557,2026-02-24,USA,WA,SMB,Healthcare,1,81,Active,2026-02-24
16558,2024-10-11,USA,VA,SMB,Technology,2,80,Active,
16559,2026-05-29,USA,PA,SMB,Financial Services,3,41,Active,2026-05-29
16560,2025-05-22,Canada,IL,SMB,Technology,2,16,Churned,
16561,2024-07-01,USA,CA,Mid-Market,Healthcare,4,12,Active,2025-03-26
16562,2024-11-27,USA,PA,SMB,Healthcare,1,7,Active,2024-11-27
16563,2025-12-23,USA,TX,SMB,Retail,1,49,Active,2025-12-23
16564,2026-03-11,USA,IL,Mid-Market,Manufacturing,6,47,Active,2026-03-11
16565,2024-12-30,USA,MI,Mid-Market,Technology,6,25,Active,2024-12-30
16566,2024-06-02,USA,VA,SMB,Technology,2,44,Active,2024-06-02
16567,2024-07-05,USA,NY,SMB,Government,2,70,Active,2025-06-10
16568,2024-04-10,USA,IL,Enterprise,Retail,5,5,Active,2024-04-10
16569,2025-11-11,UK,GA,SMB,Healthcare,3,26,Active,2025-11-11
16570,2025-05-04,USA,MI,Mid-Market,Professional Services,1,68,Churned,2025-05-04
16571,2025-03-15,USA,NY,Mid-Market,Education,1,25,Active,2025-03-15
16572,2025-10-16,USA,NC,SMB,Healthcare,1,59,Active,2025-10-16
16573,2026-03-18,USA,KY,SMB,Healthcare,4,78,Active,2026-04-12
16574,2026-02-13,USA,OH,SMB,Manufacturing,3,32,Churned,2026-02-13
16575,2024-05-13,USA,CA,SMB,Retail,1,11,Churned,2024-05-13
16576,2025-07-28,USA,MI,SMB,Technology,1,28,Active,2025-07-28
16577,2026-05-09,USA,TN,Mid-Market,Financial Services,1,65,Active,2026-05-09
16578,2026-01-23,USA,VA,Mid-Market,Government,4,29,Active,2026-01-23
16579,2024-11-16,UK,WA,Enterprise,Manufacturing,5,92,Active,2025-07-16
16580,2025-01-17,Canada,IL,Enterprise,Education,3,12,Active,2025-01-17
16581,2026-05-17,USA,TX,Mid-Market,Healthcare,4,46,Active,2026-05-17
16582,2024-02-02,USA,TX,SMB,Technology,1,93,Active,2024-10-01
16583,2025-05-26,USA,CA,SMB,Professional Services,3,74,Active,2025-05-26
16584,2024-04-23,USA,OH,Mid-Market,Healthcare,2,7,Active,2024-07-10
16585,2026-05-21,USA,NC,Mid-Market,Manufacturing,1,29,Active,
16586,2024-02-07,Canada,PA,SMB,Financial Services,2,5,Active,2024-05-06
16587,2024-01-23,USA,NY,Mid-Market,Manufacturing,4,96,Churned,2024-06-15
16588,2024-11-16,USA,TN,SMB,Professional Services,1,79,Active,2024-11-16
16589,2024-07-13,USA,MI,SMB,Technology,2,25,Active,2026-01-30
16590,2025-04-27,USA,FL,Mid-Market,Education,5,46,Active,2025-04-27
16591,2024-10-18,USA,NY,SMB,Financial Services,4,45,Churned,
16592,2024-12-13,USA,NY,SMB,Professional Services,2,82,Churned,2024-12-13
16593,2025-07-04,USA,VA,Mid-Market,Technology,1,11,Active,2025-07-04
16594,2025-06-30,USA,TN,Mid-Market,Healthcare,4,51,Active,2025-06-30
16595,2026-06-29,UK,KY,SMB,Professional Services,1,73,Churned,
16596,2025-04-13,Canada,NC,Mid-Market,Healthcare,1,90,Active,2025-04-13
16597,2025-07-03,USA,CA,SMB,Healthcare,1,35,Active,2025-07-03
16598,2025-10-22,USA,GA,Mid-Market,Professional Services,2,35,Active,2025-10-22
16599,2024-06-18,USA,CO,SMB,Healthcare,3,65,Active,2025-10-20
16600,2025-10-11,USA,KY,Enterprise,Healthcare,4,59,Active,2025-10-11
16601,2026-04-19,USA,KY,Mid-Market,Healthcare,2,91,Active,2026-04-19
16602,2024-11-05,USA,WA,SMB,Professional Services,7,22,Active,2024-11-05
16603,2024-06-22,Canada,KY,SMB,Healthcare,3,39,Active,
16604,2024-12-03,USA,NC,SMB,Retail,3,45,Active,2025-05-29
16605,2024-09-24,USA,NY,Mid-Market,Financial Services,1,52,Active,2025-05-11
16606,2025-07-23,UK,WA,Mid-Market,Retail,1,14,Active,2025-07-23
16607,2026-04-21,USA,WA,Mid-Market,Retail,3,16,Active,2026-04-21
16608,2025-08-03,USA,NY,Enterprise,Professional Services,4,50,Active,2025-08-03
16609,2024-05-02,Australia,TN,SMB,Education,1,9,Active,2024-05-02
16610,2024-11-02,USA,MI,Mid-Market,Professional Services,2,46,Active,2024-11-24
16611,2025-11-02,USA,VA,SMB,Education,2,17,Active,2025-11-02
16612,2024-11-17,USA,TN,Mid-Market,Retail,2,3,Churned,2024-11-17
16613,2025-07-25,USA,OH,SMB,Financial Services,1,42,Active,2025-07-25
16614,2025-11-06,USA,TX,Mid-Market,Manufacturing,1,10,Active,2025-11-06
16615,2024-11-16,USA,MI,SMB,Retail,2,65,Active,2025-04-06
16616,2025-09-22,USA,TX,SMB,Technology,5,57,Churned,2026-01-28
16617,2025-01-22,UK,CO,SMB,Healthcare,4,15,Active,2025-01-22
16618,2024-05-11,USA,GA,Enterprise,Technology,1,72,Active,2024-07-11
16619,2024-12-28,Canada,NY,SMB,Retail,1,30,Active,2024-12-28
16620,2025-03-05,USA,WA,SMB,Manufacturing,2,67,Active,2025-03-05
16621,2024-01-03,USA,VA,SMB,Government,1,95,Active,2025-09-15
16622,2026-05-19,UK,NY,SMB,Financial Services,4,73,Active,2026-05-19
16623,2025-05-29,USA,CA,Enterprise,Healthcare,2,31,Active,2025-07-02
16624,2024-02-05,USA,NC,Enterprise,Financial Services,5,48,Active,2025-01-11
16625,2026-04-25,USA,KY,Mid-Market,Retail,1,31,Active,2026-04-25
16626,2026-04-12,USA,NY,Mid-Market,Manufacturing,7,35,Active,2026-04-12
16627,2024-01-12,USA,TN,SMB,Government,4,89,Active,2026-02-22
16628,2024-06-07,USA,KY,SMB,Professional Services,4,69,Active,2025-11-07
16629,2024-12-20,USA,IL,Mid-Market,Technology,6,55,Active,2025-11-16
16630,2025-05-09,USA,CO,Mid-Market,Education,2,28,Active,2025-05-09
16631,2025-12-07,USA,FL,SMB,Retail,1,53,Active,2026-01-27
16632,2025-02-17,USA,IL,Mid-Market,Professional Services,2,63,Active,2025-02-17
16633,2025-08-18,USA,FL,SMB,Manufacturing,4,71,Churned,2025-08-18
16634,2024-01-10,USA,GA,SMB,Financial Services,5,10,Active,2024-04-25
16635,2025-10-03,USA,WA,SMB,Government,2,87,Churned,2025-11-25
16636,2026-06-10,Australia,FL,Mid-Market,Manufacturing,4,54,Active,2026-06-10
16637,2025-05-27,Canada,GA,Mid-Market,Healthcare,1,,Active,2025-05-27
16638,2025-03-19,UK,TN,SMB,Education,1,72,Active,2025-03-19
16639,2024-10-16,Canada,KY,Mid-Market,Financial Services,3,55,Active,2025-03-28
16640,2026-07-18,USA,IL,Mid-Market,Financial Services,2,32,Active,2026-07-18
16641,2024-02-02,USA,TX,SMB,Financial Services,1,,Active,2024-07-31
16642,2024-10-06,Canada,NY,Mid-Market,Technology,4,92,Active,2025-08-25
16643,2024-05-15,USA,OH,SMB,Retail,3,91,Active,2024-05-15
16644,2026-04-23,USA,CO,SMB,Healthcare,3,8,Churned,2026-04-23
16645,2025-04-15,USA,WA,SMB,Retail,1,92,Active,2025-05-31
16646,2026-06-17,USA,WA,SMB,Financial Services,1,27,Active,2026-06-17
16647,2025-10-09,USA,VA,SMB,Manufacturing,3,35,Active,2025-10-09
16648,2025-06-26,Australia,GA,SMB,Manufacturing,5,68,Active,2025-06-26
16649,2025-05-19,USA,GA,SMB,Healthcare,1,48,Active,2025-05-19
16650,2024-07-16,USA,GA,Mid-Market,Financial Services,4,83,Active,2024-07-16
16651,2025-07-01,USA,NY,Mid-Market,Retail,4,67,Churned,2025-07-01
16652,2025-10-29,USA,CO,SMB,Manufacturing,4,12,Active,2025-10-29
16653,2026-07-29,USA,PA,SMB,Professional Services,3,15,Active,2026-07-29
16654,2025-06-18,USA,NY,SMB,Financial Services,2,10,Active,2025-06-18
16655,2026-07-03,USA,PA,Mid-Market,Healthcare,4,33,Churned,2026-07-03
16656,2026-07-08,UK,NY,Enterprise,Healthcare,2,47,Churned,2026-07-08
16657,2025-05-23,USA,VA,SMB,Technology,1,89,Active,2025-05-23
16658,2025-03-03,USA,NC,Mid-Market,Retail,2,35,Active,2025-03-03
16659,2024-05-18,USA,VA,Mid-Market,Technology,2,10,Active,2024-05-18
16660,2024-09-18,USA,FL,Enterprise,Technology,3,55,Churned,2024-09-18
16661,2026-05-06,USA,PA,SMB,Healthcare,5,42,Active,2026-05-06
16662,2024-05-14,USA,,SMB,Retail,2,85,Active,2024-06-30
16663,2025-01-21,USA,TX,Mid-Market,Government,1,,Active,2025-01-21
16664,2025-11-11,Canada,WA,SMB,Financial Services,7,29,Active,2025-11-11
16665,2024-08-22,USA,NY,SMB,Manufacturing,1,70,Active,2024-08-22
16666,2026-08-06,USA,VA,SMB,Manufacturing,1,2,Active,2026-08-06
16667,2025-09-24,USA,NY,SMB,Financial Services,4,57,Churned,2025-09-24
16668,2024-01-28,USA,TX,Mid-Market,Education,7,68,Active,2024-05-28
16669,2024-08-28,Australia,GA,Mid-Market,Healthcare,3,4,Active,2024-08-28
16670,2025-12-22,USA,KY,SMB,Financial Services,2,57,Active,2025-12-22
16671,2026-04-20,USA,WA,Enterprise,Technology,3,94,Active,2026-04-20
16672,2026-06-21,Australia,WA,SMB,Professional Services,4,52,Active,2026-06-21
16673,2026-04-09,USA,OH,Enterprise,Healthcare,5,18,Active,2026-04-09
16674,2024-03-13,USA,NC,SMB,Technology,1,79,Active,2025-08-07
16675,2025-12-11,USA,KY,Mid-Market,Healthcare,5,6,Active,2025-12-11
16676,2024-04-17,USA,NC,Enterprise,Technology,3,85,Active,2026-02-08
16677,2024-03-15,Australia,VA,Mid-Market,Retail,1,96,Active,2024-10-24
16678,2025-11-04,Australia,TN,Mid-Market,Manufacturing,1,15,Active,2025-11-04
16679,2025-04-10,Australia,WA,SMB,Government,1,28,Active,2025-04-10
16680,2025-09-23,Canada,CO,Mid-Market,Technology,6,84,Churned,2025-09-23
16681,2026-04-09,USA,WA,Mid-Market,Financial Services,2,75,Active,2026-04-09
16682,2024-03-08,USA,NY,SMB,Government,4,55,Active,2024-09-01
16683,2025-05-28,USA,IL,Enterprise,Financial Services,1,68,Active,2025-05-28
16684,2026-03-23,Canada,WA,SMB,Technology,4,88,Active,2026-03-23
16685,2025-03-04,USA,OH,SMB,Technology,2,72,Churned,2025-03-04
16686,2025-05-24,USA,OH,Enterprise,Professional Services,6,57,Active,2025-05-24
16687,2025-04-29,USA,MI,SMB,Retail,3,39,Active,2025-04-29
16688,2026-06-02,USA,TX,SMB,Technology,4,90,Active,2026-06-02
16689,2024-02-18,Canada,OH,SMB,Technology,3,58,Active,2024-10-14
16690,2026-05-05,Australia,KY,Mid-Market,Manufacturing,3,84,Active,2026-05-05
16691,2026-03-06,USA,IL,Enterprise,Professional Services,6,86,Active,2026-03-06
16692,2026-03-02,USA,CA,SMB,Financial Services,2,33,Active,2026-03-02
16693,2025-02-05,UK,TX,Mid-Market,Financial Services,5,75,Active,2025-02-05
16694,2025-05-17,USA,WA,Mid-Market,Technology,1,65,Active,2025-05-17
16695,2024-12-25,USA,WA,Mid-Market,Financial Services,3,23,Active,2024-12-25
16696,2024-09-02,UK,FL,Mid-Market,Professional Services,6,57,Active,2025-05-07
16697,2026-05-02,USA,KY,Enterprise,Retail,5,96,Active,2026-05-02
16698,2025-05-07,USA,MI,SMB,Manufacturing,2,54,Churned,2025-05-07
16699,2025-12-05,USA,PA,SMB,Technology,2,69,Active,2025-12-05
16700,2024-04-08,USA,PA,Mid-Market,Professional Services,4,11,Active,2024-04-08
16701,2026-02-07,USA,KY,SMB,Technology,2,39,Active,
16702,2025-10-03,USA,TX,SMB,Healthcare,6,3,Churned,2025-10-03
16703,2026-08-29,USA,GA,SMB,Retail,1,37,Active,2026-08-29
16704,2024-05-10,USA,NC,SMB,Education,1,35,Active,2026-02-24
16705,2025-06-09,UK,TN,Enterprise,Professional Services,4,19,Active,2025-06-09
16706,2025-05-12,USA,MI,SMB,Technology,2,50,Churned,2025-05-12
16707,2025-06-08,USA,TX,Mid-Market,Technology,2,51,Active,2025-06-08
16708,2024-02-22,USA,VA,Mid-Market,Retail,2,56,Active,2025-10-22
16709,2025-04-05,USA,OH,SMB,Manufacturing,8,40,Active,2025-04-23
16710,2024-10-18,USA,KY,SMB,Manufacturing,3,52,Active,2024-10-18
16711,2025-08-24,USA,TX,SMB,Healthcare,8,58,Churned,2025-08-24
16712,2024-08-14,USA,MI,SMB,Healthcare,2,15,Churned,2025-05-10
16713,2025-02-27,USA,WA,SMB,Technology,2,49,Active,2025-02-27
16714,2025-08-26,Canada,NC,Mid-Market,Manufacturing,1,82,Active,2025-08-26
16715,2024-03-03,USA,GA,SMB,Financial Services,2,71,Active,2024-10-15
16716,2026-02-05,USA,WA,SMB,Professional Services,1,72,Active,2026-02-05
16717,2025-11-28,USA,TX,SMB,Financial Services,1,30,Active,2025-11-28
16718,2024-02-25,USA,VA,SMB,Technology,2,87,Active,2024-10-14
16719,2024-03-04,USA,KY,SMB,Education,4,49,Active,
16720,2026-04-08,USA,FL,Enterprise,Professional Services,2,89,Churned,2026-04-08
16721,2024-10-02,USA,TN,SMB,Professional Services,3,16,Active,2024-11-13
16722,2026-04-18,USA,FL,SMB,Education,2,,Active,2026-04-18
16723,2025-05-01,USA,IL,Mid-Market,Manufacturing,3,30,Active,2025-05-01
16724,2024-11-29,UK,CO,Mid-Market,Technology,4,67,Active,2024-12-02
16725,2024-09-23,USA,WA,Mid-Market,Professional Services,4,2,Active,2024-09-23
16726,2025-10-03,USA,WA,SMB,Manufacturing,4,45,Active,2025-10-03
16727,2024-04-16,Canada,WA,Mid-Market,Technology,1,78,Active,2024-06-04
16728,2025-01-27,USA,FL,SMB,Healthcare,2,64,Churned,
16729,2024-12-02,USA,KY,Mid-Market,Technology,4,,Active,2024-12-02
16730,2024-05-30,USA,OH,SMB,Healthcare,6,25,Active,2024-05-30
16731,2024-12-09,Canada,OH,Mid-Market,Technology,3,24,Active,2024-12-09
16732,2025-05-29,USA,TN,Mid-Market,Retail,2,93,Active,2025-05-30
16733,2025-10-21,USA,IL,Mid-Market,Financial Services,4,31,Active,2025-10-21
16734,2024-03-25,USA,TX,SMB,Retail,8,64,Active,2024-03-25
16735,2026-04-29,USA,NY,Mid-Market,Technology,2,2,Active,2026-04-29
16736,2026-05-05,USA,CA,Mid-Market,Professional Services,1,60,Active,2026-05-05
16737,2025-11-04,USA,NC,SMB,Healthcare,4,65,Active,2025-11-04
16738,2026-06-19,USA,FL,SMB,Financial Services,4,59,Active,2026-06-19
16739,2025-02-20,USA,NC,SMB,Technology,1,84,Active,2025-05-20
16740,2026-03-11,USA,OH,SMB,Technology,2,69,Active,2026-03-11
16741,2025-12-09,USA,CO,Mid-Market,Retail,3,22,Churned,2025-12-09
16742,2025-07-01,Canada,NY,SMB,Technology,4,69,Active,2025-07-01
16743,2024-06-23,USA,IL,Mid-Market,Professional Services,4,24,Active,2024-06-23
16744,2025-06-27,USA,WA,Mid-Market,Financial Services,1,5,Active,2025-06-27
16745,2026-05-27,USA,GA,Mid-Market,Manufacturing,1,93,Active,2026-05-27
16746,2026-08-17,USA,KY,Mid-Market,Healthcare,4,43,Active,2026-08-17
16747,2025-03-12,USA,NC,Mid-Market,Government,1,44,Active,2025-03-12
16748,2024-08-29,Canada,IL,SMB,Professional Services,2,98,Active,2025-06-17
16749,2025-12-29,USA,NY,SMB,Manufacturing,3,61,Active,2025-12-29
16750,2024-03-14,USA,TN,Mid-Market,Government,2,76,Churned,2025-08-28
16751,2024-05-27,USA,IL,Enterprise,Financial Services,4,88,Active,2025-02-15
16752,2025-07-01,UK,VA,SMB,Education,1,20,Churned,2025-07-01
16753,2026-08-22,USA,TN,Enterprise,Education,4,16,Active,2026-08-22
16754,2024-11-16,USA,WA,Enterprise,Professional Services,3,43,Active,2024-11-16
16755,2025-03-07,USA,CO,SMB,Technology,3,8,Active,2025-03-07
16756,2024-11-09,USA,TX,Mid-Market,Financial Services,5,47,Active,2025-02-24
16757,2025-03-05,USA,VA,Mid-Market,Healthcare,1,55,Active,2025-03-05
16758,2024-01-07,USA,MI,SMB,Financial Services,4,98,Active,2024-10-28
16759,2025-08-02,USA,FL,SMB,Professional Services,1,17,Churned,
16760,2025-08-03,UK,GA,SMB,Retail,8,96,Active,2025-08-03
16761,2024-11-03,USA,FL,Mid-Market,Manufacturing,1,25,Active,2024-11-03
16762,2024-09-14,USA,CA,SMB,Healthcare,3,8,Active,2024-09-14
16763,2026-01-11,USA,MI,Mid-Market,Manufacturing,1,85,Active,2026-01-11
16764,2024-07-01,UK,TN,Mid-Market,Retail,2,27,Active,2025-01-30
16765,2024-02-15,USA,WA,Mid-Market,Manufacturing,1,30,Active,2025-01-04
16766,2024-02-09,USA,CA,SMB,Retail,1,8,Active,2024-04-07
16767,2026-05-08,USA,CA,SMB,Healthcare,1,54,Active,2026-05-08
16768,2024-12-20,USA,TX,SMB,Healthcare,1,20,Churned,2024-12-20
16769,2024-04-09,USA,TN,SMB,Government,4,61,Churned,2024-04-09
16770,2026-05-06,Australia,IL,SMB,Technology,2,45,Active,2026-05-06
16771,2024-05-24,USA,PA,SMB,Technology,1,28,Active,2024-05-24
16772,2024-11-23,USA,TX,SMB,Professional Services,6,61,Active,2024-11-23
16773,2024-01-21,USA,GA,Mid-Market,Manufacturing,3,16,Active,2024-07-22
16774,2025-10-23,USA,MI,SMB,Technology,1,82,Active,2025-10-23
16775,2025-11-12,USA,IL,SMB,Manufacturing,2,70,Active,2025-11-12
16776,2026-01-06,USA,TX,Enterprise,Financial Services,2,9,Active,2026-01-06
16777,2024-09-13,USA,IL,SMB,Retail,3,100,Active,2024-09-13
16778,2024-11-15,Canada,KY,Enterprise,Professional Services,5,29,Active,2024-11-15
16779,2026-07-02,USA,VA,Mid-Market,Manufacturing,3,97,Churned,2026-07-02
16780,2026-03-11,USA,NY,SMB,Financial Services,7,61,Active,2026-03-11
16781,2024-02-06,UK,OH,Enterprise,Professional Services,4,93,Active,2025-10-30
16782,2025-11-04,USA,VA,Enterprise,Healthcare,8,46,Active,2025-11-04
16783,2026-03-02,USA,OH,Mid-Market,Technology,3,78,Active,2026-03-02
16784,2025-06-28,USA,CO,SMB,Technology,3,31,Active,2025-06-28
16785,2025-09-15,USA,GA,SMB,Retail,4,70,Active,2025-09-15
16786,2024-01-01,Australia,MI,SMB,Financial Services,4,18,Active,2025-11-05
16787,2024-01-30,USA,TX,Mid-Market,Manufacturing,1,15,Active,2024-04-09
16788,2024-02-04,Canada,NY,SMB,Education,1,71,Active,2024-08-23
16789,2024-06-03,USA,MI,SMB,Professional Services,1,4,Churned,2024-08-07
16790,2026-08-23,Canada,WA,SMB,Professional Services,1,24,Active,2026-08-23
16791,2025-09-09,USA,NY,SMB,Healthcare,5,49,Active,2025-09-09
16792,2026-01-31,USA,TX,SMB,Financial Services,4,69,Active,2026-06-01
16793,2024-10-14,USA,PA,SMB,Technology,1,58,Active,2024-10-14
16794,2026-07-02,UK,WA,Enterprise,Technology,2,92,Active,2026-07-02
16795,2024-07-12,USA,TX,SMB,Healthcare,1,73,Active,2025-12-02
16796,2026-05-28,USA,CA,SMB,Healthcare,4,22,Active,2026-05-28
16797,2024-01-30,USA,MI,SMB,Healthcare,6,71,Active,2024-07-18
16798,2024-01-20,USA,KY,SMB,Retail,1,73,Active,2025-01-06
16799,2024-03-17,USA,NC,Mid-Market,Technology,2,86,Churned,2024-04-20
16800,2026-02-10,USA,CA,SMB,Government,7,81,Active,2026-02-10
16801,2024-09-07,USA,NY,Enterprise,Healthcare,3,63,Active,2024-09-07
16802,2025-03-15,USA,NC,Enterprise,Manufacturing,5,64,Active,2025-03-15
16803,2025-04-04,USA,NY,Mid-Market,Retail,2,46,Active,2025-04-04
16804,2026-02-08,USA,NY,Mid-Market,Retail,1,33,Active,2026-02-08
16805,2024-12-05,USA,CA,SMB,Healthcare,3,96,Active,2024-12-05
16806,2024-01-07,USA,TN,Mid-Market,Retail,1,24,Active,2024-04-21
16807,2025-01-11,Canada,PA,SMB,Financial Services,4,85,Active,2026-06-15
16808,2024-10-07,USA,,Mid-Market,Technology,4,79,Active,2024-10-07
16809,2025-12-12,USA,GA,SMB,Technology,2,62,Active,2025-12-12
16810,2026-01-01,USA,NY,SMB,Technology,2,33,Active,2026-01-01
16811,2024-03-30,USA,MI,SMB,Manufacturing,4,72,Active,2025-01-31
16812,2026-02-11,Canada,VA,Mid-Market,Retail,6,81,Active,2026-02-11
16813,2024-03-09,USA,NC,Mid-Market,Financial Services,2,60,Active,2024-08-06
16814,2025-08-26,USA,WA,SMB,Healthcare,4,85,Active,2025-08-26
16815,2025-01-14,USA,IL,SMB,Healthcare,1,52,Active,2025-01-14
16816,2024-10-20,USA,WA,SMB,Financial Services,5,88,Active,2024-10-20
16817,2025-04-15,USA,CO,Mid-Market,Government,3,41,Active,2025-04-15
16818,2024-10-29,USA,NY,SMB,Government,1,82,Active,2024-10-29
16819,2026-02-12,USA,GA,SMB,Education,4,7,Active,2026-02-12
16820,2026-07-30,Canada,NC,Mid-Market,Technology,4,91,Active,2026-07-30
16821,2026-03-05,Australia,WA,Mid-Market,Technology,4,67,Active,2026-03-05
16822,2025-03-03,USA,IL,Mid-Market,Technology,2,93,Active,2025-03-03
16823,2025-05-05,USA,KY,Mid-Market,Technology,4,,Active,2025-05-05
16824,2025-03-11,Canada,MI,Enterprise,Financial Services,4,50,Active,2025-03-11
16825,2026-02-11,USA,MI,SMB,Government,2,66,Active,2026-02-11
16826,2025-06-21,Australia,PA,SMB,Education,1,30,Active,2025-06-21
16827,2025-03-31,USA,OH,Enterprise,Financial Services,5,98,Active,2025-04-09
16828,2025-02-02,USA,IL,SMB,Manufacturing,3,19,Active,2025-02-02
16829,2024-12-31,USA,MI,Mid-Market,Education,2,19,Active,2024-12-31
16830,2025-06-22,USA,FL,SMB,Professional Services,5,40,Churned,2025-06-22
16831,2025-11-02,USA,,SMB,Retail,1,44,Active,2025-11-02
16832,2025-02-25,USA,CO,SMB,Manufacturing,4,26,Churned,2025-12-20
16833,2026-02-24,USA,PA,Mid-Market,Retail,2,97,Active,2026-02-24
16834,2026-03-16,USA,VA,Mid-Market,Retail,1,85,Active,2026-03-16
16835,2025-02-21,USA,FL,SMB,Financial Services,7,21,Active,2025-02-21
16836,2026-06-04,UK,OH,SMB,Healthcare,4,85,Churned,2026-06-04
16837,2024-06-17,USA,TX,SMB,Retail,1,32,Active,
16838,2026-06-26,USA,NC,SMB,Manufacturing,6,45,Active,2026-06-26
16839,2024-10-13,USA,PA,SMB,Education,6,99,Active,2025-01-24
16840,2025-07-03,USA,TX,Enterprise,Manufacturing,4,81,Active,2025-07-03
16841,2024-10-03,Australia,CA,SMB,Retail,1,36,Active,2025-05-02
16842,2025-03-06,USA,KY,SMB,Manufacturing,1,65,Churned,2025-03-06
16843,2024-11-27,Australia,CA,SMB,Education,4,81,Active,2025-08-13
16844,2025-11-17,USA,VA,SMB,Manufacturing,6,58,Churned,2025-11-17
16845,2024-03-20,USA,TN,SMB,Manufacturing,1,25,Active,2024-03-20
16846,2026-03-27,USA,VA,Mid-Market,Financial Services,2,82,Active,2026-03-27
16847,2026-05-30,Australia,TN,Mid-Market,Healthcare,1,36,Active,2026-05-30
16848,2025-07-02,Canada,WA,Mid-Market,Professional Services,2,81,Active,2025-12-16
16849,2025-06-17,USA,PA,SMB,Financial Services,3,54,Active,2025-06-17
16850,2025-11-12,USA,WA,Mid-Market,Retail,1,80,Active,2026-01-29
16851,2024-07-12,USA,CA,Enterprise,Healthcare,3,83,Active,2025-01-08
16852,2025-12-31,USA,FL,Enterprise,Manufacturing,3,55,Active,2025-12-31
16853,2024-07-31,USA,NY,Enterprise,Education,2,33,Active,2024-07-31
16854,2025-10-20,Australia,OH,SMB,Technology,5,33,Active,2025-10-20
16855,2024-10-24,Canada,IL,Enterprise,Professional Services,1,4,Active,2025-01-12
16856,2025-12-27,USA,OH,Mid-Market,Retail,1,41,Active,2025-12-27
16857,2026-02-09,USA,MI,Mid-Market,Retail,2,21,Active,2026-02-09
16858,2024-07-22,USA,WA,Mid-Market,Government,3,69,Active,2026-05-05
16859,2025-08-24,UK,KY,Enterprise,Manufacturing,1,67,Active,2025-08-24
16860,2025-04-30,Canada,CA,SMB,Professional Services,7,92,Active,2026-06-27
16861,2024-10-13,Canada,TN,Mid-Market,Technology,1,17,Active,2025-01-25
16862,2025-07-26,USA,CA,Mid-Market,Financial Services,1,73,Active,2026-01-18
16863,2026-08-24,USA,KY,Mid-Market,Government,4,24,Active,2026-08-24
16864,2024-01-03,USA,VA,Mid-Market,Retail,6,80,Active,2024-05-14
16865,2026-07-20,Canada,PA,SMB,Technology,3,81,Active,2026-07-20
16866,2026-04-13,USA,TN,SMB,Financial Services,1,30,Active,2026-04-13
16867,2025-05-30,USA,OH,SMB,Technology,2,98,Active,2026-04-05
16868,2025-08-17,USA,VA,Mid-Market,Manufacturing,1,44,Active,2025-08-17
16869,2024-12-25,USA,FL,Mid-Market,Financial Services,3,64,Active,2024-12-25
16870,2024-05-05,USA,CO,Mid-Market,Government,3,75,Churned,2024-05-05
16871,2025-07-10,Canada,PA,Mid-Market,Healthcare,2,61,Active,2025-07-10
16872,2026-03-06,USA,IL,Mid-Market,Manufacturing,3,88,Active,2026-03-06
16873,2024-08-13,USA,WA,SMB,Healthcare,4,7,Active,2025-03-16
16874,2025-11-29,USA,FL,Mid-Market,Technology,1,52,Active,2025-11-29
16875,2025-12-29,USA,VA,Enterprise,Manufacturing,1,80,Churned,2025-12-29
16876,2026-01-08,USA,GA,Mid-Market,Technology,4,2,Active,2026-01-08
16877,2024-11-27,USA,GA,Enterprise,Technology,1,48,Churned,2024-11-27
16878,2025-01-16,USA,KY,Enterprise,Education,1,89,Active,2025-08-17
16879,2025-02-09,Australia,TX,SMB,Government,1,33,Active,2025-02-09
16880,2026-04-11,USA,KY,Mid-Market,Professional Services,3,10,Active,2026-04-11
16881,2026-05-27,Australia,IL,SMB,Retail,3,39,Active,2026-05-27
16882,2025-02-07,USA,CA,SMB,Education,3,53,Active,2025-02-07
16883,2026-08-02,Canada,IL,SMB,Healthcare,2,9,Active,2026-08-02
16884,2025-07-09,Canada,OH,SMB,Healthcare,3,48,Active,2025-07-09
16885,2025-01-10,USA,CA,SMB,Manufacturing,1,66,Churned,2025-01-10
16886,2024-01-01,USA,NC,Mid-Market,Manufacturing,4,97,Active,2024-01-24
16887,2025-08-18,USA,WA,SMB,Manufacturing,8,67,Active,2025-08-18
16888,2025-09-20,USA,CA,SMB,Manufacturing,3,13,Active,
16889,2026-08-01,USA,NC,SMB,Technology,2,94,Active,2026-08-01
16890,2025-11-30,USA,NY,SMB,Government,4,67,Active,2025-11-30
16891,2024-01-29,UK,TN,Enterprise,Financial Services,1,85,Active,2024-10-06
16892,2025-07-06,UK,TX,SMB,Retail,2,32,Active,2025-07-06
16893,2025-12-24,USA,TX,SMB,Healthcare,6,4,Churned,2025-12-24
16894,2025-04-28,USA,FL,Enterprise,Financial Services,1,44,Active,2025-04-28
16895,2025-02-22,Canada,OH,Mid-Market,Government,1,36,Active,2025-02-22
16896,2026-02-27,Australia,IL,Mid-Market,Healthcare,3,42,Active,2026-02-27
16897,2025-08-18,USA,NY,Mid-Market,Financial Services,3,95,Active,2025-08-18
16898,2025-10-25,USA,GA,SMB,Manufacturing,3,35,Active,2025-10-25
16899,2025-03-28,UK,CA,Mid-Market,Retail,1,27,Active,2025-03-28
16900,2024-09-27,USA,NY,SMB,Manufacturing,4,89,Active,2024-09-27
16901,2025-05-20,USA,KY,SMB,Government,1,90,Active,2025-05-20
16902,2026-07-23,USA,VA,SMB,Technology,6,73,Active,2026-07-23
16903,2025-08-10,USA,PA,Mid-Market,Retail,1,13,Active,2025-08-10
16904,2025-11-19,USA,IL,SMB,Technology,1,90,Active,2026-03-27
16905,2024-04-30,USA,IL,SMB,Professional Services,3,5,Active,2024-11-29
16906,2026-08-20,USA,CO,SMB,Financial Services,1,81,Active,2026-08-20
16907,2024-08-26,UK,NY,Mid-Market,Technology,3,75,Active,2025-10-11
16908,2026-08-04,USA,PA,SMB,Technology,1,42,Active,2026-08-04
16909,2025-03-10,UK,CA,SMB,Education,2,20,Active,2026-04-23
16910,2026-06-14,USA,PA,SMB,Healthcare,1,7,Churned,2026-06-14
16911,2026-05-18,USA,NC,Mid-Market,Education,2,4,Active,2026-05-18
16912,2026-01-05,UK,CO,SMB,Education,1,30,Active,2026-01-05
16913,2026-06-11,USA,GA,Enterprise,Technology,2,48,Active,2026-06-11
16914,2025-08-16,USA,CO,SMB,Financial Services,1,35,Active,2025-08-16
16915,2026-04-06,USA,KY,SMB,Financial Services,4,61,Churned,2026-04-06
16916,2024-06-16,USA,MI,SMB,Education,4,11,Active,
16917,2024-03-09,Canada,CA,SMB,Technology,1,71,Active,2024-08-15
16918,2025-06-13,UK,VA,SMB,Government,1,16,Active,2025-06-13
16919,2026-02-27,USA,CA,SMB,Manufacturing,1,45,Active,2026-02-27
16920,2026-01-15,USA,MI,Enterprise,Financial Services,1,3,Active,2026-01-15
16921,2025-05-29,USA,IL,SMB,Education,2,93,Active,2025-05-29
16922,2025-05-22,Australia,TX,SMB,Education,2,44,Active,2025-05-22
16923,2025-08-16,USA,GA,SMB,Manufacturing,7,38,Active,2025-08-16
16924,2026-04-25,USA,WA,SMB,Education,4,17,Active,
16925,2026-03-30,USA,WA,SMB,Retail,1,24,Active,2026-03-30
16926,2024-04-16,USA,OH,SMB,Financial Services,1,28,Active,2024-09-04
16927,2025-08-03,USA,TX,SMB,Healthcare,1,10,Churned,2025-08-03
16928,2025-01-06,USA,KY,SMB,Retail,1,49,Active,2025-01-06
16929,2026-02-17,USA,KY,Enterprise,Technology,3,15,Active,2026-02-17
16930,2025-05-07,USA,OH,Mid-Market,Financial Services,1,17,Active,2025-05-07
16931,2026-08-23,USA,IL,Enterprise,Professional Services,1,10,Active,2026-08-23
16932,2025-02-25,USA,PA,SMB,Financial Services,1,7,Active,2025-02-25
16933,2025-10-23,USA,VA,Enterprise,Technology,3,83,Active,2025-10-23
16934,2024-04-15,USA,FL,SMB,Manufacturing,1,77,Active,2024-05-20
16935,2026-06-27,USA,WA,SMB,Financial Services,7,68,Active,2026-06-27
16936,2024-05-29,Canada,PA,Mid-Market,Manufacturing,2,89,Active,2025-10-14
16937,2025-01-03,USA,TN,SMB,Government,2,46,Active,2025-01-03
16938,2026-03-26,USA,NY,SMB,Government,2,34,Active,2026-03-26
16939,2026-07-31,USA,OH,Mid-Market,Retail,3,43,Active,2026-07-31
16940,2025-04-16,USA,FL,Mid-Market,Manufacturing,2,47,Active,
16941,2025-04-17,USA,CA,SMB,Healthcare,2,11,Active,2026-04-07
16942,2024-02-17,USA,CO,SMB,Manufacturing,2,29,Active,2024-09-05
16943,2026-08-11,USA,MI,SMB,Retail,2,47,Active,2026-08-11
16944,2024-01-17,USA,FL,Enterprise,Professional Services,1,47,Active,2025-02-27
16945,2024-01-26,USA,PA,SMB,Technology,3,39,Active,2024-03-11
16946,2025-04-06,USA,VA,SMB,Financial Services,3,9,Active,2025-04-06
16947,2024-01-04,Australia,NC,SMB,Government,3,29,Active,2024-11-11
16948,2024-06-09,UK,MI,Enterprise,Technology,6,46,Active,2025-04-25
16949,2025-09-03,USA,VA,Mid-Market,Healthcare,2,22,Active,2025-09-03
16950,2025-11-17,USA,KY,SMB,Education,5,47,Active,2025-11-17
16951,2024-10-17,USA,CA,Enterprise,Manufacturing,2,,Active,2025-10-27
16952,2026-02-13,Australia,FL,SMB,Retail,2,31,Active,2026-02-13
16953,2025-08-14,USA,MI,Enterprise,Financial Services,3,94,Active,2025-08-14
16954,2024-08-10,USA,OH,SMB,Financial Services,1,87,Churned,2025-08-23
16955,2025-11-24,Australia,NY,SMB,Financial Services,1,71,Active,2025-11-24
16956,2025-07-30,USA,NC,SMB,Professional Services,3,43,Active,
16957,2026-03-01,Canada,WA,Enterprise,Financial Services,1,81,Active,2026-07-06
16958,2024-05-30,USA,PA,Enterprise,Manufacturing,1,15,Active,2026-04-30
16959,2024-08-12,USA,KY,Mid-Market,Government,4,19,Active,2025-08-14
16960,2024-10-22,USA,TN,SMB,Government,2,76,Active,2024-12-10
16961,2024-11-28,UK,GA,SMB,Education,1,91,Active,2024-11-28
16962,2026-05-15,USA,TN,SMB,Education,1,15,Active,2026-05-15
16963,2025-12-14,USA,FL,SMB,Government,6,50,Active,2025-12-14
16964,2025-06-13,Canada,PA,SMB,Education,7,9,Active,2025-06-13
16965,2025-06-10,USA,VA,Mid-Market,Manufacturing,3,98,Active,
16966,2026-05-12,USA,IL,Mid-Market,Healthcare,1,37,Active,2026-05-12
16967,2025-03-11,USA,NY,Enterprise,Financial Services,2,82,Active,2025-03-11
16968,2024-08-07,USA,FL,SMB,Manufacturing,2,80,Churned,2025-03-01
16969,2024-05-13,USA,MI,SMB,Financial Services,4,17,Active,2024-11-17
16970,2024-11-17,Canada,CA,SMB,Retail,3,96,Active,2024-11-17
16971,2025-09-28,USA,NC,SMB,Healthcare,4,97,Active,2025-09-28
16972,2025-04-03,USA,TX,Mid-Market,Manufacturing,2,66,Active,2025-04-03
16973,2025-02-14,USA,CA,Mid-Market,Retail,5,96,Active,2025-02-14
16974,2025-04-12,USA,TN,SMB,Financial Services,2,90,Active,2025-04-12
16975,2026-08-07,USA,VA,SMB,Technology,2,57,Active,2026-08-07
16976,2026-08-29,USA,NY,Enterprise,Financial Services,2,57,Churned,2026-08-29
16977,2024-06-06,UK,TX,SMB,Manufacturing,3,100,Active,2024-06-06
16978,2024-04-21,Canada,VA,SMB,Financial Services,5,20,Churned,2024-08-15
16979,2024-08-25,USA,GA,Mid-Market,Technology,2,48,Active,2024-08-25
16980,2026-04-09,USA,MI,Mid-Market,Professional Services,6,57,Churned,2026-04-09
16981,2025-03-23,USA,TN,SMB,Healthcare,2,10,Active,2025-03-23
16982,2026-04-21,USA,NC,Mid-Market,Professional Services,2,74,Active,2026-04-21
16983,2025-09-21,USA,TX,Enterprise,Professional Services,1,64,Active,2025-09-21
16984,2025-06-22,Canada,OH,SMB,Government,1,8,Active,2025-06-22
16985,2024-10-01,USA,OH,SMB,Professional Services,4,85,Churned,2024-10-01
16986,2024-12-01,USA,TX,Mid-Market,Manufacturing,1,42,Active,2025-06-18
16987,2024-05-23,USA,VA,Mid-Market,Healthcare,2,12,Active,2024-10-22
16988,2025-05-20,USA,PA,SMB,Healthcare,1,9,Active,2025-05-20
16989,2024-09-30,USA,CO,SMB,Financial Services,4,28,Churned,2024-09-30
16990,2024-10-11,USA,VA,Mid-Market,Manufacturing,6,40,Active,2024-10-23
16991,2024-02-08,UK,NY,SMB,Government,4,41,Churned,2024-06-22
16992,2026-02-17,Australia,PA,SMB,Financial Services,2,57,Active,2026-02-17
16993,2026-07-03,Australia,MI,SMB,Manufacturing,2,66,Churned,2026-07-03
16994,2025-04-30,USA,FL,SMB,Government,1,72,Churned,2025-04-30
16995,2025-06-06,USA,FL,Enterprise,Healthcare,6,45,Active,2026-05-04
16996,2026-06-20,USA,GA,Mid-Market,Healthcare,1,36,Active,2026-06-20
16997,2025-05-13,UK,TN,SMB,Financial Services,7,75,Active,2025-05-13
16998,2025-08-29,USA,CO,Enterprise,Financial Services,4,13,Active,
16999,2025-02-20,USA,MI,SMB,Manufacturing,4,91,Active,2025-02-20
17000,2025-05-15,USA,CA,SMB,Manufacturing,4,50,Churned,2025-05-15
17001,2025-05-23,Canada,WA,SMB,Technology,2,63,Active,2025-05-23
17002,2025-11-23,USA,GA,Mid-Market,Healthcare,1,13,Active,2025-11-23
17003,2025-08-11,USA,WA,Mid-Market,Technology,2,9,Active,2025-08-11
17004,2025-05-05,USA,NC,Mid-Market,Financial Services,1,10,Active,2025-05-05
17005,2024-03-14,USA,NY,SMB,Manufacturing,4,40,Active,2025-02-09
17006,2026-05-30,Canada,PA,SMB,Healthcare,2,74,Active,2026-06-28
17007,2026-05-15,Canada,KY,SMB,Education,5,96,Active,2026-05-15
17008,2024-06-28,USA,NY,Enterprise,Technology,5,61,Active,2024-10-12
17009,2024-10-12,USA,KY,SMB,Financial Services,1,43,Churned,2024-10-12
17010,2026-08-06,USA,VA,Mid-Market,Technology,1,54,Active,2026-08-06
17011,2024-11-08,USA,FL,Mid-Market,Manufacturing,2,17,Active,2025-04-03
17012,2026-03-02,USA,FL,SMB,Professional Services,1,17,Active,2026-03-02
17013,2026-02-04,UK,PA,SMB,Government,3,86,Active,2026-02-04
17014,2026-04-18,USA,MI,SMB,Healthcare,4,93,Active,2026-04-18
17015,2024-01-16,USA,MI,Mid-Market,Manufacturing,4,84,Active,2024-04-01
17016,2025-04-15,USA,PA,Enterprise,Financial Services,2,87,Active,2025-04-15
17017,2025-07-04,USA,OH,SMB,Education,4,73,Active,2025-07-04
17018,2026-03-26,USA,IL,Enterprise,Healthcare,3,85,Active,2026-03-26
17019,2024-08-06,USA,IL,SMB,Manufacturing,8,,Active,2024-11-23
17020,2024-10-25,USA,TN,SMB,Professional Services,4,7,Active,2024-11-17
17021,2024-06-24,Canada,OH,Enterprise,Retail,4,,Active,2026-03-23
17022,2026-01-12,USA,NY,Enterprise,Professional Services,1,8,Active,2026-01-12
17023,2026-08-30,UK,TX,SMB,Healthcare,4,26,Active,2026-08-30
17024,2024-05-16,USA,PA,Mid-Market,Professional Services,2,48,Active,2024-10-15
17025,2024-08-15,USA,PA,Enterprise,Education,2,53,Active,2025-11-24
17026,2024-10-26,Canada,KY,Mid-Market,Retail,2,29,Active,2024-10-31
17027,2026-05-15,USA,TN,Mid-Market,Healthcare,2,89,Active,2026-05-15
17028,2025-03-10,Australia,KY,SMB,Manufacturing,1,34,Active,2025-03-10
17029,2024-10-01,USA,CO,SMB,Technology,1,79,Active,2025-07-11
17030,2024-11-09,Australia,CO,Mid-Market,Healthcare,4,71,Active,2025-02-16
17031,2025-08-05,USA,NY,SMB,Professional Services,3,5,Active,2025-08-05
17032,2025-01-11,USA,MI,SMB,Education,6,94,Active,2025-01-11
17033,2024-05-16,USA,NC,SMB,Government,4,21,Active,2024-11-19
17034,2026-03-09,Canada,WA,SMB,Retail,2,61,Churned,2026-03-09
17035,2025-02-15,USA,OH,SMB,Manufacturing,4,61,Active,2025-02-15
17036,2024-09-07,USA,NY,SMB,Financial Services,3,3,Active,2024-09-07
17037,2025-12-10,Australia,OH,SMB,Financial Services,1,98,Active,2025-12-10
17038,2025-12-26,USA,GA,SMB,Healthcare,7,5,Active,2025-12-26
17039,2024-05-31,USA,OH,Enterprise,Healthcare,6,44,Active,2025-08-13
17040,2024-03-12,USA,TN,Mid-Market,Technology,1,24,Active,2024-05-12
17041,2024-02-14,USA,WA,SMB,Healthcare,4,21,Active,
17042,2026-01-15,UK,IL,SMB,Healthcare,1,1,Active,2026-01-15
17043,2025-09-01,USA,NY,SMB,Manufacturing,6,13,Active,
17044,2026-02-10,USA,MI,Mid-Market,Technology,3,14,Active,2026-02-10
17045,2025-09-02,USA,NC,Mid-Market,Education,1,67,Active,2025-09-02
17046,2025-01-26,USA,FL,Mid-Market,Technology,4,6,Active,2025-01-26
17047,2025-07-28,UK,NY,Mid-Market,Financial Services,3,55,Active,2025-07-28
17048,2025-12-04,USA,FL,SMB,Technology,1,28,Active,2025-12-04
17049,2025-01-23,Canada,FL,SMB,Technology,4,4,Active,
17050,2026-06-10,USA,MI,SMB,Financial Services,4,5,Active,2026-06-10
17051,2026-05-26,USA,WA,SMB,Healthcare,2,84,Churned,2026-05-26
17052,2026-02-18,USA,OH,SMB,Professional Services,4,92,Active,2026-02-18
17053,2026-08-24,USA,PA,Mid-Market,Healthcare,1,62,Active,2026-08-24
17054,2025-01-15,USA,TN,SMB,Financial Services,2,53,Churned,2025-03-08
17055,2024-04-21,USA,PA,Mid-Market,Financial Services,3,24,Active,2025-01-25
17056,2025-04-16,USA,WA,SMB,Professional Services,1,87,Churned,2025-04-16
17057,2025-12-27,USA,IL,SMB,Manufacturing,2,50,Active,2025-12-27
17058,2026-01-29,USA,NC,Mid-Market,Government,6,68,Active,2026-01-29
17059,2025-01-13,USA,WA,SMB,Professional Services,4,79,Active,2025-01-13
17060,2024-10-11,USA,PA,SMB,Education,3,,Churned,2024-10-11
17061,2025-03-09,USA,PA,SMB,Financial Services,3,33,Churned,2025-03-09
17062,2026-02-21,USA,WA,Mid-Market,Retail,5,47,Active,2026-02-21
17063,2024-02-29,Australia,NC,SMB,Professional Services,5,90,Active,2024-02-29
17064,2024-11-15,UK,MI,Enterprise,Government,1,73,Active,2024-11-15
17065,2024-08-11,USA,CO,Enterprise,Professional Services,2,70,Churned,2025-10-31
17066,2026-02-24,USA,NY,Mid-Market,Government,1,33,Active,2026-02-24
17067,2025-04-02,USA,IL,SMB,Technology,1,33,Active,2025-04-02
17068,2024-03-25,Canada,VA,Mid-Market,Manufacturing,1,54,Active,2024-04-03
17069,2024-09-11,USA,WA,SMB,Manufacturing,3,3,Active,2024-09-11
17070,2024-02-13,USA,VA,Enterprise,Manufacturing,4,12,Active,2024-11-03
17071,2025-04-08,USA,IL,SMB,Healthcare,6,,Active,2025-04-08
17072,2026-08-29,UK,CO,SMB,Retail,2,79,Active,
17073,2025-07-06,UK,TN,SMB,Healthcare,2,39,Active,2025-07-06
17074,2026-04-26,USA,OH,Mid-Market,Healthcare,1,33,Churned,2026-04-26
17075,2025-12-24,USA,TX,Enterprise,Retail,1,71,Active,2025-12-24
17076,2026-05-09,USA,IL,SMB,Technology,1,18,Active,2026-05-09
17077,2024-10-29,USA,FL,SMB,Technology,7,10,Churned,2024-10-29
17078,2026-07-15,USA,MI,Mid-Market,Manufacturing,1,75,Active,2026-07-15
17079,2024-08-20,Canada,GA,Mid-Market,Education,4,50,Active,2024-08-20
17080,2025-03-02,USA,CA,Mid-Market,Manufacturing,2,10,Churned,2025-03-02
17081,2025-10-25,USA,OH,SMB,Manufacturing,3,64,Churned,2025-10-25
17082,2024-10-06,UK,,Mid-Market,Manufacturing,5,96,Active,2025-02-18
17083,2024-09-14,USA,TX,Enterprise,Healthcare,6,36,Active,2025-02-09
17084,2024-05-06,USA,KY,SMB,Technology,1,69,Active,2024-12-23
17085,2024-01-05,Australia,VA,SMB,Education,6,71,Active,2026-07-13
17086,2025-05-03,Canada,GA,SMB,Financial Services,1,75,Active,2025-05-03
17087,2026-08-19,USA,CO,SMB,Professional Services,4,48,Churned,
17088,2024-08-02,USA,TN,Mid-Market,Financial Services,1,9,Churned,2024-08-02
17089,2025-03-04,USA,CA,SMB,Manufacturing,3,13,Churned,2025-12-02
17090,2026-06-30,USA,NY,SMB,Professional Services,4,57,Active,2026-06-30
17091,2026-01-22,USA,TN,SMB,Education,4,52,Active,2026-01-22
17092,2024-01-04,USA,TN,Enterprise,Technology,4,3,Active,2025-02-08
17093,2025-05-02,Canada,WA,Mid-Market,Technology,1,24,Churned,2025-05-02
17094,2024-05-19,USA,NC,SMB,Healthcare,5,33,Active,2024-05-19
17095,2024-08-28,USA,TN,Mid-Market,Technology,2,82,Churned,2024-12-06
17096,2024-08-28,Canada,CA,SMB,Technology,1,73,Active,2024-08-28
17097,2025-08-19,USA,TX,Mid-Market,Healthcare,1,86,Active,2025-08-19
17098,2024-07-12,USA,TN,Mid-Market,Healthcare,1,22,Active,2025-07-15
17099,2024-09-02,Australia,NC,SMB,Government,1,88,Churned,2025-03-06
17100,2024-08-07,USA,KY,Enterprise,Financial Services,3,70,Active,2024-08-07
17101,2024-12-13,USA,VA,SMB,Professional Services,1,5,Active,2025-02-06
17102,2025-09-30,UK,PA,Mid-Market,Financial Services,3,56,Active,
17103,2025-01-24,USA,FL,SMB,Retail,1,27,Active,2025-12-14
17104,2024-11-14,USA,CA,Mid-Market,Manufacturing,4,92,Active,2024-11-14
17105,2025-05-19,USA,VA,SMB,Technology,1,45,Active,2025-05-19
17106,2025-08-22,USA,IL,SMB,Manufacturing,2,50,Active,2025-08-22
17107,2024-01-15,USA,CA,SMB,Retail,3,94,Active,2026-06-14
17108,2026-05-17,USA,MI,Enterprise,Manufacturing,6,31,Active,2026-05-17
17109,2026-06-11,USA,TX,SMB,Technology,8,63,Active,2026-06-11
17110,2025-08-09,USA,PA,Mid-Market,Retail,2,88,Active,2025-08-09
17111,2025-07-13,Canada,CA,SMB,Manufacturing,6,57,Active,2026-06-23
17112,2025-11-07,USA,IL,Mid-Market,Retail,3,48,Active,2025-11-07
17113,2025-03-05,USA,WA,SMB,Retail,5,31,Active,2025-03-05
17114,2024-12-22,USA,PA,Mid-Market,Retail,1,29,Active,2024-12-22
17115,2024-12-09,UK,TX,Enterprise,Financial Services,1,84,Active,2026-02-22
17116,2024-06-04,USA,NC,SMB,Education,1,42,Active,2024-06-04
17117,2026-03-30,USA,KY,SMB,Government,4,34,Churned,
17118,2024-11-08,USA,FL,Enterprise,Healthcare,1,45,Active,2024-11-08
17119,2024-10-04,Australia,VA,SMB,Financial Services,1,7,Active,2024-10-04
17120,2026-07-28,USA,TN,SMB,Government,3,23,Active,2026-07-28
17121,2025-05-08,USA,CA,SMB,Retail,7,91,Active,2025-05-08
17122,2025-08-28,USA,WA,Mid-Market,Retail,3,80,Active,2025-08-28
17123,2024-08-27,USA,WA,Enterprise,Technology,4,90,Active,2024-08-27
17124,2024-09-27,USA,MI,Mid-Market,Retail,1,83,Churned,2025-09-13
17125,2025-12-10,USA,IL,Mid-Market,Manufacturing,6,4,Active,2025-12-10
17126,2025-03-15,USA,IL,SMB,Professional Services,1,45,Active,2025-03-15
17127,2024-05-23,USA,NY,SMB,Technology,1,14,Active,2025-01-23
17128,2026-03-24,Canada,VA,SMB,Technology,2,2,Active,2026-03-24
17129,2025-01-27,USA,KY,SMB,Financial Services,1,25,Active,
17130,2025-10-13,USA,NC,SMB,Financial Services,3,11,Active,2026-01-27
17131,2024-11-28,USA,NC,Mid-Market,Professional Services,3,91,Churned,2024-12-02
17132,2025-06-30,UK,GA,SMB,Professional Services,1,51,Churned,2025-06-30
17133,2026-01-25,Canada,TX,SMB,Professional Services,1,94,Active,2026-01-25
17134,2026-05-12,USA,TX,SMB,Healthcare,1,27,Active,2026-06-06
17135,2024-07-20,Canada,IL,SMB,Professional Services,1,51,Churned,2024-07-20
17136,2025-10-16,USA,CA,SMB,Healthcare,5,34,Active,2025-10-16
17137,2026-06-09,USA,KY,SMB,Technology,3,52,Active,2026-06-09
17138,2025-09-18,USA,PA,SMB,Technology,1,54,Active,2025-09-18
17139,2024-05-19,USA,NY,SMB,Manufacturing,1,5,Active,2024-05-20
17140,2024-07-03,Canada,VA,Mid-Market,Manufacturing,4,67,Churned,2024-07-03
17141,2024-07-16,USA,CA,Enterprise,Education,4,21,Active,2024-07-16
17142,2024-04-13,USA,CA,Mid-Market,Professional Services,6,,Active,2024-04-13
17143,2026-01-04,USA,NC,Mid-Market,Financial Services,1,100,Active,2026-01-04
17144,2026-07-29,Canada,TX,Enterprise,Healthcare,3,69,Active,2026-07-29
17145,2025-05-18,Canada,WA,SMB,Technology,1,10,Active,2025-05-18
17146,2025-08-06,USA,MI,Mid-Market,Financial Services,4,11,Active,2025-08-06
17147,2026-01-23,USA,WA,SMB,Financial Services,2,8,Active,2026-01-23
17148,2025-02-08,UK,PA,SMB,Financial Services,3,57,Active,2025-02-08
17149,2025-04-05,UK,GA,SMB,Financial Services,1,68,Active,2025-04-05
17150,2025-07-27,USA,MI,SMB,Manufacturing,4,67,Active,2025-07-27
17151,2024-10-23,USA,KY,Mid-Market,Government,1,1,Active,2024-10-23
17152,2024-03-01,USA,CA,SMB,Professional Services,4,30,Active,2024-05-07
17153,2025-07-07,USA,FL,Mid-Market,Manufacturing,1,19,Active,2025-07-07
17154,2026-03-11,UK,NY,Enterprise,Healthcare,4,84,Active,2026-03-11
17155,2024-03-12,USA,MI,SMB,Technology,1,15,Active,2024-03-26
17156,2024-07-30,USA,NC,SMB,Manufacturing,3,79,Active,2024-08-12
17157,2024-09-13,USA,NC,SMB,Education,4,25,Active,2024-09-13
17158,2026-02-22,Australia,OH,SMB,Manufacturing,2,89,Active,2026-02-22
17159,2025-05-06,USA,PA,Enterprise,Technology,1,32,Active,2025-05-06
17160,2025-06-04,Australia,CA,Mid-Market,Financial Services,2,35,Active,2025-06-04
17161,2025-09-20,USA,IL,Mid-Market,Professional Services,1,54,Churned,2025-09-20
17162,2024-09-26,USA,NY,SMB,Education,3,94,Active,
17163,2025-11-25,USA,VA,Mid-Market,Retail,1,45,Active,2025-11-25
17164,2024-01-30,USA,IL,Mid-Market,Government,1,49,Active,2025-02-02
17165,2024-04-20,USA,NC,SMB,Financial Services,1,39,Active,2026-03-13
17166,2026-03-05,USA,FL,SMB,Healthcare,1,32,Active,2026-03-05
17167,2025-10-03,USA,IL,SMB,Education,1,99,Churned,2025-10-03
17168,2024-06-20,USA,OH,SMB,Technology,4,63,Active,2024-06-20
17169,2025-03-03,USA,WA,Enterprise,Healthcare,1,97,Active,2025-03-03
17170,2024-02-20,Canada,FL,Mid-Market,Healthcare,6,89,Active,2024-05-10
17171,2025-10-16,USA,WA,SMB,Healthcare,4,44,Active,2025-10-16
17172,2026-01-06,UK,NY,Enterprise,Financial Services,2,89,Active,2026-01-06
17173,2024-09-28,USA,GA,SMB,Manufacturing,5,13,Active,2024-10-27
17174,2024-12-06,USA,VA,SMB,Healthcare,3,25,Active,
17175,2024-08-18,USA,NY,Enterprise,Manufacturing,3,47,Active,2026-02-16
17176,2025-01-14,USA,MI,Enterprise,Technology,2,16,Active,2025-01-14
17177,2024-09-22,USA,MI,Mid-Market,Education,3,2,Active,2025-06-15
17178,2024-08-28,UK,KY,SMB,Government,1,45,Active,2024-11-29
17179,2025-02-23,USA,PA,Enterprise,Healthcare,3,7,Churned,2025-02-23
17180,2026-04-16,USA,NC,Mid-Market,Healthcare,1,94,Active,2026-04-16
17181,2026-01-12,Canada,FL,Mid-Market,Healthcare,2,54,Active,2026-01-12
17182,2024-10-16,UK,FL,SMB,Retail,3,97,Active,
17183,2026-07-07,USA,IL,SMB,Manufacturing,1,65,Active,2026-07-07
17184,2024-07-23,USA,IL,Mid-Market,Healthcare,1,28,Active,2024-07-23
17185,2026-06-06,USA,CO,Enterprise,Technology,4,67,Active,2026-06-06
17186,2024-10-28,UK,CO,Mid-Market,Government,1,7,Active,2024-10-28
17187,2025-06-10,USA,KY,SMB,Financial Services,1,51,Active,2025-06-10
17188,2024-07-16,USA,NY,Mid-Market,Healthcare,2,71,Active,2024-09-24
17189,2026-01-12,USA,WA,SMB,Education,6,45,Active,2026-01-12
17190,2024-11-05,USA,MI,SMB,Education,3,24,Active,2024-11-05
17191,2026-04-29,USA,FL,SMB,Healthcare,3,,Active,2026-04-29
17192,2024-03-21,USA,TN,SMB,Technology,4,22,Active,2025-05-03
17193,2025-05-03,UK,KY,Mid-Market,Financial Services,3,28,Active,2025-05-03
17194,2024-06-03,Canada,CO,SMB,Technology,4,74,Active,2024-06-06
17195,2026-05-15,USA,IL,SMB,Education,3,26,Active,2026-05-15
17196,2025-02-10,Canada,PA,Enterprise,Financial Services,5,21,Active,2025-02-10
17197,2025-10-18,USA,PA,Mid-Market,Financial Services,3,15,Churned,2026-01-04
17198,2026-05-06,USA,OH,SMB,Technology,1,79,Active,2026-05-06
17199,2025-06-05,USA,NC,SMB,Technology,1,13,Active,2025-06-05
17200,2024-02-25,Australia,IL,Mid-Market,Professional Services,1,93,Active,2024-10-25
17201,2024-08-02,USA,GA,SMB,Manufacturing,3,15,Churned,2025-04-14
17202,2024-07-26,USA,,SMB,Education,7,16,Active,2025-04-19
17203,2026-06-09,USA,TX,SMB,Education,4,97,Active,2026-06-09
17204,2026-06-03,USA,WA,SMB,Technology,4,55,Churned,
17205,2025-04-09,USA,KY,Mid-Market,Financial Services,3,72,Churned,2025-04-09
17206,2026-05-16,USA,TX,SMB,Financial Services,5,71,Active,2026-05-16
17207,2024-08-27,USA,CO,SMB,Technology,4,29,Churned,2024-08-27
17208,2025-10-23,Canada,VA,SMB,Healthcare,1,54,Active,2025-10-23
17209,2025-01-16,USA,WA,SMB,Healthcare,2,48,Active,2025-01-16
17210,2024-08-22,USA,NY,SMB,Healthcare,2,91,Active,2024-08-22
17211,2024-08-31,UK,OH,Enterprise,Professional Services,1,85,Active,2024-10-05
17212,2025-02-12,USA,KY,SMB,Technology,1,7,Active,2025-02-12
17213,2024-11-26,USA,OH,SMB,Professional Services,1,65,Active,2024-11-26
17214,2024-07-24,USA,MI,SMB,Government,1,100,Active,2026-07-24
17215,2024-11-21,USA,TN,Mid-Market,Technology,1,46,Active,2024-11-21
17216,2024-05-05,USA,PA,SMB,Manufacturing,6,57,Churned,2024-07-22
17217,2026-08-02,USA,FL,Enterprise,Manufacturing,2,77,Active,2026-08-02
17218,2025-01-05,USA,NC,Mid-Market,Education,4,22,Active,2025-01-05
17219,2024-04-14,USA,MI,SMB,Professional Services,1,29,Active,2024-05-15
17220,2025-07-14,USA,WA,Mid-Market,Professional Services,8,64,Active,2025-07-14
17221,2026-05-10,USA,TX,SMB,Manufacturing,4,97,Churned,2026-05-10
17222,2024-12-16,USA,CO,Enterprise,Education,5,67,Active,
17223,2026-04-03,USA,CO,Enterprise,Manufacturing,3,78,Active,2026-04-03
17224,2025-08-17,UK,MI,SMB,Retail,3,1,Active,2025-08-17
17225,2025-12-21,USA,GA,Mid-Market,Retail,2,10,Active,2025-12-21
17226,2024-10-15,USA,OH,SMB,Healthcare,2,84,Active,2024-10-15
17227,2024-02-05,USA,TN,SMB,Financial Services,4,78,Active,2024-02-05
17228,2024-12-02,Canada,CO,Mid-Market,Education,1,8,Active,2024-12-02
17229,2026-06-19,UK,WA,Enterprise,Financial Services,1,40,Active,2026-06-19
17230,2026-02-09,USA,TX,SMB,Professional Services,5,22,Churned,2026-02-09
17231,2026-02-02,Australia,NY,Mid-Market,Healthcare,1,61,Active,2026-02-02
17232,2026-05-05,USA,NC,Mid-Market,Healthcare,4,60,Active,2026-05-05
17233,2024-12-29,Canada,CA,SMB,Manufacturing,1,3,Active,2024-12-29
17234,2024-11-09,USA,WA,Mid-Market,Financial Services,2,78,Churned,2024-11-09
17235,2026-06-20,USA,WA,Mid-Market,Healthcare,1,18,Active,2026-06-20
17236,2025-07-10,USA,KY,Mid-Market,Healthcare,2,64,Churned,2025-07-10
17237,2024-10-17,USA,NC,Enterprise,Manufacturing,4,84,Active,2025-07-24
17238,2024-09-27,UK,OH,SMB,Financial Services,5,63,Active,2024-09-27
17239,2026-05-04,Canada,GA,SMB,Manufacturing,1,99,Active,2026-05-04
17240,2024-02-21,USA,MI,SMB,Healthcare,2,50,Active,2024-08-26
17241,2024-03-01,USA,MI,SMB,Healthcare,4,28,Active,2025-01-22
17242,2025-12-19,Australia,TN,SMB,Healthcare,1,52,Active,2025-12-19
17243,2024-01-02,Canada,NC,Enterprise,Healthcare,1,74,Active,2024-01-29
17244,2024-06-15,USA,OH,SMB,Education,2,44,Active,2024-08-15
17245,2026-08-22,USA,NC,Mid-Market,Manufacturing,4,10,Active,2026-08-22
17246,2025-02-18,USA,TX,SMB,Technology,2,28,Active,
17247,2025-12-09,USA,NC,SMB,Professional Services,1,53,Active,2025-12-09
17248,2025-04-19,Canada,PA,Mid-Market,Financial Services,7,37,Active,2025-04-19
17249,2024-03-29,USA,GA,Mid-Market,Professional Services,6,92,Active,2024-03-29
17250,2024-06-28,USA,NY,SMB,Education,3,88,Active,2024-11-13
17251,2026-01-11,USA,CA,Enterprise,Education,3,65,Active,2026-01-11
17252,2024-04-02,USA,CA,SMB,Professional Services,6,39,Churned,2024-07-25
17253,2025-08-02,USA,CO,SMB,Healthcare,3,18,Active,2025-08-02
17254,2024-12-04,Canada,CO,SMB,Manufacturing,4,77,Churned,2025-02-16
17255,2024-12-26,UK,VA,Mid-Market,Manufacturing,2,96,Active,2024-12-26
17256,2026-07-16,USA,PA,SMB,Technology,1,,Active,2026-07-16
17257,2025-08-13,USA,CA,Mid-Market,Financial Services,4,2,Active,2025-08-13
17258,2025-08-22,USA,VA,SMB,Healthcare,3,23,Active,2025-08-22
17259,2024-12-07,Canada,NY,SMB,Government,1,56,Active,2024-12-07
17260,2025-01-06,UK,CA,Enterprise,Manufacturing,3,16,Active,
17261,2025-10-29,USA,PA,SMB,Financial Services,4,58,Churned,2025-10-29
17262,2024-02-07,USA,MI,SMB,Healthcare,1,13,Active,2024-12-31
17263,2024-08-19,UK,CA,SMB,Technology,4,45,Active,2026-03-25
17264,2025-08-07,USA,KY,SMB,Healthcare,1,50,Active,2025-08-07
17265,2025-08-30,USA,FL,SMB,Financial Services,3,65,Active,2025-08-30
17266,2024-03-30,USA,WA,SMB,Government,8,21,Active,2024-12-19
17267,2026-02-06,USA,PA,Mid-Market,Healthcare,5,60,Active,2026-02-06
17268,2025-06-12,USA,KY,SMB,Financial Services,5,26,Active,2025-06-12
17269,2024-08-19,USA,VA,SMB,Technology,3,44,Active,2024-08-19
17270,2026-01-02,USA,MI,Mid-Market,Financial Services,2,84,Active,2026-01-02
17271,2026-08-23,USA,CA,SMB,Financial Services,3,7,Active,2026-08-23
17272,2025-02-16,USA,CO,Mid-Market,Manufacturing,2,49,Churned,2025-02-16
17273,2024-10-03,USA,WA,Mid-Market,Technology,3,95,Active,2024-10-03
17274,2024-10-18,USA,KY,SMB,Manufacturing,3,34,Active,2026-05-11
17275,2025-07-31,USA,VA,SMB,Education,3,43,Active,2025-07-31
17276,2024-02-16,USA,KY,SMB,Professional Services,2,19,Active,2024-09-03
17277,2025-04-15,Australia,IL,SMB,Technology,2,17,Active,2026-03-20
17278,2024-01-25,USA,GA,SMB,Technology,2,44,Active,2024-11-18
17279,2024-02-07,USA,VA,Mid-Market,Professional Services,1,58,Active,2024-02-07
17280,2025-02-22,Canada,CA,Mid-Market,Healthcare,2,27,Active,2025-02-22
17281,2025-12-27,USA,,SMB,Manufacturing,1,57,Active,2025-12-27
17282,2026-05-10,USA,NY,Enterprise,Healthcare,5,4,Active,2026-05-10
17283,2024-03-26,USA,WA,SMB,Financial Services,1,53,Active,
17284,2024-08-25,USA,GA,Enterprise,Government,4,87,Active,2024-08-25
17285,2025-02-14,USA,NC,Mid-Market,Healthcare,1,72,Active,2025-02-14
17286,2025-07-13,USA,OH,SMB,Retail,5,57,Active,2025-07-13
17287,2026-08-19,USA,VA,SMB,Healthcare,4,97,Active,2026-08-19
17288,2025-10-28,USA,FL,SMB,Technology,6,84,Active,2025-10-28
17289,2025-06-08,Canada,OH,Enterprise,Professional Services,5,6,Active,2025-06-08
17290,2024-02-29,USA,OH,SMB,Retail,4,75,Active,2025-06-01
17291,2024-03-19,USA,GA,Enterprise,Professional Services,1,73,Active,2024-10-31
17292,2024-05-29,USA,PA,SMB,Manufacturing,3,2,Churned,2024-05-29
17293,2025-10-05,USA,CO,SMB,Professional Services,2,41,Active,2025-10-05
17294,2024-11-18,USA,TX,Mid-Market,Professional Services,5,66,Active,2025-02-22
17295,2024-08-22,USA,CA,SMB,Financial Services,5,67,Active,2024-08-22
17296,2025-10-14,USA,TN,SMB,Professional Services,2,15,Churned,2025-10-14
17297,2026-03-05,USA,OH,Enterprise,Financial Services,3,25,Active,2026-03-05
17298,2025-03-03,Canada,OH,SMB,Manufacturing,2,8,Active,2025-03-03
17299,2026-05-08,USA,,Enterprise,Financial Services,3,52,Active,2026-05-08
17300,2025-12-16,USA,,Enterprise,Retail,3,3,Active,2025-12-16
17301,2025-11-28,USA,PA,SMB,Government,3,63,Active,2025-11-28
17302,2026-04-25,USA,OH,SMB,Education,5,85,Active,2026-04-25
17303,2024-06-28,USA,OH,SMB,Manufacturing,1,78,Active,2024-06-28
17304,2026-01-08,USA,KY,Mid-Market,Professional Services,4,58,Active,2026-01-08
17305,2026-07-21,USA,OH,Enterprise,Retail,3,68,Active,2026-07-21
17306,2026-08-24,UK,KY,Enterprise,Financial Services,1,78,Active,2026-08-24
17307,2025-07-17,Canada,TX,Enterprise,Professional Services,2,78,Active,2025-07-17
17308,2026-01-04,USA,FL,SMB,Healthcare,1,64,Active,2026-01-04
17309,2026-05-15,Canada,OH,SMB,Professional Services,3,99,Active,2026-05-15
17310,2026-04-10,USA,NY,SMB,Healthcare,5,,Active,
17311,2026-05-24,Canada,CA,Enterprise,Retail,1,49,Active,2026-05-24
17312,2026-03-21,USA,VA,SMB,Retail,1,61,Active,2026-03-21
17313,2025-01-06,USA,NC,SMB,Retail,2,84,Active,2025-01-06
17314,2025-12-12,USA,CO,SMB,Financial Services,1,12,Active,2025-12-12
17315,2025-02-03,USA,VA,SMB,Healthcare,1,31,Active,
17316,2026-02-19,USA,IL,SMB,Healthcare,3,6,Active,2026-02-19
17317,2026-02-28,USA,MI,SMB,Education,2,31,Churned,2026-02-28
17318,2026-06-29,USA,OH,Enterprise,Manufacturing,4,35,Active,2026-06-29
17319,2025-07-27,USA,CO,Mid-Market,Financial Services,2,33,Churned,2025-07-27
17320,2025-04-07,USA,FL,SMB,Healthcare,3,10,Active,2025-04-07
17321,2024-06-10,USA,VA,Mid-Market,Financial Services,2,59,Active,2024-06-10
17322,2025-09-13,USA,IL,SMB,Retail,1,71,Churned,2025-09-13
17323,2025-07-05,USA,KY,Mid-Market,Manufacturing,2,21,Active,2026-03-26
17324,2025-05-16,USA,NC,SMB,Healthcare,4,61,Active,2025-05-16
17325,2025-10-20,USA,TX,Mid-Market,Government,7,38,Active,2025-10-20
17326,2026-04-08,USA,OH,SMB,Financial Services,1,69,Active,2026-04-08
17327,2024-05-24,USA,CO,SMB,Manufacturing,3,47,Active,2026-01-25
17328,2025-02-24,Australia,PA,Mid-Market,Technology,3,91,Active,2026-03-10
17329,2025-12-04,USA,OH,Mid-Market,Retail,1,75,Active,2025-12-04
17330,2026-03-09,USA,OH,Mid-Market,Healthcare,4,37,Churned,2026-03-09
17331,2026-01-28,USA,GA,SMB,Retail,1,49,Active,2026-01-28
17332,2026-02-17,USA,CA,SMB,Manufacturing,5,56,Active,2026-02-17
17333,2026-04-12,USA,KY,Mid-Market,Professional Services,3,13,Active,2026-04-12
17334,2026-07-25,USA,PA,SMB,Retail,1,38,Churned,
17335,2025-08-15,UK,FL,SMB,Professional Services,4,28,Churned,2025-08-15
17336,2024-08-30,USA,WA,SMB,Manufacturing,1,15,Active,2024-08-30
17337,2025-07-02,USA,NC,SMB,Technology,4,25,Active,2025-07-02
17338,2025-11-22,USA,CO,SMB,Healthcare,4,85,Active,2025-11-22
17339,2024-04-08,USA,GA,SMB,Professional Services,3,81,Active,
17340,2026-01-07,USA,WA,Mid-Market,Financial Services,1,58,Active,2026-01-07
17341,2025-06-14,USA,TX,Mid-Market,Retail,2,62,Active,2025-06-14
17342,2026-06-30,UK,CA,Mid-Market,Manufacturing,3,63,Active,2026-06-30
17343,2024-07-25,USA,NC,Mid-Market,Government,3,,Active,2024-07-25
17344,2026-06-02,USA,FL,SMB,Retail,3,26,Active,2026-06-02
17345,2025-03-12,Canada,TX,Enterprise,Financial Services,2,57,Churned,2025-03-12
17346,2025-07-12,UK,OH,Mid-Market,Government,4,83,Active,2025-07-12
17347,2025-10-04,Australia,FL,SMB,Professional Services,4,4,Churned,2025-10-04
17348,2025-07-18,USA,NY,SMB,Technology,3,51,Active,2025-07-18
17349,2026-05-30,Canada,GA,Mid-Market,Retail,1,11,Active,2026-05-30
17350,2024-06-11,USA,PA,Mid-Market,Manufacturing,2,7,Active,2025-01-24
17351,2025-12-11,UK,OH,Mid-Market,Government,2,62,Active,2025-12-11
17352,2026-08-07,USA,GA,Mid-Market,Healthcare,4,33,Active,2026-08-07
17353,2024-08-02,USA,TX,Enterprise,Education,4,51,Churned,2024-08-02
17354,2024-09-05,USA,TX,Enterprise,Technology,5,46,Active,2025-08-28
17355,2025-04-07,USA,TX,Mid-Market,Government,1,56,Churned,2025-04-07
17356,2025-12-06,USA,CO,Enterprise,Manufacturing,4,34,Active,2025-12-06
17357,2026-07-23,Australia,NC,Enterprise,Retail,5,52,Active,2026-07-23
17358,2026-02-14,Canada,OH,SMB,Education,1,12,Active,2026-02-14
17359,2026-02-12,Canada,NY,Mid-Market,Government,1,25,Active,2026-02-12
17360,2025-03-05,USA,TX,SMB,Professional Services,1,33,Active,2026-05-22
17361,2025-09-20,USA,WA,SMB,Retail,3,54,Active,2025-09-20
17362,2024-07-24,USA,WA,SMB,Retail,2,1,Active,2025-05-25
17363,2025-03-27,USA,NC,SMB,Education,1,90,Active,2025-03-27
17364,2024-07-03,USA,CA,SMB,Technology,3,22,Active,2024-07-03
17365,2024-01-27,USA,OH,SMB,Healthcare,4,84,Active,2024-11-22
17366,2026-04-14,USA,MI,SMB,Healthcare,5,64,Active,2026-04-14
17367,2026-02-22,USA,TN,Mid-Market,Healthcare,4,31,Active,2026-02-22
17368,2025-05-12,USA,TX,Enterprise,Financial Services,5,54,Active,2025-05-12
17369,2024-01-15,USA,NC,Enterprise,Retail,3,28,Active,2025-05-15
17370,2024-03-28,USA,KY,SMB,Government,4,38,Active,2024-03-28
17371,2024-04-18,USA,IL,SMB,Technology,2,82,Active,2024-04-18
17372,2025-11-29,USA,OH,Enterprise,Healthcare,5,96,Churned,2025-11-29
17373,2024-07-17,UK,MI,SMB,Technology,5,,Active,2024-07-17
17374,2024-08-31,USA,TN,Enterprise,Manufacturing,3,5,Churned,2024-08-31
17375,2026-04-18,USA,CA,Mid-Market,Education,2,44,Churned,
17376,2026-05-03,USA,FL,SMB,Professional Services,1,65,Active,2026-05-03
17377,2026-01-13,USA,WA,SMB,Healthcare,2,51,Active,
17378,2024-10-28,USA,IL,SMB,Government,1,63,Active,2024-10-28
17379,2025-07-18,Canada,WA,SMB,Healthcare,1,15,Active,2025-07-18
17380,2024-07-14,UK,NY,SMB,Education,2,53,Active,2024-07-14
17381,2026-04-15,USA,WA,Mid-Market,Professional Services,1,42,Active,2026-04-15
17382,2024-03-23,USA,FL,Mid-Market,Education,5,27,Churned,2024-06-16
17383,2025-12-26,USA,TN,SMB,Healthcare,3,96,Active,2025-12-26
17384,2025-05-13,Australia,KY,SMB,Financial Services,4,51,Active,2025-05-13
17385,2026-01-07,Australia,CA,SMB,Healthcare,2,36,Active,2026-01-07
17386,2025-03-15,Australia,IL,SMB,Healthcare,1,,Active,2025-11-04
17387,2024-06-03,USA,KY,Mid-Market,Healthcare,1,65,Active,2024-06-03
17388,2026-01-01,Canada,KY,Mid-Market,Healthcare,5,15,Active,2026-01-01
17389,2025-09-06,USA,VA,Mid-Market,Technology,1,99,Active,2025-09-06
17390,2025-03-28,USA,TN,SMB,Healthcare,3,24,Active,2025-03-28
17391,2024-12-29,USA,CO,SMB,Manufacturing,1,11,Churned,2024-12-29
17392,2024-11-30,USA,WA,Mid-Market,Technology,2,44,Active,2024-11-30
17393,2025-04-13,USA,MI,Mid-Market,Healthcare,1,97,Active,2025-04-13
17394,2024-09-11,USA,WA,Mid-Market,Technology,2,38,Active,2024-09-11
17395,2024-10-02,USA,OH,SMB,Education,1,58,Churned,2024-10-03
17396,2024-09-27,USA,KY,Enterprise,Manufacturing,5,14,Active,2025-03-30
17397,2024-01-13,USA,CO,SMB,Manufacturing,1,50,Active,
17398,2026-06-22,USA,KY,SMB,Education,1,24,Active,2026-06-22
17399,2024-08-18,USA,IL,Mid-Market,Manufacturing,1,1,Active,2024-08-18
17400,2024-06-09,USA,NC,SMB,Manufacturing,8,60,Active,2026-05-19
17401,2024-05-27,USA,TX,Mid-Market,Professional Services,3,53,Active,2024-05-27
17402,2026-08-20,Canada,FL,SMB,Professional Services,3,71,Active,2026-08-20
17403,2025-04-09,USA,,SMB,Retail,3,100,Active,2025-04-09
17404,2024-11-14,Canada,CO,SMB,Retail,5,76,Active,2024-11-14
17405,2025-01-28,Australia,NC,Mid-Market,Professional Services,1,86,Active,2025-09-18
17406,2024-03-27,UK,FL,Mid-Market,Manufacturing,4,54,Active,2025-08-13
17407,2024-11-01,USA,IL,SMB,Technology,4,95,Churned,2024-11-01
17408,2024-08-30,USA,OH,SMB,Healthcare,1,6,Active,2026-06-10
17409,2026-02-21,USA,TX,SMB,Healthcare,1,79,Active,2026-02-21
17410,2024-02-26,UK,NC,SMB,Manufacturing,3,24,Churned,2024-06-26
17411,2025-02-18,USA,VA,Mid-Market,Professional Services,1,97,Active,2025-02-18
17412,2026-02-08,USA,GA,SMB,Retail,1,73,Active,2026-02-08
17413,2026-03-22,USA,TX,SMB,Government,2,20,Active,2026-03-22
17414,2025-05-14,Canada,FL,SMB,Education,1,29,Active,2025-05-14
17415,2024-08-04,USA,TN,Mid-Market,Education,4,7,Active,2024-08-04
17416,2024-11-24,USA,NC,Mid-Market,Professional Services,2,68,Active,2024-11-24
17417,2024-08-04,USA,MI,Mid-Market,Financial Services,3,21,Active,2024-08-25
17418,2025-10-06,Canada,WA,Mid-Market,Retail,2,65,Active,2025-10-06
17419,2024-10-12,Australia,VA,Enterprise,Healthcare,2,7,Active,2024-10-12
17420,2025-09-06,USA,TX,SMB,Retail,2,52,Churned,
17421,2025-09-30,USA,IL,Enterprise,Healthcare,5,22,Active,2025-10-16
17422,2026-07-04,USA,VA,Mid-Market,Education,2,31,Active,2026-07-04
17423,2024-12-26,USA,TN,SMB,Professional Services,3,43,Churned,2024-12-26
17424,2026-07-25,USA,TN,Mid-Market,Financial Services,4,8,Active,2026-07-25
17425,2025-01-25,USA,WA,Mid-Market,Manufacturing,3,38,Active,2025-01-25
17426,2025-10-24,USA,CO,Mid-Market,Technology,1,73,Active,2025-10-24
17427,2025-10-06,Canada,FL,SMB,Education,1,35,Active,2025-10-06
17428,2026-03-07,USA,TX,SMB,Government,3,25,Churned,2026-03-07
17429,2025-04-01,USA,GA,Enterprise,Financial Services,4,49,Active,2025-07-24
17430,2026-02-10,USA,KY,SMB,Financial Services,4,29,Active,2026-02-10
17431,2024-12-12,USA,GA,SMB,Professional Services,3,90,Active,2024-12-12
17432,2025-04-23,USA,GA,SMB,Healthcare,1,13,Active,2025-04-23
17433,2025-05-01,USA,MI,SMB,Education,4,49,Churned,2025-05-01
17434,2025-11-17,USA,PA,Mid-Market,Healthcare,3,,Active,2025-11-17
17435,2025-08-25,USA,PA,Mid-Market,Manufacturing,8,39,Active,2025-08-25
17436,2024-03-17,USA,TN,Enterprise,Technology,4,96,Active,2024-12-27
17437,2026-02-27,USA,CA,SMB,Education,2,100,Active,2026-02-27
17438,2026-01-08,USA,VA,SMB,Healthcare,3,49,Active,2026-01-08
17439,2024-04-11,USA,NC,SMB,Professional Services,3,72,Active,2025-01-14
17440,2026-07-25,USA,TX,SMB,Professional Services,2,37,Active,2026-07-25
17441,2025-10-05,USA,FL,Mid-Market,Education,3,96,Active,2025-10-05
17442,2024-03-23,USA,IL,SMB,Professional Services,1,52,Active,2024-04-22
17443,2025-04-23,USA,MI,SMB,Professional Services,1,62,Active,2025-04-23
17444,2026-03-25,USA,WA,Enterprise,Education,4,40,Churned,2026-03-25
17445,2024-09-29,USA,IL,Mid-Market,Technology,2,43,Active,2024-09-29
17446,2026-06-27,USA,TX,SMB,Professional Services,4,,Active,2026-06-27
17447,2025-02-11,USA,CO,Mid-Market,Government,2,26,Active,2025-04-05
17448,2024-08-08,USA,VA,SMB,Technology,4,98,Active,2025-06-22
17449,2024-12-13,USA,PA,Enterprise,Financial Services,4,34,Active,2024-12-13
17450,2025-05-26,USA,CA,Mid-Market,Financial Services,4,94,Churned,2025-05-26
17451,2025-11-01,USA,NC,SMB,Education,2,1,Active,2025-11-01
17452,2026-06-22,USA,NY,SMB,Government,7,63,Active,2026-06-22
17453,2024-07-08,UK,IL,SMB,Financial Services,2,82,Churned,2024-07-08
17454,2026-07-24,USA,GA,Mid-Market,Government,4,2,Active,2026-07-24
17455,2025-05-28,UK,NC,SMB,Financial Services,2,7,Active,2025-05-28
17456,2024-05-04,USA,KY,Mid-Market,Retail,1,38,Active,2024-05-17
17457,2026-06-21,USA,OH,SMB,Professional Services,3,32,Active,2026-06-21
17458,2024-12-05,USA,PA,SMB,Government,2,20,Active,2024-12-05
17459,2025-08-27,USA,NC,SMB,Technology,1,51,Active,2025-08-27
17460,2025-11-10,USA,CA,SMB,Government,2,59,Churned,2025-11-10
17461,2024-01-14,UK,IL,SMB,Professional Services,1,87,Active,2024-02-14
17462,2024-08-03,USA,TN,Mid-Market,Professional Services,8,40,Active,2025-02-01
17463,2025-10-30,UK,CO,Enterprise,Professional Services,3,80,Active,2025-10-30
17464,2024-11-12,Canada,TX,SMB,Retail,1,42,Active,2024-11-12
17465,2024-01-10,USA,GA,Mid-Market,Healthcare,4,76,Churned,2024-08-20
17466,2024-01-23,UK,IL,SMB,Financial Services,3,,Active,2024-01-23
17467,2026-03-15,USA,MI,Mid-Market,Healthcare,4,41,Active,2026-03-15
17468,2024-05-29,Canada,WA,SMB,Financial Services,3,91,Active,
17469,2024-04-07,USA,PA,Mid-Market,Healthcare,1,57,Active,2024-04-07
17470,2025-07-01,USA,MI,SMB,Financial Services,1,28,Churned,2025-10-13
17471,2024-04-25,USA,TX,SMB,Technology,4,86,Active,2024-07-24
17472,2025-09-28,UK,PA,Mid-Market,Healthcare,4,63,Active,2025-09-28
17473,2025-06-13,UK,TN,SMB,Retail,4,,Active,2025-06-13
17474,2025-09-24,USA,CO,SMB,Financial Services,1,87,Active,2025-09-24
17475,2025-04-23,USA,MI,SMB,Healthcare,4,66,Active,2025-04-23
17476,2026-01-28,USA,VA,Enterprise,Technology,2,96,Active,2026-01-28
17477,2025-09-19,Canada,CO,SMB,Professional Services,3,1,Active,2025-09-19
17478,2025-02-08,USA,NY,SMB,Technology,1,75,Churned,2025-02-08
17479,2024-01-15,USA,TX,Enterprise,Technology,4,49,Active,2025-03-14
17480,2024-09-23,USA,NC,Mid-Market,Government,8,10,Active,2024-09-23
17481,2024-05-08,UK,TN,SMB,Education,1,36,Active,2024-05-08
17482,2024-01-16,Canada,WA,Mid-Market,Healthcare,4,69,Active,2024-06-05
17483,2024-09-23,USA,NY,SMB,Financial Services,3,7,Active,2024-09-23
17484,2024-07-20,USA,TN,SMB,Technology,1,50,Active,2025-02-27
17485,2024-03-15,Canada,VA,SMB,Technology,1,68,Active,2024-07-13
17486,2024-10-31,USA,NY,Mid-Market,Professional Services,4,29,Active,2025-12-22
17487,2025-05-08,USA,WA,Mid-Market,Healthcare,1,88,Active,2025-05-08
17488,2024-06-22,UK,PA,SMB,Government,1,90,Active,2025-02-21
17489,2024-09-23,USA,TX,SMB,Manufacturing,5,65,Churned,2024-09-23
17490,2024-01-20,UK,TN,SMB,Professional Services,3,64,Active,2024-11-28
17491,2024-02-19,USA,FL,SMB,Manufacturing,4,28,Churned,2024-09-27
17492,2024-06-02,USA,MI,SMB,Financial Services,3,92,Active,2024-10-26
17493,2025-03-17,UK,IL,Mid-Market,Retail,3,50,Active,2025-03-17
17494,2025-10-10,USA,MI,SMB,Financial Services,4,7,Churned,2026-04-29
17495,2026-02-06,UK,MI,Enterprise,Financial Services,1,35,Active,2026-02-06
17496,2025-09-05,Canada,NY,SMB,Professional Services,2,,Active,2025-09-05
17497,2025-08-23,USA,MI,SMB,Retail,3,58,Active,2025-08-23
17498,2026-06-30,USA,MI,SMB,Financial Services,6,59,Active,2026-06-30
17499,2024-09-05,USA,GA,Mid-Market,Retail,2,70,Active,2024-09-05
17500,2026-02-16,UK,OH,SMB,Technology,7,31,Active,2026-02-16
17501,2026-07-01,Canada,KY,SMB,Financial Services,4,27,Active,2026-07-01
17502,2025-07-06,USA,WA,SMB,Healthcare,2,88,Active,2025-07-06
17503,2026-03-29,USA,MI,Mid-Market,Professional Services,2,,Active,2026-03-29
17504,2024-05-13,USA,TN,Enterprise,Financial Services,1,80,Active,2024-05-13
17505,2026-05-05,USA,CO,SMB,Professional Services,3,64,Active,2026-05-05
17506,2025-07-03,USA,TN,SMB,Healthcare,1,57,Active,2025-11-30
17507,2024-08-03,Australia,PA,SMB,Technology,2,51,Active,2024-08-03
17508,2024-02-29,USA,NY,SMB,Technology,1,98,Active,2024-10-23
17509,2025-12-02,USA,VA,Enterprise,Healthcare,7,58,Active,2025-12-02
17510,2025-02-23,USA,PA,SMB,Technology,2,80,Active,2025-04-28
17511,2024-10-28,USA,CO,Mid-Market,Retail,2,23,Active,
17512,2025-01-15,USA,IL,Enterprise,Retail,2,47,Churned,2025-01-15
17513,2026-08-23,UK,NC,Mid-Market,Professional Services,1,54,Active,2026-08-23
17514,2025-02-20,USA,NC,SMB,Government,2,6,Active,2025-02-20
17515,2024-03-17,Canada,WA,Mid-Market,Financial Services,4,100,Active,2024-03-30
17516,2024-09-29,USA,PA,SMB,Technology,3,61,Active,2024-09-29
17517,2024-05-21,USA,VA,SMB,Healthcare,2,11,Active,2025-02-26
17518,2025-10-29,USA,VA,Enterprise,Healthcare,4,44,Active,2025-10-29
17519,2026-02-18,USA,TX,SMB,Healthcare,1,99,Active,2026-02-18
17520,2026-03-30,USA,MI,SMB,Technology,4,58,Active,2026-03-30
17521,2025-09-08,USA,IL,SMB,Education,1,23,Active,2025-09-08
17522,2026-01-18,USA,GA,SMB,Manufacturing,5,5,Active,2026-01-18
17523,2025-02-10,USA,PA,Mid-Market,Government,6,41,Active,2026-04-05
17524,2025-09-03,USA,WA,Mid-Market,Education,4,83,Active,2025-09-03
17525,2024-04-14,USA,IL,Mid-Market,Financial Services,1,27,Active,2024-04-14
17526,2025-06-08,Australia,CO,SMB,Financial Services,3,81,Active,2025-06-08
17527,2025-06-26,USA,PA,SMB,Technology,4,56,Active,2025-06-26
17528,2024-01-31,Canada,CO,SMB,Retail,3,76,Active,2024-12-17
17529,2025-06-18,USA,NC,SMB,Healthcare,2,91,Active,2025-06-18
17530,2025-12-05,USA,CA,Mid-Market,Healthcare,2,79,Active,2025-12-05
17531,2024-12-24,USA,NY,Mid-Market,Retail,1,70,Active,2024-12-24
17532,2025-06-14,USA,WA,Enterprise,Manufacturing,2,19,Active,2025-06-14
17533,2024-10-05,USA,IL,Mid-Market,Technology,1,74,Active,2025-02-02
17534,2024-09-20,USA,OH,SMB,Education,3,52,Active,2024-09-20
17535,2024-05-06,USA,CA,Mid-Market,Government,2,21,Active,2024-06-26
17536,2024-11-15,USA,GA,Mid-Market,Professional Services,1,76,Active,2024-11-15
17537,2026-02-21,USA,CO,Enterprise,Retail,1,92,Active,2026-02-21
17538,2026-06-30,USA,CA,SMB,Manufacturing,6,63,Active,2026-06-30
17539,2025-09-11,Canada,GA,Mid-Market,Financial Services,3,88,Active,2025-09-11
17540,2025-08-31,USA,CO,SMB,Government,3,52,Active,
17541,2025-08-20,USA,MI,Mid-Market,Manufacturing,4,90,Active,2025-08-20
17542,2025-04-08,USA,WA,Enterprise,Financial Services,3,36,Active,2025-04-08
17543,2025-02-16,USA,CA,Enterprise,Education,2,3,Active,2026-01-14
17544,2025-08-27,USA,NY,SMB,Manufacturing,3,67,Churned,2025-08-27
17545,2026-02-03,USA,,SMB,Government,1,35,Active,2026-02-03
17546,2025-02-06,UK,PA,Mid-Market,Healthcare,3,4,Active,2025-02-06
17547,2025-07-05,UK,MI,Mid-Market,Retail,1,54,Active,2025-07-05
17548,2025-04-02,USA,NC,Enterprise,Government,6,3,Active,2025-04-02
17549,2024-10-05,USA,NC,SMB,Manufacturing,3,52,Active,2024-11-27
17550,2024-10-09,USA,GA,Mid-Market,Retail,1,44,Churned,
17551,2024-03-17,USA,OH,Mid-Market,Technology,3,28,Active,2025-06-08
17552,2025-03-04,Australia,VA,SMB,Technology,1,55,Active,2025-03-04
17553,2025-11-24,USA,FL,SMB,Healthcare,2,41,Churned,2025-11-24
17554,2025-10-29,USA,OH,Mid-Market,Financial Services,5,33,Active,2025-10-29
17555,2026-08-18,USA,GA,SMB,Retail,4,9,Active,2026-08-18
17556,2024-02-08,Canada,VA,Mid-Market,Financial Services,4,69,Active,2024-12-07
17557,2026-01-10,USA,CO,Mid-Market,Retail,2,8,Active,2026-01-10
17558,2026-02-13,USA,KY,SMB,Retail,2,93,Active,2026-02-13
17559,2025-03-01,USA,NC,SMB,Education,1,85,Active,2025-03-01
17560,2024-10-02,USA,KY,Enterprise,Technology,3,13,Active,2024-10-02
17561,2024-12-13,USA,MI,Mid-Market,Manufacturing,3,36,Active,2024-12-13
17562,2025-10-26,UK,IL,Mid-Market,Financial Services,1,48,Active,2025-10-26
17563,2026-04-19,USA,CA,Mid-Market,Manufacturing,1,58,Active,2026-04-19
17564,2025-09-18,USA,FL,Mid-Market,Financial Services,1,95,Active,2025-09-18
17565,2025-05-15,USA,NC,Enterprise,Government,1,3,Active,2025-05-22
17566,2025-09-27,USA,MI,Mid-Market,Financial Services,1,96,Active,2025-09-27
17567,2024-03-09,USA,NY,SMB,Professional Services,2,65,Active,2024-07-11
17568,2025-08-15,USA,IL,SMB,Technology,2,50,Active,2025-10-09
17569,2024-02-11,USA,NY,SMB,Professional Services,2,33,Active,2024-12-17
17570,2026-07-23,USA,,Mid-Market,Professional Services,1,78,Active,2026-07-23
17571,2026-05-16,USA,VA,SMB,Professional Services,3,4,Active,2026-05-16
17572,2025-05-10,USA,PA,Mid-Market,Technology,4,20,Active,2025-05-10
17573,2024-12-30,Canada,WA,Enterprise,Financial Services,1,87,Active,2024-12-30
17574,2025-12-14,UK,TN,SMB,Technology,2,81,Churned,2025-12-14
17575,2025-09-13,USA,WA,SMB,Healthcare,3,46,Churned,2025-09-13
17576,2025-11-18,USA,PA,Mid-Market,Retail,1,98,Churned,2025-11-18
17577,2025-05-17,USA,TX,SMB,Professional Services,2,40,Active,2025-10-25
17578,2024-08-18,USA,CA,Mid-Market,Technology,2,34,Active,2024-08-18
17579,2024-03-12,USA,IL,SMB,Financial Services,2,14,Active,2026-02-11
17580,2024-10-02,UK,TX,SMB,Professional Services,4,24,Churned,2026-07-10
17581,2025-05-30,Canada,CA,Mid-Market,Healthcare,4,,Active,2025-05-30
17582,2025-02-16,USA,NY,SMB,Professional Services,2,12,Active,2025-02-16
17583,2025-05-08,USA,IL,SMB,Education,2,98,Active,2025-05-08
17584,2024-09-27,USA,CO,SMB,Healthcare,7,45,Active,2024-09-27
17585,2026-07-02,Canada,MI,SMB,Healthcare,3,100,Active,2026-07-02
17586,2024-12-23,USA,KY,Enterprise,Government,8,33,Active,2024-12-23
17587,2026-04-04,UK,OH,SMB,Healthcare,4,90,Active,2026-04-04
17588,2025-01-15,USA,WA,SMB,Government,1,50,Active,2025-01-15
17589,2025-03-08,USA,WA,SMB,Manufacturing,1,25,Active,2025-03-08
17590,2025-08-11,USA,NC,SMB,Retail,1,52,Churned,
17591,2024-09-13,USA,IL,SMB,Technology,4,22,Active,2024-09-13
17592,2024-08-02,UK,KY,Mid-Market,Manufacturing,2,87,Active,2024-11-06
17593,2025-01-04,USA,,SMB,Retail,3,32,Active,2025-01-04
17594,2026-02-22,Australia,IL,Mid-Market,Technology,3,89,Active,2026-02-22
17595,2024-05-20,USA,TX,SMB,Retail,4,75,Active,2024-06-20
17596,2025-03-02,USA,PA,SMB,Healthcare,4,44,Active,2025-03-02
17597,2025-10-16,USA,CA,SMB,Professional Services,1,47,Active,2025-10-16
17598,2025-11-18,USA,NY,Mid-Market,Manufacturing,2,76,Churned,2025-11-18
17599,2025-02-27,USA,TN,Enterprise,Technology,3,4,Active,2025-02-27
17600,2024-03-20,UK,GA,SMB,Technology,4,56,Churned,
17601,2024-01-16,USA,VA,Enterprise,Technology,4,71,Active,2026-08-06
17602,2025-04-02,USA,MI,SMB,Financial Services,3,73,Active,
17603,2026-02-27,USA,NC,Mid-Market,Professional Services,4,90,Active,2026-02-27
17604,2024-01-28,Canada,MI,Mid-Market,Manufacturing,2,71,Active,2025-02-05
17605,2026-05-14,Canada,MI,SMB,Professional Services,1,45,Active,2026-07-24
17606,2025-10-20,USA,PA,SMB,Professional Services,5,83,Active,2026-03-01
17607,2024-01-08,USA,MI,SMB,Education,3,18,Churned,2026-01-11
17608,2024-11-30,USA,PA,Mid-Market,Manufacturing,4,17,Active,2024-11-30
17609,2024-08-02,Australia,MI,SMB,Healthcare,2,1,Active,2025-07-18
17610,2026-07-13,UK,CA,Enterprise,Retail,3,80,Active,2026-07-13
17611,2025-06-24,USA,CA,SMB,Technology,2,32,Active,2025-06-24
17612,2024-11-11,USA,NY,Enterprise,Retail,2,23,Active,2024-12-14
17613,2024-09-27,UK,NC,SMB,Healthcare,1,19,Active,2024-09-27
17614,2025-07-03,USA,VA,Mid-Market,Manufacturing,4,69,Active,2025-07-03
17615,2024-01-05,USA,NC,SMB,Healthcare,1,48,Active,2024-03-12
17616,2024-09-07,USA,OH,SMB,Retail,2,96,Active,2024-09-07
17617,2024-06-10,USA,CA,SMB,Manufacturing,2,69,Active,2024-06-10
17618,2025-08-26,USA,VA,Mid-Market,Healthcare,2,59,Active,2026-03-18
17619,2025-10-13,USA,TN,SMB,Healthcare,3,18,Active,2025-10-13
17620,2025-03-30,Canada,GA,Mid-Market,Financial Services,3,89,Active,2025-03-30
17621,2024-05-16,USA,WA,Enterprise,Technology,3,31,Active,2024-07-28
17622,2024-12-26,USA,MI,SMB,Professional Services,2,82,Active,2026-07-03
17623,2026-03-31,USA,NC,SMB,Financial Services,2,1,Active,2026-03-31
17624,2024-07-17,USA,GA,SMB,Technology,1,71,Churned,2025-01-13
17625,2024-06-08,USA,KY,SMB,Financial Services,3,78,Churned,2024-07-24
17626,2024-04-18,USA,PA,SMB,Technology,5,8,Churned,2024-10-01
17627,2026-03-06,Australia,IL,Mid-Market,Healthcare,2,71,Active,
17628,2024-04-26,USA,KY,SMB,Professional Services,6,3,Active,2026-08-06
17629,2025-07-20,USA,TN,SMB,Education,1,54,Active,2025-07-20
17630,2026-08-31,USA,CO,Mid-Market,Technology,4,91,Active,2026-08-31
17631,2025-09-17,USA,IL,SMB,Healthcare,4,40,Active,2025-09-17
17632,2025-02-05,USA,VA,Mid-Market,Professional Services,3,70,Active,2026-08-31
17633,2024-07-20,USA,CO,Enterprise,Healthcare,3,20,Churned,2024-11-18
17634,2024-01-02,USA,FL,SMB,Manufacturing,1,55,Churned,2026-07-17
17635,2024-05-31,USA,GA,SMB,Education,4,47,Active,2025-01-25
17636,2026-07-17,USA,TN,Mid-Market,Technology,2,1,Active,
17637,2024-05-19,USA,WA,Mid-Market,Professional Services,3,84,Active,2024-08-30
17638,2024-01-20,Canada,VA,Mid-Market,Technology,1,13,Active,2024-08-12
17639,2026-03-05,USA,PA,Mid-Market,Education,1,7,Active,2026-03-05
17640,2025-02-11,Canada,CA,SMB,Retail,6,,Active,2025-05-16
17641,2024-12-13,USA,GA,SMB,Retail,2,83,Active,2024-12-13
17642,2025-11-29,USA,PA,Mid-Market,Manufacturing,2,24,Active,2025-11-29
17643,2025-05-24,USA,PA,Mid-Market,Technology,1,68,Active,2025-06-18
17644,2026-06-09,USA,PA,Mid-Market,Technology,3,36,Active,2026-06-09
17645,2025-03-31,Australia,NY,SMB,Manufacturing,4,77,Active,2025-03-31
17646,2025-11-25,USA,IL,Mid-Market,Technology,6,83,Active,2025-11-25
17647,2026-05-06,USA,TX,SMB,Healthcare,3,58,Churned,2026-05-06
17648,2025-03-27,Canada,TX,SMB,Retail,1,33,Active,2025-03-27
17649,2024-10-03,USA,TN,SMB,Professional Services,1,37,Active,2024-10-03
17650,2026-08-07,USA,OH,SMB,Financial Services,1,52,Active,2026-08-07
17651,2024-08-08,USA,FL,Mid-Market,Healthcare,3,19,Active,2024-10-16
17652,2024-02-08,USA,NY,SMB,Education,7,8,Active,2026-08-20
17653,2025-07-17,USA,FL,Mid-Market,Financial Services,1,68,Churned,2025-07-17
17654,2026-08-19,USA,FL,SMB,Manufacturing,2,50,Active,2026-08-19
17655,2024-03-25,Canada,KY,SMB,Technology,3,51,Active,2024-06-15
17656,2026-04-07,USA,IL,SMB,Manufacturing,3,72,Active,2026-04-07
17657,2026-03-19,USA,FL,SMB,Professional Services,3,48,Active,2026-03-19
17658,2026-06-23,USA,NY,Mid-Market,Professional Services,2,23,Active,2026-06-23
17659,2025-02-14,USA,NC,SMB,Manufacturing,1,1,Active,
17660,2024-09-05,USA,NY,SMB,Government,2,58,Active,2025-11-06
17661,2025-05-13,USA,NC,SMB,Retail,2,,Active,2025-05-13
17662,2024-05-18,USA,NY,SMB,Financial Services,4,59,Active,2024-05-18
17663,2026-03-31,USA,CA,SMB,Technology,1,9,Active,2026-03-31
17664,2025-10-08,USA,NY,Enterprise,Technology,2,82,Active,2025-10-08
17665,2025-04-15,USA,IL,SMB,Financial Services,7,91,Active,2025-04-15
17666,2025-05-17,USA,CO,SMB,Retail,3,37,Active,2025-05-17
17667,2025-11-24,Australia,GA,Enterprise,Financial Services,1,4,Active,
17668,2025-05-24,USA,OH,Mid-Market,Financial Services,6,90,Active,2025-05-24
17669,2026-03-28,USA,,SMB,Retail,1,,Active,2026-03-28
17670,2026-06-19,USA,TN,Mid-Market,Professional Services,4,48,Active,2026-06-19
17671,2026-07-14,Canada,MI,Enterprise,Professional Services,1,19,Active,2026-07-14
17672,2025-08-26,USA,KY,SMB,Manufacturing,5,4,Active,2025-08-26
17673,2025-12-24,USA,TX,SMB,Manufacturing,1,23,Active,2025-12-24
17674,2024-10-29,Canada,,Enterprise,Healthcare,2,8,Active,2024-10-29
17675,2024-02-07,USA,MI,Mid-Market,Manufacturing,7,17,Active,2024-03-09
17676,2025-01-24,Canada,VA,Enterprise,Technology,3,92,Active,2025-01-24
17677,2026-04-29,USA,GA,SMB,Education,1,,Active,2026-04-29
17678,2024-05-10,USA,MI,Enterprise,Retail,1,8,Active,
17679,2025-06-15,USA,WA,SMB,Professional Services,1,80,Active,2025-06-15
17680,2024-07-06,USA,IL,Mid-Market,Professional Services,1,80,Active,2024-11-08
17681,2025-02-22,USA,NY,Enterprise,Healthcare,3,19,Active,2026-07-04
17682,2024-05-19,USA,WA,SMB,Professional Services,2,99,Active,2024-05-19
17683,2025-12-16,USA,TN,SMB,Financial Services,6,13,Active,2025-12-16
17684,2026-02-28,UK,TN,Mid-Market,Professional Services,4,84,Active,2026-02-28
17685,2026-01-08,UK,PA,Mid-Market,Technology,6,31,Active,2026-01-08
17686,2025-11-17,USA,OH,SMB,Retail,3,41,Active,2025-11-17
17687,2024-08-17,USA,TN,Enterprise,Manufacturing,2,45,Churned,2024-09-07
17688,2025-05-31,UK,GA,SMB,Technology,3,24,Active,2025-05-31
17689,2024-04-12,USA,FL,SMB,Professional Services,2,85,Active,2024-04-12
17690,2024-12-30,USA,VA,SMB,Professional Services,1,,Active,
17691,2025-05-07,Canada,FL,Enterprise,Retail,4,62,Active,2025-05-07
17692,2025-10-13,USA,FL,SMB,Professional Services,3,37,Active,2025-10-13
17693,2024-04-04,USA,OH,Mid-Market,Manufacturing,2,97,Active,2024-04-04
17694,2026-03-02,Canada,TX,SMB,Retail,2,50,Active,2026-03-02
17695,2025-03-22,USA,WA,Enterprise,Financial Services,1,89,Churned,2025-03-22
17696,2026-05-08,USA,TX,Mid-Market,Professional Services,3,48,Active,2026-05-08
17697,2025-05-28,UK,CA,SMB,Technology,2,71,Active,2025-05-28
17698,2025-06-16,USA,CO,SMB,Manufacturing,5,62,Active,2025-06-16
17699,2025-11-05,UK,TN,SMB,Technology,3,37,Active,2025-11-05
17700,2026-03-09,USA,GA,SMB,Professional Services,2,80,Active,2026-03-09
17701,2024-06-02,UK,CO,Mid-Market,Financial Services,4,33,Active,2024-06-02
17702,2025-05-13,USA,TX,Mid-Market,Retail,5,17,Active,2025-05-13
17703,2024-01-30,USA,KY,SMB,Retail,4,68,Active,2025-01-23
17704,2025-04-07,USA,NY,Mid-Market,Healthcare,2,34,Active,2025-04-07
17705,2026-03-03,UK,TN,SMB,Retail,2,72,Active,2026-03-03
17706,2026-04-22,USA,FL,SMB,Education,3,75,Active,2026-04-22
17707,2024-10-03,USA,TN,SMB,Financial Services,4,,Active,2025-06-02
17708,2025-01-11,Australia,IL,SMB,Professional Services,7,90,Active,2025-01-11
17709,2025-06-21,USA,MI,Mid-Market,Government,2,78,Active,2025-06-21
17710,2025-01-20,UK,VA,SMB,Financial Services,3,84,Active,
17711,2024-06-22,USA,OH,Mid-Market,Retail,1,95,Active,2024-06-22
17712,2024-10-23,USA,MI,SMB,Healthcare,1,97,Active,2024-10-23
17713,2025-01-28,USA,VA,Mid-Market,Technology,1,5,Active,2025-01-28
17714,2025-05-20,UK,MI,SMB,Manufacturing,1,80,Active,2025-05-20
17715,2026-06-15,USA,CO,SMB,Technology,3,87,Active,2026-08-11
17716,2025-06-14,USA,CA,SMB,Education,2,98,Churned,2025-06-14
17717,2025-01-12,USA,WA,SMB,Education,3,21,Active,2025-01-12
17718,2025-10-05,USA,MI,SMB,Manufacturing,3,94,Active,2025-10-05
17719,2026-01-22,USA,NC,SMB,Professional Services,1,100,Active,2026-01-22
17720,2025-02-23,USA,VA,Mid-Market,Professional Services,3,66,Churned,2025-02-23
17721,2025-04-21,UK,FL,SMB,Technology,1,39,Churned,2025-04-21
17722,2024-07-31,UK,MI,Mid-Market,Healthcare,1,71,Active,2024-07-31
17723,2026-04-22,USA,TN,Mid-Market,Education,7,13,Active,2026-04-22
17724,2026-04-24,USA,FL,SMB,Professional Services,1,31,Churned,2026-04-24
17725,2024-06-19,UK,GA,Mid-Market,Manufacturing,2,56,Active,2024-06-19
17726,2024-12-03,USA,TN,SMB,Technology,3,90,Active,2025-06-07
17727,2024-09-21,USA,WA,Mid-Market,Retail,2,46,Active,2025-06-01
17728,2026-06-17,USA,VA,Mid-Market,Manufacturing,2,70,Active,
17729,2024-03-04,USA,FL,Mid-Market,Education,4,57,Active,2024-08-07
17730,2024-07-20,USA,WA,SMB,Professional Services,3,90,Active,2024-07-20
17731,2024-11-02,USA,GA,Mid-Market,Healthcare,3,89,Active,2024-11-02
17732,2025-06-29,Canada,CO,SMB,Healthcare,5,22,Active,2025-06-29
17733,2024-08-30,USA,NY,SMB,Retail,1,47,Active,2024-09-08
17734,2025-06-06,USA,OH,SMB,Retail,2,37,Active,2025-06-06
17735,2025-12-28,USA,TX,SMB,Education,1,67,Active,2025-12-28
17736,2026-03-18,USA,NY,Mid-Market,Healthcare,1,9,Active,2026-03-18
17737,2024-04-06,USA,MI,Enterprise,Education,7,25,Active,2024-07-20
17738,2024-05-15,USA,CO,SMB,Manufacturing,4,94,Active,2024-09-21
17739,2024-04-02,USA,GA,Mid-Market,Technology,1,80,Active,2024-08-20
17740,2026-06-05,USA,FL,Mid-Market,Manufacturing,2,82,Active,2026-06-05
17741,2025-09-27,USA,FL,Enterprise,Education,1,65,Active,2025-12-14
17742,2025-06-01,USA,NY,Mid-Market,Manufacturing,3,77,Churned,2025-06-01
17743,2026-02-09,USA,NC,SMB,Retail,2,48,Active,2026-02-09
17744,2025-07-24,USA,WA,SMB,Technology,6,44,Active,2025-07-24
17745,2024-08-17,Canada,TX,Mid-Market,Manufacturing,1,43,Active,
17746,2025-05-11,USA,NY,SMB,Retail,2,,Active,2025-05-11
17747,2025-11-15,USA,TX,Enterprise,Professional Services,6,32,Active,2025-11-15
17748,2024-02-05,Canada,OH,Enterprise,Education,5,97,Active,2025-10-15
17749,2025-08-13,USA,CA,Enterprise,Financial Services,1,78,Active,2025-08-13
17750,2025-04-29,Australia,TN,SMB,Education,2,39,Active,2025-04-29
17751,2024-03-08,USA,PA,Mid-Market,Financial Services,5,15,Active,2024-10-29
17752,2024-09-13,USA,FL,Mid-Market,Manufacturing,3,25,Active,2025-02-15
17753,2025-03-12,USA,FL,SMB,Financial Services,3,61,Active,2025-08-24
17754,2024-11-29,UK,NY,SMB,Healthcare,3,86,Active,2025-10-26
17755,2024-10-09,Canada,NY,SMB,Retail,6,34,Active,2024-10-09
17756,2025-09-24,USA,CO,SMB,Manufacturing,3,21,Active,2025-09-25
17757,2025-01-28,Canada,NC,Enterprise,Retail,1,41,Active,2025-02-02
17758,2025-04-29,USA,PA,Mid-Market,Healthcare,2,18,Active,2025-04-29
17759,2026-02-16,USA,MI,SMB,Financial Services,4,46,Active,2026-02-16
17760,2024-03-31,USA,TN,SMB,Financial Services,2,48,Active,2024-10-04
17761,2024-12-16,USA,MI,SMB,Technology,2,31,Active,2024-12-16
17762,2024-03-12,USA,MI,SMB,Retail,3,46,Active,2024-07-10
17763,2026-06-22,USA,VA,SMB,Manufacturing,2,60,Churned,2026-06-22
17764,2024-06-29,USA,GA,Mid-Market,Manufacturing,7,89,Active,2024-06-29
17765,2026-03-09,USA,TN,Mid-Market,Financial Services,2,78,Active,
17766,2024-07-04,USA,TN,Mid-Market,Education,4,100,Active,2025-02-09
17767,2024-11-11,USA,,Enterprise,Technology,3,58,Active,2025-04-15
17768,2025-08-15,USA,NC,SMB,Technology,1,26,Active,2026-05-06
17769,2026-03-20,USA,CA,Mid-Market,Manufacturing,2,8,Active,2026-03-20
17770,2024-06-22,USA,NY,SMB,Retail,1,21,Active,2024-06-22
17771,2024-07-26,USA,FL,SMB,Technology,4,37,Active,2024-08-31
17772,2026-05-08,USA,TX,SMB,Government,4,47,Active,
17773,2024-11-09,UK,PA,SMB,Manufacturing,1,58,Active,2024-11-09
17774,2024-07-23,USA,FL,SMB,Technology,2,45,Churned,2024-07-23
17775,2025-12-25,USA,NC,SMB,Manufacturing,7,33,Active,2025-12-25
17776,2024-03-29,USA,CO,SMB,Professional Services,1,83,Active,2024-03-29
17777,2026-04-24,USA,CO,Enterprise,Financial Services,5,61,Active,
17778,2026-05-02,USA,IL,SMB,Manufacturing,1,10,Active,2026-05-02
17779,2026-04-14,USA,CO,SMB,Manufacturing,1,53,Active,2026-04-14
17780,2024-10-14,USA,CA,Enterprise,Education,3,17,Active,
17781,2024-04-21,Australia,CA,Mid-Market,Education,1,79,Active,2025-12-26
17782,2025-02-18,Canada,WA,SMB,Education,5,21,Active,2025-05-25
17783,2024-11-21,USA,CO,Enterprise,Education,3,53,Active,2024-11-21
17784,2026-07-23,USA,OH,SMB,Manufacturing,3,9,Active,2026-07-23
17785,2025-09-07,USA,TN,SMB,Healthcare,3,95,Active,2025-09-07
17786,2026-07-08,USA,OH,SMB,Professional Services,3,7,Active,2026-07-08
17787,2026-01-01,Canada,PA,SMB,Retail,4,64,Active,2026-01-01
17788,2025-11-27,USA,KY,Mid-Market,Healthcare,3,52,Active,2025-11-27
17789,2024-04-18,USA,WA,SMB,Healthcare,4,7,Active,2025-02-22
17790,2024-03-08,USA,KY,Mid-Market,Manufacturing,3,89,Churned,2024-04-12
17791,2024-02-15,USA,OH,Mid-Market,Manufacturing,2,41,Active,2024-02-15
17792,2025-07-31,USA,GA,Enterprise,Technology,2,83,Active,
17793,2024-07-15,USA,WA,SMB,Technology,2,47,Active,2024-10-01
17794,2026-08-21,USA,TX,SMB,Healthcare,2,20,Active,2026-08-21
17795,2024-05-09,UK,MI,Enterprise,Retail,2,29,Active,2024-06-06
17796,2026-07-11,USA,NC,Mid-Market,Professional Services,2,15,Active,2026-07-11
17797,2025-10-12,USA,OH,SMB,Education,1,41,Active,2025-10-12
17798,2024-04-13,USA,KY,SMB,Professional Services,4,62,Active,2024-04-13
17799,2024-02-26,USA,GA,Mid-Market,Healthcare,4,55,Active,2024-10-10
17800,2025-01-20,USA,GA,Mid-Market,Professional Services,2,33,Active,2025-01-20
17801,2024-11-26,USA,MI,Mid-Market,Professional Services,6,36,Active,2025-08-24
17802,2024-11-03,USA,,Enterprise,Manufacturing,6,51,Active,
17803,2025-05-29,USA,OH,SMB,Technology,5,29,Active,2025-05-29
17804,2024-05-06,USA,FL,SMB,Financial Services,1,72,Active,2024-10-05
17805,2024-05-06,USA,KY,Mid-Market,Technology,2,33,Active,2024-11-28
17806,2025-11-07,Canada,VA,Enterprise,Education,2,90,Active,2025-11-07
17807,2026-08-22,Australia,GA,SMB,Manufacturing,4,25,Active,2026-08-22
17808,2024-09-23,Canada,KY,Mid-Market,Healthcare,3,19,Active,2024-09-23
17809,2026-06-26,USA,IL,SMB,Retail,3,,Active,2026-06-26
17810,2024-12-01,USA,PA,SMB,Education,4,7,Active,
17811,2024-11-23,USA,WA,Enterprise,Technology,6,2,Active,2024-11-23
17812,2024-03-29,Canada,WA,SMB,Manufacturing,3,23,Churned,2025-03-31
17813,2025-02-16,USA,,SMB,Government,5,18,Active,2025-02-16
17814,2025-04-30,Canada,KY,Mid-Market,Healthcare,4,56,Active,2025-07-19
17815,2025-10-08,USA,MI,SMB,Healthcare,2,87,Active,
17816,2024-06-03,Australia,VA,SMB,Financial Services,4,9,Churned,2024-11-16
17817,2024-07-02,Canada,WA,Mid-Market,Professional Services,1,52,Active,2024-10-11
17818,2025-02-24,USA,PA,SMB,Education,1,33,Active,2025-02-24
17819,2024-03-08,USA,MI,Mid-Market,Education,8,78,Active,2024-06-29
17820,2024-05-19,USA,NC,SMB,Professional Services,2,31,Churned,2025-01-09
17821,2025-09-04,USA,MI,SMB,Manufacturing,2,31,Active,2025-09-04
17822,2026-07-18,USA,TX,Mid-Market,Retail,7,11,Active,2026-07-18
17823,2025-07-12,USA,GA,SMB,Technology,2,1,Active,2025-07-12
17824,2024-05-21,USA,KY,Enterprise,Retail,1,98,Active,2024-05-28
17825,2026-08-23,Canada,NC,Enterprise,Manufacturing,1,43,Active,2026-08-23
17826,2025-05-23,USA,VA,Mid-Market,Healthcare,3,86,Active,2025-05-23
17827,2025-11-29,UK,NY,SMB,Retail,1,98,Active,2025-11-29
17828,2024-07-10,USA,NY,SMB,Manufacturing,1,60,Active,2024-07-10
17829,2025-07-17,UK,OH,Enterprise,Healthcare,4,55,Active,2025-07-17
17830,2024-03-15,USA,MI,SMB,Government,2,89,Active,2024-05-29
17831,2025-09-01,USA,KY,Mid-Market,Healthcare,3,75,Active,2025-09-01
17832,2024-07-16,UK,GA,Mid-Market,Professional Services,1,29,Active,2024-07-16
17833,2026-06-04,USA,OH,SMB,Healthcare,3,100,Active,2026-06-04
17834,2024-02-23,Canada,TN,SMB,Professional Services,3,85,Active,2024-05-18
17835,2025-09-27,USA,WA,Mid-Market,Manufacturing,2,3,Active,2026-07-15
17836,2024-05-15,USA,CA,Mid-Market,Financial Services,2,68,Active,2024-05-15
17837,2025-10-31,USA,PA,SMB,Financial Services,2,4,Active,2025-10-31
17838,2025-04-25,USA,NY,Mid-Market,Retail,1,24,Active,2025-04-25
17839,2026-07-31,USA,CO,Mid-Market,Education,1,64,Active,2026-07-31
17840,2025-09-26,USA,VA,SMB,Healthcare,2,68,Active,2025-09-26
17841,2024-12-28,USA,KY,SMB,Financial Services,1,23,Active,2024-12-28
17842,2024-03-26,USA,GA,Mid-Market,Technology,1,52,Active,2024-08-18
17843,2025-08-03,USA,OH,Mid-Market,Technology,1,10,Active,2026-01-11
17844,2025-03-05,USA,NC,Enterprise,Manufacturing,4,50,Active,2025-03-05
17845,2024-02-21,USA,TN,SMB,Healthcare,2,26,Active,
17846,2025-07-20,USA,MI,Enterprise,Manufacturing,3,93,Active,2025-07-20
17847,2024-07-23,USA,TX,Mid-Market,Financial Services,3,80,Active,
17848,2024-08-16,Australia,CO,Mid-Market,Technology,2,39,Active,2025-07-14
17849,2024-01-09,USA,GA,SMB,Financial Services,1,43,Active,2024-04-13
17850,2024-12-28,USA,CO,SMB,Government,2,92,Active,2024-12-28
17851,2024-07-31,UK,CO,SMB,Technology,3,87,Active,2024-07-31
17852,2024-03-10,UK,NY,SMB,Technology,2,83,Active,2024-03-10
17853,2025-02-27,USA,NY,SMB,Professional Services,1,55,Active,2025-02-27
17854,2024-08-02,Canada,CO,Enterprise,Government,6,43,Active,2025-12-31
17855,2024-05-10,USA,MI,SMB,Education,4,62,Churned,2024-05-11
17856,2025-03-30,USA,NC,Enterprise,Technology,1,78,Active,2025-10-18
17857,2024-03-02,USA,TX,SMB,Professional Services,5,11,Churned,2024-11-18
17858,2026-08-22,USA,GA,Mid-Market,Financial Services,1,,Churned,
17859,2025-04-03,USA,CO,SMB,Education,1,45,Active,2025-04-03
17860,2026-08-28,USA,WA,Mid-Market,Technology,1,51,Active,2026-08-28
17861,2026-05-08,USA,CO,Mid-Market,Technology,6,19,Active,
17862,2026-08-12,USA,TN,Enterprise,Professional Services,1,7,Active,2026-08-12
17863,2025-06-12,Australia,FL,SMB,Technology,4,51,Active,2025-12-21
17864,2025-02-16,USA,TX,SMB,Technology,3,20,Active,2025-02-16
17865,2025-12-02,USA,FL,Enterprise,Professional Services,3,15,Active,2025-12-02
17866,2024-03-19,USA,TN,SMB,Technology,2,36,Active,2024-03-19
17867,2026-03-29,Australia,NC,Mid-Market,Financial Services,1,92,Active,2026-03-29
17868,2024-11-11,USA,NC,SMB,Financial Services,4,10,Active,2024-12-12
17869,2024-01-08,USA,KY,SMB,Manufacturing,2,47,Churned,2024-02-23
17870,2024-08-19,USA,NC,Mid-Market,Financial Services,3,90,Active,2024-08-19
17871,2024-08-24,USA,NC,Mid-Market,Technology,1,1,Active,2024-08-24
17872,2024-01-14,USA,VA,Mid-Market,Professional Services,4,88,Active,2024-02-04
17873,2025-10-13,USA,KY,SMB,Retail,3,79,Active,2026-03-14
17874,2024-04-02,USA,OH,Mid-Market,Professional Services,3,1,Churned,2026-02-03
17875,2026-04-04,USA,TX,Enterprise,Education,2,42,Churned,2026-04-04
17876,2025-03-17,USA,TN,SMB,Government,2,10,Active,2025-03-17
17877,2025-11-30,USA,IL,SMB,Financial Services,2,39,Active,2026-07-06
17878,2024-11-26,USA,KY,SMB,Manufacturing,1,94,Active,2025-07-06
17879,2024-05-08,USA,TX,Mid-Market,Technology,3,84,Active,2024-06-04
17880,2024-06-24,USA,TN,SMB,Education,1,1,Churned,2025-04-25
17881,2025-09-21,USA,NY,Mid-Market,Professional Services,1,83,Active,2025-09-21
17882,2025-11-28,USA,TN,SMB,Professional Services,1,96,Active,2025-11-28
17883,2024-09-17,USA,NY,Mid-Market,Financial Services,1,65,Active,2024-09-17
17884,2024-12-13,Australia,KY,Mid-Market,Manufacturing,3,58,Churned,2024-12-13
17885,2026-07-09,USA,VA,SMB,Technology,3,67,Active,2026-07-09
17886,2026-04-09,USA,WA,SMB,Healthcare,2,56,Active,2026-04-09
17887,2025-02-06,USA,NC,SMB,Government,2,24,Active,
17888,2024-08-22,USA,MI,SMB,Education,3,4,Churned,2024-09-14
17889,2024-10-20,USA,OH,SMB,Professional Services,3,5,Active,2024-10-20
17890,2025-06-08,UK,CA,Mid-Market,Professional Services,4,37,Active,2025-06-08
17891,2025-07-06,USA,MI,SMB,Financial Services,4,74,Active,2025-07-06
17892,2024-06-28,USA,CA,SMB,Manufacturing,4,84,Active,2024-07-07
17893,2024-03-05,USA,CO,SMB,Technology,4,23,Active,2024-03-05
17894,2025-04-27,Canada,CO,SMB,Professional Services,5,33,Active,2026-01-27
17895,2026-02-15,USA,,Enterprise,Education,3,2,Active,
17896,2024-05-28,UK,VA,SMB,Healthcare,3,91,Active,2025-08-13
17897,2025-02-01,USA,CA,SMB,Technology,4,17,Active,2025-02-01
17898,2024-06-06,USA,MI,SMB,Retail,1,52,Active,2024-12-17
17899,2024-08-23,USA,WA,Enterprise,Retail,2,6,Active,2024-08-23
17900,2025-08-19,USA,MI,Mid-Market,Government,6,84,Active,2025-08-19
17901,2024-10-05,Canada,CA,SMB,Healthcare,3,89,Active,2024-10-05
17902,2024-09-13,USA,OH,Mid-Market,Healthcare,1,79,Active,2024-09-13
17903,2026-08-27,USA,CO,Mid-Market,Retail,2,18,Active,2026-08-27
17904,2024-06-16,USA,TN,Mid-Market,Professional Services,1,47,Active,2024-09-03
17905,2024-07-03,UK,PA,SMB,Financial Services,2,96,Churned,2024-07-03
17906,2026-06-24,USA,TX,Mid-Market,Healthcare,3,84,Active,2026-06-24
17907,2025-06-19,USA,PA,Mid-Market,Retail,3,16,Active,2025-06-19
17908,2024-02-11,USA,NC,SMB,Technology,2,87,Churned,2024-09-05
17909,2025-02-17,USA,GA,SMB,Healthcare,1,49,Active,2026-05-16
17910,2025-07-04,USA,CO,SMB,Professional Services,2,97,Active,2025-07-04
17911,2024-09-03,USA,WA,SMB,Professional Services,1,,Active,2024-09-03
17912,2025-06-18,USA,TX,SMB,Manufacturing,2,8,Active,2025-06-18
17913,2025-09-23,Canada,OH,Mid-Market,Healthcare,3,49,Active,2025-09-23
17914,2024-09-01,USA,MI,Mid-Market,Manufacturing,1,81,Active,2024-11-02
17915,2026-03-02,USA,FL,SMB,Financial Services,6,84,Churned,2026-03-02
17916,2025-03-16,Canada,VA,SMB,Manufacturing,3,67,Active,2025-03-16
17917,2026-07-27,USA,MI,Mid-Market,Education,1,87,Churned,2026-07-27
17918,2024-03-26,USA,VA,SMB,Healthcare,2,71,Active,2025-04-19
17919,2024-11-11,USA,NY,SMB,Healthcare,1,58,Active,2024-11-11
17920,2025-12-03,USA,IL,Mid-Market,Healthcare,1,93,Active,2025-12-03
17921,2026-05-21,USA,GA,SMB,Healthcare,6,28,Active,2026-05-21
17922,2024-08-03,Canada,NY,SMB,Financial Services,3,4,Active,2026-07-30
17923,2026-08-12,USA,VA,Mid-Market,Retail,4,94,Active,2026-08-12
17924,2024-07-07,USA,IL,Mid-Market,Education,3,76,Active,2024-08-09
17925,2025-02-09,USA,,SMB,Healthcare,5,78,Active,2025-02-09
17926,2024-11-02,USA,PA,Mid-Market,Retail,5,38,Active,2024-11-02
17927,2025-02-17,USA,TX,Enterprise,Professional Services,1,52,Active,2025-02-17
17928,2026-05-28,Australia,NC,SMB,Technology,1,61,Active,2026-05-28
17929,2025-12-14,USA,IL,Mid-Market,Professional Services,2,65,Active,2025-12-14
17930,2026-02-14,USA,TN,SMB,Manufacturing,2,24,Churned,2026-02-14
17931,2024-09-04,USA,WA,SMB,Healthcare,3,,Active,2025-03-20
17932,2026-07-11,USA,NY,SMB,Financial Services,1,30,Active,2026-07-11
17933,2025-02-28,USA,TN,SMB,Education,4,45,Active,2025-02-28
17934,2025-09-27,USA,NC,SMB,Professional Services,1,62,Active,2025-09-27
17935,2025-11-10,Australia,KY,Mid-Market,Manufacturing,4,,Active,2025-11-10
17936,2025-10-07,Australia,CO,SMB,Manufacturing,2,37,Churned,2025-10-07
17937,2025-08-09,USA,OH,Enterprise,Manufacturing,1,37,Active,2025-08-09
17938,2025-04-12,Canada,TN,SMB,Healthcare,4,30,Active,2026-04-30
17939,2025-09-22,USA,IL,Mid-Market,Healthcare,2,82,Active,2025-09-22
17940,2026-05-31,USA,TN,SMB,Government,4,4,Active,2026-05-31
17941,2025-01-14,USA,OH,SMB,Healthcare,5,60,Churned,2025-01-27
17942,2025-05-12,Australia,CA,Mid-Market,Retail,1,16,Active,2025-05-12
17943,2024-06-24,Australia,CO,Mid-Market,Technology,1,50,Active,2024-08-21
17944,2024-12-11,USA,,SMB,Manufacturing,1,61,Active,2024-12-11
17945,2026-01-21,USA,VA,SMB,Government,1,47,Active,2026-01-21
17946,2025-09-15,USA,NY,Mid-Market,Healthcare,6,41,Active,2025-09-15
17947,2024-07-24,USA,IL,Mid-Market,Professional Services,4,60,Active,2025-05-19
17948,2025-06-15,Canada,TX,SMB,Healthcare,2,3,Active,2025-06-15
17949,2026-03-01,USA,CO,Mid-Market,Financial Services,3,91,Active,2026-03-01
17950,2024-04-30,USA,IL,SMB,Manufacturing,6,36,Active,2025-04-25
17951,2024-03-01,USA,NC,SMB,Professional Services,1,5,Active,2024-09-30
17952,2025-01-17,USA,NY,Mid-Market,Retail,1,37,Active,2025-08-03
17953,2025-10-01,USA,VA,Enterprise,Retail,4,36,Active,2025-10-01
17954,2024-11-01,UK,NC,SMB,Retail,4,23,Active,2025-03-06
17955,2026-03-10,USA,IL,SMB,Healthcare,1,62,Active,2026-03-10
17956,2026-04-04,USA,FL,SMB,Professional Services,2,,Active,2026-04-04
17957,2025-06-02,USA,TX,Mid-Market,Professional Services,1,35,Active,2025-08-21
17958,2025-01-03,Canada,IL,SMB,Technology,3,1,Active,2025-07-20
17959,2024-02-10,Canada,TX,SMB,Manufacturing,3,24,Active,2024-11-14
17960,2026-03-11,USA,TN,SMB,Technology,1,63,Active,2026-03-11
17961,2026-05-22,USA,GA,Enterprise,Manufacturing,4,28,Churned,
17962,2025-03-06,USA,TN,SMB,Healthcare,2,77,Churned,2025-03-06
17963,2025-05-18,USA,NY,Mid-Market,Retail,4,51,Churned,2025-05-18
17964,2026-01-03,USA,IL,SMB,Technology,3,24,Active,2026-01-03
17965,2025-11-08,USA,TX,SMB,Professional Services,2,27,Active,2025-11-08
17966,2024-05-11,Australia,TN,SMB,Retail,1,33,Active,2024-11-23
17967,2025-10-16,USA,VA,SMB,Professional Services,1,55,Churned,2025-10-16
17968,2026-06-19,USA,CA,SMB,Education,4,90,Active,2026-06-19
17969,2026-01-01,USA,PA,SMB,Professional Services,3,25,Churned,2026-01-01
17970,2025-04-13,USA,CA,SMB,Government,1,97,Churned,2025-04-13
17971,2025-05-24,USA,VA,SMB,Healthcare,7,66,Active,2026-06-15
17972,2024-09-10,USA,VA,SMB,Manufacturing,4,57,Active,2024-09-10
17973,2025-10-05,UK,TX,SMB,Education,1,32,Active,2025-10-05
17974,2024-08-23,USA,PA,SMB,Professional Services,1,40,Active,2024-08-23
17975,2024-11-28,Australia,MI,SMB,Healthcare,3,77,Churned,2024-11-28
17976,2024-09-15,USA,MI,Mid-Market,Technology,1,99,Active,2024-09-15
17977,2024-11-22,USA,TX,Enterprise,Professional Services,7,51,Active,2024-11-22
17978,2024-12-23,USA,TX,Mid-Market,Financial Services,3,6,Active,2024-12-23
17979,2024-03-21,USA,TX,SMB,Retail,1,57,Active,
17980,2025-11-29,UK,OH,Enterprise,Retail,2,30,Active,2025-11-29
17981,2025-03-05,USA,CO,Enterprise,Retail,1,77,Active,2025-03-05
17982,2026-07-13,USA,WA,SMB,Technology,2,53,Active,2026-07-13
17983,2024-06-25,USA,MI,SMB,Healthcare,1,15,Active,2024-06-25
17984,2025-10-13,USA,TN,Mid-Market,Education,4,25,Active,2025-10-13
17985,2024-06-23,USA,WA,Enterprise,Healthcare,4,92,Active,2024-10-24
17986,2025-06-16,USA,MI,Mid-Market,Professional Services,5,93,Active,2025-06-16
17987,2025-04-23,USA,GA,Mid-Market,Healthcare,1,38,Active,2025-04-23
17988,2025-03-12,Canada,TN,Mid-Market,Education,2,53,Active,2025-03-12
17989,2025-09-29,USA,KY,Enterprise,Retail,4,34,Active,2025-09-29
17990,2026-03-17,USA,NY,SMB,Technology,2,90,Active,2026-03-17
17991,2024-11-04,USA,CA,SMB,Financial Services,2,85,Active,2024-11-17
17992,2026-04-07,USA,VA,Mid-Market,Manufacturing,8,34,Active,2026-04-07
17993,2024-06-29,USA,IL,SMB,Retail,4,25,Active,2024-07-01
17994,2024-10-12,USA,NY,SMB,Healthcare,5,17,Active,2024-10-12
17995,2024-10-29,USA,CA,SMB,Education,2,78,Churned,2024-12-24
17996,2026-07-17,USA,NC,SMB,Healthcare,3,92,Active,2026-07-17
17997,2024-04-25,USA,GA,SMB,Professional Services,2,53,Active,2024-08-09
17998,2025-01-19,USA,TN,Mid-Market,Manufacturing,2,48,Churned,2025-01-19
17999,2025-02-17,USA,PA,SMB,Healthcare,1,37,Active,2025-02-17
18000,2026-02-18,USA,OH,Mid-Market,Government,4,80,Active,2026-02-18
18001,2025-04-18,USA,WA,SMB,Healthcare,2,5,Active,2026-08-14
18002,2026-07-30,Canada,NC,Enterprise,Professional Services,3,32,Active,2026-07-30
18003,2025-12-22,USA,NY,Mid-Market,Retail,5,61,Active,2025-12-22
18004,2025-11-16,USA,MI,Enterprise,Technology,4,11,Active,2025-11-16
18005,2026-01-03,USA,KY,SMB,Professional Services,1,36,Churned,2026-01-03
18006,2024-06-06,USA,NC,SMB,Healthcare,3,64,Active,
18007,2025-03-13,USA,FL,Mid-Market,Technology,2,35,Churned,2025-03-13
18008,2025-07-24,UK,NY,Mid-Market,Healthcare,1,27,Active,2025-07-24
18009,2024-07-22,USA,CO,SMB,Technology,1,73,Active,2024-07-22
18010,2024-04-25,USA,WA,Mid-Market,Financial Services,3,92,Active,2024-04-25
18011,2024-05-12,USA,FL,Mid-Market,Healthcare,4,22,Active,2025-10-20
18012,2026-02-07,USA,CA,SMB,Healthcare,6,30,Active,2026-02-07
18013,2025-10-01,USA,TX,Mid-Market,Technology,2,22,Active,2025-10-01
18014,2024-10-01,USA,CA,SMB,Government,2,,Active,2024-10-01
18015,2025-12-19,USA,FL,SMB,Government,1,92,Active,
18016,2025-11-08,UK,GA,Enterprise,Education,8,76,Active,2025-11-08
18017,2026-03-06,USA,KY,SMB,Professional Services,4,81,Active,2026-03-06
18018,2026-06-05,USA,PA,Mid-Market,Professional Services,7,38,Active,2026-06-05
18019,2026-05-09,USA,IL,Mid-Market,Manufacturing,2,12,Active,2026-05-09
18020,2024-06-25,USA,GA,Enterprise,Financial Services,1,15,Active,2024-07-27
18021,2026-01-19,USA,CO,SMB,Technology,3,94,Active,2026-01-19
18022,2025-01-17,USA,OH,SMB,Healthcare,2,24,Active,2025-01-17
18023,2025-01-27,USA,OH,SMB,Professional Services,2,11,Active,2026-04-23
18024,2025-09-22,UK,TN,Mid-Market,Retail,1,67,Active,2025-09-22
18025,2025-08-09,USA,OH,SMB,Financial Services,1,33,Active,2026-06-19
18026,2025-02-12,USA,OH,Mid-Market,Professional Services,2,13,Active,2025-02-12
18027,2026-08-31,USA,CO,SMB,Healthcare,6,34,Active,2026-08-31
18028,2024-06-19,Canada,FL,SMB,Government,4,70,Active,2024-08-13
18029,2024-04-04,USA,OH,Enterprise,Government,4,34,Active,2025-09-12
18030,2024-01-29,Australia,TN,Mid-Market,Technology,1,95,Active,2026-08-24
18031,2026-03-04,USA,KY,SMB,Technology,4,44,Active,2026-03-04
18032,2025-01-31,Canada,FL,Mid-Market,Healthcare,2,14,Active,2025-01-31
18033,2025-03-01,Canada,FL,SMB,Manufacturing,1,90,Active,2025-03-01
18034,2025-09-24,USA,NY,Mid-Market,Professional Services,2,28,Active,2025-09-24
18035,2025-02-28,USA,KY,SMB,Healthcare,1,36,Active,2025-02-28
18036,2025-07-13,USA,GA,SMB,Retail,5,35,Active,2025-07-13
18037,2024-02-26,USA,NY,SMB,Retail,4,49,Churned,2024-05-06
18038,2024-06-01,USA,TN,SMB,Technology,1,59,Active,2024-06-24
18039,2026-06-26,UK,CO,Mid-Market,Technology,3,57,Active,2026-06-26
18040,2025-03-14,USA,TX,SMB,Healthcare,2,65,Active,2026-07-06
18041,2024-06-12,USA,VA,SMB,Financial Services,1,28,Active,2024-06-12
18042,2024-12-25,USA,VA,SMB,Professional Services,3,97,Churned,2024-12-25
18043,2024-11-22,USA,TN,SMB,Financial Services,4,47,Active,2024-11-22
18044,2024-09-24,USA,VA,Mid-Market,Retail,4,99,Active,2024-09-24
18045,2024-10-12,Australia,VA,SMB,Financial Services,1,8,Active,2024-10-12
18046,2025-12-11,USA,GA,Mid-Market,Education,3,33,Active,2025-12-11
18047,2024-04-13,USA,NC,Enterprise,Healthcare,1,83,Active,
18048,2024-10-28,USA,GA,SMB,Retail,1,21,Active,2024-11-06
18049,2025-03-31,USA,FL,Mid-Market,Manufacturing,1,64,Active,2025-03-31
18050,2025-06-10,USA,OH,SMB,Healthcare,1,25,Active,2025-06-10
18051,2026-05-07,USA,TX,SMB,Government,2,83,Churned,2026-05-07
18052,2026-06-18,USA,CO,SMB,Professional Services,2,62,Active,2026-06-18
18053,2024-10-16,USA,CO,SMB,Technology,3,50,Active,2025-10-25
18054,2025-06-09,USA,CO,SMB,Manufacturing,2,27,Churned,2025-06-09
18055,2024-01-22,Canada,WA,SMB,Healthcare,1,93,Active,2025-02-14
18056,2025-08-23,USA,NY,Mid-Market,Manufacturing,6,82,Churned,2025-08-23
18057,2024-05-28,USA,MI,SMB,Financial Services,5,46,Active,2024-05-28
18058,2024-03-12,USA,CO,Enterprise,Technology,1,47,Active,2024-07-24
18059,2025-10-16,USA,TX,SMB,Healthcare,2,77,Active,2025-10-16
18060,2024-06-22,USA,GA,Mid-Market,Technology,1,2,Active,2026-01-06
18061,2025-04-09,USA,CA,SMB,Retail,7,79,Active,2025-04-09
18062,2024-04-08,USA,VA,SMB,Manufacturing,2,79,Active,2024-07-30
18063,2025-12-27,USA,GA,SMB,Financial Services,1,75,Active,
18064,2026-01-14,USA,VA,Enterprise,Financial Services,4,43,Active,2026-01-14
18065,2025-07-13,USA,TX,Enterprise,Manufacturing,4,47,Active,2025-07-13
18066,2026-03-25,USA,FL,SMB,Manufacturing,1,100,Active,
18067,2025-03-01,USA,CA,Mid-Market,Government,2,70,Active,2026-01-02
18068,2024-06-30,USA,PA,Mid-Market,Retail,2,77,Active,2024-12-11
18069,2024-05-27,USA,TX,Mid-Market,Healthcare,1,47,Active,2025-09-24
18070,2024-08-01,USA,NY,SMB,Manufacturing,1,56,Churned,2024-08-01
18071,2024-07-14,Australia,VA,Mid-Market,Retail,4,38,Active,2024-07-14
18072,2024-11-10,USA,MI,Mid-Market,Professional Services,4,13,Active,2024-11-10
18073,2024-07-27,USA,FL,SMB,Financial Services,3,81,Active,2024-07-27
18074,2025-07-29,USA,OH,SMB,Professional Services,3,53,Active,2025-07-29
18075,2024-05-24,USA,NC,SMB,Technology,3,53,Active,2025-03-18
18076,2025-08-28,UK,TN,Enterprise,Financial Services,2,62,Active,2025-08-28
18077,2024-11-21,UK,VA,SMB,Retail,4,69,Active,2025-06-01
18078,2025-10-30,USA,CA,SMB,Manufacturing,1,86,Active,2025-10-30
18079,2025-05-14,USA,VA,SMB,Manufacturing,1,74,Active,2025-06-09
18080,2026-05-31,USA,GA,Mid-Market,Retail,1,82,Active,2026-05-31
18081,2025-03-04,USA,NY,Mid-Market,Technology,4,71,Active,2025-03-04
18082,2024-10-14,UK,OH,SMB,Technology,3,94,Active,2025-12-20
18083,2025-07-27,USA,NC,SMB,Manufacturing,2,13,Active,2025-07-27
18084,2025-10-03,USA,TN,Mid-Market,Technology,2,71,Active,2025-10-03
18085,2025-03-03,USA,NY,SMB,Professional Services,4,12,Active,2025-03-03
18086,2025-06-29,Canada,FL,SMB,Manufacturing,1,48,Active,2025-08-03
18087,2025-04-03,USA,GA,Enterprise,Retail,2,5,Active,2026-08-08
18088,2024-10-24,USA,PA,SMB,Financial Services,4,42,Active,2025-03-06
18089,2024-11-01,USA,MI,SMB,Healthcare,3,38,Active,2024-11-01
18090,2026-06-02,Canada,NC,SMB,Retail,2,48,Active,2026-06-02
18091,2025-10-19,Canada,NY,Mid-Market,Retail,1,85,Active,2026-03-27
18092,2024-04-03,USA,CA,Mid-Market,Education,6,31,Active,2024-04-06
18093,2026-07-26,USA,TX,SMB,Financial Services,2,12,Active,2026-07-26
18094,2025-11-24,Canada,,Mid-Market,Technology,5,15,Active,2025-11-24
18095,2024-02-18,USA,NY,Enterprise,Healthcare,4,81,Active,2026-01-03
18096,2025-12-09,USA,NY,Mid-Market,Healthcare,5,26,Churned,2025-12-09
18097,2025-07-28,USA,TN,SMB,Retail,1,38,Active,2025-07-28
18098,2026-06-10,USA,TX,SMB,Manufacturing,2,70,Active,2026-06-10
18099,2025-04-21,USA,NC,Enterprise,Financial Services,1,89,Active,2025-04-21
18100,2025-05-20,USA,KY,SMB,Healthcare,1,8,Active,2025-05-20
18101,2024-11-02,USA,NC,SMB,Technology,1,77,Active,2024-11-02
18102,2024-11-09,USA,FL,SMB,Retail,2,40,Active,2025-02-15
18103,2025-08-24,USA,CO,Mid-Market,Retail,2,52,Active,2025-08-24
18104,2026-03-17,USA,OH,SMB,Retail,3,18,Active,
18105,2026-05-17,USA,TN,SMB,Retail,2,13,Active,2026-05-17
18106,2026-01-20,USA,,Mid-Market,Financial Services,1,69,Active,2026-01-20
18107,2025-08-16,USA,MI,SMB,Financial Services,2,63,Active,2025-08-16
18108,2025-05-02,USA,CO,SMB,Manufacturing,3,34,Active,2025-05-02
18109,2024-11-26,USA,VA,SMB,Manufacturing,1,37,Active,2024-11-26
18110,2026-01-17,USA,,SMB,Professional Services,4,53,Active,2026-01-17
18111,2024-11-05,USA,IL,Enterprise,Professional Services,2,44,Active,2024-11-05
18112,2024-09-17,USA,WA,SMB,Healthcare,3,84,Active,2024-09-17
18113,2026-04-25,USA,WA,Mid-Market,Financial Services,4,22,Churned,
18114,2025-07-28,USA,VA,SMB,Professional Services,3,53,Active,2025-07-28
18115,2024-12-11,USA,CA,SMB,Retail,3,66,Churned,2024-12-11
18116,2026-04-22,USA,GA,SMB,Manufacturing,6,30,Active,2026-04-22
18117,2026-07-26,USA,OH,SMB,Technology,1,20,Active,2026-07-26
18118,2024-11-05,USA,VA,SMB,Manufacturing,2,60,Active,2024-11-27
18119,2025-05-22,UK,GA,SMB,Healthcare,6,40,Active,2025-05-22
18120,2025-04-15,USA,MI,Enterprise,Financial Services,4,98,Active,2025-04-15
18121,2025-11-14,USA,NY,SMB,Healthcare,3,21,Active,2025-11-14
18122,2026-07-15,USA,CO,Enterprise,Financial Services,1,57,Churned,2026-07-15
18123,2025-06-18,USA,MI,SMB,Healthcare,2,43,Active,2025-06-18
18124,2026-02-16,USA,NC,SMB,Technology,5,35,Active,2026-02-16
18125,2025-08-03,USA,FL,Mid-Market,Retail,3,58,Active,2025-08-03
18126,2026-05-13,USA,GA,SMB,Healthcare,1,78,Active,2026-05-13
18127,2025-01-29,USA,WA,SMB,Healthcare,1,30,Active,2025-01-29
18128,2025-01-10,Canada,VA,SMB,Government,4,62,Active,2025-01-10
18129,2025-02-15,USA,FL,SMB,Healthcare,3,84,Active,2025-02-15
18130,2026-08-28,USA,OH,Mid-Market,Financial Services,7,97,Active,2026-08-28
18131,2025-08-18,USA,MI,SMB,Technology,2,63,Active,2025-08-18
18132,2024-05-28,USA,TN,Enterprise,Financial Services,2,16,Active,2024-12-01
18133,2024-02-09,USA,IL,SMB,Financial Services,1,85,Active,2024-05-30
18134,2025-05-20,USA,KY,SMB,Healthcare,2,99,Churned,2025-05-20
18135,2026-02-23,USA,VA,SMB,Government,2,95,Active,2026-02-23
18136,2025-04-11,USA,GA,SMB,Technology,1,70,Active,2025-04-11
18137,2025-06-29,USA,MI,Enterprise,Manufacturing,2,12,Active,2025-06-29
18138,2026-02-16,USA,FL,Mid-Market,Professional Services,1,62,Active,2026-02-16
18139,2025-05-17,USA,FL,SMB,Technology,4,19,Active,2025-09-03
18140,2026-06-03,UK,WA,SMB,Financial Services,1,77,Active,2026-06-03
18141,2025-09-13,USA,OH,Mid-Market,Manufacturing,2,5,Active,2025-09-13
18142,2025-12-13,USA,VA,SMB,Manufacturing,3,16,Active,2025-12-13
18143,2026-01-31,USA,NC,SMB,Retail,1,70,Active,2026-01-31
18144,2025-09-02,USA,IL,SMB,Education,3,26,Active,
18145,2024-02-18,USA,VA,SMB,Healthcare,4,9,Active,2024-08-23
18146,2025-02-20,UK,MI,SMB,Healthcare,3,12,Active,2025-02-20
18147,2024-05-17,USA,CA,SMB,Retail,2,31,Active,2024-05-17
18148,2025-05-12,USA,KY,Enterprise,Healthcare,4,50,Active,
18149,2024-05-19,USA,IL,SMB,Government,6,72,Churned,2024-05-19
18150,2025-05-11,USA,NC,Enterprise,Manufacturing,4,52,Active,2025-07-01
18151,2024-11-30,USA,CO,Mid-Market,Healthcare,2,43,Active,2024-11-30
18152,2024-01-20,UK,IL,SMB,Technology,3,91,Churned,2026-06-21
18153,2024-05-01,USA,KY,SMB,Education,3,78,Active,
18154,2025-05-04,UK,TX,SMB,Retail,2,45,Active,2025-05-04
18155,2024-03-17,USA,IL,Mid-Market,Manufacturing,2,100,Active,2024-05-08
18156,2026-04-13,USA,CA,SMB,Technology,4,72,Active,2026-04-13
18157,2026-01-08,USA,CO,Enterprise,Financial Services,2,37,Active,2026-01-08
18158,2025-11-21,USA,IL,Mid-Market,Technology,5,41,Active,2025-11-21
18159,2024-06-16,USA,CA,Mid-Market,Technology,8,8,Active,2024-06-16
18160,2026-02-14,Canada,MI,SMB,Professional Services,2,80,Active,2026-02-14
18161,2025-09-10,USA,IL,Mid-Market,Professional Services,1,61,Active,2025-09-10
18162,2025-01-15,UK,CA,Mid-Market,Government,7,12,Churned,2025-01-15
18163,2024-01-01,USA,FL,Mid-Market,Healthcare,1,16,Active,2024-01-01
18164,2025-05-30,USA,VA,SMB,Professional Services,4,11,Active,2025-05-30
18165,2026-02-14,USA,KY,Mid-Market,Technology,1,16,Active,2026-02-14
18166,2024-02-02,USA,VA,SMB,Retail,1,33,Active,2024-02-02
18167,2024-02-21,USA,TX,Mid-Market,Professional Services,1,76,Active,2024-02-21
18168,2025-01-08,USA,CO,SMB,Professional Services,1,100,Active,2025-01-08
18169,2025-05-13,USA,NC,SMB,Education,6,43,Active,2025-05-13
18170,2025-04-07,USA,PA,Mid-Market,Healthcare,1,54,Active,2025-04-07
18171,2025-02-19,USA,NC,SMB,Financial Services,1,54,Active,2025-02-19
18172,2024-09-05,UK,OH,Mid-Market,Professional Services,3,66,Active,
18173,2024-02-28,USA,IL,Mid-Market,Government,7,69,Active,2026-02-25
18174,2024-01-31,USA,VA,Mid-Market,Financial Services,2,10,Active,2024-05-16
18175,2024-04-06,Australia,OH,Mid-Market,Financial Services,4,58,Churned,2024-05-01
18176,2025-11-03,USA,,SMB,Technology,1,39,Active,2025-11-03
18177,2026-02-04,Australia,GA,SMB,Healthcare,4,81,Churned,2026-02-04
18178,2025-02-27,UK,CA,Mid-Market,Technology,4,94,Active,2025-02-27
18179,2024-03-16,USA,GA,SMB,Government,5,36,Churned,2024-09-09
18180,2025-02-08,USA,PA,SMB,Retail,3,57,Active,2025-02-08
18181,2026-08-18,Canada,FL,SMB,Education,6,26,Active,2026-08-18
18182,2024-08-31,USA,NC,SMB,Manufacturing,2,6,Active,2024-10-20
18183,2025-04-23,USA,CO,Enterprise,Retail,4,15,Active,2025-04-23
18184,2025-06-07,USA,FL,SMB,Retail,4,86,Churned,2025-06-07
18185,2024-11-17,USA,NY,SMB,Manufacturing,1,33,Churned,2024-11-17
18186,2025-03-02,USA,NC,Enterprise,Education,6,11,Active,2025-09-18
18187,2025-04-04,Canada,CO,Enterprise,Manufacturing,4,24,Active,2025-04-04
18188,2025-04-06,USA,FL,SMB,Professional Services,5,62,Active,2025-04-06
18189,2025-11-30,USA,KY,Enterprise,Healthcare,2,43,Active,
18190,2025-07-19,USA,TX,SMB,Government,4,16,Active,2025-07-19
18191,2024-02-22,USA,NC,Mid-Market,Manufacturing,2,48,Active,2024-08-01
18192,2024-01-07,Canada,PA,SMB,Retail,7,88,Active,2024-02-25
18193,2025-02-04,Canada,MI,SMB,Healthcare,1,47,Churned,2025-02-04
18194,2026-06-03,USA,NY,SMB,Retail,3,98,Churned,2026-06-03
18195,2024-02-05,USA,NY,Mid-Market,Manufacturing,1,37,Active,2024-03-06
18196,2024-03-10,Canada,WA,SMB,Professional Services,4,26,Active,2024-03-12
18197,2025-10-23,USA,IL,SMB,Education,2,59,Active,2025-10-23
18198,2025-03-15,USA,TN,Mid-Market,Healthcare,5,85,Active,2025-05-01
18199,2024-08-12,USA,VA,SMB,Retail,5,,Active,2024-08-12
18200,2024-07-20,USA,PA,Enterprise,Manufacturing,2,91,Active,2025-03-26
18201,2025-10-09,UK,PA,SMB,Professional Services,4,6,Active,2025-10-09
18202,2025-05-25,USA,OH,SMB,Education,3,76,Active,2025-05-25
18203,2025-09-13,USA,NY,SMB,Financial Services,2,4,Active,2025-09-13
18204,2024-09-29,USA,PA,SMB,Healthcare,2,78,Active,2025-01-20
18205,2025-05-27,USA,WA,SMB,Healthcare,1,27,Active,2025-05-27
18206,2026-04-17,UK,CO,SMB,Manufacturing,1,71,Active,2026-04-17
18207,2024-11-04,UK,PA,Mid-Market,Healthcare,3,39,Churned,2025-05-13
18208,2025-01-21,USA,,SMB,Financial Services,3,7,Churned,2025-05-19
18209,2024-06-08,USA,CA,SMB,Professional Services,2,70,Active,2025-12-16
18210,2025-09-14,USA,NC,Mid-Market,Retail,7,36,Active,2025-09-14
18211,2024-02-01,USA,TN,SMB,Government,1,16,Active,
18212,2024-08-30,USA,GA,Mid-Market,Education,5,31,Active,
18213,2025-11-25,USA,KY,Enterprise,Financial Services,4,19,Churned,2025-11-25
18214,2024-01-19,UK,WA,SMB,Healthcare,4,21,Active,2026-03-31
18215,2026-08-21,Canada,KY,Mid-Market,Manufacturing,3,44,Active,2026-08-21
18216,2025-01-28,USA,TX,Enterprise,Technology,1,46,Active,2025-04-25
18217,2025-01-23,USA,MI,SMB,Manufacturing,5,34,Active,2025-01-23
18218,2025-06-06,USA,TN,Enterprise,Professional Services,4,27,Active,2025-06-06
18219,2025-09-14,USA,OH,SMB,Education,4,83,Active,2025-09-14
18220,2025-03-23,Canada,TN,Mid-Market,Manufacturing,1,53,Active,2025-03-23
18221,2026-05-11,Canada,NC,SMB,Healthcare,3,24,Active,2026-05-11
18222,2026-07-26,UK,PA,SMB,Retail,2,49,Active,
18223,2024-07-14,USA,CO,Enterprise,Manufacturing,3,100,Active,2025-07-17
18224,2025-11-19,USA,MI,SMB,Financial Services,4,1,Active,2025-11-19
18225,2024-10-20,Australia,IL,Enterprise,Professional Services,1,93,Active,2024-10-20
18226,2026-08-27,USA,MI,Mid-Market,Manufacturing,1,14,Active,2026-08-27
18227,2024-09-03,USA,CO,Enterprise,Financial Services,1,26,Active,2024-09-03
18228,2024-10-14,USA,NC,Enterprise,Education,1,59,Active,2025-04-30
18229,2025-11-26,USA,GA,Mid-Market,Technology,1,22,Active,2025-11-26
18230,2026-02-07,USA,VA,Enterprise,Financial Services,1,,Churned,2026-02-07
18231,2024-05-05,USA,TX,Mid-Market,Manufacturing,2,74,Active,2024-10-28
18232,2025-06-25,USA,CO,SMB,Technology,3,58,Active,2025-06-25
18233,2024-12-02,USA,NY,Mid-Market,Manufacturing,4,40,Active,2024-12-02
18234,2025-08-18,USA,VA,SMB,Retail,2,94,Active,2025-08-18
18235,2025-06-26,USA,NY,SMB,Technology,1,36,Active,2025-06-26
18236,2026-08-18,Canada,CA,SMB,Technology,4,100,Churned,2026-08-18
18237,2026-06-28,USA,CO,SMB,Healthcare,2,99,Churned,2026-06-28
18238,2025-09-28,USA,WA,SMB,Financial Services,1,69,Active,2025-12-02
18239,2025-10-23,USA,CO,SMB,Technology,2,,Active,2025-10-23
18240,2026-05-25,USA,WA,Mid-Market,Financial Services,7,59,Active,2026-05-25
18241,2024-06-27,USA,TN,Mid-Market,Government,2,96,Active,2024-06-27
18242,2025-12-07,USA,VA,Enterprise,Financial Services,7,58,Active,2025-12-07
18243,2026-01-22,USA,FL,Enterprise,Education,1,95,Active,2026-01-22
18244,2024-05-04,USA,NC,Enterprise,Government,1,21,Active,2024-05-04
18245,2026-05-08,USA,FL,Mid-Market,Retail,1,43,Active,2026-05-08
18246,2025-11-12,USA,WA,SMB,Technology,4,17,Active,
18247,2024-12-04,USA,MI,Enterprise,Healthcare,3,1,Active,2025-07-12
18248,2025-04-16,USA,PA,SMB,Technology,3,30,Active,2025-04-16
18249,2025-04-21,USA,VA,SMB,Government,7,94,Active,2025-04-21
18250,2026-06-13,USA,GA,SMB,Government,3,34,Active,2026-06-13
18251,2026-08-02,USA,OH,Mid-Market,Retail,1,83,Active,2026-08-02
18252,2026-02-24,USA,WA,Mid-Market,Professional Services,4,28,Active,2026-02-24
18253,2025-09-27,Canada,TN,SMB,Professional Services,1,69,Active,2025-10-05
18254,2024-04-11,USA,IL,Mid-Market,Retail,3,20,Active,2024-04-11
18255,2026-06-10,UK,NC,SMB,Professional Services,5,49,Active,2026-06-10
18256,2024-05-10,USA,PA,SMB,Financial Services,2,76,Active,2024-05-18
18257,2024-06-11,USA,WA,SMB,Government,2,89,Active,2024-06-11
18258,2024-03-08,USA,FL,SMB,Professional Services,3,38,Active,2024-03-08
18259,2026-07-12,USA,NC,Mid-Market,Manufacturing,1,59,Active,2026-07-12
18260,2025-04-25,USA,TN,SMB,Retail,2,59,Churned,2025-04-25
18261,2024-08-17,USA,CA,SMB,Government,3,45,Active,2024-08-17
18262,2024-03-19,USA,TX,SMB,Healthcare,1,40,Active,2025-02-16
18263,2025-02-05,USA,MI,Mid-Market,Manufacturing,1,94,Active,2025-02-05
18264,2025-12-05,USA,TX,Enterprise,Manufacturing,3,44,Active,2025-12-05
18265,2026-08-26,USA,TX,Mid-Market,Retail,2,74,Active,2026-08-26
18266,2025-06-21,USA,FL,Mid-Market,Healthcare,2,43,Active,
18267,2025-08-14,UK,NC,Enterprise,Financial Services,8,54,Active,2025-08-14
18268,2026-03-25,Canada,IL,SMB,Government,1,58,Active,2026-03-25
18269,2026-05-28,USA,WA,SMB,Professional Services,1,20,Active,2026-05-28
18270,2024-09-29,USA,FL,SMB,Professional Services,5,24,Active,2024-09-29
18271,2026-08-24,Australia,VA,SMB,Manufacturing,1,69,Active,2026-08-24
18272,2025-05-20,Canada,CA,SMB,Technology,6,99,Churned,2025-05-20
18273,2026-06-24,UK,NC,SMB,Manufacturing,3,68,Active,2026-06-24
18274,2024-04-24,USA,KY,SMB,Technology,3,61,Active,
18275,2024-04-04,USA,KY,SMB,Professional Services,1,100,Active,
18276,2026-05-11,USA,PA,SMB,Financial Services,2,70,Churned,2026-05-11
18277,2025-10-17,USA,IL,SMB,Government,4,89,Active,2025-10-17
18278,2024-06-19,USA,PA,Enterprise,Professional Services,1,35,Churned,2024-08-26
18279,2026-05-21,USA,IL,Mid-Market,Retail,4,82,Active,2026-05-21
18280,2024-04-09,USA,CA,SMB,Government,4,87,Active,2025-08-07
18281,2025-10-26,Canada,PA,SMB,Professional Services,4,83,Active,2025-10-26
18282,2024-07-18,USA,KY,SMB,Healthcare,1,37,Active,2024-07-18
18283,2024-03-09,Australia,TN,SMB,Healthcare,4,75,Active,2024-07-22
18284,2026-02-24,USA,KY,SMB,Technology,4,84,Churned,2026-02-24
18285,2026-04-05,Australia,IL,SMB,Education,1,60,Active,2026-04-05
18286,2024-04-13,USA,VA,Mid-Market,Financial Services,5,23,Active,2025-03-03
18287,2024-03-31,USA,PA,Mid-Market,Manufacturing,1,19,Active,2024-07-15
18288,2025-08-21,Canada,PA,Mid-Market,Manufacturing,7,84,Churned,2025-08-21
18289,2024-01-28,USA,KY,Mid-Market,Manufacturing,1,19,Active,2025-04-11
18290,2025-12-27,USA,PA,Mid-Market,Healthcare,1,96,Active,2025-12-27
18291,2026-06-10,USA,NY,Mid-Market,Financial Services,3,60,Active,2026-06-10
18292,2026-01-01,Australia,CO,Enterprise,Professional Services,1,21,Active,2026-01-01
18293,2024-08-12,Australia,TN,Mid-Market,Healthcare,1,21,Active,2024-11-26
18294,2024-07-04,USA,,Mid-Market,Technology,1,4,Active,2025-02-19
18295,2025-10-24,USA,IL,Mid-Market,Technology,4,60,Active,2025-10-24
18296,2024-03-01,USA,NY,Mid-Market,Government,1,83,Active,2024-03-10
18297,2025-06-07,USA,CO,SMB,Government,3,74,Active,2025-06-07
18298,2025-03-13,USA,TX,SMB,Government,3,59,Active,2025-03-13
18299,2025-12-26,USA,CA,SMB,Manufacturing,3,59,Active,2025-12-26
18300,2024-07-16,USA,CA,SMB,Healthcare,2,25,Active,2026-06-14
18301,2026-01-12,Canada,NY,SMB,Financial Services,1,83,Active,2026-01-12
18302,2025-11-12,Australia,TX,SMB,Manufacturing,7,54,Active,2025-11-12
18303,2024-08-20,USA,IL,SMB,Healthcare,4,84,Active,2024-09-27
18304,2024-12-13,USA,GA,Enterprise,Healthcare,6,99,Active,2024-12-13
18305,2024-03-05,USA,TN,SMB,Retail,4,88,Active,2024-03-05
18306,2025-03-13,USA,OH,SMB,Retail,4,95,Active,2025-03-13
18307,2024-09-10,USA,FL,SMB,Technology,7,76,Active,2025-05-11
18308,2024-04-20,USA,TN,SMB,Professional Services,2,31,Active,2025-09-17
18309,2025-06-29,USA,VA,Mid-Market,Retail,5,29,Active,2025-06-29
18310,2025-07-06,Canada,OH,Mid-Market,Healthcare,1,69,Active,2025-07-06
18311,2024-03-24,USA,PA,SMB,Manufacturing,1,25,Active,2025-04-12
18312,2024-06-29,USA,MI,SMB,Retail,2,52,Active,2026-05-04
18313,2024-03-21,USA,,SMB,Professional Services,2,70,Active,2024-04-15
18314,2025-10-23,USA,NC,Mid-Market,Manufacturing,2,29,Active,2026-03-08
18315,2024-11-25,USA,NY,Enterprise,Retail,3,11,Churned,2025-09-10
18316,2024-03-10,Canada,CA,Enterprise,Education,3,15,Active,2025-02-10
18317,2024-07-05,USA,GA,SMB,Manufacturing,5,70,Active,2024-07-05
18318,2026-08-08,USA,KY,Mid-Market,Manufacturing,2,13,Active,2026-08-08
18319,2024-09-06,UK,KY,Mid-Market,Healthcare,2,79,Active,2024-09-14
18320,2025-10-28,USA,NC,Enterprise,Retail,4,3,Active,2026-08-23
18321,2025-04-01,USA,TN,SMB,Healthcare,3,77,Churned,2025-04-01
18322,2024-06-26,USA,WA,SMB,Education,4,64,Active,
18323,2024-10-26,Australia,GA,SMB,Financial Services,2,27,Active,2024-10-26
18324,2024-01-14,USA,CA,SMB,Healthcare,1,28,Active,2025-07-03
18325,2025-12-28,USA,TX,Mid-Market,Technology,6,53,Active,2025-12-28
18326,2024-11-21,Australia,MI,SMB,Technology,1,59,Active,
18327,2025-05-01,USA,VA,SMB,Retail,3,84,Active,2025-05-01
18328,2024-05-28,USA,WA,Mid-Market,Government,2,76,Active,2024-06-29
18329,2026-03-13,USA,CO,SMB,Technology,2,52,Active,2026-03-13
18330,2024-07-31,USA,PA,Enterprise,Professional Services,4,1,Active,2024-09-06
18331,2025-07-05,USA,OH,Mid-Market,Retail,2,93,Active,2025-07-05
18332,2026-04-30,USA,NC,Enterprise,Manufacturing,1,45,Churned,2026-04-30
18333,2025-11-25,USA,NC,Mid-Market,Retail,4,85,Active,2025-11-25
18334,2025-08-10,USA,TX,SMB,Retail,1,28,Active,2025-08-10
18335,2026-05-14,USA,TN,SMB,Healthcare,1,37,Active,2026-05-14
18336,2024-06-20,USA,TN,Enterprise,Financial Services,3,62,Churned,2024-07-08
18337,2026-07-27,UK,CA,SMB,Professional Services,2,73,Active,2026-07-27
18338,2025-06-26,USA,PA,SMB,Professional Services,3,15,Active,2025-06-26
18339,2025-02-03,Australia,OH,Mid-Market,Healthcare,2,80,Active,2025-02-03
18340,2024-09-06,Australia,WA,SMB,Healthcare,2,58,Active,2024-09-06
18341,2025-12-26,USA,TX,SMB,Healthcare,2,82,Active,2025-12-26
18342,2026-08-08,USA,IL,SMB,Technology,5,59,Active,2026-08-08
18343,2025-11-03,Canada,TN,SMB,Financial Services,1,55,Active,2025-11-03
18344,2024-02-01,USA,TN,Mid-Market,Education,6,64,Active,
18345,2025-04-01,USA,NY,SMB,Healthcare,2,51,Churned,2025-04-01
18346,2025-12-14,USA,OH,SMB,Technology,2,11,Churned,2025-12-14
18347,2025-01-22,UK,VA,SMB,Professional Services,4,34,Active,2025-01-22
18348,2026-01-22,USA,CA,Mid-Market,Healthcare,2,98,Churned,2026-01-22
18349,2025-11-19,USA,KY,SMB,Professional Services,3,26,Active,2025-11-19
18350,2024-03-06,UK,WA,SMB,Professional Services,5,44,Active,2025-07-27
18351,2025-06-27,USA,CA,Mid-Market,Manufacturing,4,22,Active,2025-06-27
18352,2024-06-16,USA,GA,SMB,Retail,3,46,Active,2024-11-28
18353,2025-04-18,USA,OH,Mid-Market,Technology,4,78,Active,2025-04-18
18354,2025-01-09,UK,TX,SMB,Retail,2,72,Active,2025-11-04
18355,2026-02-24,USA,NY,SMB,Professional Services,4,11,Active,2026-02-24
18356,2026-04-25,USA,NC,SMB,Manufacturing,1,93,Active,2026-04-25
18357,2025-03-25,USA,FL,Enterprise,Education,1,64,Active,2025-03-25
18358,2025-06-07,USA,GA,SMB,Technology,3,69,Active,2025-09-08
18359,2025-09-01,USA,KY,SMB,Retail,1,77,Churned,2026-03-11
18360,2025-09-30,USA,GA,SMB,Manufacturing,4,67,Active,2025-09-30
18361,2025-09-10,USA,NY,SMB,Professional Services,1,88,Churned,2025-09-10
18362,2026-02-01,USA,GA,Mid-Market,Retail,1,70,Active,2026-04-23
18363,2026-08-14,USA,,Enterprise,Retail,3,99,Active,2026-08-14
18364,2026-03-17,USA,NY,SMB,Government,3,68,Active,2026-03-17
18365,2024-05-11,UK,TX,SMB,Retail,7,84,Active,2024-10-20
18366,2025-04-08,USA,TX,SMB,Professional Services,1,55,Active,2025-04-08
18367,2025-03-25,USA,TN,Enterprise,Financial Services,1,34,Active,2025-03-25
18368,2025-05-10,Canada,TN,SMB,Education,1,52,Active,2025-05-10
18369,2025-05-29,Canada,VA,SMB,Technology,2,16,Active,2025-05-29
18370,2025-11-30,USA,NY,Enterprise,Healthcare,1,48,Active,2025-11-30
18371,2025-02-14,USA,GA,Enterprise,Healthcare,4,73,Churned,2025-02-14
18372,2024-09-13,USA,IL,SMB,Retail,1,77,Active,2024-09-13
18373,2025-03-21,USA,WA,SMB,Technology,6,40,Active,2026-08-06
18374,2026-04-12,USA,IL,Mid-Market,Retail,3,47,Active,2026-04-12
18375,2024-10-30,USA,CO,Mid-Market,Financial Services,3,58,Active,2025-11-27
18376,2024-01-21,USA,IL,SMB,Technology,1,14,Active,2024-07-24
18377,2026-08-08,USA,CO,SMB,Government,1,63,Active,
18378,2024-07-09,USA,NC,SMB,Healthcare,2,,Active,2025-08-29
18379,2025-08-10,USA,MI,SMB,Technology,3,75,Active,2026-08-06
18380,2026-02-18,USA,PA,SMB,Professional Services,3,64,Active,2026-02-18
18381,2024-09-24,USA,TX,Mid-Market,Manufacturing,2,18,Active,2024-09-24
18382,2024-11-27,USA,,SMB,Government,1,57,Active,2024-11-27
18383,2024-09-30,USA,FL,SMB,Technology,8,34,Active,2024-12-24
18384,2024-05-25,USA,OH,Mid-Market,Technology,1,62,Active,2024-07-14
18385,2024-05-28,USA,CO,SMB,Education,1,63,Active,2024-11-28
18386,2024-06-30,USA,IL,SMB,Financial Services,2,39,Active,2026-03-28
18387,2025-03-22,USA,CO,Enterprise,Technology,2,62,Active,2025-03-22
18388,2025-05-31,USA,CA,SMB,Technology,2,18,Churned,2025-05-31
18389,2024-01-16,USA,NC,Enterprise,Healthcare,3,38,Active,2024-10-08
18390,2026-04-04,USA,KY,SMB,Manufacturing,3,73,Active,2026-04-04
18391,2025-10-20,USA,NY,SMB,Education,3,52,Active,2025-10-20
18392,2024-03-09,Australia,TN,Mid-Market,Healthcare,1,4,Active,2024-09-15
18393,2026-03-31,USA,CA,SMB,Retail,1,46,Active,2026-03-31
18394,2024-01-30,USA,CO,SMB,Healthcare,4,26,Active,2024-07-12
18395,2025-06-29,USA,VA,SMB,Financial Services,1,90,Churned,
18396,2025-03-29,USA,MI,Mid-Market,Manufacturing,2,94,Active,2025-06-21
18397,2025-05-04,USA,PA,SMB,Healthcare,2,7,Active,2025-08-26
18398,2026-07-20,USA,TN,Mid-Market,Manufacturing,4,37,Active,2026-07-20
18399,2026-06-21,USA,NY,Mid-Market,Healthcare,1,59,Active,2026-06-21
18400,2024-09-28,USA,TX,SMB,Professional Services,5,34,Churned,2024-11-03
18401,2025-07-18,USA,GA,SMB,Professional Services,2,73,Active,2025-07-18
18402,2026-07-23,USA,KY,SMB,Financial Services,8,13,Active,2026-07-23
18403,2025-12-10,USA,TN,Mid-Market,Healthcare,1,85,Active,2025-12-10
18404,2026-05-14,Canada,KY,SMB,Financial Services,4,26,Active,2026-05-14
18405,2025-02-27,Australia,IL,Mid-Market,Healthcare,2,24,Active,2025-02-27
18406,2024-10-02,USA,KY,SMB,Education,4,34,Churned,2024-10-02
18407,2025-05-12,USA,IL,SMB,Technology,2,94,Active,2025-05-12
18408,2026-03-06,USA,TX,Mid-Market,Manufacturing,5,28,Active,2026-03-06
18409,2026-06-23,USA,TN,SMB,Professional Services,4,26,Active,2026-06-23
18410,2025-10-30,USA,IL,SMB,Professional Services,3,25,Active,2026-04-20
18411,2025-11-19,USA,OH,Mid-Market,Retail,1,15,Active,2025-11-19
18412,2025-05-13,USA,WA,Mid-Market,Technology,1,94,Active,2025-05-13
18413,2024-11-07,USA,FL,SMB,Manufacturing,8,66,Active,2024-11-07
18414,2025-02-15,USA,TN,SMB,Technology,6,57,Active,2025-02-15
18415,2025-04-29,USA,KY,SMB,Healthcare,1,14,Active,2025-04-29
18416,2026-03-05,USA,TX,Mid-Market,Retail,1,5,Active,2026-03-05
18417,2025-06-24,USA,NY,SMB,Financial Services,1,31,Active,2025-06-24
18418,2026-02-11,USA,IL,Mid-Market,Financial Services,1,94,Active,2026-02-11
18419,2024-01-27,USA,TX,Mid-Market,Retail,1,54,Active,2024-10-21
18420,2026-01-07,USA,TX,Enterprise,Education,4,81,Churned,2026-01-07
18421,2025-05-08,UK,CO,SMB,Retail,1,31,Active,2025-05-08
18422,2026-08-30,USA,OH,SMB,Government,5,11,Active,2026-08-30
18423,2025-04-04,Canada,IL,SMB,Retail,7,23,Active,2025-04-04
18424,2025-04-11,USA,OH,SMB,Government,1,24,Active,2025-04-11
18425,2024-05-04,USA,KY,SMB,Financial Services,2,61,Active,
18426,2026-02-24,Australia,NC,Enterprise,Retail,3,20,Churned,2026-02-24
18427,2025-11-14,USA,GA,SMB,Financial Services,1,98,Active,2025-11-14
18428,2026-04-20,USA,OH,SMB,Financial Services,4,70,Active,2026-04-20
18429,2024-03-31,Australia,MI,SMB,Healthcare,3,41,Active,2024-03-31
18430,2024-07-25,USA,GA,Enterprise,Technology,1,61,Active,2025-08-06
18431,2026-05-04,USA,OH,SMB,Financial Services,5,72,Active,2026-05-04
18432,2024-02-10,USA,PA,Mid-Market,Healthcare,2,77,Active,2025-01-09
18433,2025-05-09,Canada,NY,Mid-Market,Financial Services,1,2,Active,2025-05-09
18434,2025-01-29,Australia,CA,SMB,Technology,8,51,Churned,2025-01-29
18435,2026-07-04,USA,MI,Mid-Market,Manufacturing,1,40,Active,2026-07-04
18436,2026-04-14,USA,CO,SMB,Healthcare,1,31,Active,2026-04-14
18437,2026-05-23,USA,GA,SMB,Healthcare,1,65,Active,2026-05-23
18438,2024-10-08,USA,NY,SMB,Education,2,,Active,
18439,2025-07-26,USA,CO,SMB,Technology,2,26,Active,2025-07-26
18440,2025-11-12,USA,GA,Mid-Market,Manufacturing,3,67,Active,2026-05-13
18441,2026-07-31,USA,FL,Mid-Market,Manufacturing,2,7,Active,2026-07-31
18442,2024-01-08,UK,OH,SMB,Financial Services,3,38,Active,2024-02-10
18443,2026-08-09,USA,OH,Mid-Market,Manufacturing,1,76,Active,2026-08-09
18444,2024-12-12,USA,,SMB,Education,2,41,Active,2024-12-12
18445,2024-05-04,USA,VA,SMB,Education,6,30,Churned,
18446,2025-08-22,Canada,GA,Mid-Market,Retail,4,22,Active,2025-08-22
18447,2026-01-31,USA,CA,SMB,Technology,4,50,Active,2026-01-31
18448,2024-05-06,Australia,TX,Mid-Market,Manufacturing,2,79,Active,2024-05-06
18449,2024-02-09,USA,CO,SMB,Education,2,9,Active,2024-11-29
18450,2026-05-23,USA,TX,Mid-Market,Technology,4,61,Active,2026-05-23
18451,2026-06-28,USA,GA,SMB,Education,5,79,Active,2026-06-28
18452,2024-06-01,USA,WA,SMB,Financial Services,4,23,Active,2024-06-01
18453,2026-05-30,USA,TN,Mid-Market,Retail,2,69,Active,2026-05-30
18454,2026-06-05,USA,WA,SMB,Financial Services,1,42,Active,
18455,2026-08-29,USA,TX,SMB,Manufacturing,1,2,Active,2026-08-29
18456,2024-07-29,USA,IL,Enterprise,Manufacturing,1,71,Active,2025-12-31
18457,2025-07-17,USA,NC,SMB,Technology,2,72,Churned,2025-07-17
18458,2026-08-26,USA,KY,SMB,Technology,1,70,Active,2026-08-26
18459,2026-05-29,USA,NC,SMB,Technology,2,9,Active,2026-05-29
18460,2025-08-12,USA,OH,Mid-Market,Technology,3,46,Active,2025-08-12
18461,2024-07-10,Australia,NY,Mid-Market,Financial Services,3,18,Active,2025-06-03
18462,2024-03-23,USA,TN,Mid-Market,Financial Services,3,66,Active,2024-04-09
18463,2024-09-09,USA,KY,SMB,Financial Services,1,45,Active,2024-09-09
18464,2024-03-04,Australia,TN,SMB,Education,3,63,Active,2025-09-04
18465,2024-07-09,USA,VA,SMB,Healthcare,7,,Active,2025-05-31
18466,2024-03-13,USA,WA,SMB,Retail,2,9,Active,2024-09-03
18467,2026-01-12,Canada,TN,Mid-Market,Retail,5,25,Active,2026-01-12
18468,2025-07-28,Canada,VA,SMB,Technology,2,59,Active,2025-07-28
18469,2025-05-19,USA,NY,Mid-Market,Professional Services,3,93,Active,
18470,2026-02-27,USA,OH,Mid-Market,Professional Services,2,5,Active,2026-02-27
18471,2025-02-04,USA,IL,Mid-Market,Healthcare,3,84,Active,2025-02-04
18472,2025-01-27,Australia,PA,SMB,Manufacturing,5,80,Active,2026-04-18
18473,2024-07-20,USA,CO,SMB,Healthcare,2,20,Active,2024-07-21
18474,2025-03-09,Canada,GA,Enterprise,Education,4,83,Active,2026-03-19
18475,2024-06-18,USA,OH,Mid-Market,Retail,5,59,Active,2024-06-18
18476,2025-07-27,USA,NY,SMB,Financial Services,4,6,Active,2025-07-27
18477,2026-08-29,Australia,PA,Mid-Market,Manufacturing,1,6,Active,2026-08-29
18478,2025-06-03,USA,OH,Enterprise,Manufacturing,1,34,Active,2026-02-18
18479,2024-10-18,USA,CA,SMB,Government,5,54,Active,2025-05-26
18480,2025-11-01,Canada,FL,Enterprise,Healthcare,4,79,Churned,2025-11-01
18481,2026-03-09,USA,VA,SMB,Government,7,10,Active,2026-03-09
18482,2025-04-04,USA,KY,Enterprise,Financial Services,1,67,Churned,2026-03-20
18483,2024-08-31,Australia,TX,SMB,Healthcare,4,67,Active,2024-08-31
18484,2025-11-26,USA,OH,SMB,Education,4,39,Active,2025-11-26
18485,2024-07-01,USA,KY,SMB,Manufacturing,5,27,Active,2024-07-01
18486,2026-08-29,USA,CO,Mid-Market,Professional Services,3,27,Active,2026-08-29
18487,2024-11-05,USA,PA,Enterprise,Manufacturing,1,46,Active,2025-04-07
18488,2024-12-07,USA,CO,SMB,Manufacturing,3,30,Active,2024-12-07
18489,2025-12-09,USA,WA,SMB,Financial Services,3,57,Active,2025-12-09
18490,2024-01-12,USA,NY,SMB,Government,2,13,Active,2024-08-03
18491,2024-07-16,USA,OH,SMB,Technology,1,71,Active,2024-07-16
18492,2024-05-02,USA,PA,Mid-Market,Technology,5,100,Active,
18493,2025-01-15,USA,WA,SMB,Education,1,23,Active,
18494,2025-06-23,USA,KY,Enterprise,Healthcare,2,68,Active,2025-06-23
18495,2024-06-23,USA,PA,Enterprise,Professional Services,3,73,Active,2026-08-15
18496,2024-12-01,USA,CA,SMB,Manufacturing,7,55,Churned,2025-10-11
18497,2026-01-22,USA,CO,SMB,Professional Services,3,31,Churned,2026-01-22
18498,2026-07-04,Canada,KY,Enterprise,Technology,2,99,Active,2026-07-04
18499,2024-01-14,USA,VA,Enterprise,Manufacturing,1,63,Active,2024-07-14
18500,2025-09-03,USA,GA,Mid-Market,Education,2,38,Active,2025-09-03
18501,2024-01-26,UK,CO,SMB,Education,1,27,Active,
18502,2025-05-21,USA,FL,SMB,Healthcare,4,88,Active,2025-05-21
18503,2026-05-06,USA,NY,Mid-Market,Technology,2,73,Active,2026-05-06
18504,2026-02-16,UK,PA,SMB,Manufacturing,1,90,Active,2026-02-16
18505,2024-08-14,USA,KY,Mid-Market,Professional Services,5,75,Active,2024-08-14
18506,2024-09-08,USA,PA,Mid-Market,Professional Services,1,13,Active,2024-09-08
18507,2026-02-02,USA,GA,SMB,Financial Services,1,79,Active,2026-02-02
18508,2026-03-09,USA,FL,SMB,Healthcare,2,100,Churned,2026-03-09
18509,2024-09-30,Canada,CA,SMB,Financial Services,1,3,Active,
18510,2024-01-03,USA,FL,Enterprise,Education,1,75,Active,2024-01-25
18511,2025-03-08,USA,,SMB,Professional Services,8,79,Active,2025-03-08
18512,2025-08-26,USA,VA,SMB,Technology,4,35,Active,2025-08-26
18513,2025-03-08,Canada,KY,Enterprise,Professional Services,4,87,Active,2025-03-08
18514,2026-06-29,USA,CO,Mid-Market,Technology,3,41,Active,2026-06-29
18515,2026-03-03,USA,VA,SMB,Manufacturing,1,43,Active,2026-03-03
18516,2026-02-06,USA,OH,Mid-Market,Government,4,8,Active,2026-02-06
18517,2024-01-20,USA,OH,SMB,Healthcare,2,38,Active,2024-05-14
18518,2026-04-11,USA,FL,Enterprise,Manufacturing,1,79,Active,2026-04-11
18519,2026-01-05,USA,WA,Enterprise,Financial Services,2,55,Active,2026-01-05
18520,2025-01-21,USA,CO,SMB,Healthcare,3,31,Active,2025-04-05
18521,2025-07-28,USA,KY,SMB,Technology,1,73,Active,2025-07-28
18522,2026-03-13,USA,NC,SMB,Financial Services,1,35,Active,2026-03-13
18523,2026-06-01,USA,TX,Mid-Market,Manufacturing,2,39,Active,2026-06-01
18524,2025-06-20,USA,PA,Mid-Market,Healthcare,2,52,Active,2025-06-20
18525,2024-02-10,USA,PA,SMB,Retail,1,10,Active,2024-02-10
18526,2025-08-25,USA,FL,Enterprise,Financial Services,3,51,Active,2025-08-25
18527,2025-10-24,USA,CA,SMB,Professional Services,1,73,Active,2025-10-24
18528,2024-02-27,UK,CO,Mid-Market,Manufacturing,3,21,Active,2024-02-27
18529,2026-03-07,USA,FL,Mid-Market,Education,1,56,Active,2026-03-07
18530,2024-07-15,UK,CO,SMB,Manufacturing,2,2,Churned,2024-07-28
18531,2026-05-17,USA,TN,SMB,Healthcare,3,83,Churned,2026-05-17
18532,2025-06-20,Canada,FL,Mid-Market,Technology,3,72,Active,2025-06-20
18533,2024-11-09,USA,NC,Mid-Market,Healthcare,1,73,Active,2024-11-09
18534,2024-02-27,USA,TN,SMB,Retail,3,44,Active,2024-09-16
18535,2024-01-18,USA,TN,Mid-Market,Manufacturing,4,60,Churned,2024-01-18
18536,2025-12-23,USA,NC,SMB,Education,1,72,Active,2026-08-14
18537,2025-01-02,Canada,PA,SMB,Professional Services,3,37,Churned,2025-01-02
18538,2026-03-29,USA,KY,Mid-Market,Financial Services,2,39,Active,2026-03-29
18539,2024-08-12,USA,CO,SMB,Technology,4,33,Active,2024-08-12
18540,2026-06-15,USA,KY,Mid-Market,Manufacturing,2,38,Active,2026-06-15
18541,2026-07-06,USA,TN,Mid-Market,Education,6,69,Active,2026-07-06
18542,2024-04-09,USA,FL,SMB,Professional Services,3,91,Active,2024-09-29
18543,2025-09-22,USA,GA,SMB,Manufacturing,3,23,Churned,2025-09-22
18544,2026-07-04,USA,FL,SMB,Retail,1,27,Churned,2026-07-04
18545,2024-11-10,USA,TN,SMB,Education,3,5,Active,2025-04-25
18546,2024-03-06,USA,MI,Mid-Market,Manufacturing,1,39,Active,2024-03-14
18547,2026-05-02,UK,VA,SMB,Professional Services,2,80,Active,2026-05-02
18548,2025-04-06,Australia,TN,Enterprise,Technology,1,36,Active,2025-04-06
18549,2024-01-27,USA,CO,SMB,Professional Services,3,1,Active,2024-06-07
18550,2026-03-29,Australia,TX,SMB,Healthcare,4,20,Active,2026-03-29
18551,2025-10-23,Canada,NY,Enterprise,Education,6,22,Active,
18552,2024-03-09,USA,VA,SMB,Retail,1,21,Churned,2024-05-23
18553,2024-09-08,USA,FL,Mid-Market,Technology,5,83,Active,2025-12-22
18554,2024-01-18,UK,VA,Mid-Market,Government,4,95,Active,2025-07-06
18555,2026-07-19,USA,OH,Enterprise,Technology,5,46,Active,2026-07-19
18556,2024-01-25,USA,TX,SMB,Education,4,10,Active,2024-03-11
18557,2026-02-14,USA,IL,SMB,Healthcare,1,96,Churned,2026-02-14
18558,2025-05-12,USA,OH,Enterprise,Financial Services,5,72,Active,2025-05-12
18559,2025-07-21,USA,TX,SMB,Technology,3,83,Active,2025-07-21
18560,2026-03-01,USA,TX,Mid-Market,Manufacturing,4,12,Active,2026-03-01
18561,2026-05-21,USA,GA,Mid-Market,Healthcare,1,15,Active,2026-05-21
18562,2024-05-04,USA,CO,Mid-Market,Education,1,16,Active,2024-05-05
18563,2024-01-18,USA,WA,Mid-Market,Technology,1,100,Churned,2024-01-18
18564,2024-05-01,Canada,KY,Enterprise,Healthcare,3,74,Active,2024-10-05
18565,2025-10-26,USA,MI,SMB,Healthcare,2,84,Active,2025-10-26
18566,2025-07-07,USA,NY,Mid-Market,Retail,5,63,Active,2025-07-07
18567,2024-03-22,USA,,Mid-Market,Technology,1,36,Active,2024-03-22
18568,2024-08-16,Australia,WA,SMB,Professional Services,1,36,Active,2025-11-08
18569,2025-06-07,USA,GA,Enterprise,Manufacturing,2,10,Active,2025-06-07
18570,2025-12-12,USA,GA,SMB,Healthcare,1,25,Active,2026-05-02
18571,2024-11-30,USA,FL,SMB,Professional Services,2,65,Active,2024-11-30
18572,2026-07-13,USA,CO,Enterprise,Healthcare,4,42,Churned,2026-07-13
18573,2026-08-24,Canada,TX,Enterprise,Technology,8,55,Churned,2026-08-24
18574,2026-01-16,USA,PA,SMB,Retail,1,88,Active,2026-01-16
18575,2025-03-18,USA,CO,Mid-Market,Professional Services,1,13,Active,2025-08-16
18576,2026-05-04,USA,NY,SMB,Technology,4,73,Active,2026-05-04
18577,2025-12-09,USA,GA,SMB,Healthcare,1,98,Churned,2025-12-09
18578,2025-05-21,USA,WA,SMB,Retail,4,90,Churned,2025-05-21
18579,2025-03-08,USA,MI,Enterprise,Financial Services,3,20,Active,2025-03-08
18580,2026-03-21,USA,GA,SMB,Retail,5,29,Active,2026-03-21
18581,2025-06-26,USA,NC,SMB,Retail,1,62,Active,2025-06-26
18582,2024-06-27,USA,MI,Mid-Market,Manufacturing,7,47,Active,2024-06-27
18583,2026-08-31,USA,NC,SMB,Education,7,65,Active,2026-08-31
18584,2024-03-07,Canada,OH,SMB,Healthcare,1,67,Active,2024-05-21
18585,2025-11-07,USA,WA,SMB,Manufacturing,2,16,Active,2026-03-02
18586,2025-09-30,USA,CA,Mid-Market,Professional Services,2,88,Active,2025-09-30
18587,2025-07-24,USA,TN,Mid-Market,Manufacturing,1,12,Active,2025-07-24
18588,2024-02-20,Australia,GA,Mid-Market,Manufacturing,7,61,Active,2024-02-20
18589,2025-04-24,USA,FL,SMB,Education,1,93,Active,2025-04-24
18590,2026-05-19,USA,NY,SMB,Technology,1,5,Active,2026-05-19
18591,2024-08-21,Canada,VA,Mid-Market,Manufacturing,1,43,Active,2024-08-21
18592,2025-11-04,USA,OH,SMB,Government,3,45,Active,
18593,2026-04-16,Australia,GA,SMB,Healthcare,5,42,Active,2026-04-16
18594,2026-07-16,USA,KY,SMB,Healthcare,3,,Active,2026-07-16
18595,2025-05-17,USA,TN,SMB,Manufacturing,3,7,Active,2025-05-17
18596,2024-11-01,USA,TN,SMB,Healthcare,1,79,Active,2024-11-07
18597,2025-11-12,USA,VA,Enterprise,Financial Services,4,2,Active,2025-11-12
18598,2025-04-18,UK,TX,SMB,Healthcare,2,96,Churned,2025-04-18
18599,2025-09-02,USA,OH,Mid-Market,Technology,2,98,Active,2025-09-02
18600,2025-12-23,USA,OH,SMB,Manufacturing,3,75,Active,2026-07-30
18601,2025-11-22,USA,PA,Mid-Market,Professional Services,7,84,Active,2025-11-22
18602,2024-08-24,USA,IL,Mid-Market,Financial Services,4,17,Active,2024-08-24
18603,2026-01-06,USA,TN,Enterprise,Technology,3,,Active,
18604,2025-06-11,USA,VA,SMB,Financial Services,2,21,Active,2025-06-11
18605,2026-06-25,USA,VA,Mid-Market,Healthcare,1,35,Active,
18606,2025-10-04,UK,VA,SMB,Technology,3,35,Active,2025-10-04
18607,2026-05-18,USA,PA,Mid-Market,Healthcare,3,17,Churned,2026-05-18
18608,2026-08-11,USA,IL,Enterprise,Technology,4,12,Active,2026-08-11
18609,2026-08-26,USA,,Mid-Market,Technology,3,82,Active,2026-08-26
18610,2025-12-26,USA,GA,Mid-Market,Technology,2,70,Active,2025-12-26
18611,2025-08-04,USA,CO,Enterprise,Technology,1,82,Active,2025-08-04
18612,2024-04-25,USA,KY,Enterprise,Professional Services,1,36,Active,2026-02-12
18613,2025-01-11,Australia,,SMB,Healthcare,4,86,Churned,2025-01-11
18614,2025-04-07,USA,PA,SMB,Professional Services,7,20,Active,2025-11-30
18615,2026-01-30,USA,NY,Mid-Market,Healthcare,3,77,Churned,2026-01-30
18616,2025-07-27,USA,NY,Enterprise,Manufacturing,3,24,Active,2025-07-27
18617,2025-03-03,Australia,CO,SMB,Professional Services,3,52,Active,2025-03-03
18618,2024-05-22,Canada,VA,SMB,Financial Services,1,95,Active,2024-05-22
18619,2025-11-28,USA,KY,SMB,Professional Services,1,9,Active,2025-11-28
18620,2025-02-24,USA,TN,SMB,Technology,1,77,Churned,2025-02-24
18621,2024-02-05,USA,OH,SMB,Professional Services,6,56,Active,2024-09-10
18622,2024-10-03,USA,CA,SMB,Healthcare,1,33,Active,
18623,2026-05-06,USA,VA,SMB,Manufacturing,3,98,Active,2026-05-06
18624,2024-04-25,Canada,FL,Mid-Market,Financial Services,2,79,Churned,2024-04-25
18625,2025-01-30,USA,PA,SMB,Healthcare,3,84,Active,2025-09-09
18626,2025-05-13,USA,IL,SMB,Technology,1,93,Active,2025-05-13
18627,2024-03-22,Australia,IL,SMB,Education,7,86,Active,2026-04-28
18628,2024-06-10,USA,CO,SMB,Education,2,77,Active,2025-01-09
18629,2026-07-04,USA,GA,SMB,Education,6,18,Active,2026-07-04
18630,2025-07-29,USA,NC,SMB,Education,3,40,Active,2025-07-29
18631,2024-07-23,Australia,CA,SMB,Manufacturing,2,40,Active,2026-04-14
18632,2024-06-14,USA,PA,Mid-Market,Retail,4,18,Churned,2024-06-22
18633,2025-02-18,USA,MI,SMB,Education,3,30,Active,2025-04-02
18634,2025-12-05,USA,VA,SMB,Technology,1,79,Churned,2025-12-05
18635,2025-12-12,Australia,PA,SMB,Financial Services,4,59,Active,2025-12-12
18636,2024-07-09,USA,CO,SMB,Manufacturing,3,6,Active,2025-08-18
18637,2025-12-07,USA,NC,SMB,Financial Services,3,68,Active,2025-12-07
18638,2026-05-22,Canada,MI,SMB,Education,4,29,Active,2026-05-22
18639,2024-08-08,USA,GA,SMB,Financial Services,3,6,Active,2024-08-08
18640,2024-01-26,USA,KY,SMB,Technology,2,8,Active,2024-01-26
18641,2026-07-22,USA,CO,Enterprise,Education,2,9,Churned,2026-07-22
18642,2025-05-23,USA,KY,SMB,Government,1,25,Active,
18643,2026-01-26,Canada,TN,SMB,Manufacturing,3,65,Active,2026-01-26
18644,2024-11-07,Canada,CO,SMB,Professional Services,1,32,Churned,2025-05-27
18645,2024-10-18,USA,CA,SMB,Technology,1,89,Active,2024-10-18
18646,2024-08-07,USA,NC,Mid-Market,Healthcare,4,37,Active,2024-08-07
18647,2024-07-30,USA,PA,SMB,Retail,1,6,Active,2024-07-30
18648,2025-04-04,USA,FL,SMB,Retail,1,15,Churned,
18649,2024-04-13,USA,TN,Enterprise,Healthcare,4,24,Active,2025-12-10
18650,2026-03-31,Australia,IL,SMB,Manufacturing,4,62,Churned,2026-03-31
18651,2025-05-12,USA,VA,SMB,Healthcare,4,54,Churned,2025-05-12
18652,2026-06-10,USA,TX,Mid-Market,Professional Services,2,97,Active,2026-06-10
18653,2025-05-04,USA,VA,Enterprise,Retail,3,14,Active,2025-05-04
18654,2024-10-22,UK,MI,SMB,Financial Services,6,12,Churned,2024-10-22
18655,2025-05-16,USA,WA,Mid-Market,Technology,1,54,Active,2025-05-16
18656,2024-05-30,Canada,NY,SMB,Professional Services,1,72,Active,2024-07-19
18657,2026-03-13,USA,TN,Mid-Market,Professional Services,1,41,Active,2026-03-13
18658,2025-12-02,USA,CO,SMB,Professional Services,5,19,Churned,2025-12-02
18659,2024-05-23,USA,FL,Mid-Market,Professional Services,1,43,Active,2024-06-24
18660,2025-07-20,Canada,VA,SMB,Retail,2,65,Active,2025-07-20
18661,2025-06-08,USA,CO,SMB,Manufacturing,3,48,Churned,2025-06-08
18662,2024-07-14,USA,KY,SMB,Retail,7,17,Active,2024-07-14
18663,2024-04-28,USA,TN,Mid-Market,Professional Services,2,6,Active,2026-06-30
18664,2026-01-10,USA,WA,Mid-Market,Healthcare,3,89,Active,2026-01-10
18665,2024-09-14,USA,OH,Mid-Market,Manufacturing,7,34,Churned,2024-09-14
18666,2025-05-20,USA,FL,Enterprise,Financial Services,1,3,Active,2025-05-20
18667,2024-08-29,USA,PA,SMB,Professional Services,3,42,Active,2024-08-29
18668,2025-09-28,Canada,PA,Mid-Market,Retail,1,22,Active,2025-09-28
18669,2024-02-17,USA,OH,SMB,Professional Services,1,21,Active,2024-05-26
18670,2024-12-15,USA,KY,Enterprise,Professional Services,1,66,Active,2025-11-08
18671,2025-06-16,USA,IL,Mid-Market,Financial Services,2,67,Active,2025-06-16
18672,2025-03-03,Australia,FL,SMB,Education,1,68,Active,2026-07-05
18673,2025-08-19,USA,NY,SMB,Retail,4,89,Active,2026-04-12
18674,2024-06-24,USA,PA,Mid-Market,Retail,2,46,Active,2024-06-24
18675,2025-03-06,Canada,MI,Mid-Market,Financial Services,2,74,Active,2025-03-06
18676,2026-01-06,UK,IL,Mid-Market,Technology,3,25,Active,2026-01-06
18677,2024-11-20,USA,OH,SMB,Retail,6,66,Active,2024-11-20
18678,2024-06-01,USA,WA,SMB,Education,2,63,Churned,2024-06-01
18679,2026-04-05,Canada,NC,Enterprise,Education,1,37,Active,2026-04-05
18680,2026-01-28,USA,PA,Mid-Market,Retail,1,100,Active,2026-01-28
18681,2025-10-24,Australia,VA,SMB,Healthcare,5,94,Active,2025-10-24
18682,2026-02-16,USA,TX,Mid-Market,Healthcare,4,64,Active,2026-02-16
18683,2026-01-28,USA,VA,Mid-Market,Financial Services,2,20,Active,2026-01-28
18684,2025-12-28,USA,MI,Mid-Market,Government,1,18,Active,2025-12-28
18685,2025-05-11,USA,MI,Mid-Market,Retail,3,65,Active,2025-05-13
18686,2024-01-19,USA,CO,Enterprise,Education,3,92,Active,2025-01-19
18687,2025-08-04,USA,TN,Enterprise,Professional Services,2,17,Active,2025-08-04
18688,2024-09-23,UK,WA,SMB,Retail,1,72,Active,2025-11-12
18689,2026-01-23,USA,TX,SMB,Technology,2,58,Active,2026-01-23
18690,2025-04-01,USA,CO,Mid-Market,Professional Services,3,60,Active,2025-04-01
18691,2026-05-31,USA,NY,Mid-Market,Technology,7,15,Active,2026-05-31
18692,2025-08-03,USA,IL,SMB,Healthcare,1,18,Active,2025-08-03
18693,2025-06-20,USA,PA,Enterprise,Education,6,45,Active,2026-03-05
18694,2026-06-14,USA,PA,SMB,Professional Services,2,30,Active,2026-06-14
18695,2025-04-07,USA,TX,SMB,Education,3,64,Active,2025-04-07
18696,2024-12-31,USA,VA,Enterprise,Education,5,48,Active,2024-12-31
18697,2024-12-27,USA,NC,Enterprise,Education,3,64,Active,2025-07-27
18698,2026-05-02,Canada,TX,SMB,Technology,1,60,Active,2026-05-02
18699,2026-01-06,USA,TN,SMB,Financial Services,1,97,Active,2026-01-06
18700,2024-06-08,USA,MI,SMB,Professional Services,4,36,Active,2026-02-20
18701,2025-04-24,USA,FL,SMB,Healthcare,3,38,Active,2025-04-24
18702,2024-12-27,USA,KY,SMB,Professional Services,2,65,Active,2024-12-27
18703,2025-09-21,UK,CA,SMB,Retail,3,57,Churned,
18704,2024-02-20,Canada,FL,SMB,Technology,1,17,Active,2024-02-29
18705,2025-11-26,Australia,WA,Mid-Market,Professional Services,1,26,Active,2025-11-26
18706,2025-12-24,USA,CA,Mid-Market,Education,4,83,Churned,2025-12-24
18707,2024-08-08,UK,GA,Mid-Market,Financial Services,2,9,Active,2024-08-08
18708,2024-05-26,USA,OH,SMB,Technology,1,18,Churned,2025-08-13
18709,2025-09-03,USA,CO,SMB,Financial Services,2,73,Active,2025-09-03
18710,2024-09-07,USA,PA,SMB,Healthcare,6,96,Active,2026-04-16
18711,2026-07-06,Canada,TN,Enterprise,Manufacturing,1,86,Active,2026-07-06
18712,2026-01-25,Australia,NY,SMB,Government,1,73,Churned,2026-01-25
18713,2026-07-19,USA,TX,Mid-Market,Government,2,29,Active,2026-07-19
18714,2025-06-04,Canada,NY,SMB,Technology,1,78,Churned,2025-06-04
18715,2026-07-03,UK,VA,Enterprise,Education,1,38,Active,2026-07-03
18716,2024-01-14,USA,NY,SMB,Financial Services,1,33,Active,2024-01-18
18717,2024-10-09,USA,NY,SMB,Financial Services,1,28,Active,2024-10-09
18718,2024-01-03,USA,IL,Mid-Market,Technology,3,32,Active,2024-11-08
18719,2025-10-21,USA,IL,SMB,Education,1,64,Active,2026-01-18
18720,2025-05-12,USA,OH,Mid-Market,Education,2,82,Active,2025-05-12
18721,2024-10-07,USA,IL,SMB,Healthcare,4,67,Active,2024-10-07
18722,2024-10-24,USA,NY,Enterprise,Retail,1,84,Active,2025-01-12
18723,2025-09-19,UK,FL,Mid-Market,Healthcare,1,27,Active,2025-09-19
18724,2024-06-24,USA,KY,SMB,Education,8,59,Active,2024-07-10
18725,2025-05-16,USA,NC,Mid-Market,Retail,3,69,Active,2025-05-16
18726,2025-08-20,USA,WA,Mid-Market,Manufacturing,3,,Active,2025-08-20
18727,2024-08-21,USA,FL,Mid-Market,Technology,3,79,Active,2025-06-15
18728,2024-08-10,USA,TN,SMB,Healthcare,7,56,Active,2024-08-10
18729,2024-12-11,USA,KY,SMB,Retail,1,27,Active,2024-12-11
18730,2025-07-30,USA,CO,Mid-Market,Education,1,71,Active,2025-07-30
18731,2024-09-04,USA,MI,SMB,Retail,4,6,Active,2024-10-14
18732,2025-01-04,USA,TN,Enterprise,Technology,1,79,Active,2025-01-04
18733,2025-06-13,USA,MI,SMB,Government,3,20,Active,2025-07-19
18734,2024-06-30,USA,GA,Mid-Market,Healthcare,1,46,Active,2025-02-23
18735,2025-07-08,USA,TX,SMB,Financial Services,2,76,Active,2026-06-13
18736,2024-05-14,USA,CO,Mid-Market,Technology,3,80,Active,2024-07-05
18737,2024-05-18,Australia,VA,SMB,Technology,3,36,Churned,2024-08-04
18738,2024-08-18,USA,VA,SMB,Government,3,65,Churned,2024-08-18
18739,2024-10-06,Canada,KY,SMB,Healthcare,1,9,Active,2024-10-06
18740,2024-01-30,USA,TX,Mid-Market,Professional Services,1,85,Active,2024-01-30
18741,2026-07-25,USA,GA,SMB,Manufacturing,4,25,Active,2026-07-25
18742,2024-10-27,USA,NC,Mid-Market,Financial Services,1,81,Active,2025-04-14
18743,2026-02-22,Australia,,SMB,Manufacturing,3,51,Active,2026-02-22
18744,2026-05-28,UK,OH,Mid-Market,Retail,3,42,Active,2026-05-28
18745,2026-02-18,USA,TX,Mid-Market,Financial Services,2,34,Active,2026-02-18
18746,2026-03-20,Canada,TN,SMB,Financial Services,2,77,Active,2026-03-20
18747,2024-04-07,USA,TN,SMB,Retail,4,31,Active,2024-11-12
18748,2024-12-28,USA,TN,SMB,Manufacturing,2,61,Active,2025-04-26
18749,2025-12-27,USA,TX,Mid-Market,Healthcare,1,3,Churned,2025-12-27
18750,2025-07-14,USA,TX,Enterprise,Healthcare,7,67,Active,2025-11-19
18751,2024-01-06,USA,OH,SMB,Retail,1,13,Active,2024-05-28
18752,2025-07-06,USA,OH,Mid-Market,Technology,4,23,Active,2025-07-06
18753,2026-02-22,USA,WA,Mid-Market,Government,1,73,Active,2026-06-03
18754,2026-03-18,USA,FL,Mid-Market,Healthcare,2,78,Active,2026-03-18
18755,2025-01-08,USA,NY,SMB,Government,3,11,Active,2025-01-08
18756,2024-08-18,USA,CO,Enterprise,Technology,1,12,Churned,2026-01-28
18757,2024-10-28,USA,WA,SMB,Professional Services,4,12,Active,2024-10-28
18758,2024-10-15,USA,CA,Mid-Market,Manufacturing,1,20,Active,2024-10-15
18759,2024-12-03,USA,PA,SMB,Manufacturing,3,26,Active,2025-12-14
18760,2024-10-20,USA,CA,Mid-Market,Education,4,36,Active,2024-10-20
18761,2025-03-21,USA,TX,Enterprise,Manufacturing,3,52,Churned,2026-06-09
18762,2024-02-09,USA,GA,Enterprise,Professional Services,2,77,Active,2024-05-09
18763,2024-09-25,USA,CA,SMB,Professional Services,2,9,Active,2024-09-25
18764,2024-11-02,USA,WA,Mid-Market,Manufacturing,1,42,Active,2025-04-05
18765,2024-05-29,USA,OH,SMB,Technology,6,4,Active,2024-05-29
18766,2026-05-05,USA,OH,Mid-Market,Manufacturing,3,62,Active,2026-05-05
18767,2025-10-19,USA,KY,SMB,Technology,3,91,Active,2025-10-19
18768,2026-06-07,Canada,CA,Mid-Market,Technology,2,92,Active,2026-06-07
18769,2025-06-30,USA,CA,SMB,Technology,2,7,Active,2026-03-19
18770,2024-04-16,USA,WA,SMB,Healthcare,1,72,Active,2024-08-14
18771,2026-05-31,Canada,CO,SMB,Government,1,80,Active,2026-05-31
18772,2025-03-22,USA,FL,SMB,Retail,2,84,Churned,
18773,2025-10-28,USA,CO,SMB,Financial Services,1,5,Active,2025-10-28
18774,2025-01-06,USA,CA,Mid-Market,Financial Services,1,14,Active,2025-07-20
18775,2025-04-26,Australia,CA,Mid-Market,Healthcare,3,38,Churned,2025-08-10
18776,2025-04-21,USA,IL,Mid-Market,Manufacturing,2,7,Active,2025-04-21
18777,2024-10-04,USA,CO,Mid-Market,Healthcare,2,35,Active,2024-10-04
18778,2025-06-24,USA,TN,SMB,Financial Services,4,25,Active,2025-06-24
18779,2025-12-15,USA,NC,SMB,Healthcare,3,86,Active,
18780,2024-01-20,USA,TX,SMB,Financial Services,1,90,Active,2024-07-10
18781,2024-05-07,Australia,CA,SMB,Government,4,30,Active,2024-05-07
18782,2026-03-31,USA,NC,Mid-Market,Manufacturing,2,73,Churned,2026-03-31
18783,2025-07-08,USA,NY,Mid-Market,Healthcare,3,3,Active,2025-07-08
18784,2026-08-06,UK,WA,Mid-Market,Technology,5,39,Active,2026-08-06
18785,2025-08-11,USA,FL,Mid-Market,Technology,1,92,Churned,2025-08-11
18786,2025-09-28,USA,WA,SMB,Manufacturing,3,92,Active,2025-09-28
18787,2026-05-25,USA,IL,Mid-Market,Retail,1,39,Active,2026-05-25
18788,2025-10-05,USA,VA,SMB,Technology,1,66,Churned,2025-10-05
18789,2024-11-17,USA,NC,Enterprise,Healthcare,2,6,Active,2024-11-17
18790,2025-05-29,USA,CA,SMB,Financial Services,1,81,Churned,2025-05-29
18791,2024-08-17,USA,NC,SMB,Government,1,25,Active,2024-11-02
18792,2024-11-21,USA,NC,SMB,Retail,2,9,Active,2025-03-13
18793,2025-10-24,USA,GA,SMB,Healthcare,2,54,Churned,2025-10-24
18794,2024-05-25,USA,WA,SMB,Financial Services,2,84,Active,2024-05-25
18795,2025-10-16,Canada,CO,SMB,Education,1,63,Active,2025-10-16
18796,2025-07-22,Australia,IL,Mid-Market,Healthcare,2,49,Active,2025-07-22
18797,2024-10-27,UK,IL,Enterprise,Retail,2,28,Churned,2024-11-10
18798,2024-02-13,USA,OH,SMB,Retail,2,9,Active,2024-04-24
18799,2025-11-17,USA,NC,SMB,Financial Services,4,4,Active,2025-11-17
18800,2026-03-14,USA,WA,Enterprise,Manufacturing,8,4,Active,
18801,2025-12-12,USA,,SMB,Healthcare,1,35,Active,2025-12-12
18802,2025-02-13,UK,CO,Mid-Market,Manufacturing,2,57,Active,2025-02-13
18803,2025-09-28,USA,CA,SMB,Healthcare,5,1,Churned,2025-09-28
18804,2025-02-07,USA,KY,SMB,Government,3,59,Active,2025-02-07
18805,2024-12-14,USA,CO,SMB,Technology,8,74,Active,2024-12-14
18806,2024-11-14,USA,VA,SMB,Healthcare,4,19,Active,2025-09-25
18807,2024-07-24,USA,MI,Mid-Market,Financial Services,4,45,Active,2024-07-24
18808,2026-08-02,USA,CO,Mid-Market,Education,1,,Active,2026-08-02
18809,2025-10-10,Canada,TN,SMB,Education,1,79,Active,2025-10-10
18810,2024-06-19,Australia,KY,Enterprise,Retail,3,40,Active,2024-08-11
18811,2026-04-22,USA,KY,SMB,Healthcare,3,80,Active,2026-04-22
18812,2024-05-27,USA,CO,SMB,Manufacturing,4,2,Active,2024-08-21
18813,2025-08-01,USA,NY,Enterprise,Financial Services,8,91,Active,2025-08-01
18814,2024-06-10,Canada,OH,Enterprise,Healthcare,1,98,Active,2024-06-10
18815,2024-12-17,USA,IL,SMB,Retail,2,69,Active,2024-12-17
18816,2025-10-03,Australia,CA,SMB,Education,5,83,Active,2025-10-03
18817,2026-08-31,UK,NC,SMB,Retail,4,72,Active,2026-08-31
18818,2026-08-24,USA,WA,SMB,Healthcare,4,26,Active,2026-08-24
18819,2026-05-22,USA,TX,Mid-Market,Healthcare,3,15,Active,2026-05-22
18820,2024-08-17,USA,WA,SMB,Technology,8,85,Active,2025-06-14
18821,2024-04-01,USA,PA,Mid-Market,Manufacturing,2,1,Active,2024-04-01
18822,2026-06-01,USA,TN,SMB,Technology,1,61,Active,2026-06-01
18823,2026-06-18,USA,CA,SMB,Technology,1,3,Active,2026-06-18
18824,2024-09-28,USA,MI,SMB,Manufacturing,2,18,Active,2025-02-09
18825,2024-01-19,USA,MI,SMB,Manufacturing,4,33,Churned,2025-10-28
18826,2025-09-23,USA,IL,Mid-Market,Government,2,79,Active,2025-09-23
18827,2024-03-15,USA,IL,Enterprise,Professional Services,3,10,Active,2024-04-23
18828,2024-02-09,USA,CO,Enterprise,Retail,2,10,Active,2025-02-02
18829,2026-07-01,USA,OH,Mid-Market,Technology,4,24,Active,2026-07-01
18830,2025-04-27,USA,FL,SMB,Healthcare,1,43,Active,2025-04-27
18831,2024-04-19,USA,CA,Enterprise,Healthcare,3,30,Active,2025-05-18
18832,2025-09-29,Australia,WA,Enterprise,Retail,1,76,Active,2025-09-29
18833,2024-12-25,UK,PA,Enterprise,Education,2,49,Active,2024-12-25
18834,2025-06-06,USA,PA,SMB,Professional Services,2,90,Churned,2025-06-06
18835,2026-05-25,Canada,GA,SMB,Technology,3,89,Churned,2026-05-25
18836,2024-08-19,USA,PA,Mid-Market,Technology,3,29,Active,2024-08-19
18837,2025-09-21,USA,MI,SMB,Healthcare,7,75,Active,2025-09-21
18838,2026-03-17,USA,FL,SMB,Professional Services,5,61,Active,2026-03-17
18839,2025-02-16,USA,MI,SMB,Healthcare,1,64,Active,2025-02-16
18840,2026-08-02,UK,CA,Mid-Market,Government,1,85,Active,2026-08-02
18841,2025-03-12,USA,VA,SMB,Healthcare,1,19,Active,2025-03-12
18842,2025-03-23,USA,,Mid-Market,Healthcare,1,87,Active,2025-03-23
18843,2026-05-11,UK,NY,Mid-Market,Technology,1,58,Active,2026-05-11
18844,2025-09-11,USA,TN,SMB,Healthcare,5,1,Churned,2025-09-11
18845,2026-04-26,USA,GA,SMB,Healthcare,6,40,Churned,2026-04-26
18846,2026-02-08,USA,CO,Enterprise,Technology,1,10,Active,2026-02-08
18847,2025-11-24,USA,IL,SMB,Education,4,34,Active,2025-11-24
18848,2024-08-23,USA,NC,SMB,Retail,4,19,Active,2024-08-23
18849,2025-01-23,USA,FL,SMB,Manufacturing,2,,Active,2025-08-11
18850,2026-04-21,USA,NC,SMB,Technology,5,2,Active,2026-04-21
18851,2025-08-23,USA,IL,Mid-Market,Financial Services,8,9,Churned,2025-08-23
18852,2024-09-29,USA,CA,SMB,Manufacturing,7,90,Active,2024-09-29
18853,2024-11-14,USA,TX,Enterprise,Technology,4,41,Active,2024-11-14
18854,2026-01-25,USA,PA,SMB,Professional Services,2,7,Churned,2026-01-25
18855,2024-06-22,USA,NC,Enterprise,Retail,1,79,Active,2024-08-06
18856,2024-04-19,Canada,FL,Mid-Market,Technology,8,92,Active,2024-04-19
18857,2026-01-15,USA,FL,SMB,Manufacturing,1,33,Active,2026-01-15
18858,2024-10-07,USA,MI,Mid-Market,Technology,2,31,Active,2024-10-07
18859,2026-01-15,USA,NY,SMB,Education,1,57,Active,2026-01-15
18860,2025-06-03,USA,GA,Enterprise,Manufacturing,2,8,Active,2025-06-03
18861,2026-08-29,USA,MI,Mid-Market,Healthcare,1,100,Active,2026-08-29
18862,2025-05-26,USA,KY,SMB,Professional Services,4,38,Active,2025-05-26
18863,2026-04-24,USA,GA,SMB,Technology,3,26,Active,2026-04-24
18864,2026-04-08,USA,TX,Enterprise,Technology,2,73,Active,2026-04-08
18865,2024-07-25,UK,GA,Mid-Market,Manufacturing,2,40,Churned,2025-02-22
18866,2026-08-28,USA,TN,SMB,Financial Services,3,14,Active,2026-08-28
18867,2025-12-27,USA,IL,SMB,Manufacturing,4,48,Active,2025-12-27
18868,2024-04-14,USA,VA,SMB,Manufacturing,5,96,Active,2025-08-11
18869,2024-01-06,USA,TX,Mid-Market,Retail,4,50,Active,2024-01-20
18870,2024-09-21,USA,IL,Mid-Market,Healthcare,2,18,Churned,2024-09-21
18871,2024-01-16,USA,TN,Mid-Market,Education,4,23,Active,2024-06-09
18872,2024-12-14,USA,FL,Mid-Market,Manufacturing,3,90,Active,2024-12-14
18873,2026-08-28,USA,NC,Mid-Market,Technology,3,77,Active,2026-08-28
18874,2025-04-11,USA,PA,SMB,Healthcare,3,2,Active,2026-02-03
18875,2024-01-24,USA,TX,Mid-Market,Manufacturing,2,22,Active,2024-02-26
18876,2025-04-26,USA,WA,SMB,Healthcare,2,74,Active,2025-04-26
18877,2024-08-01,USA,CA,Enterprise,Education,3,31,Active,2025-03-13
18878,2026-04-13,USA,PA,SMB,Technology,2,,Active,2026-04-13
18879,2024-03-29,Australia,OH,Mid-Market,Manufacturing,4,88,Active,2025-06-17
18880,2026-01-20,USA,IL,Enterprise,Government,2,77,Active,2026-01-20
18881,2025-03-10,USA,NC,Mid-Market,Retail,3,68,Active,2025-03-10
18882,2024-01-19,Australia,FL,SMB,Manufacturing,4,66,Active,2025-01-07
18883,2025-10-17,USA,KY,Mid-Market,Education,1,25,Active,2025-10-17
18884,2025-03-19,USA,NC,SMB,Manufacturing,1,20,Active,2025-03-19
18885,2026-01-21,USA,FL,SMB,Technology,3,82,Active,2026-01-21
18886,2025-08-25,USA,TX,Mid-Market,Government,1,5,Active,2025-08-25
18887,2026-02-05,UK,NY,Mid-Market,Technology,1,65,Active,2026-02-05
18888,2025-03-24,USA,KY,SMB,Healthcare,4,41,Active,2025-03-24
18889,2024-01-08,UK,VA,Enterprise,Financial Services,1,3,Active,2024-04-28
18890,2024-05-07,USA,TN,SMB,Professional Services,3,58,Active,2025-08-11
18891,2025-03-22,Canada,KY,Enterprise,Healthcare,1,14,Active,2026-01-29
18892,2025-01-22,USA,NY,Mid-Market,Manufacturing,1,85,Active,2025-01-22
18893,2026-02-12,USA,GA,Enterprise,Professional Services,2,25,Active,2026-02-12
18894,2025-02-04,USA,KY,Mid-Market,Education,7,24,Active,2025-05-26
18895,2026-04-17,USA,FL,Enterprise,Healthcare,3,68,Active,2026-04-17
18896,2024-07-01,USA,NY,Mid-Market,Education,2,31,Active,2024-07-01
18897,2025-01-09,USA,CA,SMB,Retail,2,37,Active,2025-01-09
18898,2026-01-06,USA,MI,SMB,Professional Services,3,34,Active,2026-01-06
18899,2024-04-30,USA,NY,Mid-Market,Technology,3,51,Active,2024-04-30
18900,2024-11-09,USA,CA,SMB,Manufacturing,1,73,Churned,2024-11-09
18901,2026-01-02,USA,NY,Enterprise,Healthcare,1,78,Active,2026-01-02
18902,2025-07-27,Canada,TX,SMB,Financial Services,2,13,Active,2025-07-27
18903,2026-01-27,USA,TN,Enterprise,Retail,3,47,Active,2026-04-10
18904,2025-05-17,USA,FL,SMB,Education,4,53,Active,2025-05-17
18905,2026-04-16,Canada,CA,Mid-Market,Manufacturing,3,96,Active,2026-04-16
18906,2026-05-04,Canada,NY,Enterprise,Professional Services,3,60,Active,2026-05-04
18907,2026-08-07,USA,NY,SMB,Healthcare,2,83,Churned,2026-08-07
18908,2024-04-28,USA,TX,Mid-Market,Retail,3,53,Active,2024-04-28
18909,2025-07-29,USA,FL,SMB,Technology,3,52,Active,2025-07-29
18910,2024-04-21,USA,NC,Mid-Market,Technology,1,55,Active,2024-04-21
18911,2024-08-10,UK,KY,Mid-Market,Manufacturing,6,10,Active,2024-08-10
18912,2024-10-19,USA,TN,SMB,Retail,2,44,Active,2025-03-16
18913,2025-09-21,USA,OH,SMB,Healthcare,3,95,Active,2025-09-21
18914,2025-02-24,USA,NY,SMB,Technology,3,99,Active,2025-02-24
18915,2026-04-22,USA,IL,SMB,Professional Services,5,18,Active,2026-04-22
18916,2024-10-17,Canada,VA,Mid-Market,Professional Services,1,46,Active,
18917,2025-08-24,Canada,PA,SMB,Technology,5,82,Active,2025-08-24
18918,2026-01-13,Australia,FL,Enterprise,Technology,1,84,Active,2026-01-13
18919,2026-08-12,USA,CO,Enterprise,Education,1,65,Churned,2026-08-12
18920,2024-08-26,USA,WA,Enterprise,Education,5,56,Active,2025-08-15
18921,2025-12-15,UK,TN,Mid-Market,Healthcare,1,88,Active,2025-12-15
18922,2024-03-23,USA,OH,SMB,Retail,3,62,Active,2024-06-11
18923,2025-06-13,Australia,CA,Mid-Market,Professional Services,2,80,Churned,2025-06-13
18924,2025-02-07,USA,FL,Mid-Market,Professional Services,6,82,Active,2025-02-07
18925,2026-07-22,USA,KY,Enterprise,Technology,4,27,Active,2026-07-22
18926,2026-01-23,USA,TX,SMB,Retail,2,99,Active,2026-01-23
18927,2026-06-22,Canada,TN,SMB,Education,4,38,Active,2026-06-22
18928,2026-04-08,USA,CO,Enterprise,Financial Services,1,15,Active,2026-04-08
18929,2025-02-03,Canada,PA,Mid-Market,Financial Services,3,24,Active,2025-02-03
18930,2025-12-15,USA,OH,SMB,Manufacturing,4,59,Active,2025-12-15
18931,2024-01-30,USA,FL,Mid-Market,Technology,4,92,Churned,2024-02-18
18932,2025-06-27,USA,NY,SMB,Retail,3,19,Active,2025-06-27
18933,2024-02-16,USA,FL,Mid-Market,Technology,4,,Active,2024-03-12
18934,2025-12-06,USA,FL,SMB,Technology,3,5,Active,2025-12-06
18935,2026-07-30,USA,NC,SMB,Financial Services,6,51,Active,2026-07-30
18936,2025-10-25,Australia,CO,SMB,Retail,1,90,Active,
18937,2026-03-29,USA,NY,SMB,Technology,2,65,Active,
18938,2024-08-16,USA,NC,SMB,Professional Services,4,100,Active,2024-10-27
18939,2026-08-26,Canada,KY,SMB,Professional Services,2,96,Active,
18940,2025-06-20,USA,FL,SMB,Healthcare,2,70,Active,2025-06-20
18941,2025-10-18,USA,IL,Mid-Market,Technology,4,2,Active,2025-10-18
18942,2026-01-20,Canada,NC,Mid-Market,Professional Services,3,41,Active,2026-01-20
18943,2025-09-14,USA,NY,Mid-Market,Financial Services,1,12,Active,2025-09-14
18944,2024-11-04,USA,IL,SMB,Technology,1,76,Active,2025-08-09
18945,2025-08-18,Australia,KY,SMB,Manufacturing,2,17,Active,2025-08-18
18946,2025-09-28,USA,TN,Mid-Market,Technology,2,99,Active,2025-09-28
18947,2026-04-15,USA,TX,Enterprise,Healthcare,1,64,Churned,
18948,2025-04-13,USA,KY,Enterprise,Retail,4,92,Active,2025-04-13
18949,2025-05-03,Canada,CO,Enterprise,Retail,1,81,Churned,2025-05-03
18950,2025-05-05,USA,KY,Mid-Market,Retail,4,87,Churned,2025-05-05
18951,2024-04-21,USA,CO,Enterprise,Healthcare,7,5,Active,2024-05-19
18952,2024-03-28,USA,FL,SMB,Manufacturing,2,52,Active,2024-03-30
18953,2024-01-20,USA,IL,Mid-Market,Manufacturing,7,91,Churned,2024-03-06
18954,2025-10-10,USA,NC,Enterprise,Healthcare,1,22,Active,2025-10-10
18955,2025-02-11,USA,TN,Mid-Market,Retail,3,37,Active,2025-02-11
18956,2026-04-23,Canada,CO,SMB,Financial Services,8,14,Active,2026-07-15
18957,2025-11-14,USA,NY,SMB,Government,4,52,Active,2025-11-14
18958,2024-05-17,USA,NC,SMB,Healthcare,1,8,Active,
18959,2024-04-07,USA,KY,SMB,Technology,1,10,Active,2024-04-07
18960,2024-12-22,Canada,OH,Mid-Market,Retail,1,35,Active,2024-12-22
18961,2026-06-15,USA,TN,Mid-Market,Retail,6,80,Active,2026-06-15
18962,2024-02-17,USA,NY,SMB,Professional Services,1,5,Active,2024-02-22
18963,2024-07-01,USA,TX,Mid-Market,Technology,3,84,Active,2024-07-09
18964,2024-01-29,USA,FL,SMB,Technology,2,68,Churned,2024-04-28
18965,2025-02-06,UK,WA,Mid-Market,Healthcare,2,95,Active,2025-02-06
18966,2026-08-21,USA,VA,SMB,Financial Services,2,83,Active,2026-08-21
18967,2025-10-27,USA,PA,SMB,Financial Services,2,75,Active,2025-10-27
18968,2025-04-25,Canada,VA,Mid-Market,Manufacturing,3,80,Active,2025-04-25
18969,2024-05-20,USA,OH,Mid-Market,Professional Services,2,72,Active,2026-01-14
18970,2024-12-12,USA,VA,Mid-Market,Retail,2,9,Active,2024-12-12
18971,2025-05-25,USA,CO,SMB,Retail,3,66,Active,
18972,2024-09-24,Canada,WA,Mid-Market,Healthcare,2,21,Active,2025-03-06
18973,2025-11-17,UK,TN,SMB,Retail,4,18,Active,2025-11-17
18974,2026-08-12,USA,TN,SMB,Healthcare,3,,Active,2026-08-12
18975,2024-07-19,USA,WA,Mid-Market,Retail,3,91,Active,2024-07-19
18976,2024-09-02,USA,PA,Mid-Market,Government,1,100,Active,2024-09-02
18977,2024-05-02,USA,TN,Enterprise,Manufacturing,1,1,Active,2024-11-23
18978,2025-12-07,USA,MI,SMB,Financial Services,4,98,Churned,2025-12-07
18979,2025-03-25,USA,WA,Mid-Market,Retail,5,1,Active,2025-03-25
18980,2024-10-03,USA,KY,SMB,Technology,1,93,Active,2025-07-29
18981,2024-08-01,USA,KY,Mid-Market,Healthcare,2,14,Active,
18982,2024-03-09,USA,PA,Mid-Market,Professional Services,2,15,Active,2024-11-19
18983,2025-04-08,Australia,TX,Mid-Market,Technology,3,5,Active,2026-02-26
18984,2025-10-27,USA,GA,Enterprise,Manufacturing,1,79,Active,2025-10-27
18985,2024-08-16,UK,IL,Mid-Market,Technology,7,,Active,2024-08-16
18986,2024-01-02,USA,NC,SMB,Financial Services,1,22,Active,2024-04-15
18987,2025-04-06,USA,TX,Enterprise,Healthcare,7,81,Active,2025-07-30
18988,2025-10-20,USA,TX,Enterprise,Technology,1,26,Active,2025-10-20
18989,2024-12-02,Australia,NY,SMB,Financial Services,2,87,Churned,2024-12-02
18990,2024-08-31,Canada,KY,SMB,Healthcare,1,50,Active,2024-08-31
18991,2024-05-30,USA,TN,SMB,Professional Services,1,58,Churned,2025-10-16
18992,2025-12-27,USA,VA,Mid-Market,Education,8,81,Active,2025-12-27
18993,2026-04-19,USA,TX,Enterprise,Healthcare,2,48,Churned,2026-04-19
18994,2026-01-19,USA,FL,Mid-Market,Professional Services,1,45,Active,2026-01-19
18995,2025-05-19,USA,TX,SMB,Healthcare,8,59,Active,2025-05-19
18996,2025-12-06,UK,OH,SMB,Professional Services,1,23,Active,2025-12-06
18997,2025-01-21,USA,NC,SMB,Retail,1,46,Active,2026-06-28
18998,2024-01-24,Canada,VA,SMB,Manufacturing,1,91,Active,2024-08-23
18999,2024-12-24,USA,NY,SMB,Technology,2,65,Active,2024-12-24
19000,2025-11-16,USA,NY,SMB,Healthcare,6,29,Active,2025-11-16
19001,2025-09-22,USA,IL,SMB,Professional Services,1,92,Active,2025-09-22
19002,2026-08-22,USA,TN,SMB,Healthcare,4,78,Active,2026-08-22
19003,2026-08-29,USA,PA,Mid-Market,Government,1,98,Active,2026-08-29
19004,2024-08-24,USA,MI,SMB,Healthcare,1,77,Active,2024-08-24
19005,2024-01-10,USA,OH,SMB,Financial Services,4,2,Active,2025-03-12
19006,2024-09-24,USA,WA,Mid-Market,Healthcare,4,10,Active,2024-09-24
19007,2026-05-03,USA,FL,Enterprise,Retail,3,1,Active,2026-05-03
19008,2026-03-03,USA,CA,Mid-Market,Technology,1,45,Active,2026-03-03
19009,2024-04-06,UK,TX,Mid-Market,Technology,1,47,Active,2024-10-18
19010,2024-06-05,USA,WA,Mid-Market,Professional Services,4,14,Active,2024-06-05
19011,2025-07-02,Canada,NC,Mid-Market,Manufacturing,3,10,Active,2025-07-02
19012,2025-10-05,Canada,WA,Mid-Market,Manufacturing,2,73,Active,2025-10-05
19013,2026-08-14,USA,IL,SMB,Retail,1,72,Active,2026-08-14
19014,2026-01-05,USA,FL,Mid-Market,Technology,4,75,Active,2026-01-05
19015,2024-07-25,USA,TN,SMB,Professional Services,1,62,Active,2025-07-05
19016,2024-02-06,USA,CO,SMB,Retail,3,31,Churned,2025-10-01
19017,2025-09-09,Canada,KY,SMB,Retail,3,57,Active,2025-09-09
19018,2025-06-23,Canada,PA,SMB,Retail,1,69,Active,2025-12-25
19019,2026-06-16,USA,GA,SMB,Financial Services,2,75,Churned,2026-06-16
19020,2025-07-14,USA,MI,Mid-Market,Technology,3,42,Active,2025-07-14
19021,2025-05-03,USA,TN,SMB,Healthcare,3,20,Active,2026-02-23
19022,2024-10-22,USA,GA,SMB,Professional Services,5,57,Churned,2025-05-30
19023,2024-03-25,USA,TX,SMB,Healthcare,3,88,Active,2024-06-07
19024,2026-05-03,UK,PA,SMB,Financial Services,1,69,Churned,2026-05-03
19025,2026-03-15,USA,WA,Mid-Market,Healthcare,2,71,Active,2026-03-15
19026,2024-06-07,UK,KY,SMB,Retail,3,84,Active,2024-10-23
19027,2025-11-16,USA,NC,SMB,Education,2,67,Active,2025-11-16
19028,2024-12-20,USA,PA,SMB,Professional Services,4,50,Active,2025-11-23
19029,2025-03-01,USA,,SMB,Manufacturing,1,67,Active,2025-03-01
19030,2026-04-06,USA,KY,SMB,Financial Services,1,71,Active,2026-04-06
19031,2026-03-31,USA,GA,SMB,Education,1,45,Active,2026-03-31
19032,2024-07-04,USA,PA,Mid-Market,Technology,5,28,Active,2025-01-25
19033,2024-10-26,USA,TN,Enterprise,Technology,3,39,Active,2025-10-31
19034,2026-03-11,USA,CO,Mid-Market,Manufacturing,3,,Active,2026-03-11
19035,2026-06-12,USA,FL,SMB,Technology,2,67,Churned,2026-06-12
19036,2024-03-18,USA,NY,SMB,Healthcare,6,9,Active,2025-10-28
19037,2026-03-22,USA,NY,Mid-Market,Financial Services,5,68,Active,2026-03-22
19038,2025-04-21,USA,FL,SMB,Professional Services,2,49,Active,2025-04-21
19039,2025-07-28,USA,TN,Enterprise,Healthcare,4,11,Active,2025-07-28
19040,2024-03-14,Canada,OH,SMB,Retail,6,38,Active,
19041,2025-10-24,USA,CA,SMB,Financial Services,2,76,Active,2025-10-24
19042,2025-10-22,Canada,KY,SMB,Healthcare,2,93,Churned,2025-10-22
19043,2025-10-07,USA,MI,Enterprise,Professional Services,3,81,Churned,2025-10-07
19044,2026-02-09,USA,WA,Enterprise,Healthcare,2,27,Active,2026-02-09
19045,2026-07-10,USA,KY,Enterprise,Manufacturing,4,57,Active,2026-07-10
19046,2026-04-07,USA,IL,SMB,Professional Services,3,100,Active,2026-04-07
19047,2025-12-26,USA,NY,Mid-Market,Healthcare,1,50,Active,2025-12-26
19048,2026-08-13,USA,PA,SMB,Healthcare,2,22,Active,2026-08-13
19049,2025-10-19,USA,PA,SMB,Retail,3,52,Churned,2026-06-12
19050,2025-10-16,USA,MI,Mid-Market,Healthcare,1,60,Active,2025-10-16
19051,2025-06-11,USA,WA,Enterprise,Financial Services,2,23,Active,2025-06-11
19052,2026-01-19,USA,NC,SMB,Technology,1,33,Active,2026-01-19
19053,2024-03-10,USA,CO,SMB,Financial Services,4,98,Active,2025-08-12
19054,2025-05-07,USA,FL,SMB,Technology,1,91,Active,2025-05-07
19055,2025-02-18,USA,TN,SMB,Professional Services,1,88,Active,2025-02-18
19056,2026-06-08,USA,CA,SMB,Financial Services,4,49,Active,2026-06-08
19057,2024-03-11,USA,IL,Enterprise,Financial Services,1,85,Active,2025-03-15
19058,2025-09-19,USA,TN,SMB,Healthcare,3,27,Active,2025-09-19
19059,2024-06-28,Canada,MI,Mid-Market,Healthcare,2,32,Active,2024-10-11
19060,2026-05-10,USA,MI,SMB,Retail,4,17,Active,2026-05-10
19061,2026-04-09,USA,KY,SMB,Manufacturing,1,70,Active,2026-04-09
19062,2024-08-17,USA,MI,SMB,Financial Services,1,75,Active,2024-08-17
19063,2026-04-29,USA,PA,SMB,Retail,1,64,Active,2026-04-29
19064,2025-04-28,USA,CA,SMB,Healthcare,6,90,Active,2025-07-09
19065,2026-08-03,USA,CO,Mid-Market,Technology,4,21,Active,2026-08-03
19066,2025-12-11,USA,NY,Enterprise,Retail,1,77,Active,2025-12-11
19067,2024-02-03,UK,FL,SMB,Education,1,98,Active,2024-07-22
19068,2024-07-16,USA,NC,Mid-Market,Manufacturing,1,52,Active,2024-07-16
19069,2025-01-28,Canada,WA,Enterprise,Retail,1,51,Active,2025-01-28
19070,2024-07-24,Canada,VA,SMB,Technology,1,93,Active,2024-07-24
19071,2024-05-08,USA,NY,Enterprise,Healthcare,5,14,Active,2025-08-11
19072,2026-08-10,USA,VA,Enterprise,Technology,1,52,Active,2026-08-10
19073,2026-04-26,USA,PA,Mid-Market,Retail,5,,Active,2026-04-26
19074,2025-02-27,USA,OH,Mid-Market,Manufacturing,1,23,Active,2025-06-17
19075,2024-07-28,Australia,NY,Mid-Market,Manufacturing,4,11,Active,2024-11-19
19076,2024-06-26,USA,IL,SMB,Manufacturing,2,24,Active,2024-07-09
19077,2026-06-10,USA,OH,Mid-Market,Technology,1,79,Active,2026-06-10
19078,2024-11-18,USA,PA,Enterprise,Healthcare,4,65,Churned,2024-11-18
19079,2024-01-13,UK,TN,SMB,Manufacturing,1,80,Active,2024-08-03
19080,2025-01-22,USA,TN,Mid-Market,Healthcare,5,82,Active,2025-01-22
19081,2025-03-18,USA,CA,SMB,Financial Services,4,83,Active,2025-03-18
19082,2025-08-29,UK,VA,SMB,Financial Services,8,70,Active,2025-08-29
19083,2024-11-25,USA,GA,Mid-Market,Technology,4,8,Active,2024-11-25
19084,2026-06-18,USA,FL,Mid-Market,Technology,1,13,Churned,2026-06-18
19085,2025-09-18,USA,OH,Mid-Market,Professional Services,2,14,Active,2026-07-26
19086,2026-08-18,USA,CO,Mid-Market,Manufacturing,3,47,Active,2026-08-18
19087,2024-12-23,USA,PA,SMB,Education,2,11,Active,2024-12-23
19088,2025-09-26,USA,WA,Enterprise,Professional Services,3,7,Active,2025-09-26
19089,2024-12-21,USA,CA,Mid-Market,Healthcare,1,65,Active,2024-12-21
19090,2025-11-12,USA,NC,Mid-Market,Education,3,93,Active,2025-11-12
19091,2025-12-27,UK,CA,SMB,Retail,2,29,Active,2025-12-27
19092,2024-11-09,USA,CA,SMB,Financial Services,1,11,Active,2024-11-09
19093,2026-07-02,USA,NC,Enterprise,Government,7,16,Active,2026-07-02
19094,2026-04-14,USA,WA,SMB,Financial Services,4,92,Active,2026-04-14
19095,2026-05-21,UK,CO,SMB,Professional Services,2,99,Active,2026-05-21
19096,2024-07-31,USA,TX,Mid-Market,Professional Services,1,36,Active,2024-07-31
19097,2025-11-30,UK,TX,Mid-Market,Professional Services,4,49,Active,2025-11-30
19098,2024-04-13,UK,NY,Enterprise,Technology,1,59,Active,2026-02-13
19099,2024-04-12,Australia,PA,Mid-Market,Technology,3,50,Active,2024-04-12
19100,2026-08-05,USA,CA,Enterprise,Retail,4,71,Active,2026-08-05
19101,2024-05-28,USA,TN,SMB,Retail,1,58,Active,2024-08-15
19102,2026-04-21,USA,OH,Mid-Market,Professional Services,1,84,Active,2026-04-21
19103,2025-02-23,USA,CA,Mid-Market,Retail,1,50,Churned,2025-02-23
19104,2024-10-22,USA,CO,Mid-Market,Manufacturing,2,72,Active,2024-10-22
19105,2024-03-12,USA,IL,SMB,Government,3,26,Active,2025-07-13
19106,2025-10-19,USA,KY,SMB,Retail,1,51,Active,2025-10-19
19107,2025-12-03,USA,NC,Mid-Market,Professional Services,7,68,Active,2025-12-03
19108,2025-03-30,USA,PA,Mid-Market,Financial Services,4,27,Active,2025-03-30
19109,2026-02-27,USA,TX,SMB,Healthcare,1,59,Active,2026-02-27
19110,2024-11-10,USA,PA,Mid-Market,Technology,3,21,Active,2024-11-10
19111,2025-06-21,USA,VA,Mid-Market,Manufacturing,2,85,Churned,
19112,2024-10-06,Canada,IL,SMB,Education,2,69,Churned,2024-10-06
19113,2025-07-21,Canada,GA,Mid-Market,Healthcare,3,41,Churned,2025-07-21
19114,2024-05-12,USA,GA,Mid-Market,Healthcare,1,40,Active,2024-07-22
19115,2025-04-08,USA,FL,SMB,Professional Services,1,78,Churned,2025-04-08
19116,2025-06-19,Canada,FL,SMB,Manufacturing,1,73,Active,2025-06-19
19117,2025-06-26,USA,TX,SMB,Manufacturing,1,98,Active,2025-06-26
19118,2025-03-10,Canada,CO,Mid-Market,Financial Services,3,79,Active,2026-03-28
19119,2025-09-18,USA,KY,SMB,Professional Services,8,39,Active,2025-09-18
19120,2025-05-13,USA,CA,SMB,Professional Services,3,26,Active,2025-05-13
19121,2024-10-02,USA,TN,SMB,Manufacturing,8,71,Active,2024-10-02
19122,2024-07-28,USA,TN,Mid-Market,Financial Services,3,3,Active,2024-09-23
19123,2025-09-22,USA,TX,Mid-Market,Government,1,4,Churned,2025-09-22
19124,2026-07-03,USA,IL,SMB,Professional Services,5,50,Active,2026-07-03
19125,2026-01-03,USA,NC,Enterprise,Manufacturing,1,92,Active,2026-08-24
19126,2025-09-13,USA,IL,SMB,Technology,1,33,Active,2025-09-13
19127,2026-06-16,USA,PA,SMB,Manufacturing,6,72,Churned,2026-06-16
19128,2026-05-26,USA,NC,SMB,Financial Services,3,11,Active,2026-05-26
19129,2025-05-08,Canada,FL,Mid-Market,Technology,6,64,Active,2026-04-09
19130,2024-04-16,USA,CA,Mid-Market,Technology,1,44,Active,2025-01-21
19131,2025-09-09,Australia,TN,SMB,Manufacturing,4,11,Active,2025-09-09
19132,2025-08-29,USA,TX,Mid-Market,Professional Services,1,39,Active,2025-08-29
19133,2024-09-27,USA,NY,Mid-Market,Manufacturing,2,98,Active,2024-09-27
19134,2026-04-07,USA,KY,Enterprise,Professional Services,5,23,Active,2026-04-07
19135,2026-04-27,USA,OH,Enterprise,Financial Services,2,91,Active,2026-04-27
19136,2024-11-18,USA,NC,Mid-Market,Government,3,33,Active,2025-12-22
19137,2025-04-09,USA,NY,SMB,Financial Services,5,31,Active,2025-04-09
19138,2024-07-09,USA,WA,SMB,Financial Services,5,5,Churned,2024-07-09
19139,2024-06-22,Canada,MI,Enterprise,Technology,1,7,Active,2024-12-12
19140,2024-09-15,Canada,PA,Mid-Market,Healthcare,1,97,Active,2024-09-15
19141,2024-12-22,USA,NY,SMB,Financial Services,6,41,Active,2024-12-22
19142,2024-09-22,USA,VA,Enterprise,Education,3,72,Active,2024-09-22
19143,2024-05-27,USA,CO,Enterprise,Retail,2,4,Active,2025-06-14
19144,2025-03-11,Canada,NC,Mid-Market,Professional Services,1,19,Active,2025-03-11
19145,2025-08-30,USA,KY,Enterprise,Healthcare,1,55,Active,2025-08-30
19146,2024-11-13,USA,IL,SMB,Retail,7,57,Active,2025-02-28
19147,2025-06-03,USA,GA,Mid-Market,Retail,2,74,Churned,2025-06-03
19148,2024-09-21,USA,NY,Enterprise,Manufacturing,4,66,Active,2024-09-21
19149,2025-11-16,USA,MI,SMB,Retail,1,44,Active,2025-11-16
19150,2025-09-23,Canada,MI,SMB,Retail,1,54,Active,2025-09-23
19151,2026-07-24,USA,PA,Mid-Market,Retail,3,85,Active,2026-07-24
19152,2024-02-21,USA,NC,SMB,Healthcare,5,61,Active,2024-08-21
19153,2026-04-10,USA,CA,SMB,Technology,1,90,Active,2026-04-10
19154,2024-11-27,USA,KY,SMB,Manufacturing,2,87,Active,2025-02-17
19155,2024-03-05,USA,NY,SMB,Retail,3,98,Active,2025-04-16
19156,2025-11-02,Canada,NC,SMB,Financial Services,1,90,Active,2025-11-02
19157,2024-06-16,USA,TX,Enterprise,Professional Services,2,52,Active,2026-04-28
19158,2024-06-20,UK,KY,Mid-Market,Financial Services,3,3,Active,2024-06-20
19159,2026-08-12,Canada,PA,Mid-Market,Professional Services,1,55,Active,
19160,2024-08-03,USA,NC,SMB,Financial Services,3,52,Active,2025-01-25
19161,2025-06-16,USA,NY,SMB,Government,1,93,Active,2025-06-16
19162,2024-07-14,Canada,MI,SMB,Retail,4,46,Active,2024-07-14
19163,2024-04-30,USA,WA,Enterprise,Manufacturing,4,77,Active,2024-07-08
19164,2024-01-01,USA,IL,Enterprise,Retail,4,5,Active,2024-06-04
19165,2024-01-16,USA,PA,SMB,Professional Services,3,20,Active,2025-02-08
19166,2025-04-06,USA,TX,Enterprise,Retail,3,91,Active,2025-04-06
19167,2025-02-26,USA,MI,SMB,Education,2,10,Churned,2025-02-26
19168,2024-02-07,USA,IL,SMB,Healthcare,2,,Active,2026-04-30
19169,2024-12-06,USA,NC,Mid-Market,Manufacturing,1,59,Churned,2025-12-21
19170,2024-09-22,USA,GA,SMB,Education,4,71,Churned,2024-09-22
19171,2025-07-10,UK,,Enterprise,Manufacturing,1,86,Churned,2025-07-10
19172,2026-08-26,USA,VA,SMB,Technology,2,28,Active,2026-08-26
19173,2025-11-04,USA,OH,Mid-Market,Education,3,41,Active,2025-11-04
19174,2026-06-13,UK,TX,SMB,Manufacturing,3,7,Active,2026-06-13
19175,2024-07-06,Canada,PA,SMB,Financial Services,2,60,Active,
19176,2024-07-28,USA,VA,SMB,Retail,2,29,Churned,2025-03-22
19177,2026-01-01,USA,KY,Enterprise,Education,3,68,Active,2026-01-01
19178,2024-10-28,USA,MI,Mid-Market,Financial Services,6,61,Active,2024-10-28
19179,2026-04-06,USA,MI,Mid-Market,Technology,3,35,Active,2026-04-06
19180,2025-03-27,Canada,OH,SMB,Healthcare,1,29,Active,
19181,2024-07-14,USA,TN,SMB,Professional Services,4,40,Active,2024-07-14
19182,2026-04-02,USA,IL,SMB,Technology,1,75,Active,2026-04-02
19183,2025-06-20,Canada,GA,Mid-Market,Manufacturing,1,1,Active,2025-06-20
19184,2026-02-20,USA,IL,SMB,Professional Services,1,99,Active,2026-02-20
19185,2025-03-16,USA,NC,SMB,Education,2,46,Churned,2025-03-16
19186,2024-05-02,USA,PA,Mid-Market,Healthcare,3,22,Active,2024-05-02
19187,2025-10-25,USA,TN,Mid-Market,Retail,3,22,Active,2025-10-25
19188,2024-05-01,USA,WA,SMB,Manufacturing,4,100,Churned,2024-12-20
19189,2025-10-08,USA,GA,SMB,Retail,3,57,Active,2025-10-08
19190,2025-02-09,USA,NY,SMB,Retail,1,50,Active,2026-05-27
19191,2026-02-09,USA,MI,Mid-Market,Retail,3,52,Churned,2026-02-09
19192,2026-04-27,USA,OH,SMB,Healthcare,4,42,Active,2026-04-27
19193,2025-01-31,USA,PA,Mid-Market,Healthcare,3,24,Churned,2025-01-31
19194,2026-05-09,USA,IL,SMB,Financial Services,2,20,Active,2026-05-09
19195,2024-04-18,USA,CO,Enterprise,Healthcare,3,13,Churned,2024-05-26
19196,2024-04-14,USA,NC,Enterprise,Manufacturing,3,8,Active,
19197,2026-08-25,Canada,TX,SMB,Healthcare,2,66,Churned,2026-08-25
19198,2025-07-13,USA,MI,SMB,Healthcare,5,75,Active,
19199,2025-03-14,USA,OH,SMB,Professional Services,1,42,Active,2025-03-14
19200,2024-05-31,USA,PA,Mid-Market,Technology,1,68,Active,2024-05-31
19201,2024-10-08,USA,OH,SMB,Professional Services,4,37,Active,2025-07-28
19202,2025-10-30,USA,IL,Mid-Market,Government,4,77,Active,2025-10-30
19203,2026-03-11,USA,TN,SMB,Technology,3,83,Active,2026-03-11
19204,2026-06-11,USA,CA,SMB,Education,2,22,Active,2026-06-11
19205,2025-02-01,UK,CO,Mid-Market,Healthcare,7,64,Active,2025-02-01
19206,2025-03-18,Canada,,Mid-Market,Technology,2,75,Active,2026-03-05
19207,2024-06-08,USA,TN,Mid-Market,Manufacturing,2,61,Active,2024-06-08
19208,2024-03-21,USA,CO,Mid-Market,Technology,3,63,Active,2024-05-17
19209,2025-03-02,USA,NC,Mid-Market,Healthcare,2,20,Churned,2025-03-02
19210,2025-07-18,USA,FL,SMB,Professional Services,3,40,Active,2025-07-18
19211,2024-04-11,USA,CO,Enterprise,Retail,7,5,Churned,2024-04-11
19212,2025-02-01,UK,NC,Mid-Market,Education,1,18,Active,2025-02-01
19213,2025-09-16,USA,NC,Enterprise,Government,1,59,Active,2025-09-16
19214,2026-02-28,Canada,IL,Enterprise,Professional Services,2,67,Active,2026-02-28
19215,2026-07-03,USA,OH,SMB,Retail,3,39,Active,2026-07-03
19216,2024-11-27,Canada,GA,Mid-Market,Retail,4,91,Active,2025-02-08
19217,2025-01-16,USA,VA,Mid-Market,Technology,7,47,Active,2025-01-16
19218,2026-05-02,USA,PA,SMB,Manufacturing,3,81,Active,2026-05-02
19219,2025-11-06,USA,WA,Mid-Market,Retail,8,42,Active,2026-08-18
19220,2024-09-23,USA,TN,SMB,Technology,1,99,Active,2024-09-23
19221,2025-10-29,USA,GA,SMB,Professional Services,1,89,Active,2025-10-29
19222,2024-06-02,USA,WA,SMB,Retail,2,16,Active,2026-02-22
19223,2025-03-13,Canada,OH,Mid-Market,Healthcare,4,95,Churned,2025-03-13
19224,2024-10-25,Canada,NC,Mid-Market,Technology,1,65,Active,2025-03-07
19225,2026-08-24,USA,NY,SMB,Technology,1,78,Churned,2026-08-24
19226,2024-02-04,USA,OH,SMB,Professional Services,2,,Active,2024-08-08
19227,2026-04-14,Canada,PA,Mid-Market,Education,2,9,Active,2026-04-14
19228,2024-09-30,Australia,PA,SMB,Retail,3,35,Active,
19229,2024-02-05,USA,TX,SMB,Technology,5,21,Active,2025-08-03
19230,2025-10-04,USA,MI,SMB,Professional Services,1,34,Active,2025-10-04
19231,2025-10-22,USA,VA,Enterprise,Retail,3,44,Active,2025-10-22
19232,2024-05-18,USA,KY,SMB,Healthcare,1,67,Active,2024-11-24
19233,2024-02-07,Canada,TX,Mid-Market,Technology,1,23,Active,2024-02-13
19234,2024-04-18,USA,TN,Enterprise,Healthcare,2,79,Churned,2024-04-18
19235,2025-02-02,USA,NC,SMB,Professional Services,3,15,Churned,2025-02-02
19236,2024-05-08,USA,NY,Enterprise,Financial Services,3,56,Churned,2024-05-08
19237,2025-11-15,USA,,SMB,Retail,3,86,Active,2025-11-15
19238,2024-03-16,USA,VA,SMB,Government,4,70,Active,2024-07-05
19239,2026-02-07,USA,TX,SMB,Healthcare,1,47,Churned,2026-02-07
19240,2026-05-01,USA,OH,Mid-Market,Healthcare,4,36,Active,2026-05-01
19241,2025-11-29,USA,OH,Enterprise,Healthcare,3,64,Active,2025-12-19
19242,2026-07-08,USA,NC,Mid-Market,Government,1,50,Churned,2026-07-08
19243,2026-07-03,UK,CO,Mid-Market,Government,2,87,Active,2026-07-03
19244,2024-02-15,Canada,NY,SMB,Retail,1,17,Active,2024-05-21
19245,2024-11-29,USA,VA,Enterprise,Education,1,78,Active,2025-04-10
19246,2026-01-10,Australia,MI,SMB,Education,1,6,Active,2026-01-10
19247,2024-11-26,USA,VA,SMB,Healthcare,1,95,Active,2025-09-29
19248,2025-12-18,USA,MI,Enterprise,Financial Services,5,46,Active,2025-12-18
19249,2026-01-24,USA,NC,SMB,Professional Services,5,1,Active,2026-01-24
19250,2026-08-28,UK,GA,SMB,Financial Services,3,98,Churned,2026-08-28
19251,2024-11-17,USA,VA,SMB,Manufacturing,4,21,Active,2024-11-17
19252,2024-12-04,Australia,IL,SMB,Financial Services,8,93,Active,2024-12-04
19253,2024-01-24,USA,FL,Mid-Market,Manufacturing,2,73,Active,2024-01-24
19254,2024-10-05,UK,NY,SMB,Financial Services,3,90,Active,2024-10-05
19255,2024-09-30,USA,GA,Enterprise,Financial Services,3,63,Active,2024-09-30
19256,2025-03-17,Canada,FL,SMB,Healthcare,6,37,Active,2025-03-17
19257,2025-02-14,Australia,CO,Mid-Market,Government,4,48,Active,2025-02-14
19258,2026-04-14,USA,OH,Mid-Market,Healthcare,1,75,Active,2026-04-14
19259,2026-01-23,USA,VA,Mid-Market,Retail,4,47,Churned,2026-01-23
19260,2025-12-10,USA,PA,SMB,Retail,1,94,Active,2025-12-10
19261,2024-01-06,Canada,IL,Mid-Market,Retail,1,55,Active,2024-01-30
19262,2025-04-04,USA,CO,Mid-Market,Education,3,7,Active,2025-10-26
19263,2025-12-11,USA,OH,Enterprise,Retail,3,8,Churned,2025-12-11
19264,2024-08-26,USA,KY,SMB,Technology,1,45,Active,2024-08-26
19265,2025-02-17,USA,CA,SMB,Manufacturing,2,4,Active,2025-02-17
19266,2025-12-09,USA,TN,Mid-Market,Professional Services,4,38,Active,2025-12-09
19267,2026-02-12,USA,TN,SMB,Professional Services,1,27,Churned,2026-02-12
19268,2026-04-12,Australia,VA,SMB,Financial Services,4,85,Active,2026-04-12
19269,2025-02-22,USA,TX,Enterprise,Education,2,88,Active,2025-02-22
19270,2025-01-24,Australia,WA,SMB,Education,3,58,Active,2025-08-28
19271,2025-01-07,USA,MI,SMB,Professional Services,1,81,Active,2025-01-07
19272,2025-10-13,USA,,Mid-Market,Government,7,100,Active,2025-10-13
19273,2025-02-12,UK,MI,SMB,Education,5,95,Churned,2025-02-12
19274,2025-01-24,USA,KY,SMB,Manufacturing,1,6,Active,2025-01-24
19275,2024-06-12,USA,IL,SMB,Retail,3,44,Active,
19276,2025-04-11,UK,CO,SMB,Professional Services,4,32,Churned,2025-04-11
19277,2024-08-19,USA,OH,SMB,Professional Services,1,26,Active,2024-08-25
19278,2025-05-26,USA,NC,Mid-Market,Healthcare,3,56,Active,2025-05-26
19279,2026-05-15,USA,WA,SMB,Manufacturing,5,6,Active,2026-05-15
19280,2026-01-25,USA,NY,SMB,Healthcare,3,,Churned,2026-03-26
19281,2025-04-10,USA,MI,Mid-Market,Financial Services,6,21,Active,2025-04-10
19282,2026-08-10,USA,TN,SMB,Retail,1,97,Active,2026-08-10
19283,2026-08-12,USA,CA,SMB,Retail,6,92,Active,2026-08-12
19284,2025-03-08,USA,TN,SMB,Technology,7,70,Active,2025-03-08
19285,2026-01-13,USA,IL,SMB,Healthcare,1,44,Active,2026-01-13
19286,2024-11-29,USA,NC,SMB,Technology,2,61,Active,2024-11-29
19287,2026-05-05,USA,OH,SMB,Technology,3,66,Active,2026-05-05
19288,2024-12-29,UK,MI,Enterprise,Education,5,14,Active,2024-12-29
19289,2024-09-08,Australia,NC,Enterprise,Healthcare,1,21,Active,2024-09-08
19290,2024-05-10,Canada,PA,Enterprise,Retail,2,80,Active,2024-05-10
19291,2026-03-31,USA,IL,SMB,Technology,4,92,Active,2026-03-31
19292,2024-10-16,USA,WA,Mid-Market,Technology,2,98,Active,2024-10-16
19293,2026-03-03,UK,KY,Mid-Market,Manufacturing,3,26,Active,2026-03-03
19294,2024-03-25,USA,NY,SMB,Manufacturing,3,81,Churned,
19295,2025-05-02,USA,OH,Enterprise,Government,7,68,Active,2025-05-02
19296,2025-02-20,USA,VA,Mid-Market,Retail,1,57,Active,2025-03-23
19297,2025-03-03,USA,CA,SMB,Healthcare,6,16,Active,2026-06-05
19298,2024-06-12,Australia,VA,Enterprise,Government,3,69,Active,2024-06-12
19299,2024-03-12,USA,GA,SMB,Professional Services,5,11,Active,2024-03-12
19300,2024-12-03,USA,CA,SMB,Financial Services,1,54,Active,2024-12-03
19301,2025-04-03,USA,FL,SMB,Professional Services,3,35,Active,2026-02-08
19302,2026-02-11,Canada,TN,SMB,Financial Services,4,4,Active,2026-02-11
19303,2025-03-26,USA,OH,Enterprise,Professional Services,4,38,Active,2025-07-01
19304,2024-08-27,USA,MI,Mid-Market,Technology,1,88,Active,2024-08-27
19305,2024-09-12,UK,NY,SMB,Manufacturing,2,78,Active,2024-09-12
19306,2025-08-18,UK,GA,Mid-Market,Professional Services,1,24,Active,
19307,2025-02-28,USA,OH,Enterprise,Professional Services,1,75,Active,2025-02-28
19308,2026-05-27,USA,WA,Enterprise,Healthcare,4,32,Active,2026-05-27
19309,2025-03-04,UK,OH,Enterprise,Technology,7,42,Active,2025-03-24
19310,2025-07-06,UK,MI,Enterprise,Education,3,92,Active,2025-07-06
19311,2024-03-03,USA,KY,Mid-Market,Manufacturing,1,52,Active,2024-09-21
19312,2024-07-07,USA,GA,SMB,Financial Services,1,75,Active,2024-07-07
19313,2026-04-08,USA,MI,Enterprise,Financial Services,2,99,Active,2026-04-08
19314,2024-12-01,USA,GA,SMB,Government,1,56,Churned,2024-12-01
19315,2025-02-14,USA,MI,SMB,Manufacturing,4,49,Active,2025-02-14
19316,2025-07-29,USA,PA,SMB,Manufacturing,1,26,Active,2025-07-29
19317,2024-02-26,Canada,WA,SMB,Technology,1,61,Active,2024-03-05
19318,2025-05-08,USA,NC,Mid-Market,Healthcare,4,83,Active,2025-05-08
19319,2024-12-03,Australia,CO,Enterprise,Healthcare,1,96,Active,2024-12-03
19320,2024-05-24,USA,VA,SMB,Financial Services,2,54,Active,2025-02-03
19321,2025-02-11,USA,TN,Mid-Market,Healthcare,3,26,Active,2025-02-11
19322,2025-03-11,UK,TX,SMB,Professional Services,1,55,Active,2025-03-11
19323,2024-06-30,USA,TN,Mid-Market,Healthcare,3,100,Active,2024-06-30
19324,2025-06-12,USA,CO,SMB,Financial Services,2,19,Active,2025-09-02
19325,2025-12-27,USA,FL,SMB,Manufacturing,3,61,Active,2025-12-27
19326,2024-09-17,USA,NC,Mid-Market,Professional Services,1,44,Active,2024-09-17
19327,2026-07-30,USA,MI,SMB,Healthcare,2,75,Active,2026-07-30
19328,2025-08-19,Australia,NC,SMB,Financial Services,3,36,Active,2025-08-19
19329,2026-01-22,Australia,CO,SMB,Technology,1,48,Active,2026-01-22
19330,2024-03-09,USA,WA,SMB,Manufacturing,1,30,Churned,2024-07-04
19331,2026-01-17,USA,KY,Mid-Market,Technology,1,96,Active,2026-01-17
19332,2024-11-23,USA,PA,SMB,Healthcare,1,48,Active,2025-02-17
19333,2025-11-22,Australia,OH,SMB,Professional Services,1,91,Active,2025-11-22
19334,2026-02-22,USA,IL,Enterprise,Technology,8,85,Active,2026-02-22
19335,2024-08-31,USA,NC,Mid-Market,Professional Services,2,51,Active,2024-08-31
19336,2024-09-09,USA,MI,SMB,Government,3,32,Active,2025-07-07
19337,2024-02-27,Australia,OH,Mid-Market,Education,1,57,Active,2024-04-06
19338,2025-08-12,USA,WA,SMB,Healthcare,1,25,Active,2025-08-12
19339,2026-01-23,USA,NY,SMB,Technology,4,50,Active,2026-01-23
19340,2025-02-03,USA,MI,Mid-Market,Technology,4,89,Active,2025-02-03
19341,2024-06-05,USA,MI,SMB,Healthcare,7,68,Active,2024-06-05
19342,2024-11-04,USA,MI,SMB,Financial Services,1,78,Churned,2024-11-04
19343,2025-01-27,USA,KY,Enterprise,Financial Services,1,55,Active,2025-01-27
19344,2026-06-11,USA,OH,Mid-Market,Professional Services,4,57,Active,2026-06-11
19345,2024-04-30,USA,GA,Enterprise,Education,2,60,Churned,2024-09-03
19346,2024-11-30,USA,CO,Enterprise,Technology,1,69,Active,2024-11-30
19347,2025-09-13,Canada,VA,SMB,Education,2,29,Active,2025-09-13
19348,2024-08-18,USA,CO,Mid-Market,Technology,1,9,Churned,2024-08-18
19349,2026-05-11,USA,CA,SMB,Professional Services,4,22,Active,2026-05-11
19350,2026-06-04,USA,NC,Mid-Market,Financial Services,5,74,Active,2026-06-04
19351,2025-01-05,USA,TN,SMB,Financial Services,3,96,Active,2025-01-05
19352,2025-12-27,USA,VA,SMB,Technology,2,90,Active,2025-12-27
19353,2026-01-06,Canada,CO,SMB,Professional Services,4,95,Active,2026-01-06
19354,2025-10-26,USA,VA,Mid-Market,Professional Services,3,48,Active,2025-10-26
19355,2024-06-30,USA,MI,SMB,Government,4,30,Active,2024-06-30
19356,2024-02-18,USA,NC,Mid-Market,Education,3,85,Active,2024-07-04
19357,2024-12-04,UK,FL,Enterprise,Financial Services,7,41,Churned,2024-12-04
19358,2024-05-07,USA,OH,Mid-Market,Financial Services,1,57,Active,
19359,2024-10-11,USA,KY,SMB,Manufacturing,3,94,Active,2024-10-11
19360,2025-09-13,USA,VA,SMB,Technology,4,4,Active,2025-10-11
19361,2025-07-27,USA,CA,Enterprise,Manufacturing,5,79,Active,2025-07-27
19362,2024-07-22,USA,CA,Mid-Market,Healthcare,6,2,Active,2024-07-22
19363,2024-01-18,USA,NC,SMB,Manufacturing,2,60,Active,2024-09-22
19364,2024-08-07,Australia,NC,Enterprise,Professional Services,3,13,Active,2024-12-27
19365,2025-03-18,USA,MI,SMB,Financial Services,1,77,Active,2025-03-18
19366,2026-01-28,USA,CO,SMB,Technology,3,97,Active,2026-01-28
19367,2024-12-21,USA,GA,SMB,Financial Services,1,55,Active,2025-01-29
19368,2024-10-05,USA,GA,SMB,Manufacturing,2,96,Churned,2024-10-05
19369,2025-06-21,USA,MI,SMB,Technology,6,70,Active,
19370,2024-03-10,USA,WA,Mid-Market,Financial Services,4,5,Active,2024-03-10
19371,2024-08-07,USA,NC,SMB,Education,2,37,Active,2025-11-26
19372,2024-02-05,Australia,NC,Mid-Market,Technology,1,37,Active,2024-02-13
19373,2025-05-26,USA,IL,Mid-Market,Retail,2,95,Active,2025-05-26
19374,2025-03-07,USA,WA,Enterprise,Professional Services,1,95,Active,2025-05-21
19375,2025-07-21,USA,CA,SMB,Education,1,,Churned,2025-07-21
19376,2025-08-24,Australia,KY,Mid-Market,Manufacturing,5,56,Active,2025-08-24
19377,2025-01-19,USA,MI,SMB,Healthcare,2,7,Churned,2025-01-19
19378,2026-04-26,USA,TN,Mid-Market,Manufacturing,1,80,Active,2026-04-26
19379,2026-06-13,Canada,GA,SMB,Retail,4,42,Active,2026-06-13
19380,2024-04-17,USA,VA,Mid-Market,Financial Services,1,21,Active,2024-06-23
19381,2026-06-15,USA,TX,SMB,Technology,2,85,Churned,2026-06-15
19382,2024-07-10,USA,NY,Mid-Market,Professional Services,1,11,Churned,2024-07-10
19383,2024-08-29,USA,NY,SMB,Healthcare,1,63,Active,2024-08-29
19384,2025-05-31,USA,PA,SMB,Education,3,34,Active,2025-05-31
19385,2024-01-29,USA,OH,Mid-Market,Technology,4,83,Active,2024-01-29
19386,2024-12-20,UK,VA,SMB,Technology,2,70,Churned,2025-01-16
19387,2024-07-08,USA,PA,Mid-Market,Professional Services,4,18,Active,2024-07-08
19388,2025-04-14,USA,NY,Mid-Market,Retail,6,93,Active,2025-04-14
19389,2026-03-04,USA,TX,Mid-Market,Technology,4,7,Active,2026-03-04
19390,2026-06-19,USA,CO,Mid-Market,Financial Services,7,79,Active,2026-06-19
19391,2024-07-25,UK,GA,Mid-Market,Retail,6,52,Active,2024-09-10
19392,2025-06-14,USA,TX,Enterprise,Manufacturing,4,41,Active,2025-06-14
19393,2025-04-07,USA,NC,SMB,Healthcare,1,49,Active,2025-04-07
19394,2025-02-08,USA,TX,Mid-Market,Financial Services,1,38,Active,2025-02-08
19395,2025-09-08,USA,VA,Mid-Market,Healthcare,4,79,Active,2025-09-08
19396,2026-08-21,USA,MI,SMB,Healthcare,4,88,Active,2026-08-21
19397,2025-01-29,USA,NY,SMB,Retail,4,85,Active,2025-01-29
19398,2024-03-04,USA,CA,SMB,Healthcare,3,52,Active,2025-01-16
19399,2026-06-11,USA,VA,Mid-Market,Healthcare,4,94,Active,2026-06-11
19400,2026-06-26,USA,NC,SMB,Technology,4,46,Active,2026-06-26
19401,2024-11-09,USA,MI,Mid-Market,Technology,3,47,Active,2024-11-09
19402,2025-05-03,UK,VA,Mid-Market,Government,1,29,Churned,2025-05-03
19403,2026-04-20,USA,TN,Mid-Market,Professional Services,2,81,Active,2026-04-20
19404,2025-05-05,USA,TX,SMB,Professional Services,1,69,Active,2025-05-05
19405,2025-04-13,Canada,CA,Mid-Market,Technology,1,58,Active,2025-04-13
19406,2026-06-16,USA,CA,Mid-Market,Financial Services,3,16,Active,2026-06-16
19407,2026-03-18,USA,MI,SMB,Financial Services,1,37,Churned,2026-05-19
19408,2025-05-09,USA,TN,SMB,Government,6,39,Active,2025-05-09
19409,2024-06-06,USA,PA,SMB,Government,2,58,Active,2025-05-21
19410,2025-03-03,USA,TX,Enterprise,Manufacturing,3,76,Active,2025-03-03
19411,2025-10-20,USA,NC,SMB,Manufacturing,1,18,Active,2025-10-20
19412,2024-09-22,USA,TX,SMB,Healthcare,4,68,Churned,2024-09-22
19413,2025-06-07,USA,GA,SMB,Healthcare,2,58,Active,2025-06-07
19414,2025-10-03,Canada,TN,SMB,Manufacturing,3,14,Active,2025-10-03
19415,2024-03-23,USA,CA,SMB,Financial Services,3,22,Active,2025-12-26
19416,2025-07-08,UK,MI,Mid-Market,Manufacturing,3,36,Active,2025-07-08
19417,2025-12-19,USA,CA,SMB,Education,3,57,Active,
19418,2024-07-27,USA,CO,Mid-Market,Professional Services,4,40,Active,2024-09-04
19419,2025-06-18,USA,CO,SMB,Professional Services,4,74,Active,2025-06-18
19420,2025-11-21,USA,OH,SMB,Financial Services,2,24,Churned,2025-11-21
19421,2024-02-13,UK,MI,Mid-Market,Manufacturing,6,43,Active,2024-02-13
19422,2025-09-19,USA,VA,Mid-Market,Technology,2,21,Active,2025-09-19
19423,2024-09-09,USA,NC,Enterprise,Technology,1,23,Active,2024-09-09
19424,2025-01-22,USA,FL,SMB,Government,2,51,Churned,2025-01-22
19425,2025-09-23,USA,WA,SMB,Financial Services,2,21,Active,2025-09-23
19426,2024-01-05,USA,GA,Mid-Market,Healthcare,2,34,Active,2025-09-10
19427,2024-01-17,USA,TN,SMB,Retail,4,67,Active,2024-05-05
19428,2025-03-10,USA,TN,Mid-Market,Manufacturing,3,61,Active,2025-09-26
19429,2026-07-14,USA,CO,SMB,Retail,7,72,Churned,2026-07-14
19430,2024-01-06,USA,VA,SMB,Retail,1,65,Active,
19431,2026-02-07,USA,NY,Mid-Market,Financial Services,3,95,Active,2026-02-07
19432,2024-03-14,Canada,GA,Mid-Market,Manufacturing,1,96,Active,2024-05-07
19433,2025-04-21,USA,OH,Enterprise,Technology,2,42,Active,2025-04-21
19434,2025-02-23,USA,CO,Enterprise,Healthcare,2,60,Active,2025-04-07
19435,2025-03-31,Australia,CO,SMB,Professional Services,3,10,Active,2025-03-31
19436,2024-03-20,USA,PA,Mid-Market,Technology,4,83,Active,2026-02-16
19437,2026-01-03,USA,CO,Enterprise,Healthcare,1,59,Active,2026-01-03
19438,2024-09-25,Australia,IL,SMB,Healthcare,1,92,Churned,2024-09-25
19439,2026-01-21,USA,PA,SMB,Healthcare,2,13,Active,2026-01-21
19440,2025-09-30,USA,MI,Enterprise,Healthcare,1,43,Churned,2025-09-30
19441,2025-06-20,USA,FL,SMB,Technology,3,52,Active,2025-06-30
19442,2024-10-27,USA,GA,Enterprise,Government,3,18,Active,2024-10-27
19443,2025-09-27,USA,GA,SMB,Healthcare,4,30,Active,2025-09-27
19444,2026-08-29,USA,VA,Enterprise,Retail,8,28,Active,2026-08-29
19445,2026-06-18,UK,OH,Mid-Market,Professional Services,2,66,Active,2026-06-18
19446,2026-06-11,USA,KY,Mid-Market,Manufacturing,6,69,Active,2026-06-11
19447,2024-08-01,USA,CO,Mid-Market,Manufacturing,4,65,Active,2024-08-01
19448,2025-07-24,USA,NY,SMB,Manufacturing,1,33,Active,2025-07-24
19449,2025-01-22,Canada,NY,Mid-Market,Healthcare,4,14,Active,2025-01-22
19450,2026-07-30,USA,CA,Enterprise,Financial Services,2,,Churned,2026-07-30
19451,2026-07-14,USA,TX,Enterprise,Government,4,80,Active,2026-07-14
19452,2026-04-25,USA,GA,Enterprise,Technology,4,14,Active,2026-04-25
19453,2024-06-07,USA,WA,Mid-Market,Retail,5,85,Active,2025-02-27
19454,2024-11-06,USA,PA,Mid-Market,Government,4,34,Active,2024-11-06
19455,2025-11-23,UK,MI,Mid-Market,Retail,4,62,Active,2025-11-23
19456,2025-12-31,USA,TX,Mid-Market,Healthcare,2,15,Active,2025-12-31
19457,2024-12-07,USA,GA,Mid-Market,Government,7,83,Active,2025-05-06
19458,2024-05-13,USA,GA,SMB,Technology,3,92,Active,2024-05-13
19459,2024-05-13,USA,WA,SMB,Education,4,95,Active,2024-05-13
19460,2025-10-28,USA,CO,Mid-Market,Healthcare,5,1,Active,2025-10-28
19461,2025-03-18,UK,CO,SMB,Retail,1,92,Active,2025-03-18
19462,2025-04-23,USA,OH,SMB,Government,2,24,Active,
19463,2026-03-05,Canada,FL,SMB,Healthcare,4,59,Active,2026-07-20
19464,2024-01-17,Canada,KY,Mid-Market,Professional Services,6,93,Active,2024-01-17
19465,2026-01-04,USA,NC,Enterprise,Education,4,65,Active,2026-01-04
19466,2024-09-24,USA,TN,Mid-Market,Retail,2,81,Active,2025-03-13
19467,2026-06-25,USA,CA,Enterprise,Professional Services,1,24,Active,2026-06-25
19468,2026-07-19,Australia,NY,Enterprise,Professional Services,3,93,Active,2026-07-19
19469,2025-05-04,Canada,TX,SMB,Professional Services,2,64,Churned,2025-05-04
19470,2024-11-03,USA,MI,SMB,Retail,5,88,Active,2024-11-03
19471,2024-08-15,USA,GA,SMB,Technology,3,2,Active,2024-11-12
19472,2024-06-25,USA,MI,SMB,Retail,2,43,Active,2025-11-01
19473,2026-08-31,USA,TN,Mid-Market,Healthcare,2,82,Active,2026-08-31
19474,2024-07-01,UK,PA,SMB,Professional Services,6,10,Active,
19475,2025-03-10,USA,VA,Enterprise,Government,3,23,Active,2025-03-10
19476,2025-04-11,USA,NY,Mid-Market,Healthcare,1,84,Active,2025-04-11
19477,2025-10-23,USA,TN,SMB,Technology,3,96,Active,2025-10-23
19478,2026-03-31,USA,CO,Enterprise,Government,2,38,Active,2026-03-31
19479,2025-06-27,USA,CO,Enterprise,Technology,2,16,Active,2025-06-27
19480,2026-01-08,USA,PA,Mid-Market,Healthcare,4,12,Active,2026-01-08
19481,2025-07-05,UK,WA,Mid-Market,Healthcare,1,83,Active,2025-07-05
19482,2025-03-01,USA,CO,Enterprise,Manufacturing,2,,Active,2025-03-01
19483,2024-06-02,USA,MI,Mid-Market,Professional Services,2,67,Active,2024-07-16
19484,2024-07-22,USA,KY,Enterprise,Financial Services,2,3,Active,2024-07-22
19485,2025-02-25,USA,MI,SMB,Retail,3,36,Active,2025-04-04
19486,2024-02-14,USA,VA,Mid-Market,Education,3,22,Active,2025-03-25
19487,2024-11-04,USA,GA,SMB,Professional Services,1,56,Active,2024-11-04
19488,2025-03-26,USA,TN,SMB,Government,1,66,Active,2025-03-26
19489,2025-04-05,USA,KY,SMB,Professional Services,4,88,Active,2025-04-05
19490,2026-03-04,Canada,NY,SMB,Technology,5,25,Active,2026-03-04
19491,2026-07-31,USA,WA,SMB,Professional Services,1,57,Active,
19492,2025-12-11,USA,,SMB,Technology,1,7,Churned,
19493,2024-03-18,Canada,WA,SMB,Technology,6,19,Active,2024-03-18
19494,2025-02-01,USA,PA,Mid-Market,Healthcare,1,69,Active,2025-02-01
19495,2025-12-11,USA,GA,Mid-Market,Manufacturing,7,56,Active,2025-12-11
19496,2025-08-02,USA,PA,Mid-Market,Healthcare,4,31,Active,2025-08-02
19497,2025-03-21,USA,CA,SMB,Professional Services,1,48,Active,2025-03-21
19498,2025-02-28,USA,TX,Mid-Market,Healthcare,1,92,Active,2025-09-23
19499,2025-01-30,UK,NY,SMB,Retail,7,33,Active,2025-09-11
19500,2025-07-17,USA,CA,SMB,Government,1,7,Active,2025-07-17
19501,2024-06-23,UK,VA,SMB,Education,3,11,Active,
19502,2025-05-19,USA,WA,Enterprise,Education,1,35,Active,2025-05-19
19503,2024-07-19,USA,TX,Enterprise,Technology,3,55,Active,2024-07-19
19504,2025-10-25,USA,TX,Mid-Market,Healthcare,4,90,Active,2025-10-25
19505,2026-04-22,USA,WA,Mid-Market,Retail,3,56,Active,2026-04-22
19506,2025-05-09,Australia,GA,SMB,Education,1,8,Churned,2025-05-09
19507,2025-01-12,USA,MI,Mid-Market,Professional Services,3,20,Active,2025-01-12
19508,2026-07-05,UK,CA,SMB,Retail,3,88,Active,2026-07-05
19509,2025-10-04,USA,WA,SMB,Financial Services,1,14,Churned,2025-10-04
19510,2025-02-20,Australia,PA,Enterprise,Financial Services,4,84,Active,2025-02-20
19511,2024-01-29,USA,OH,Enterprise,Manufacturing,3,79,Active,2024-12-23
19512,2024-01-16,USA,NY,SMB,Retail,1,14,Active,2024-02-03
19513,2024-08-03,UK,KY,SMB,Healthcare,7,56,Active,2024-08-03
19514,2024-08-18,USA,TN,SMB,Retail,2,56,Active,2024-08-18
19515,2025-12-03,Canada,VA,SMB,Manufacturing,1,11,Active,2025-12-03
19516,2025-05-02,USA,VA,SMB,Technology,1,12,Active,2025-05-02
19517,2026-08-31,USA,MI,Mid-Market,Retail,2,20,Active,2026-08-31
19518,2025-06-10,USA,PA,SMB,Retail,2,93,Active,2025-06-10
19519,2026-05-29,USA,VA,SMB,Retail,1,7,Active,2026-05-29
19520,2025-06-22,USA,VA,SMB,Technology,4,99,Active,2025-06-26
19521,2024-12-14,Canada,VA,Mid-Market,Retail,3,61,Active,2024-12-14
19522,2025-11-26,USA,OH,SMB,Professional Services,1,35,Active,2025-11-26
19523,2025-03-13,UK,VA,SMB,Retail,4,31,Churned,2025-03-13
19524,2024-09-24,USA,OH,Mid-Market,Education,4,97,Active,
19525,2025-04-05,USA,NC,Mid-Market,Retail,3,43,Churned,2025-04-05
19526,2025-10-09,USA,FL,SMB,Technology,8,28,Active,2025-10-09
19527,2024-12-31,Australia,MI,Mid-Market,Technology,1,93,Active,2025-06-04
19528,2025-11-16,USA,CA,SMB,Financial Services,1,61,Active,2025-11-16
19529,2026-08-13,UK,TN,Mid-Market,Retail,1,75,Active,2026-08-13
19530,2025-02-04,USA,GA,SMB,Healthcare,2,25,Churned,2025-02-04
19531,2024-10-14,USA,KY,Enterprise,Manufacturing,2,99,Churned,2025-08-04
19532,2025-01-26,USA,MI,Enterprise,Professional Services,1,3,Active,2025-01-26
19533,2026-03-27,USA,PA,Mid-Market,Technology,3,96,Active,2026-03-27
19534,2024-06-23,USA,CO,Enterprise,Technology,5,36,Active,2024-10-12
19535,2026-08-06,USA,PA,SMB,Retail,4,1,Active,2026-08-06
19536,2025-02-07,USA,OH,Mid-Market,Manufacturing,3,45,Churned,2025-02-07
19537,2026-03-30,Canada,TN,SMB,Education,3,41,Active,2026-03-30
19538,2026-02-05,USA,NC,SMB,Healthcare,4,20,Active,2026-02-05
19539,2026-02-02,USA,NC,SMB,Healthcare,2,86,Active,2026-02-02
19540,2026-06-04,USA,FL,Mid-Market,Financial Services,2,52,Active,2026-06-04
19541,2024-06-29,USA,NC,Mid-Market,Financial Services,2,3,Active,2024-12-26
19542,2025-08-01,Canada,FL,Enterprise,Government,1,94,Active,2025-08-01
19543,2024-04-06,USA,KY,Mid-Market,Healthcare,3,48,Active,2024-09-08
19544,2024-10-18,Australia,NC,Enterprise,Healthcare,2,82,Active,2024-10-18
19545,2024-02-09,USA,CA,Enterprise,Healthcare,1,11,Active,2024-02-09
19546,2025-10-26,USA,FL,Mid-Market,Financial Services,1,42,Churned,2026-01-07
19547,2025-08-14,USA,MI,SMB,Retail,4,70,Churned,2025-08-14
19548,2025-12-21,UK,FL,SMB,Financial Services,1,42,Active,2026-08-25
19549,2024-06-20,USA,WA,Mid-Market,Healthcare,2,2,Churned,2024-06-20
19550,2024-11-19,USA,OH,Enterprise,Healthcare,1,87,Active,2025-07-31
19551,2025-10-20,USA,VA,SMB,Education,1,62,Active,2026-08-13
19552,2026-03-16,Australia,IL,SMB,Manufacturing,4,58,Churned,2026-03-16
19553,2026-05-12,USA,GA,SMB,Education,1,19,Churned,2026-05-12
19554,2024-03-12,USA,NC,SMB,Financial Services,1,42,Active,2024-07-08
19555,2025-01-27,USA,IL,Mid-Market,Retail,8,88,Active,2025-01-27
19556,2024-01-11,USA,TN,SMB,Government,2,28,Active,2025-01-06
19557,2026-03-08,USA,MI,SMB,Healthcare,3,17,Active,2026-03-08
19558,2024-04-29,USA,CA,Mid-Market,Manufacturing,3,94,Active,2024-12-11
19559,2026-03-11,USA,VA,SMB,Retail,1,37,Active,2026-03-11
19560,2024-05-31,USA,KY,SMB,Healthcare,2,49,Active,2024-05-31
19561,2024-01-15,USA,OH,Mid-Market,Manufacturing,2,2,Active,2025-04-15
19562,2026-05-06,USA,CA,SMB,Manufacturing,1,33,Churned,2026-05-06
19563,2025-03-03,USA,OH,Enterprise,Retail,1,93,Active,2025-03-03
19564,2025-02-17,USA,GA,Mid-Market,Manufacturing,3,90,Active,2025-02-17
19565,2025-09-21,USA,NC,Enterprise,Retail,1,100,Active,2025-09-21
19566,2024-09-24,USA,VA,SMB,Manufacturing,1,69,Active,2024-09-24
19567,2025-11-03,USA,CO,Mid-Market,Professional Services,3,75,Active,2025-11-03
19568,2025-02-21,USA,NC,Mid-Market,Technology,2,89,Active,2025-02-21
19569,2024-09-22,USA,NC,Mid-Market,Retail,3,9,Active,2024-09-22
19570,2025-01-19,USA,NC,SMB,Financial Services,1,31,Active,
19571,2024-01-06,UK,WA,SMB,Education,4,10,Active,2024-04-20
19572,2024-10-20,UK,CA,SMB,Financial Services,4,98,Active,2025-01-11
19573,2025-07-30,USA,IL,Mid-Market,Professional Services,3,60,Active,2025-07-30
19574,2024-05-14,USA,IL,Mid-Market,Professional Services,4,88,Active,2024-05-14
19575,2024-04-25,USA,OH,SMB,Financial Services,2,61,Active,2024-04-25
19576,2025-09-30,USA,MI,Mid-Market,Professional Services,1,64,Active,2025-09-30
19577,2025-02-21,USA,FL,Mid-Market,Financial Services,2,69,Active,2025-02-21
19578,2024-05-13,USA,,Mid-Market,Healthcare,2,98,Active,2024-05-13
19579,2025-12-29,USA,KY,SMB,Government,5,88,Active,2025-12-29
19580,2026-01-25,USA,FL,Enterprise,Education,2,44,Active,
19581,2024-02-03,UK,NC,Mid-Market,Manufacturing,2,63,Churned,2024-04-07
19582,2024-07-15,USA,CO,Mid-Market,Professional Services,5,51,Active,2024-07-15
19583,2024-12-26,USA,TX,Mid-Market,Healthcare,1,18,Active,2024-12-26
19584,2025-12-13,USA,VA,Mid-Market,Education,3,60,Active,2025-12-13
19585,2024-03-13,USA,CO,SMB,Government,2,38,Active,2024-04-16
19586,2026-02-23,USA,NY,Enterprise,Professional Services,7,79,Active,2026-02-23
19587,2024-11-07,USA,OH,SMB,Manufacturing,1,88,Active,2024-11-07
19588,2024-05-02,USA,PA,Mid-Market,Retail,4,71,Churned,2024-05-02
19589,2026-04-20,USA,NC,Enterprise,Professional Services,3,18,Churned,
19590,2024-03-25,USA,TX,Mid-Market,Retail,7,92,Active,2024-03-25
19591,2024-05-06,USA,MI,Mid-Market,Professional Services,8,34,Churned,2024-05-06
19592,2026-07-13,UK,TN,SMB,Retail,4,48,Active,2026-07-13
19593,2025-05-21,USA,WA,SMB,Healthcare,1,64,Active,2025-05-21
19594,2025-03-27,USA,IL,Mid-Market,Financial Services,2,57,Active,2025-03-27
19595,2025-10-31,USA,IL,SMB,Manufacturing,5,78,Churned,2025-11-13
19596,2025-09-05,USA,VA,SMB,Healthcare,3,42,Active,2025-09-05
19597,2025-08-20,USA,WA,Enterprise,Retail,5,66,Active,2025-08-20
19598,2024-01-23,Australia,,SMB,Professional Services,4,79,Active,
19599,2025-06-21,USA,WA,SMB,Healthcare,2,52,Active,
19600,2024-09-28,UK,TN,SMB,Technology,1,72,Active,2024-09-28
19601,2026-02-25,USA,CO,Mid-Market,Retail,2,86,Active,2026-02-25
19602,2025-05-07,USA,WA,SMB,Technology,3,96,Churned,2025-05-07
19603,2024-04-30,USA,TX,Mid-Market,Manufacturing,2,53,Active,2025-06-08
19604,2026-05-13,USA,IL,SMB,Professional Services,1,97,Active,2026-05-13
19605,2024-10-03,USA,CA,SMB,Retail,4,46,Active,2024-10-03
19606,2024-09-21,USA,CA,SMB,Manufacturing,1,56,Churned,2024-09-21
19607,2026-06-30,USA,NY,SMB,Healthcare,2,15,Active,2026-06-30
19608,2026-01-25,USA,KY,Mid-Market,Manufacturing,2,4,Active,2026-01-25
19609,2026-04-17,Australia,KY,SMB,Healthcare,3,46,Active,2026-04-17
19610,2025-10-06,USA,NC,SMB,Technology,1,59,Active,2025-10-06
19611,2026-06-05,USA,WA,SMB,Manufacturing,4,49,Active,2026-06-05
19612,2024-04-22,USA,TN,SMB,Education,4,65,Active,2025-01-12
19613,2025-08-07,USA,FL,SMB,Retail,3,29,Active,2025-08-07
19614,2024-10-12,USA,FL,SMB,Technology,7,7,Active,2024-10-12
19615,2025-01-23,UK,,Enterprise,Healthcare,1,72,Active,2025-01-23
19616,2024-08-19,USA,WA,SMB,Technology,1,19,Active,2024-08-19
19617,2024-07-18,USA,NC,Mid-Market,Government,1,32,Active,2025-11-13
19618,2025-03-07,USA,PA,Mid-Market,Manufacturing,4,87,Churned,2025-03-07
19619,2026-06-13,USA,OH,SMB,Healthcare,1,2,Active,2026-06-13
19620,2025-09-10,USA,WA,Mid-Market,Technology,6,44,Active,2025-09-10
19621,2024-12-06,USA,WA,Enterprise,Healthcare,3,64,Churned,2024-12-06
19622,2025-02-26,USA,CA,Mid-Market,Manufacturing,4,93,Active,2025-02-26
19623,2025-05-31,USA,IL,Enterprise,Healthcare,2,35,Active,2025-05-31
19624,2024-08-26,USA,GA,Mid-Market,Manufacturing,4,,Active,2025-09-13
19625,2025-05-22,USA,NC,SMB,Professional Services,2,21,Churned,2025-05-22
19626,2025-11-08,USA,WA,Enterprise,Healthcare,3,99,Active,2025-11-08
19627,2024-08-24,USA,OH,SMB,Manufacturing,4,22,Active,2024-08-24
19628,2025-07-23,USA,MI,Mid-Market,Financial Services,1,68,Active,2025-07-23
19629,2025-11-20,USA,WA,Mid-Market,Financial Services,5,87,Active,2025-11-20
19630,2025-05-20,USA,NC,Enterprise,Technology,4,75,Active,2025-05-20
19631,2024-10-11,USA,PA,Enterprise,Education,4,52,Active,2025-12-08
19632,2025-06-24,USA,KY,SMB,Professional Services,1,60,Active,2025-06-24
19633,2026-02-11,USA,FL,Mid-Market,Financial Services,1,34,Active,2026-02-11
19634,2024-08-04,USA,PA,SMB,Healthcare,1,55,Active,2025-01-12
19635,2025-07-13,USA,FL,Mid-Market,Manufacturing,3,76,Active,2025-07-13
19636,2025-10-24,USA,TN,Mid-Market,Technology,1,73,Active,2025-10-24
19637,2024-11-09,Australia,MI,SMB,Education,8,17,Active,
19638,2025-01-12,USA,CO,Mid-Market,Education,7,21,Active,2025-01-31
19639,2026-05-15,USA,NC,SMB,Professional Services,1,72,Churned,2026-05-15
19640,2024-12-20,USA,IL,SMB,Healthcare,4,49,Active,2026-05-03
19641,2025-08-05,USA,OH,Enterprise,Government,1,45,Churned,2025-08-05
19642,2024-05-25,USA,,Mid-Market,Government,2,96,Active,2024-08-09
19643,2026-06-20,USA,CO,Mid-Market,Healthcare,1,17,Active,2026-06-20
19644,2025-08-04,Canada,OH,SMB,Retail,4,90,Active,2026-08-20
19645,2026-01-10,UK,WA,SMB,Education,5,55,Churned,2026-01-10
19646,2025-08-09,Australia,TN,SMB,Manufacturing,1,94,Active,2026-02-14
19647,2024-12-12,USA,,SMB,Healthcare,1,50,Active,2024-12-12
19648,2024-11-27,UK,PA,SMB,Retail,2,81,Active,2024-11-27
19649,2025-11-13,USA,GA,SMB,Technology,3,23,Active,2026-02-22
19650,2026-04-17,USA,GA,Mid-Market,Professional Services,1,79,Active,2026-04-17
19651,2024-05-04,UK,PA,SMB,Professional Services,4,21,Active,2024-12-07
19652,2026-04-03,Australia,NY,Mid-Market,Government,6,93,Active,2026-04-03
19653,2026-03-19,USA,MI,Enterprise,Manufacturing,2,58,Active,2026-03-19
19654,2024-04-16,USA,CA,SMB,Education,5,77,Active,2025-04-04
19655,2024-04-15,USA,PA,Mid-Market,Healthcare,3,92,Active,2024-05-02
19656,2025-11-07,USA,NC,SMB,Manufacturing,3,10,Active,2025-11-07
19657,2026-03-31,USA,TN,SMB,Professional Services,4,34,Active,2026-03-31
19658,2025-01-18,USA,IL,Mid-Market,Professional Services,2,58,Active,2025-01-18
19659,2025-09-15,Australia,CO,SMB,Technology,3,2,Churned,2025-09-15
19660,2026-08-31,USA,KY,SMB,Healthcare,1,4,Active,2026-08-31
19661,2024-11-10,USA,PA,Enterprise,Financial Services,4,,Active,2025-01-03
19662,2024-08-07,USA,KY,SMB,Technology,1,18,Active,2024-08-07
19663,2026-08-23,USA,CO,Mid-Market,Retail,1,50,Active,2026-08-23
19664,2024-09-30,USA,CA,Mid-Market,Retail,2,68,Active,2024-09-30
19665,2025-04-05,USA,VA,SMB,Professional Services,2,78,Active,2025-04-05
19666,2025-03-06,UK,WA,Mid-Market,Healthcare,1,93,Active,2025-03-06
19667,2025-05-24,USA,NC,SMB,Retail,1,3,Active,2025-05-24
19668,2024-09-18,Australia,FL,SMB,Financial Services,5,2,Active,2024-10-18
19669,2025-10-23,Canada,NY,Enterprise,Healthcare,3,5,Active,2025-10-23
19670,2025-11-05,USA,KY,SMB,Financial Services,2,76,Active,2025-11-05
19671,2024-07-14,USA,TN,Mid-Market,Financial Services,4,9,Churned,
19672,2025-04-13,USA,NY,SMB,Manufacturing,4,46,Churned,2025-04-27
19673,2024-02-25,Australia,PA,SMB,Manufacturing,1,2,Churned,2025-04-23
19674,2024-08-03,USA,OH,Mid-Market,Manufacturing,3,83,Active,
19675,2026-08-19,Canada,CO,Mid-Market,Professional Services,2,82,Active,
19676,2025-05-08,Australia,PA,SMB,Manufacturing,3,64,Active,2025-05-08
19677,2025-08-29,USA,VA,Mid-Market,Technology,4,98,Active,2025-08-29
19678,2026-05-15,UK,TX,SMB,Technology,1,59,Churned,2026-05-15
19679,2025-11-26,Canada,IL,SMB,Manufacturing,3,69,Active,2025-11-26
19680,2026-02-10,USA,WA,Mid-Market,Retail,1,43,Churned,2026-02-10
19681,2025-11-24,UK,TX,Mid-Market,Professional Services,3,99,Churned,2025-11-24
19682,2025-04-30,USA,VA,SMB,Manufacturing,1,35,Active,2025-04-30
19683,2025-09-08,USA,,Mid-Market,Technology,4,25,Active,2025-09-08
19684,2024-10-07,USA,VA,SMB,Manufacturing,3,51,Active,
19685,2026-05-17,USA,KY,Enterprise,Professional Services,1,18,Active,2026-05-17
19686,2024-06-24,USA,TX,Mid-Market,Manufacturing,4,68,Active,2025-02-16
19687,2026-05-11,USA,CO,SMB,Manufacturing,1,59,Active,2026-05-11
19688,2026-05-05,USA,OH,SMB,Manufacturing,3,38,Active,2026-05-05
19689,2024-05-18,USA,MI,Enterprise,Education,3,2,Active,2024-05-18
19690,2025-11-22,USA,GA,Enterprise,Retail,1,49,Active,2025-11-22
19691,2026-08-21,USA,CO,SMB,Professional Services,1,54,Churned,2026-08-21
19692,2025-07-11,Canada,MI,SMB,Professional Services,1,60,Churned,2025-07-11
19693,2024-11-27,USA,CO,SMB,Healthcare,4,5,Active,2024-11-27
19694,2026-05-06,USA,WA,Enterprise,Retail,4,1,Active,2026-05-06
19695,2025-05-14,USA,,Enterprise,Professional Services,1,79,Active,2025-05-14
19696,2024-04-28,UK,KY,Mid-Market,Financial Services,1,22,Active,2024-12-23
19697,2024-08-30,USA,CO,SMB,Retail,5,90,Active,2025-09-16
19698,2025-10-26,USA,WA,Enterprise,Financial Services,1,19,Active,2025-10-26
19699,2025-03-19,USA,NC,SMB,Healthcare,2,37,Active,2026-05-30
19700,2024-07-30,USA,VA,SMB,Manufacturing,3,88,Active,2024-12-19
19701,2026-02-17,USA,CO,SMB,Education,1,13,Active,2026-02-17
19702,2024-04-27,USA,PA,SMB,Technology,6,90,Churned,2024-07-16
19703,2024-08-01,USA,PA,Mid-Market,Healthcare,1,2,Churned,2024-08-01
19704,2025-03-29,USA,WA,SMB,Manufacturing,4,18,Active,2025-03-29
19705,2024-02-08,USA,MI,SMB,Retail,2,30,Active,2024-02-08
19706,2025-01-12,USA,WA,Mid-Market,Technology,1,70,Churned,2025-01-12
19707,2026-06-05,USA,CO,SMB,Retail,2,59,Churned,2026-06-05
19708,2026-07-05,USA,NC,SMB,Government,7,42,Active,2026-07-05
19709,2026-04-29,USA,NC,SMB,Professional Services,3,57,Churned,2026-04-29
19710,2024-11-11,USA,,SMB,Technology,1,55,Active,2024-11-11
19711,2024-03-04,USA,TX,SMB,Manufacturing,6,80,Active,2025-03-08
19712,2026-03-04,USA,IL,Mid-Market,Technology,1,42,Active,2026-03-04
19713,2024-12-29,USA,VA,SMB,Manufacturing,1,93,Active,2025-07-07
19714,2025-12-30,USA,KY,SMB,Education,1,47,Active,2025-12-30
19715,2024-04-26,Canada,MI,Mid-Market,Professional Services,4,85,Active,2025-05-17
19716,2025-10-12,USA,CA,SMB,Government,1,69,Active,2025-10-12
19717,2025-07-25,USA,FL,Mid-Market,Technology,1,41,Active,2025-07-25
19718,2026-06-15,UK,MI,SMB,Technology,6,29,Active,2026-06-15
19719,2024-04-09,USA,VA,Enterprise,Retail,3,51,Churned,2026-06-21
19720,2025-02-01,USA,GA,SMB,Healthcare,1,3,Active,
19721,2026-08-22,USA,TX,Mid-Market,Technology,3,34,Churned,2026-08-22
19722,2025-01-14,Canada,FL,Mid-Market,Professional Services,1,51,Active,2025-01-14
19723,2025-10-02,USA,IL,Mid-Market,Professional Services,2,37,Active,2025-10-02
19724,2024-06-05,USA,TX,Mid-Market,Professional Services,2,10,Active,2024-07-06
19725,2025-12-10,UK,NY,SMB,Retail,3,60,Active,
19726,2024-09-25,UK,NC,SMB,Technology,4,96,Active,2024-09-25
19727,2025-07-11,Canada,NC,Enterprise,Technology,2,44,Active,
19728,2026-05-06,USA,OH,Enterprise,Manufacturing,1,35,Active,2026-05-06
19729,2025-10-05,USA,NY,SMB,Healthcare,2,71,Active,2025-10-05
19730,2025-04-07,USA,CO,Mid-Market,Technology,4,3,Active,2026-04-24
19731,2024-07-04,USA,VA,Mid-Market,Retail,4,90,Churned,2024-11-06
19732,2024-11-28,USA,PA,Mid-Market,Technology,4,49,Active,2024-11-28
19733,2026-04-07,Canada,IL,Enterprise,Government,7,76,Active,2026-04-07
19734,2024-07-29,USA,GA,Mid-Market,Education,4,33,Churned,2025-10-25
19735,2025-10-01,USA,FL,SMB,Financial Services,7,21,Churned,2025-10-01
19736,2025-04-17,USA,TX,Mid-Market,Manufacturing,3,69,Active,2025-04-17
19737,2024-11-08,USA,NY,SMB,Technology,1,30,Active,2024-11-08
19738,2025-11-29,USA,TN,SMB,Education,3,71,Active,2025-11-29
19739,2024-12-18,USA,KY,Mid-Market,Healthcare,1,70,Active,2024-12-18
19740,2024-10-06,Canada,GA,Mid-Market,Manufacturing,1,70,Active,2025-11-13
19741,2025-05-30,USA,TN,SMB,Professional Services,2,79,Active,2025-05-30
19742,2026-01-08,USA,FL,Mid-Market,Healthcare,2,40,Churned,2026-01-08
19743,2026-04-21,USA,PA,SMB,Education,4,99,Active,2026-04-21
19744,2025-09-05,USA,TX,SMB,Professional Services,2,86,Active,2025-09-05
19745,2025-10-06,Australia,PA,Mid-Market,Education,1,47,Churned,2025-10-06
19746,2026-02-06,USA,NY,Mid-Market,Professional Services,6,5,Active,2026-02-06
19747,2024-09-19,USA,IL,SMB,Education,3,5,Active,2024-09-19
19748,2024-09-01,Australia,,SMB,Manufacturing,1,48,Active,2025-01-21
19749,2025-04-16,USA,FL,Mid-Market,Manufacturing,1,3,Active,2025-04-16
19750,2025-09-06,USA,,SMB,Healthcare,1,95,Active,2025-09-06
19751,2025-09-21,UK,FL,Enterprise,Healthcare,5,43,Active,2025-09-21
19752,2024-05-29,USA,WA,SMB,Technology,1,42,Active,2024-05-29
19753,2026-01-30,USA,GA,Enterprise,Financial Services,6,53,Active,2026-01-30
19754,2024-12-20,USA,CO,SMB,Retail,1,99,Active,2024-12-20
19755,2026-05-04,USA,CO,SMB,Professional Services,4,60,Churned,2026-05-04
19756,2025-12-06,Canada,TN,SMB,Healthcare,1,72,Active,2025-12-06
19757,2026-08-15,USA,,Mid-Market,Retail,2,56,Active,2026-08-15
19758,2025-09-07,Canada,VA,Enterprise,Technology,2,41,Active,2025-09-07
19759,2025-05-28,USA,TX,SMB,Healthcare,2,9,Active,2025-05-28
19760,2024-07-01,UK,OH,SMB,Manufacturing,8,69,Active,2024-07-01
19761,2025-01-23,USA,CA,SMB,Healthcare,4,50,Active,
19762,2026-04-16,USA,PA,Mid-Market,Education,1,95,Active,2026-04-16
19763,2025-01-07,USA,NY,SMB,Technology,4,14,Active,2026-01-01
19764,2024-02-21,USA,MI,Enterprise,Technology,1,85,Churned,2024-12-08
19765,2024-08-26,USA,CA,SMB,Financial Services,6,68,Active,2024-08-26
19766,2025-08-02,USA,VA,Mid-Market,Education,2,20,Active,2025-08-02
19767,2025-09-04,USA,PA,Mid-Market,Retail,1,52,Active,2025-09-04
19768,2026-08-16,USA,IL,SMB,Technology,1,82,Active,
19769,2026-06-28,USA,FL,SMB,Healthcare,1,,Active,2026-06-28
19770,2025-06-01,USA,MI,Enterprise,Healthcare,6,23,Active,2026-06-06
19771,2025-06-24,USA,OH,SMB,Financial Services,2,70,Active,2025-06-24
19772,2026-02-18,USA,GA,Mid-Market,Financial Services,1,10,Active,2026-02-18
19773,2024-02-17,USA,TN,Enterprise,Healthcare,4,14,Active,2024-02-17
19774,2025-08-02,USA,IL,SMB,Healthcare,1,41,Active,2025-08-02
19775,2025-04-06,USA,CA,Enterprise,Professional Services,1,7,Churned,2025-04-06
19776,2026-02-01,USA,GA,SMB,Manufacturing,3,60,Active,2026-02-01
19777,2026-02-18,USA,OH,Mid-Market,Technology,1,19,Churned,
19778,2025-09-30,USA,TN,SMB,Retail,4,32,Active,2025-09-30
19779,2025-10-02,Australia,FL,SMB,Healthcare,3,60,Active,
19780,2025-11-04,USA,VA,SMB,Government,1,85,Active,2025-11-04
19781,2025-07-19,USA,KY,SMB,Healthcare,2,15,Active,2025-08-19
19782,2024-08-09,Canada,TX,SMB,Professional Services,1,33,Active,2025-07-21
19783,2024-10-04,USA,WA,SMB,Technology,3,44,Active,2024-11-03
19784,2025-12-23,USA,TN,Mid-Market,Retail,3,13,Active,2025-12-23
19785,2025-08-25,USA,MI,SMB,Education,4,20,Active,2025-08-25
19786,2024-08-19,UK,TN,SMB,Education,2,50,Active,2025-12-30
19787,2026-05-05,USA,PA,SMB,Professional Services,4,39,Active,2026-05-05
19788,2026-08-13,USA,WA,SMB,Manufacturing,1,64,Active,2026-08-13
19789,2025-09-01,Canada,TX,SMB,Financial Services,6,88,Churned,2025-09-01
19790,2024-08-09,USA,KY,SMB,Technology,1,28,Active,2024-11-03
19791,2026-07-02,UK,KY,Mid-Market,Healthcare,4,18,Active,2026-07-02
19792,2024-08-18,Australia,,Mid-Market,Retail,2,90,Active,2024-08-18
19793,2025-02-25,USA,TX,Mid-Market,Technology,1,35,Active,2025-02-25
19794,2026-04-16,USA,KY,SMB,Financial Services,2,7,Active,
19795,2025-05-22,USA,OH,Enterprise,Professional Services,6,92,Active,2025-05-22
19796,2024-08-24,USA,WA,Mid-Market,Government,4,60,Active,2025-02-28
19797,2024-03-19,USA,TX,Mid-Market,Healthcare,4,98,Active,2024-07-07
19798,2024-12-17,USA,GA,SMB,Financial Services,2,85,Active,2026-05-08
19799,2025-10-16,USA,TX,SMB,Manufacturing,3,63,Active,2025-10-16
19800,2025-11-27,USA,NC,SMB,Healthcare,1,82,Active,2025-11-27
19801,2024-08-05,USA,GA,SMB,Healthcare,3,14,Active,2024-08-05
19802,2024-06-03,UK,NY,Mid-Market,Professional Services,1,66,Active,2025-06-25
19803,2025-11-14,USA,WA,SMB,Healthcare,4,17,Active,2025-11-14
19804,2024-06-03,USA,IL,SMB,Financial Services,4,5,Active,2025-02-02
19805,2024-03-03,USA,CA,SMB,Manufacturing,2,83,Active,2025-02-01
19806,2025-04-18,USA,CO,SMB,Healthcare,3,9,Active,2025-04-25
19807,2025-07-10,USA,TX,SMB,Professional Services,2,2,Active,2025-10-24
19808,2024-08-25,USA,TN,SMB,Professional Services,1,49,Active,2024-08-25
19809,2024-07-24,USA,KY,SMB,Retail,1,38,Active,2024-11-28
19810,2024-08-17,USA,TN,SMB,Financial Services,1,95,Churned,2024-08-17
19811,2024-11-29,Australia,NY,Mid-Market,Professional Services,1,69,Active,2025-09-24
19812,2024-01-09,Australia,CA,Enterprise,Technology,3,8,Active,2024-01-11
19813,2024-01-12,USA,GA,Enterprise,Manufacturing,4,16,Active,2024-05-21
19814,2024-12-26,USA,FL,Mid-Market,Retail,2,86,Churned,2024-12-26
19815,2024-01-20,USA,OH,SMB,Manufacturing,8,80,Active,2025-09-26
19816,2024-11-05,USA,CO,Mid-Market,Financial Services,5,82,Active,2026-03-13
19817,2025-07-19,USA,VA,Enterprise,Manufacturing,1,28,Active,2025-10-06
19818,2024-01-31,USA,TX,SMB,Technology,2,96,Active,2025-08-24
19819,2025-08-24,USA,PA,SMB,Retail,5,49,Active,2025-08-24
19820,2025-08-28,Australia,MI,Mid-Market,Technology,1,16,Active,2025-08-28
19821,2025-07-12,USA,PA,SMB,Education,2,88,Active,2025-07-12
19822,2025-09-02,USA,,Mid-Market,Education,6,11,Active,2025-09-02
19823,2026-02-27,Canada,NY,SMB,Technology,4,13,Active,2026-02-27
19824,2024-03-09,USA,GA,SMB,Financial Services,4,38,Active,2024-04-22
19825,2024-06-13,USA,VA,Mid-Market,Technology,5,83,Active,2024-06-13
19826,2024-11-04,Canada,PA,Mid-Market,Professional Services,1,52,Active,2024-11-04
19827,2025-11-01,USA,TN,Mid-Market,Healthcare,3,16,Active,2025-11-01
19828,2026-04-30,USA,PA,Mid-Market,Professional Services,4,86,Active,2026-04-30
19829,2026-06-13,USA,KY,Enterprise,Government,1,52,Active,2026-06-13
19830,2025-07-21,USA,GA,SMB,Technology,1,93,Active,2025-11-17
19831,2025-02-03,USA,TX,Enterprise,Healthcare,1,61,Active,2025-11-17
19832,2025-02-05,Canada,WA,SMB,Technology,4,33,Active,2025-02-05
19833,2024-02-28,Canada,TX,SMB,Retail,3,13,Active,
19834,2025-03-29,USA,GA,Mid-Market,Retail,5,83,Active,2026-08-18
19835,2025-05-14,USA,GA,SMB,Healthcare,2,11,Active,2025-05-14
19836,2024-07-21,Australia,CO,Enterprise,Education,3,84,Active,2025-05-15
19837,2026-01-17,UK,VA,SMB,Technology,1,76,Active,2026-01-17
19838,2026-03-01,USA,OH,SMB,Manufacturing,6,42,Active,2026-03-01
19839,2024-10-21,UK,VA,SMB,Retail,3,58,Active,2024-10-21
19840,2026-06-09,UK,TN,Mid-Market,Retail,4,46,Active,2026-06-09
19841,2024-04-14,USA,IL,Mid-Market,Manufacturing,1,5,Churned,2024-06-03
19842,2026-06-05,USA,MI,SMB,Manufacturing,1,89,Active,2026-06-05
19843,2026-01-18,UK,PA,SMB,Healthcare,1,76,Active,2026-01-18
19844,2024-08-06,USA,OH,SMB,Retail,4,88,Active,2025-06-01
19845,2025-09-25,USA,CA,SMB,Healthcare,1,59,Churned,2025-09-25
19846,2024-10-29,Australia,NY,Mid-Market,Education,4,97,Active,2025-10-11
19847,2026-02-17,Canada,,Mid-Market,Manufacturing,1,7,Active,2026-02-17
19848,2024-06-05,USA,MI,SMB,Education,3,62,Active,2024-06-16
19849,2024-08-26,USA,VA,SMB,Manufacturing,1,92,Active,2024-08-26
19850,2024-10-26,UK,OH,Mid-Market,Healthcare,1,49,Churned,2025-02-22
19851,2024-07-13,USA,PA,SMB,Retail,3,47,Active,2025-05-09
19852,2024-11-20,USA,PA,SMB,Financial Services,2,83,Active,2024-11-20
19853,2025-08-09,Canada,OH,Mid-Market,Manufacturing,2,36,Active,2025-08-09
19854,2025-09-08,USA,NY,SMB,Education,3,9,Active,2025-09-08
19855,2025-06-23,USA,TX,SMB,Healthcare,2,28,Churned,2025-06-23
19856,2024-07-03,USA,KY,SMB,Retail,3,88,Active,2025-10-29
19857,2024-07-16,Canada,MI,Mid-Market,Healthcare,3,31,Active,2024-08-19
19858,2026-06-14,USA,TN,SMB,Retail,1,22,Active,2026-06-14
19859,2024-09-01,USA,FL,Mid-Market,Technology,2,44,Active,2024-09-01
19860,2024-04-10,UK,KY,SMB,Healthcare,1,47,Active,2025-05-03
19861,2025-03-18,Canada,TX,SMB,Healthcare,1,95,Active,2025-03-18
19862,2024-01-07,USA,FL,Mid-Market,Education,1,69,Active,
19863,2024-11-29,USA,NC,SMB,Retail,3,79,Active,2024-11-29
19864,2026-04-12,USA,CA,SMB,Retail,1,3,Active,2026-04-12
19865,2024-09-17,USA,NC,SMB,Technology,5,86,Active,2024-09-17
19866,2025-11-16,Australia,IL,Mid-Market,Healthcare,4,40,Active,2025-11-16
19867,2025-04-22,USA,OH,SMB,Professional Services,1,10,Active,
19868,2024-12-12,USA,FL,Mid-Market,Education,3,30,Active,2024-12-12
19869,2025-10-06,USA,NC,SMB,Retail,1,66,Active,2025-10-06
19870,2025-08-03,USA,CA,SMB,Manufacturing,1,7,Active,2025-08-03
19871,2024-11-05,USA,NC,SMB,Retail,8,76,Active,2024-11-05
19872,2024-08-05,USA,MI,SMB,Education,2,17,Active,2025-02-16
19873,2026-06-11,USA,VA,Mid-Market,Healthcare,1,85,Active,2026-06-11
19874,2024-06-13,Canada,FL,SMB,Technology,5,16,Active,2024-06-13
19875,2026-07-23,Canada,VA,Enterprise,Retail,6,89,Churned,2026-07-23
19876,2025-04-03,USA,WA,SMB,Education,3,76,Active,2025-04-03
19877,2026-08-28,USA,TN,SMB,Government,4,20,Churned,2026-08-28
19878,2024-12-10,USA,NC,SMB,Financial Services,4,41,Active,2025-03-17
19879,2025-07-04,USA,TN,Mid-Market,Manufacturing,4,9,Active,
19880,2025-08-22,UK,WA,SMB,Manufacturing,2,5,Active,2025-08-22
19881,2024-11-25,USA,PA,Mid-Market,Manufacturing,4,36,Active,2024-11-25
19882,2024-07-31,USA,CO,Enterprise,Healthcare,3,23,Active,
19883,2025-05-21,USA,NC,Mid-Market,Technology,1,78,Active,2025-05-21
19884,2025-10-07,USA,FL,SMB,Education,1,73,Active,2025-10-07
19885,2024-09-11,USA,TN,Mid-Market,Government,2,30,Active,2024-09-11
19886,2026-01-16,USA,VA,SMB,Education,1,23,Active,2026-01-16
19887,2025-09-14,USA,CO,SMB,Technology,1,89,Active,2025-09-14
19888,2024-06-11,USA,OH,SMB,Financial Services,2,44,Churned,2024-06-11
19889,2026-07-03,USA,KY,Mid-Market,Healthcare,6,66,Active,2026-07-03
19890,2024-02-12,USA,NY,SMB,Technology,1,66,Active,2024-12-28
19891,2025-09-28,USA,NC,Mid-Market,Technology,1,69,Active,2025-09-28
19892,2025-03-04,USA,FL,Mid-Market,Professional Services,4,97,Active,2025-03-04
19893,2025-09-28,USA,OH,SMB,Manufacturing,2,71,Active,2025-09-28
19894,2026-01-23,USA,NY,SMB,Financial Services,4,7,Churned,2026-01-23
19895,2025-10-31,USA,NY,Mid-Market,Financial Services,3,41,Active,2025-10-31
19896,2025-09-25,USA,OH,SMB,Manufacturing,3,23,Churned,2026-07-13
19897,2026-03-30,USA,VA,SMB,Retail,1,25,Active,2026-03-30
19898,2025-11-14,USA,MI,SMB,Financial Services,2,23,Active,2025-11-14
19899,2026-03-03,USA,GA,Enterprise,Healthcare,3,85,Active,2026-03-03
19900,2025-01-27,USA,GA,SMB,Retail,1,89,Active,2025-06-16
19901,2024-07-16,USA,NC,SMB,Retail,1,21,Active,2024-09-19
19902,2024-08-16,USA,PA,SMB,Government,2,56,Active,2024-11-06
19903,2025-08-19,USA,,SMB,Professional Services,3,46,Churned,
19904,2025-06-01,Australia,WA,Enterprise,Financial Services,3,76,Active,2025-06-01
19905,2024-03-16,USA,NY,SMB,Education,4,87,Churned,2024-03-16
19906,2024-07-18,Australia,GA,Mid-Market,Manufacturing,4,46,Active,2024-10-21
19907,2026-07-31,USA,FL,Mid-Market,Professional Services,1,42,Active,2026-07-31
19908,2025-12-08,USA,FL,SMB,Technology,5,48,Active,2025-12-08
19909,2026-01-05,USA,CA,Mid-Market,Financial Services,4,50,Active,2026-01-05
19910,2024-07-10,USA,NC,Enterprise,Financial Services,1,98,Active,2025-01-19
19911,2024-03-03,USA,KY,Mid-Market,Government,2,13,Churned,2024-11-22
19912,2024-10-10,USA,WA,Mid-Market,Professional Services,2,17,Active,2024-10-10
19913,2026-04-14,USA,TX,SMB,Manufacturing,5,40,Active,2026-04-14
19914,2025-05-08,USA,MI,Mid-Market,Technology,2,40,Active,2025-05-08
19915,2026-02-03,USA,,SMB,Manufacturing,2,49,Active,2026-02-03
19916,2025-04-19,USA,FL,Mid-Market,Education,6,99,Active,2025-04-19
19917,2025-04-22,USA,OH,SMB,Manufacturing,3,59,Active,2025-04-22
19918,2025-08-08,USA,WA,Mid-Market,Healthcare,1,27,Active,2025-08-08
19919,2026-07-22,Canada,NC,Enterprise,Retail,3,27,Active,2026-07-22
19920,2025-03-02,USA,TX,Mid-Market,Technology,4,12,Active,2025-03-02
19921,2025-08-03,Canada,OH,SMB,Retail,2,2,Active,2025-08-03
19922,2026-06-14,USA,CA,Mid-Market,Professional Services,3,30,Active,
19923,2024-12-28,USA,VA,Enterprise,Government,3,71,Active,2025-03-21
19924,2026-03-29,Canada,NY,Mid-Market,Financial Services,3,84,Active,
19925,2025-06-05,USA,TN,Enterprise,Professional Services,8,70,Active,2025-06-05
19926,2026-05-06,USA,PA,Mid-Market,Technology,3,100,Churned,2026-05-06
19927,2025-03-31,USA,TX,Enterprise,Technology,3,25,Churned,2025-03-31
19928,2025-09-05,USA,OH,SMB,Healthcare,4,63,Active,2025-09-05
19929,2024-11-10,USA,IL,SMB,Retail,1,78,Active,2024-11-10
19930,2025-09-10,Australia,PA,Mid-Market,Government,1,99,Active,2025-09-10
19931,2024-11-13,Canada,MI,Enterprise,Technology,7,29,Active,2024-12-15
19932,2025-08-16,USA,TN,SMB,Technology,4,18,Churned,2025-08-16
19933,2026-02-07,USA,CA,SMB,Healthcare,2,98,Active,2026-02-07
19934,2025-02-27,USA,KY,SMB,Retail,1,63,Active,2025-02-27
19935,2025-02-22,USA,NC,Mid-Market,Manufacturing,1,79,Active,2025-02-22
19936,2024-11-09,USA,WA,Enterprise,Technology,1,,Active,2025-03-08
19937,2025-12-12,Canada,GA,Mid-Market,Professional Services,2,15,Active,2025-12-12
19938,2025-07-30,USA,VA,SMB,Manufacturing,3,14,Active,2025-07-30
19939,2025-05-18,USA,FL,SMB,Financial Services,1,32,Active,2025-05-18
19940,2024-01-25,USA,FL,Enterprise,Retail,3,62,Active,2025-06-25
19941,2024-04-17,USA,WA,SMB,Healthcare,7,96,Churned,2024-05-05
19942,2024-01-08,USA,IL,SMB,Healthcare,8,54,Active,2024-09-07
19943,2026-04-08,USA,GA,SMB,Retail,4,53,Churned,2026-04-08
19944,2026-04-09,USA,FL,Mid-Market,Education,2,76,Active,2026-04-09
19945,2024-03-07,USA,PA,SMB,Retail,3,69,Active,2025-01-10
19946,2024-02-15,USA,GA,SMB,Professional Services,3,84,Active,2025-12-24
19947,2026-01-31,USA,NY,SMB,Government,1,31,Active,2026-01-31
19948,2025-05-26,USA,NY,Enterprise,Healthcare,5,23,Active,2025-05-26
19949,2024-10-27,Canada,GA,SMB,Technology,3,68,Active,2025-01-06
19950,2025-08-21,USA,WA,SMB,Healthcare,3,12,Active,2025-08-21
19951,2024-08-18,Canada,CA,SMB,Healthcare,1,78,Active,2024-08-20
19952,2024-07-12,UK,TX,SMB,Financial Services,1,93,Churned,
19953,2024-12-23,USA,GA,Mid-Market,Healthcare,5,66,Active,2024-12-23
19954,2026-05-22,UK,TN,Mid-Market,Technology,1,75,Active,2026-05-22
19955,2026-01-17,USA,OH,SMB,Technology,1,54,Active,2026-01-17
19956,2024-07-04,UK,PA,Enterprise,Technology,3,37,Active,2024-07-20
19957,2025-07-01,USA,TX,SMB,Technology,4,23,Active,2025-07-01
19958,2026-05-11,Canada,FL,Enterprise,Education,1,54,Active,2026-05-11
19959,2026-07-15,USA,VA,SMB,Education,1,91,Active,2026-07-15
19960,2026-01-13,USA,CA,SMB,Professional Services,4,83,Active,2026-01-13
19961,2024-05-05,Australia,FL,Enterprise,Technology,6,38,Active,2025-01-10
19962,2024-08-22,UK,NY,Enterprise,Retail,2,17,Churned,2024-08-22
19963,2024-07-31,USA,CO,Mid-Market,Manufacturing,4,99,Active,2024-07-31
19964,2024-05-26,USA,CO,Mid-Market,Manufacturing,2,1,Active,2024-12-11
19965,2024-06-19,Australia,TX,Mid-Market,Healthcare,4,19,Active,2024-06-21
19966,2024-11-04,USA,KY,Mid-Market,Professional Services,3,55,Active,2024-11-04
19967,2025-06-25,USA,FL,SMB,Professional Services,4,84,Churned,
19968,2025-01-22,USA,KY,SMB,Government,4,10,Churned,2025-05-27
19969,2025-02-13,USA,NC,Mid-Market,Financial Services,1,25,Active,2025-02-13
19970,2024-08-27,USA,NC,Mid-Market,Healthcare,1,97,Active,2026-02-27
19971,2024-05-27,USA,FL,Enterprise,Healthcare,4,7,Active,2024-07-18
19972,2026-08-30,USA,FL,SMB,Professional Services,1,21,Active,2026-08-30
19973,2025-08-06,USA,MI,SMB,Technology,3,4,Active,2025-08-06
19974,2024-08-11,USA,OH,SMB,Education,2,74,Active,2024-08-11
19975,2026-02-27,USA,PA,Mid-Market,Professional Services,1,33,Churned,2026-02-27
19976,2026-03-20,USA,NC,SMB,Financial Services,3,72,Active,2026-06-21
19977,2026-07-30,USA,PA,Enterprise,Retail,2,2,Active,2026-07-30
19978,2024-06-03,Canada,NC,SMB,Education,5,17,Active,2024-10-20
19979,2025-09-15,USA,PA,SMB,Financial Services,1,12,Active,2025-09-15
19980,2026-08-12,USA,VA,Mid-Market,Manufacturing,1,3,Active,2026-08-12
19981,2026-02-24,Canada,IL,SMB,Manufacturing,1,2,Active,2026-02-24
19982,2024-08-07,USA,FL,Mid-Market,Technology,1,24,Active,2025-07-12
19983,2026-05-19,USA,CO,SMB,Government,3,86,Churned,2026-05-19
19984,2025-02-14,Canada,TX,SMB,Healthcare,2,55,Active,2025-02-14
19985,2025-04-21,USA,,Mid-Market,Manufacturing,1,,Active,2025-04-21
19986,2025-06-28,USA,TX,Enterprise,Government,8,13,Active,2026-07-10
19987,2026-01-21,UK,PA,SMB,Retail,1,90,Active,2026-01-21
19988,2024-04-27,USA,MI,SMB,Education,2,95,Active,2024-08-27
19989,2025-06-09,Canada,OH,Mid-Market,Professional Services,5,60,Active,2025-06-09
19990,2026-03-06,USA,VA,Enterprise,Financial Services,3,79,Active,2026-05-13
19991,2025-06-18,USA,NY,Mid-Market,Healthcare,2,42,Active,2025-06-18
19992,2024-09-24,USA,CA,Mid-Market,Healthcare,7,23,Active,2024-09-24
19993,2024-02-24,USA,TX,SMB,Healthcare,3,88,Active,2024-02-24
19994,2025-06-18,Canada,VA,Mid-Market,Retail,1,12,Active,2025-06-18
19995,2025-11-16,Canada,MI,Enterprise,Healthcare,1,39,Active,2025-11-16
19996,2025-06-19,USA,CA,Enterprise,Retail,6,7,Active,2025-06-19
19997,2026-08-11,USA,CA,Mid-Market,Education,1,31,Active,2026-08-11
19998,2025-08-09,USA,MI,Mid-Market,Retail,4,82,Churned,2025-08-09
19999,2025-05-10,USA,PA,Enterprise,Manufacturing,1,75,Active,2025-05-10
20000,2024-02-24,USA,IL,SMB,Healthcare,1,89,Active,2024-05-22
