subscription_id,customer_id,product_id,start_date,end_date,billing_cycle,quantity,monthly_revenue,status
500001,12383,20,2026-01-18,,Monthly,3,850.7,Active
500002,14933,20,2026-08-31,,Annual,1,263.52,Active
500003,18918,10,2026-02-24,2026-08-31,Annual,1,102.77,Cancelled
500004,13130,12,2025-02-08,,Monthly,1,1139.48,Active
500005,15099,5,2024-07-16,,Monthly,2,532.2,Active
500006,10127,20,2026-03-19,2026-08-31,Monthly,1,246.89,Expired
500007,16857,28,2026-07-03,2026-08-31,Monthly,1,97.73,Expired
500008,14224,5,2025-02-12,,Monthly,1,230.34,Active
500009,15214,6,2026-07-08,,Monthly,1,761.27,Active
500010,11422,14,2025-01-07,,Monthly,4,1099.31,Active
500011,15778,30,2026-08-31,,Monthly,1,772.44,Active
500012,15447,29,2024-12-22,2026-02-27,Monthly,1,281.63,Cancelled
500013,17366,10,2026-08-31,2026-08-31,Annual,2,199.54,Cancelled
500014,19336,20,2024-09-21,,Monthly,1,277.82,Active
500015,12257,13,2026-08-31,,Monthly,2,209.67,Active
500016,18535,21,2024-07-07,2025-08-29,Monthly,1,845.83,Expired
500017,17866,19,2024-05-09,2025-10-14,Monthly,1,76.83,Expired
500018,14042,30,2025-05-03,2025-09-06,Annual,2,1338.56,Expired
500019,13409,18,2024-08-23,2025-12-10,Monthly,5,4793.74,Cancelled
500020,17855,2,2024-07-30,,Monthly,1,361.98,Active
500021,15579,4,2026-03-09,,Monthly,1,97.49,Active
500022,14714,15,2024-11-21,2025-08-26,Monthly,1,819.79,Expired
500023,16067,7,2025-02-28,2026-08-06,Monthly,2,204.23,Expired
500024,14436,17,2024-08-28,2026-01-24,Monthly,2,497.59,Expired
500025,19326,25,2025-01-04,,Monthly,2,213.57,Active
500026,17085,5,2024-05-16,2025-09-30,Monthly,2,512.76,Expired
500027,11771,17,2024-09-14,,Monthly,4,1155.2,Active
500028,17131,29,2025-01-03,2025-05-22,Monthly,1,304.81,Cancelled
500029,14247,30,2024-08-18,,Monthly,2,1451.1,Active
500030,13347,25,2025-10-26,2026-08-31,Annual,4,396.82,Expired
500031,11060,24,2024-06-03,,Monthly,5,4455.07,Active
500032,13761,7,2026-05-16,,Monthly,1,96.28,Active
500033,14281,29,2025-04-13,,Monthly,1,285.73,Active
500034,19697,7,2024-12-16,,Monthly,3,295.72,Active
500035,17273,18,2024-11-07,,Annual,1,782.1,Active
500036,16516,14,2024-09-07,,Monthly,2,543.81,Active
500037,13184,12,2024-11-13,2025-05-04,Annual,2,2114.99,Cancelled
500038,14673,14,2026-08-31,,Annual,1,256.72,Active
500039,16339,21,2025-03-30,2025-07-23,Monthly,2,1636.87,Expired
500040,15871,23,2024-08-09,,Monthly,6,2092.84,Active
500041,17408,15,2024-09-02,,Monthly,1,788.44,Active
500042,16541,18,2024-03-15,2025-02-01,Annual,1,981.81,Expired
500043,15491,25,2025-03-21,,Monthly,1,96.47,Active
500044,13960,24,2026-06-12,2026-08-31,Annual,2,1663.28,Expired
500045,18366,8,2025-06-28,,Annual,1,280.62,Active
500046,10997,6,2026-08-31,,Monthly,1,817.19,Active
500047,10635,2,2025-11-27,2026-01-27,Monthly,1,369.13,Cancelled
500048,15105,19,2025-07-03,,Monthly,1,74.6,Active
500049,17191,14,2026-08-31,,Monthly,2,633.21,Active
500050,17985,5,2024-10-06,2026-03-16,Monthly,3,675.93,Cancelled
500051,18582,9,2024-10-30,,Monthly,3,2704.59,Active
500052,18060,9,2024-08-16,,Monthly,1,824.74,Active
500053,17596,15,2025-08-02,,Monthly,2,1372.25,Active
500054,18732,7,2025-04-06,2026-04-03,Monthly,2,200.96,Expired
500055,14088,13,2026-08-03,,Monthly,6,659.65,Active
500056,13696,3,2024-03-29,,Monthly,1,693.41,Active
500057,13149,7,2024-09-19,,Monthly,1,115.28,Active
500058,13129,6,2024-10-16,,Monthly,1,908.3,Active
500059,11757,27,2024-10-29,2026-03-25,Monthly,1,922.48,Cancelled
500060,12077,19,2024-10-24,2025-04-19,Monthly,3,238.49,Cancelled
500061,14108,23,2026-01-04,,Monthly,1,310.02,Active
500062,16710,3,2024-10-30,2025-10-23,Monthly,1,768.86,Cancelled
500063,13011,30,2025-05-21,2026-08-31,Annual,1,830.78,Cancelled
500064,15550,3,2026-03-22,2026-08-31,Monthly,1,739.62,Cancelled
500065,16457,15,2024-04-06,2025-07-09,Monthly,1,812.25,Expired
500066,10666,29,2025-11-02,,Monthly,2,521.61,Active
500067,11983,11,2024-08-20,,Monthly,1,351.5,Active
500068,10052,1,2024-05-24,,Monthly,1,105.41,Active
500069,10054,18,2026-03-25,2026-08-31,Monthly,1,962.2,Cancelled
500070,10813,12,2025-01-31,2025-04-02,Annual,1,1033.72,Expired
500071,17709,4,2025-08-13,,Monthly,7,745.04,Active
500072,19335,22,2025-01-02,,Monthly,1,107.19,Active
500073,17558,16,2026-06-14,,Monthly,2,230.33,Active
500074,10088,4,2026-08-31,,Annual,2,218.65,Active
500075,12438,29,2026-06-13,2026-08-31,Monthly,1,312.2,Cancelled
500076,17718,11,2025-11-21,2026-08-31,Monthly,3,924.87,Expired
500077,16440,24,2024-07-07,,Monthly,1,870.44,Active
500078,13688,26,2024-09-04,2025-04-10,Monthly,1,265.33,Expired
500079,17968,28,2026-08-31,2026-08-31,Monthly,3,300.62,Cancelled
500080,10836,13,2025-09-28,,Monthly,3,341.96,Active
500081,13568,7,2026-08-31,,Monthly,1,101.21,Active
500082,15363,25,2025-02-17,,Monthly,2,197.67,Active
500083,15318,1,2024-04-18,,Annual,4,479.03,Active
500084,15582,2,2025-04-08,,Monthly,1,382.18,Active
500085,12798,23,2026-08-31,2026-08-31,Monthly,2,656.49,Cancelled
500086,19221,7,2025-11-04,,Monthly,1,105.6,Active
500087,12898,25,2024-11-13,2025-08-28,Monthly,1,107.09,Expired
500088,15749,13,2026-08-31,2026-08-31,Monthly,1,120.7,Cancelled
500089,14043,10,2025-10-08,,Monthly,1,105.27,Active
500090,15755,17,2025-12-13,,Monthly,1,255.66,Active
500091,15711,16,2025-01-09,,Annual,3,287.01,Active
500092,15482,8,2026-08-31,,Monthly,2,569.56,Active
500093,17439,13,2024-06-03,2025-11-16,Monthly,5,560.37,Expired
500094,16877,15,2025-02-02,,Monthly,2,1519.57,Active
500095,13201,20,2024-08-30,,Monthly,2,512.24,Active
500096,17910,16,2025-07-26,,Monthly,2,214.24,Active
500097,14454,27,2026-06-27,2026-08-31,Monthly,1,919.21,Cancelled
500098,10936,30,2026-08-31,2026-08-31,Monthly,2,1602.41,Expired
500099,19629,22,2026-01-01,2026-06-24,Monthly,1,95.67,Cancelled
500100,11387,19,2026-07-19,,Monthly,2,163.08,Active
500101,19195,17,2024-05-08,,Monthly,1,305.03,Active
500102,10618,16,2025-05-02,2025-06-08,Monthly,2,194.91,Cancelled
500103,11108,23,2026-08-31,,Monthly,2,639.76,Active
500104,19562,13,2026-08-31,2026-08-31,Monthly,1,117.09,Expired
500105,17456,22,2024-08-17,2025-10-22,Monthly,3,328.49,Expired
500106,15818,12,2025-12-12,,Monthly,1,1007.95,Active
500107,16197,2,2026-02-24,,Monthly,1,369.47,Active
500108,19785,7,2025-09-15,,Monthly,1,97.28,Active
500109,16240,24,2025-08-31,,Annual,2,1829.11,Active
500110,11515,10,2025-04-17,,Monthly,1,107.83,Active
500111,16329,28,2024-09-27,2025-09-19,Monthly,1,96.95,Cancelled
500112,17330,24,2026-06-21,2026-08-31,Monthly,1,752.89,Cancelled
500113,14369,3,2026-01-02,,Monthly,2,1378.01,Active
500114,13125,26,2026-01-15,2026-08-31,Monthly,1,258.16,Expired
500115,18223,19,2024-09-24,,Monthly,2,158.29,Active
500116,11820,20,2025-01-14,,Monthly,1,243.45,Active
500117,16518,1,2024-09-08,,Monthly,1,96.81,Active
500118,18068,12,2024-07-04,,Annual,1,1024.73,Active
500119,17181,16,2026-01-30,,Monthly,1,120.28,Active
500120,11660,15,2025-12-20,,Annual,1,789.63,Active
500121,18287,18,2024-05-08,,Monthly,1,776.9,Active
500122,15998,16,2024-08-06,,Monthly,1,117.9,Active
500123,14322,8,2024-12-17,2025-05-18,Monthly,2,559.97,Cancelled
500124,11867,16,2026-04-11,,Monthly,1,114.7,Active
500125,11173,4,2025-08-24,,Annual,2,237.95,Active
500126,13373,19,2025-03-15,,Monthly,2,183.18,Active
500127,11032,9,2025-06-18,2025-09-18,Monthly,1,956.02,Expired
500128,10874,25,2025-02-24,2025-12-19,Monthly,1,117.91,Cancelled
500129,16436,25,2025-06-13,,Annual,1,115.28,Active
500130,19367,18,2025-04-04,,Monthly,1,868.06,Active
500131,14979,16,2026-08-31,2026-08-31,Monthly,2,201.08,Expired
500132,19768,12,2026-08-31,,Monthly,1,1107.9,Active
500133,18074,10,2026-01-17,2026-08-31,Annual,3,312.85,Expired
500134,11502,22,2024-02-09,,Annual,2,205.77,Active
500135,10453,26,2025-02-16,,Monthly,2,503.0,Active
500136,13594,6,2024-10-15,2025-08-17,Monthly,1,911.62,Cancelled
500137,10555,28,2025-12-21,2026-08-31,Monthly,1,96.06,Expired
500138,11255,16,2026-08-31,2026-08-31,Monthly,2,210.03,Cancelled
500139,17679,19,2025-08-01,2026-08-15,Annual,4,303.13,Cancelled
500140,11162,3,2026-02-11,2026-08-31,Annual,1,719.51,Cancelled
500141,19943,6,2026-05-28,,Monthly,1,780.4,Active
500142,12293,1,2026-08-13,,Monthly,2,207.92,Active
500143,18475,16,2024-08-28,2025-07-26,Monthly,1,110.54,Cancelled
500144,10771,4,2024-05-21,,Monthly,1,119.1,Active
500145,14191,10,2025-08-29,,Monthly,1,109.78,Active
500146,11307,16,2026-02-09,2026-08-31,Monthly,2,238.16,Cancelled
500147,18759,3,2025-02-23,,Monthly,1,813.32,Active
500148,10700,23,2026-08-31,2026-08-31,Monthly,1,320.67,Cancelled
500149,10365,30,2025-08-22,,Monthly,1,762.49,Active
500150,19843,25,2026-06-01,2026-08-31,Monthly,1,110.81,Expired
500151,17327,3,2024-08-19,,Monthly,1,806.12,Active
500152,18197,16,2026-04-08,,Annual,2,215.14,Active
500153,11734,10,2024-10-08,2025-01-18,Monthly,1,107.0,Cancelled
500154,15481,10,2025-01-28,,Monthly,2,229.07,Active
500155,12843,9,2026-08-31,2026-08-31,Monthly,1,886.48,Expired
500156,10212,23,2025-03-27,,Monthly,2,671.43,Active
500157,13489,9,2025-10-29,,Annual,1,924.25,Active
500158,15878,16,2026-08-31,2026-08-31,Monthly,4,400.58,Cancelled
500159,11783,7,2026-04-26,,Monthly,1,102.8,Active
500160,18815,11,2025-01-03,,Monthly,1,357.69,Active
500161,15031,17,2024-09-17,2025-01-16,Monthly,3,916.73,Expired
500162,19833,11,2024-05-05,,Monthly,1,361.06,Active
500163,14259,24,2024-09-02,,Annual,4,3169.36,Active
500164,13220,10,2026-06-03,2026-08-31,Monthly,3,345.83,Cancelled
500165,15311,7,2026-08-06,,Monthly,1,94.41,Active
500166,12269,22,2026-08-31,,Monthly,1,100.6,Active
500167,13685,24,2024-07-05,,Annual,1,842.49,Active
500168,11448,7,2025-11-14,,Monthly,1,102.86,Active
500169,10926,17,2024-09-09,2025-07-28,Monthly,1,301.94,Expired
500170,19870,24,2025-12-15,2026-08-31,Monthly,1,916.48,Expired
500171,18058,30,2024-06-25,,Annual,1,813.32,Active
500172,17577,24,2025-09-23,,Monthly,1,903.74,Active
500173,18072,16,2025-01-15,2025-05-25,Annual,1,115.3,Cancelled
500174,17111,24,2025-10-16,,Monthly,1,868.96,Active
500175,17234,26,2025-03-18,,Monthly,2,500.28,Active
500176,11662,24,2025-01-10,,Monthly,1,746.08,Active
500177,16584,11,2024-07-09,2025-03-21,Monthly,1,299.35,Expired
500178,14890,15,2024-11-13,2025-11-07,Monthly,1,671.81,Expired
500179,14771,22,2026-05-10,,Monthly,1,114.73,Active
500180,17847,18,2024-09-30,,Annual,1,877.05,Active
500181,17412,7,2026-06-02,,Annual,1,108.94,Active
500182,15729,12,2025-12-08,2026-04-28,Annual,1,1001.26,Cancelled
500183,18687,3,2025-11-22,,Monthly,1,656.22,Active
500184,10089,7,2024-12-21,,Monthly,5,516.55,Active
500185,17572,22,2025-06-06,,Monthly,4,382.33,Active
500186,18410,5,2025-12-28,,Monthly,1,241.77,Active
500187,12551,22,2026-05-21,,Monthly,1,101.1,Active
500188,13702,2,2024-06-16,,Monthly,2,641.39,Active
500189,12029,17,2026-08-31,2026-08-31,Monthly,2,527.2,Expired
500190,12573,3,2026-06-06,2026-08-31,Monthly,3,2222.65,Expired
500191,15661,26,2024-09-17,,Monthly,1,241.01,Active
500192,17100,21,2025-01-27,,Monthly,3,2768.78,Active
500193,13949,22,2026-03-23,,Monthly,1,101.61,Active
500194,14500,9,2026-08-31,2026-08-31,Annual,2,1914.0,Cancelled
500195,13468,16,2025-12-04,,Monthly,2,235.97,Active
500196,11010,20,2025-11-11,,Monthly,2,485.96,Active
500197,19362,18,2024-11-28,,Monthly,3,2698.62,Active
500198,12883,26,2026-08-12,2026-08-31,Annual,1,252.67,Expired
500199,17378,24,2024-12-04,2026-01-29,Annual,2,1659.6,Expired
500200,18235,19,2025-07-13,2025-09-06,Monthly,1,90.11,Expired
500201,15013,7,2025-07-30,2026-04-06,Annual,2,208.81,Expired
500202,14578,10,2024-07-10,2024-12-10,Monthly,2,219.36,Cancelled
500203,13439,8,2024-11-13,2026-03-12,Monthly,1,302.08,Cancelled
500204,17610,8,2026-08-31,,Monthly,4,1197.79,Active
500205,12636,9,2026-07-20,,Annual,2,1946.88,Active
500206,11517,16,2024-08-13,,Monthly,1,100.87,Active
500207,19969,20,2025-04-06,,Monthly,1,288.21,Active
500208,15432,15,2025-02-24,,Monthly,3,2109.78,Active
500209,12971,28,2025-05-03,,Annual,1,97.75,Active
500210,10176,20,2025-06-10,,Monthly,3,799.2,Active
500211,18462,2,2024-04-21,,Annual,1,358.54,Active
500212,12030,14,2026-06-11,2026-08-31,Monthly,1,272.97,Cancelled
500213,11320,7,2026-08-31,2026-08-31,Monthly,2,213.17,Expired
500214,10998,20,2025-10-09,,Annual,2,491.04,Active
500215,17656,6,2026-04-15,2026-05-24,Monthly,1,831.5,Cancelled
500216,18409,24,2026-08-31,,Monthly,1,939.42,Active
500217,14922,3,2024-08-24,2026-02-06,Monthly,1,741.61,Cancelled
500218,16649,14,2025-06-09,,Monthly,2,582.19,Active
500219,14524,23,2024-03-19,,Annual,2,723.01,Active
500220,13332,17,2024-07-04,,Monthly,1,290.37,Active
500221,18092,30,2024-06-04,2024-07-10,Annual,1,797.83,Cancelled
500222,19834,7,2025-08-10,2026-05-02,Monthly,1,101.2,Cancelled
500223,10545,20,2025-11-27,2026-08-31,Monthly,1,274.07,Cancelled
500224,16067,18,2025-02-17,,Annual,2,1827.58,Active
500225,10089,16,2025-01-10,,Monthly,1,97.54,Active
500226,10955,2,2025-08-19,,Annual,1,324.47,Active
500227,11054,28,2024-11-27,2026-02-22,Monthly,5,557.7,Expired
500228,13540,23,2025-10-18,,Annual,2,715.85,Active
500229,10463,27,2024-09-17,2025-01-31,Monthly,1,892.46,Expired
500230,12161,29,2026-05-25,2026-08-31,Monthly,4,1047.36,Expired
500231,19310,11,2025-11-22,,Monthly,1,328.85,Active
500232,13051,13,2025-09-23,,Monthly,1,109.35,Active
500233,11185,5,2025-10-18,,Annual,1,223.09,Active
500234,13925,22,2025-05-29,,Monthly,1,99.7,Active
500235,17872,8,2024-01-19,,Monthly,3,841.68,Active
500236,17234,11,2025-03-10,2026-05-16,Monthly,1,307.63,Cancelled
500237,17560,24,2024-12-18,,Monthly,3,2353.19,Active
500238,11851,9,2026-05-06,,Annual,2,1940.95,Active
500239,10012,23,2025-09-07,2026-08-31,Monthly,2,624.37,Expired
500240,12669,27,2024-01-11,,Annual,1,1053.32,Active
500241,12794,15,2024-08-23,,Monthly,1,691.75,Active
500242,18655,17,2025-06-15,,Annual,1,247.67,Active
500243,18075,3,2024-05-26,,Monthly,2,1496.45,Active
500244,18341,15,2026-04-29,,Monthly,1,806.09,Active
500245,16511,24,2025-07-09,,Monthly,2,1660.61,Active
500246,16294,3,2024-01-21,,Monthly,3,2074.17,Active
500247,17752,18,2025-02-23,,Monthly,1,960.34,Active
500248,18990,20,2025-01-20,,Annual,1,286.01,Active
500249,18298,12,2025-06-19,2026-08-31,Monthly,1,959.34,Cancelled
500250,12877,19,2024-11-11,2025-06-11,Monthly,2,157.71,Expired
500251,10314,28,2024-07-01,,Monthly,1,108.13,Active
500252,15496,27,2026-05-28,,Monthly,1,954.46,Active
500253,16717,6,2026-01-31,,Monthly,1,909.83,Active
500254,10437,21,2026-01-23,,Monthly,2,1771.01,Active
500255,10343,9,2026-06-20,,Monthly,2,1676.99,Active
500256,18843,17,2026-05-14,2026-07-27,Monthly,1,282.73,Cancelled
500257,19285,9,2026-07-11,2026-08-31,Monthly,1,843.79,Expired
500258,17635,10,2024-11-08,2026-03-28,Monthly,2,243.61,Cancelled
500259,14272,28,2026-08-24,2026-08-31,Monthly,1,107.59,Expired
500260,10622,9,2026-06-20,2026-08-31,Monthly,1,881.55,Expired
500261,13194,27,2025-01-23,2026-04-27,Annual,2,2177.88,Cancelled
500262,19174,7,2026-08-31,,Monthly,1,93.11,Active
500263,11733,20,2025-07-07,,Annual,1,271.17,Active
500264,14424,28,2025-10-02,2026-08-31,Monthly,1,95.69,Cancelled
500265,16776,14,2026-03-14,,Monthly,1,325.55,Active
500266,19371,1,2024-10-30,2024-12-15,Monthly,2,200.67,Cancelled
500267,18198,5,2025-04-20,2025-11-07,Monthly,1,263.67,Expired
500268,11313,30,2024-08-08,2025-07-28,Monthly,2,1457.26,Expired
500269,11085,26,2026-03-06,,Annual,1,257.58,Active
500270,15119,21,2026-08-31,,Monthly,1,866.47,Active
500271,19822,2,2025-12-05,,Monthly,1,342.88,Active
500272,14063,15,2024-04-21,,Monthly,3,2417.67,Active
500273,10807,1,2025-10-17,,Annual,1,117.32,Active
500274,19661,7,2025-04-11,,Monthly,1,110.25,Active
500275,17841,14,2025-03-18,2026-03-28,Annual,2,585.52,Expired
500276,14765,26,2024-03-28,2025-04-13,Monthly,2,560.75,Cancelled
500277,10687,18,2025-06-20,2026-05-05,Monthly,1,840.31,Cancelled
500278,12437,24,2026-03-31,,Monthly,1,869.99,Active
500279,12082,20,2024-05-19,,Annual,1,259.46,Active
500280,11132,3,2025-04-20,,Monthly,2,1635.55,Active
500281,11578,17,2024-10-05,,Monthly,1,279.78,Active
500282,13197,11,2025-11-17,,Annual,1,321.03,Active
500283,11693,14,2026-03-21,2026-06-27,Annual,3,948.71,Cancelled
500284,11840,26,2024-10-03,2025-06-17,Monthly,1,271.68,Cancelled
500285,18576,14,2026-08-31,2026-08-31,Monthly,3,801.18,Expired
500286,15301,22,2026-07-06,,Monthly,5,553.73,Active
500287,16631,8,2026-01-07,,Annual,1,298.21,Active
500288,14707,19,2024-12-17,2025-11-18,Monthly,2,177.24,Cancelled
500289,19719,7,2024-09-21,2025-07-16,Monthly,2,221.25,Cancelled
500290,17708,24,2025-03-27,2026-04-14,Monthly,1,851.53,Cancelled
500291,12225,8,2026-01-04,,Annual,1,287.24,Active
500292,11664,11,2026-08-31,2026-08-31,Annual,3,922.09,Expired
500293,11902,1,2026-01-21,2026-08-31,Monthly,1,110.13,Expired
500294,15591,24,2025-03-11,,Monthly,1,909.0,Active
500295,11652,7,2025-01-11,2025-11-10,Monthly,3,323.18,Expired
500296,12617,10,2025-07-22,2026-05-23,Monthly,1,101.68,Cancelled
500297,18344,4,2024-07-22,,Monthly,1,104.11,Active
500298,17181,25,2026-07-04,2026-08-31,Monthly,3,295.89,Expired
500299,13317,26,2025-02-18,,Annual,1,265.33,Active
500300,18309,16,2025-08-25,2026-02-14,Monthly,1,99.99,Expired
500301,15985,20,2026-04-04,,Monthly,1,246.16,Active
500302,18055,26,2024-05-06,,Monthly,1,235.4,Active
500303,13471,8,2024-09-05,2025-07-26,Monthly,3,795.81,Cancelled
500304,15633,28,2024-09-22,2024-11-09,Annual,3,303.82,Expired
500305,15406,19,2024-07-07,2025-09-03,Annual,1,87.18,Expired
500306,12700,13,2026-04-23,,Annual,1,100.65,Active
500307,16898,25,2026-04-02,2026-05-11,Monthly,2,221.45,Cancelled
500308,13278,11,2026-08-31,,Monthly,1,359.81,Active
500309,11185,27,2025-09-13,,Annual,3,3277.37,Active
500310,16905,24,2024-09-23,,Monthly,1,747.14,Active
500311,19035,23,2026-08-31,,Monthly,1,327.3,Active
500312,18727,20,2024-11-13,,Monthly,1,253.73,Active
500313,13086,11,2026-03-29,,Annual,2,658.57,Active
500314,15374,2,2024-11-20,,Annual,1,377.4,Active
500315,11646,7,2026-08-31,2026-08-31,Monthly,2,184.94,Cancelled
500316,15516,15,2025-10-07,2025-11-08,Monthly,1,800.03,Cancelled
500317,17876,29,2025-05-27,,Monthly,1,272.17,Active
500318,18413,9,2025-03-25,,Monthly,1,933.64,Active
500319,19965,5,2024-08-04,,Monthly,1,251.33,Active
500320,17062,26,2026-05-06,2026-08-31,Monthly,2,476.49,Cancelled
500321,13319,30,2026-08-31,,Annual,1,673.15,Active
500322,11607,3,2026-08-31,2026-08-31,Annual,2,1513.25,Cancelled
500323,14117,28,2026-08-31,2026-08-31,Monthly,2,193.49,Expired
500324,14872,22,2025-07-17,,Monthly,2,188.85,Active
500325,11875,15,2026-05-03,2026-08-31,Monthly,1,813.43,Expired
500326,16262,29,2024-11-18,2025-02-07,Monthly,1,263.43,Expired
500327,10235,15,2026-08-31,2026-08-31,Annual,2,1664.83,Expired
500328,11845,25,2026-06-25,2026-08-31,Monthly,1,103.32,Cancelled
500329,11342,3,2025-01-25,,Monthly,1,790.85,Active
500330,12311,4,2024-09-01,2024-11-15,Annual,2,236.52,Cancelled
500331,19562,28,2026-05-24,,Monthly,1,100.47,Active
500332,19720,11,2025-03-11,,Monthly,1,296.78,Active
500333,18840,15,2026-08-31,2026-08-31,Monthly,2,1407.61,Cancelled
500334,19681,1,2026-04-30,2026-08-31,Monthly,1,116.08,Expired
500335,17979,1,2024-08-07,,Annual,1,113.15,Active
500336,12639,18,2024-12-19,2025-08-25,Monthly,3,2806.76,Cancelled
500337,19406,11,2026-08-31,2026-08-31,Annual,1,320.97,Expired
500338,19659,16,2025-10-13,,Monthly,1,113.29,Active
500339,16322,18,2024-12-31,2025-10-01,Monthly,1,960.16,Cancelled
500340,14433,11,2024-05-06,,Monthly,2,597.28,Active
500341,13939,15,2024-11-27,2025-08-29,Monthly,2,1543.33,Expired
500342,11269,4,2026-06-19,,Annual,2,197.67,Active
500343,12610,10,2025-04-12,2025-09-15,Monthly,1,123.96,Expired
500344,11756,4,2024-05-13,,Annual,3,308.7,Active
500345,17581,14,2025-07-31,,Monthly,1,266.28,Active
500346,10581,14,2025-06-25,,Annual,1,257.7,Active
500347,16896,11,2026-04-03,,Monthly,2,683.85,Active
500348,16304,25,2025-12-03,,Monthly,1,101.31,Active
500349,14886,28,2026-08-26,,Monthly,1,103.71,Active
500350,11974,21,2024-12-02,,Monthly,3,2494.86,Active
500351,16227,6,2025-07-28,2026-03-15,Monthly,1,826.99,Expired
500352,15403,8,2026-05-08,,Monthly,1,286.61,Active
500353,16431,13,2025-09-02,2026-07-07,Monthly,1,101.05,Cancelled
500354,12793,29,2025-04-18,2025-06-09,Annual,3,823.05,Cancelled
500355,14416,27,2025-06-30,2026-07-23,Monthly,1,913.28,Expired
500356,15811,2,2026-08-31,,Monthly,1,374.29,Active
500357,12055,13,2024-11-10,,Annual,1,104.24,Active
500358,19889,14,2026-08-31,2026-08-31,Monthly,3,816.7,Expired
500359,12183,16,2025-12-13,,Annual,2,240.85,Active
500360,11249,1,2026-08-31,2026-08-31,Monthly,1,97.04,Expired
500361,11278,16,2025-10-21,,Monthly,2,227.69,Active
500362,10443,27,2025-06-24,2026-07-28,Monthly,1,888.15,Expired
500363,11305,23,2024-10-17,,Monthly,2,728.9,Active
500364,18577,14,2026-02-10,,Monthly,1,325.14,Active
500365,13970,14,2026-08-31,2026-08-31,Monthly,3,967.98,Expired
500366,15024,4,2025-08-03,2025-09-06,Monthly,2,234.99,Cancelled
500367,12206,6,2026-04-09,,Monthly,1,767.79,Active
500368,15932,27,2024-11-11,,Monthly,1,1095.83,Active
500369,10469,25,2026-05-22,2026-08-31,Annual,1,98.18,Cancelled
500370,12969,10,2024-08-23,,Monthly,1,120.08,Active
500371,13420,21,2026-05-11,,Monthly,3,2876.99,Active
500372,14813,12,2026-07-14,2026-08-31,Monthly,1,1051.25,Cancelled
500373,11310,27,2026-07-30,,Monthly,1,898.66,Active
500374,14906,27,2024-08-16,,Monthly,1,1026.61,Active
500375,17044,10,2026-04-19,2026-08-18,Monthly,1,123.34,Cancelled
500376,19715,5,2024-10-13,,Monthly,1,255.5,Active
500377,15045,9,2025-05-27,,Monthly,2,1695.38,Active
500378,17729,24,2024-03-28,2024-10-25,Annual,2,1587.73,Cancelled
500379,10357,1,2026-05-23,,Annual,3,357.32,Active
500380,11261,3,2026-08-31,2026-08-31,Annual,2,1377.01,Cancelled
500381,11623,1,2025-04-12,2025-10-25,Monthly,3,365.26,Expired
500382,11427,6,2026-02-02,,Annual,1,889.12,Active
500383,10227,13,2026-08-31,2026-08-31,Annual,1,118.35,Cancelled
500384,18354,20,2025-05-24,,Monthly,1,256.78,Active
500385,12560,23,2025-05-23,,Monthly,3,1106.36,Active
500386,11469,25,2026-07-19,,Monthly,2,189.67,Active
500387,11636,3,2025-02-23,,Annual,4,3175.54,Active
500388,19530,24,2025-02-17,,Monthly,1,762.48,Active
500389,11027,4,2025-07-24,,Monthly,1,112.91,Active
500390,10404,25,2026-08-30,2026-08-31,Monthly,1,103.02,Expired
500391,12003,12,2025-12-15,2026-08-31,Monthly,2,2340.73,Expired
500392,16854,10,2026-04-03,,Monthly,3,306.84,Active
500393,16874,23,2026-04-30,,Annual,2,664.56,Active
500394,11823,28,2026-08-31,2026-08-31,Annual,1,97.89,Expired
500395,10221,4,2025-12-03,,Annual,2,220.88,Active
500396,15548,4,2026-06-01,,Monthly,1,114.57,Active
500397,11759,19,2026-05-22,2026-08-31,Monthly,1,80.93,Cancelled
500398,13680,15,2024-05-15,,Monthly,4,3328.75,Active
500399,15389,11,2025-12-19,2026-03-16,Monthly,1,345.72,Cancelled
500400,18624,8,2024-07-28,2025-01-02,Monthly,4,1027.65,Cancelled
500401,13111,7,2026-07-24,2026-08-31,Annual,2,199.79,Expired
500402,10835,26,2026-06-18,,Monthly,1,251.28,Active
500403,14711,30,2025-01-18,,Monthly,2,1595.85,Active
500404,13312,5,2026-06-30,,Monthly,3,726.95,Active
500405,19876,26,2025-08-21,2026-08-31,Monthly,3,720.84,Cancelled
500406,12860,1,2025-05-01,,Monthly,2,228.26,Active
500407,12696,6,2024-09-06,,Monthly,1,916.15,Active
500408,12135,17,2024-10-27,,Monthly,1,282.35,Active
500409,18652,14,2026-08-07,,Monthly,2,574.69,Active
500410,10297,12,2026-08-31,2026-08-31,Monthly,1,1096.39,Expired
500411,10072,9,2025-09-29,,Annual,3,2406.81,Active
500412,10573,10,2026-08-12,,Monthly,3,354.95,Active
500413,13643,15,2025-10-01,2026-08-31,Annual,1,767.8,Expired
500414,15856,4,2025-11-16,,Monthly,2,215.83,Active
500415,12808,7,2025-02-19,,Monthly,1,97.81,Active
500416,16627,8,2024-04-10,2024-10-08,Monthly,3,897.97,Expired
500417,16545,2,2026-02-01,,Monthly,2,655.78,Active
500418,10008,1,2026-03-12,,Monthly,1,111.11,Active
500419,19787,15,2026-08-31,2026-08-31,Monthly,1,710.14,Cancelled
500420,11366,29,2026-05-22,,Annual,3,767.77,Active
500421,15983,20,2025-09-13,,Annual,3,731.58,Active
500422,12247,17,2025-01-03,,Annual,1,290.6,Active
500423,15154,12,2025-09-18,,Monthly,1,1039.61,Active
500424,13200,1,2024-06-29,2024-09-14,Monthly,2,217.8,Cancelled
500425,17180,6,2026-05-18,2026-08-31,Monthly,2,1614.52,Expired
500426,19061,23,2026-07-21,,Annual,1,342.28,Active
500427,10052,19,2024-05-09,,Monthly,1,80.62,Active
500428,18256,27,2024-08-22,,Monthly,1,884.8,Active
500429,17593,25,2025-01-07,2025-11-08,Monthly,1,108.31,Cancelled
500430,15554,26,2025-12-06,,Monthly,3,761.97,Active
500431,11015,10,2026-01-04,2026-08-31,Monthly,1,108.33,Expired
500432,16988,23,2025-07-14,2026-08-31,Annual,1,315.76,Cancelled
500433,19253,27,2024-05-29,,Monthly,1,1062.96,Active
500434,16760,3,2025-08-17,2025-12-13,Monthly,1,773.3,Cancelled
500435,19027,5,2026-01-23,,Monthly,2,493.64,Active
500436,19692,7,2025-09-09,2026-04-04,Monthly,1,106.76,Cancelled
500437,13702,12,2024-03-26,2024-06-25,Monthly,2,2169.72,Cancelled
500438,19597,8,2025-08-29,,Monthly,1,273.07,Active
500439,10064,2,2026-01-20,2026-08-31,Monthly,1,362.89,Cancelled
500440,17710,20,2025-06-06,2026-05-11,Monthly,1,241.5,Cancelled
500441,12648,22,2026-08-31,2026-08-31,Monthly,4,471.63,Expired
500442,12478,11,2026-02-21,2026-07-01,Annual,2,733.66,Cancelled
500443,18124,28,2026-05-10,,Annual,1,105.1,Active
500444,19008,23,2026-05-06,2026-08-31,Monthly,2,654.42,Expired
500445,13416,18,2024-08-04,,Monthly,1,849.06,Active
500446,12810,2,2025-11-04,2025-12-18,Monthly,1,350.43,Expired
500447,14065,13,2024-05-11,,Monthly,1,105.54,Active
500448,14953,23,2024-12-12,,Annual,2,623.29,Active
500449,16629,18,2025-02-10,2025-08-31,Monthly,1,831.0,Cancelled
500450,15831,26,2025-04-10,,Monthly,2,458.72,Active
500451,12815,23,2026-06-02,,Monthly,1,321.54,Active
500452,16566,30,2024-10-02,,Monthly,1,708.49,Active
500453,16308,13,2025-09-09,2026-08-31,Monthly,1,115.65,Expired
500454,17137,5,2026-08-04,,Monthly,2,497.72,Active
500455,14453,26,2025-05-24,,Monthly,2,525.78,Active
500456,15446,25,2025-12-19,2026-04-29,Monthly,1,116.89,Cancelled
500457,19995,10,2026-02-20,,Monthly,1,104.75,Active
500458,15152,3,2025-05-06,2025-10-06,Monthly,1,690.72,Cancelled
500459,19686,10,2024-10-13,2024-12-05,Annual,1,116.81,Cancelled
500460,14247,15,2024-09-05,2025-12-09,Monthly,2,1478.84,Cancelled
500461,15098,26,2025-10-26,2025-12-30,Monthly,2,552.0,Cancelled
500462,10682,12,2025-01-29,,Monthly,3,3546.15,Active
500463,14157,24,2024-05-13,2025-08-06,Monthly,1,899.4,Cancelled
500464,11355,20,2026-08-31,,Monthly,1,252.02,Active
500465,10211,1,2025-10-29,2026-08-31,Monthly,4,422.28,Cancelled
500466,13885,4,2026-03-04,,Monthly,1,108.28,Active
500467,13349,15,2025-10-19,,Monthly,1,765.91,Active
500468,13356,12,2024-10-11,,Annual,1,1078.16,Active
500469,17276,27,2024-04-09,,Monthly,4,4009.31,Active
500470,10984,23,2024-06-06,,Annual,1,377.22,Active
500471,17671,15,2026-08-31,2026-08-31,Annual,1,710.43,Expired
500472,14066,9,2025-10-04,,Monthly,1,914.03,Active
500473,11633,1,2026-01-29,,Monthly,1,103.07,Active
500474,11373,1,2024-05-12,2025-07-28,Monthly,1,110.93,Cancelled
500475,19011,18,2025-10-13,,Annual,1,915.87,Active
500476,13104,1,2026-07-01,,Monthly,2,205.38,Active
500477,11632,3,2026-08-31,,Monthly,1,673.21,Active
500478,13735,3,2025-05-29,2025-10-04,Annual,1,689.73,Cancelled
500479,18694,7,2026-07-09,,Monthly,1,102.47,Active
500480,13649,27,2026-05-20,,Annual,1,1074.2,Active
500481,14177,2,2025-07-19,,Monthly,2,751.72,Active
500482,18612,18,2024-05-25,2025-05-27,Annual,2,1619.41,Cancelled
500483,12357,27,2025-10-03,,Annual,2,1898.35,Active
500484,19561,3,2024-03-08,,Monthly,1,740.22,Active
500485,17084,18,2024-08-28,,Monthly,1,883.74,Active
500486,10478,1,2026-04-15,,Monthly,3,311.85,Active
500487,18587,12,2025-09-20,,Monthly,1,1038.82,Active
500488,16215,27,2024-05-18,2025-06-11,Monthly,1,925.02,Cancelled
500489,19637,14,2025-02-15,2025-08-19,Monthly,2,599.48,Cancelled
500490,15592,19,2026-07-15,2026-08-31,Monthly,3,230.62,Expired
500491,17657,15,2026-04-21,,Monthly,1,825.64,Active
500492,14326,13,2025-04-18,,Monthly,1,115.68,Active
500493,19606,4,2024-12-26,2025-11-18,Monthly,1,113.72,Cancelled
500494,10022,12,2024-10-31,,Monthly,1,1056.03,Active
500495,13929,13,2025-04-21,,Monthly,2,230.9,Active
500496,11741,19,2026-04-27,,Monthly,6,475.74,Active
500497,19048,14,2026-08-31,,Annual,1,301.4,Active
500498,19025,2,2026-03-25,2026-06-17,Monthly,1,334.25,Cancelled
500499,14721,19,2026-03-02,,Monthly,3,242.36,Active
500500,17080,13,2025-03-05,2026-06-16,Monthly,1,98.11,Cancelled
500501,11240,8,2025-03-07,,Monthly,1,268.94,Active
500502,14982,11,2025-11-13,2025-12-27,Monthly,4,1275.11,Cancelled
500503,19656,26,2026-02-15,2026-08-31,Monthly,2,524.03,Cancelled
500504,11673,28,2025-02-05,2026-03-05,Monthly,3,328.07,Expired
500505,11520,13,2025-01-09,2025-07-03,Monthly,6,600.46,Expired
500506,19952,28,2024-08-21,,Annual,1,111.35,Active
500507,10950,7,2024-04-19,,Monthly,2,195.28,Active
500508,15475,2,2026-08-30,,Monthly,1,336.49,Active
500509,13106,18,2026-06-20,,Monthly,1,938.98,Active
500510,19947,20,2026-02-07,,Monthly,2,495.81,Active
500511,15567,14,2026-01-18,,Monthly,1,297.92,Active
500512,19608,6,2026-06-07,,Annual,1,893.48,Active
500513,13205,6,2025-06-15,,Monthly,1,879.98,Active
500514,15738,2,2025-05-09,,Monthly,1,331.12,Active
500515,15989,26,2025-11-04,,Annual,2,546.85,Active
500516,15020,11,2026-08-31,,Annual,1,290.94,Active
500517,15982,19,2026-06-09,,Annual,1,86.14,Active
500518,11925,5,2025-02-19,,Monthly,1,227.38,Active
500519,17490,24,2024-01-29,2025-07-17,Monthly,3,2339.14,Cancelled
500520,14071,17,2025-05-17,,Monthly,1,248.95,Active
500521,19696,25,2024-09-26,2025-10-07,Monthly,3,329.56,Cancelled
500522,14548,18,2024-07-22,2025-01-13,Annual,1,951.66,Expired
500523,16262,13,2024-12-22,,Monthly,2,206.03,Active
500524,11886,7,2024-08-03,2025-03-21,Monthly,1,102.14,Expired
500525,12471,29,2024-06-21,,Monthly,1,279.07,Active
500526,19748,30,2024-12-12,2026-04-22,Monthly,3,2284.98,Cancelled
500527,10268,2,2026-08-31,,Monthly,2,664.72,Active
500528,17689,5,2024-06-06,,Annual,2,455.14,Active
500529,16229,8,2025-05-25,,Monthly,1,308.28,Active
500530,10805,29,2024-10-28,,Annual,2,581.02,Active
500531,13640,7,2025-07-13,,Annual,5,502.1,Active
500532,10587,8,2024-01-18,2024-12-17,Monthly,1,306.11,Cancelled
500533,13629,6,2026-08-31,2026-08-31,Monthly,1,833.86,Cancelled
500534,11784,19,2024-09-22,,Monthly,2,179.46,Active
500535,13306,24,2026-08-31,,Annual,1,822.35,Active
500536,19986,18,2025-12-07,2026-08-31,Monthly,1,854.69,Expired
500537,14243,3,2025-08-05,,Monthly,1,706.36,Active
500538,12050,30,2026-08-31,2026-08-31,Monthly,2,1370.03,Cancelled
500539,14864,7,2025-03-24,2026-08-31,Monthly,1,92.54,Cancelled
500540,18016,16,2025-12-14,,Monthly,1,104.93,Active
500541,16718,6,2024-04-26,2025-09-01,Monthly,1,910.37,Cancelled
500542,10993,5,2024-09-21,2025-12-04,Monthly,1,221.15,Expired
500543,17687,24,2025-01-24,,Annual,1,807.7,Active
500544,10609,8,2025-06-30,2026-08-24,Monthly,3,785.3,Cancelled
500545,14585,26,2026-03-14,2026-08-31,Monthly,2,565.01,Cancelled
500546,19689,2,2024-10-02,2025-06-26,Monthly,1,311.95,Cancelled
500547,10857,4,2024-04-12,2024-09-22,Monthly,2,210.97,Expired
500548,18349,28,2026-02-05,2026-07-09,Monthly,3,336.68,Cancelled
500549,14419,4,2026-07-13,,Monthly,2,212.87,Active
500550,18814,30,2024-06-18,,Monthly,2,1563.05,Active
500551,18979,1,2025-09-16,,Annual,2,202.37,Active
500552,17896,14,2024-07-20,,Monthly,3,834.05,Active
500553,19065,19,2026-08-31,2026-08-31,Monthly,2,182.81,Cancelled
500554,17664,25,2026-03-20,2026-08-31,Monthly,1,110.06,Cancelled
500555,19656,15,2026-03-11,,Monthly,1,771.81,Active
500556,12767,12,2026-08-31,,Monthly,1,977.1,Active
500557,17918,24,2024-06-11,,Monthly,1,839.99,Active
500558,16045,12,2024-10-03,,Monthly,1,962.94,Active
500559,17030,26,2024-12-29,,Monthly,1,261.51,Active
500560,10314,2,2024-06-12,,Annual,2,719.96,Active
500561,15457,8,2025-12-29,2026-06-27,Annual,1,316.57,Cancelled
500562,15623,2,2026-08-21,,Monthly,1,329.58,Active
500563,13348,11,2024-09-14,2025-04-17,Annual,1,291.68,Expired
500564,14050,5,2025-12-10,,Monthly,1,275.07,Active
500565,18132,6,2024-11-12,2025-07-23,Monthly,1,848.61,Expired
500566,12080,28,2024-06-30,,Monthly,3,303.15,Active
500567,11786,9,2024-09-10,2024-10-19,Monthly,2,2020.35,Expired
500568,13380,13,2025-04-03,2026-08-25,Monthly,2,242.89,Cancelled
500569,17370,22,2024-08-02,2025-12-10,Monthly,1,114.52,Expired
500570,18959,17,2024-07-07,2024-11-15,Monthly,4,1076.98,Cancelled
500571,15434,13,2025-09-23,,Monthly,3,360.88,Active
500572,16515,5,2026-06-03,,Monthly,4,1079.76,Active
500573,15851,20,2026-06-03,,Monthly,1,235.22,Active
500574,12070,14,2025-11-04,,Monthly,1,313.66,Active
500575,13912,17,2025-10-02,,Monthly,1,259.53,Active
500576,16582,16,2024-03-03,2024-04-20,Annual,3,333.72,Expired
500577,15639,26,2025-06-14,,Monthly,3,833.53,Active
500578,18082,15,2025-02-28,2025-04-14,Monthly,1,666.86,Expired
500579,17855,18,2024-09-13,2025-05-08,Monthly,1,930.79,Expired
500580,14324,25,2025-04-09,,Monthly,1,100.0,Active
500581,14825,7,2024-06-06,,Monthly,1,95.53,Active
500582,14337,20,2025-11-06,,Annual,1,232.27,Active
500583,18063,27,2026-03-19,,Monthly,1,912.03,Active
500584,11828,5,2026-08-31,2026-08-31,Monthly,1,249.26,Expired
500585,10234,21,2025-08-08,,Monthly,1,858.2,Active
500586,19609,11,2026-08-31,2026-08-31,Monthly,1,364.86,Cancelled
500587,18021,12,2026-07-02,2026-08-31,Monthly,1,1025.0,Cancelled
500588,18724,2,2024-06-26,,Monthly,1,335.52,Active
500589,18909,6,2025-10-25,2026-08-31,Monthly,1,833.25,Expired
500590,13794,10,2025-07-12,,Monthly,3,324.6,Active
500591,19285,20,2026-01-13,,Monthly,5,1377.74,Active
500592,12260,12,2026-03-19,2026-08-31,Monthly,1,1185.18,Expired
500593,14611,18,2026-08-31,2026-08-31,Monthly,1,948.47,Expired
500594,11076,9,2026-01-13,,Annual,3,2731.66,Active
500595,14394,13,2026-08-31,2026-08-31,Annual,1,108.48,Cancelled
500596,15500,9,2024-08-06,,Annual,4,3696.99,Active
500597,13743,10,2024-12-03,2025-03-16,Monthly,1,124.43,Cancelled
500598,18741,1,2026-08-16,,Monthly,2,209.78,Active
500599,10832,20,2025-01-16,2026-06-24,Annual,1,248.19,Cancelled
500600,11769,29,2024-03-21,2025-05-15,Annual,2,588.24,Expired
500601,18744,4,2026-08-10,,Monthly,2,199.85,Active
500602,15358,7,2025-12-10,,Monthly,2,224.0,Active
500603,12531,16,2026-07-23,,Monthly,2,206.56,Active
500604,17174,18,2025-04-07,2026-08-31,Monthly,1,776.11,Expired
500605,11517,30,2024-06-25,2025-08-10,Monthly,1,675.43,Expired
500606,18611,3,2025-10-26,,Monthly,1,753.46,Active
500607,17655,28,2024-04-10,,Monthly,1,117.24,Active
500608,12405,11,2024-06-05,2025-04-03,Annual,1,292.24,Cancelled
500609,11387,9,2026-06-22,,Monthly,2,1683.37,Active
500610,12502,12,2025-06-17,,Monthly,3,3350.88,Active
500611,17646,13,2026-01-07,,Monthly,2,223.92,Active
500612,15168,15,2026-06-18,2026-08-31,Monthly,2,1457.91,Cancelled
500613,18331,27,2025-07-14,2025-12-19,Monthly,1,1034.58,Expired
500614,17345,25,2025-04-17,2026-02-11,Monthly,1,96.86,Cancelled
500615,12579,19,2024-10-31,2024-12-26,Monthly,1,90.17,Expired
500616,13256,23,2025-07-06,,Monthly,1,355.79,Active
500617,11009,8,2025-11-01,,Monthly,2,521.08,Active
500618,17661,23,2025-10-25,,Annual,3,938.4,Active
500619,13679,9,2024-04-09,,Monthly,2,1963.75,Active
500620,12821,11,2025-12-04,2026-04-13,Monthly,1,308.02,Expired
500621,11341,1,2026-04-03,2026-08-31,Monthly,1,98.94,Expired
500622,18885,23,2026-05-11,,Monthly,1,311.46,Active
500623,15851,26,2026-06-04,2026-08-31,Monthly,3,726.29,Cancelled
500624,10744,24,2026-04-18,2026-08-31,Annual,1,919.49,Cancelled
500625,18999,4,2025-02-17,,Monthly,1,116.22,Active
500626,17128,17,2026-07-31,,Monthly,1,295.36,Active
500627,15186,10,2026-08-25,,Monthly,2,242.59,Active
500628,18973,17,2026-03-31,,Monthly,3,768.93,Active
500629,12342,11,2024-11-11,,Monthly,2,639.23,Active
500630,12478,17,2026-04-17,2026-08-31,Monthly,1,276.09,Cancelled
500631,15963,26,2024-10-10,,Monthly,1,274.52,Active
500632,13397,14,2024-11-16,,Monthly,1,264.96,Active
500633,10905,1,2026-03-26,,Monthly,1,119.62,Active
500634,16999,23,2025-07-14,2026-02-06,Annual,3,1069.79,Cancelled
500635,13066,4,2026-08-31,2026-08-31,Monthly,2,224.43,Cancelled
500636,19572,9,2024-10-22,2025-10-02,Monthly,1,842.21,Cancelled
500637,19146,28,2024-12-08,,Annual,2,222.55,Active
500638,13381,18,2024-08-14,,Monthly,2,1601.7,Active
500639,18512,7,2025-10-27,,Annual,1,91.74,Active
500640,16736,26,2026-07-03,2026-08-31,Monthly,4,951.4,Cancelled
500641,17701,6,2024-11-26,2025-09-26,Monthly,3,2249.77,Cancelled
500642,19966,12,2025-03-05,,Monthly,4,4424.83,Active
500643,16817,17,2025-04-25,,Annual,1,292.12,Active
500644,17563,12,2026-05-09,,Monthly,2,2359.06,Active
500645,17338,7,2025-12-16,,Monthly,2,207.85,Active
500646,19660,3,2026-08-31,2026-08-31,Monthly,1,726.02,Expired
500647,16381,20,2024-07-14,,Monthly,1,238.04,Active
500648,15448,20,2025-04-09,,Monthly,2,539.66,Active
500649,15677,27,2026-05-07,,Monthly,4,3981.75,Active
500650,15016,20,2024-08-26,,Monthly,1,243.21,Active
500651,10513,28,2025-06-18,,Monthly,2,190.52,Active
500652,14803,7,2025-11-06,,Monthly,1,115.16,Active
500653,10991,25,2026-02-05,2026-06-22,Monthly,1,112.04,Cancelled
500654,12736,30,2024-07-23,2025-01-18,Annual,1,820.14,Expired
500655,12319,28,2026-06-25,2026-08-31,Monthly,1,106.89,Cancelled
500656,18343,24,2026-04-09,2026-06-01,Monthly,2,1890.22,Expired
500657,15475,28,2026-07-17,2026-08-31,Monthly,2,230.6,Expired
500658,14315,28,2026-01-03,,Annual,2,189.36,Active
500659,12202,7,2024-05-06,,Monthly,1,113.39,Active
500660,19282,8,2026-08-31,2026-08-31,Monthly,2,615.28,Cancelled
500661,14669,19,2025-01-04,2025-12-21,Monthly,1,79.72,Expired
500662,17903,8,2026-08-31,,Monthly,5,1596.97,Active
500663,15822,12,2025-09-15,,Monthly,2,2284.1,Active
500664,15955,13,2026-08-31,2026-08-31,Monthly,1,110.56,Expired
500665,17488,12,2024-07-05,,Monthly,3,3491.97,Active
500666,16288,4,2026-02-11,,Monthly,1,115.48,Active
500667,15582,10,2025-05-30,,Monthly,1,107.75,Active
500668,15112,3,2025-10-19,,Monthly,1,704.21,Active
500669,16762,19,2025-01-29,,Monthly,2,148.58,Active
500670,10834,7,2025-06-04,2025-08-24,Monthly,3,326.75,Expired
500671,14531,11,2025-04-18,,Annual,1,363.02,Active
500672,12124,8,2024-06-12,,Monthly,5,1363.5,Active
500673,19227,9,2026-08-31,2026-08-31,Monthly,5,4192.14,Cancelled
500674,17579,23,2024-08-18,,Annual,1,353.97,Active
500675,17640,12,2025-02-16,2025-09-23,Monthly,1,1118.87,Expired
500676,12181,12,2024-12-24,2025-04-07,Monthly,2,2107.99,Expired
500677,14456,24,2026-03-11,,Annual,2,1606.59,Active
500678,10721,29,2025-03-07,,Monthly,2,534.08,Active
500679,11804,22,2025-08-11,,Monthly,1,117.19,Active
500680,15292,12,2025-06-10,,Monthly,1,1010.07,Active
500681,17097,8,2026-01-14,,Annual,2,573.98,Active
500682,18892,17,2025-04-05,,Monthly,2,558.13,Active
500683,14464,27,2026-05-10,2026-08-31,Monthly,1,977.78,Expired
500684,16829,7,2025-04-27,,Monthly,1,91.76,Active
500685,12247,2,2025-03-25,2025-09-26,Annual,1,338.07,Expired
500686,13834,17,2025-06-13,2026-08-31,Monthly,3,769.7,Expired
500687,16009,10,2024-11-30,2025-01-02,Monthly,1,114.14,Expired
500688,15190,29,2025-05-05,,Monthly,2,586.78,Active
500689,13872,3,2026-06-25,2026-08-03,Monthly,4,2665.29,Expired
500690,14318,10,2026-07-30,,Monthly,1,99.84,Active
500691,17774,18,2024-10-15,,Monthly,3,2361.03,Active
500692,14340,10,2025-10-23,2026-08-31,Annual,1,102.81,Cancelled
500693,12825,27,2026-08-31,,Annual,2,1771.15,Active
500694,10797,26,2025-10-17,2026-03-30,Monthly,2,464.28,Expired
500695,14693,3,2025-09-19,,Monthly,2,1367.01,Active
500696,13250,25,2024-06-01,,Monthly,3,293.88,Active
500697,13536,18,2025-09-03,,Monthly,1,962.31,Active
500698,13491,30,2025-10-01,2026-08-31,Monthly,2,1609.57,Cancelled
500699,18488,24,2025-01-22,,Monthly,3,2318.49,Active
500700,18843,23,2026-07-14,,Monthly,1,373.39,Active
500701,14253,18,2024-10-13,2025-11-10,Monthly,1,932.95,Cancelled
500702,15111,22,2024-06-17,,Monthly,2,225.38,Active
500703,12354,27,2024-07-20,2024-12-31,Monthly,3,3280.71,Expired
500704,10711,3,2024-10-05,2025-06-24,Annual,1,776.64,Expired
500705,18621,16,2024-06-23,2024-09-13,Annual,1,106.81,Expired
500706,13121,23,2024-08-27,2025-06-12,Annual,3,1058.86,Cancelled
500707,19272,12,2025-12-18,,Monthly,2,1909.82,Active
500708,12773,15,2025-01-20,2026-02-18,Annual,1,696.81,Cancelled
500709,13693,4,2025-10-30,2026-04-16,Monthly,2,221.07,Cancelled
500710,14379,2,2024-09-02,,Monthly,2,639.53,Active
500711,18781,18,2024-05-20,,Monthly,2,1918.98,Active
500712,13160,11,2026-01-20,,Monthly,1,318.55,Active
500713,14903,6,2025-12-19,,Monthly,1,799.27,Active
500714,17863,11,2025-11-29,2026-08-19,Monthly,1,343.75,Cancelled
500715,17326,21,2026-08-31,,Monthly,1,843.93,Active
500716,13212,2,2026-07-17,,Monthly,3,1100.24,Active
500717,12725,23,2025-03-22,,Monthly,1,355.63,Active
500718,13068,6,2025-07-24,2026-04-26,Annual,1,868.04,Expired
500719,11598,12,2025-03-28,,Monthly,1,1101.46,Active
500720,14659,13,2024-05-30,2025-06-22,Monthly,1,120.91,Cancelled
500721,15194,16,2025-06-01,,Monthly,2,236.62,Active
500722,19130,21,2024-05-18,,Monthly,2,1669.21,Active
500723,14027,23,2025-04-02,2025-07-12,Monthly,1,378.62,Cancelled
500724,12761,6,2024-05-16,2024-10-01,Annual,1,921.56,Cancelled
500725,10003,17,2025-12-08,,Monthly,1,282.26,Active
500726,19944,27,2026-07-17,2026-08-31,Monthly,1,1111.46,Expired
500727,10456,9,2025-02-28,2026-07-30,Monthly,1,810.05,Cancelled
500728,10103,23,2026-01-05,,Monthly,1,320.97,Active
500729,16274,25,2025-07-02,,Monthly,1,97.99,Active
500730,16166,21,2026-08-31,,Monthly,2,1828.88,Active
500731,13455,26,2026-07-24,2026-08-31,Annual,1,258.45,Expired
500732,15135,2,2024-12-05,2025-08-02,Monthly,2,646.83,Expired
500733,10330,17,2025-02-22,2025-11-21,Monthly,1,289.93,Expired
500734,16125,5,2026-05-19,,Monthly,2,439.61,Active
500735,14299,3,2026-04-20,2026-08-31,Monthly,4,3102.9,Cancelled
500736,19297,7,2025-03-10,,Monthly,1,109.89,Active
500737,11240,15,2025-02-12,,Annual,1,774.14,Active
500738,19166,29,2025-09-23,,Monthly,1,287.87,Active
500739,11507,30,2026-01-09,,Monthly,1,753.12,Active
500740,10740,28,2026-07-18,2026-08-31,Monthly,1,117.3,Expired
500741,17602,24,2025-04-15,2026-02-05,Annual,2,1646.5,Expired
500742,10459,6,2026-05-29,,Monthly,1,782.5,Active
500743,10775,24,2026-04-28,,Annual,1,784.47,Active
500744,16111,25,2025-05-27,,Monthly,1,97.49,Active
500745,14603,18,2026-08-31,,Annual,1,931.73,Active
500746,13674,18,2026-01-08,,Annual,1,774.54,Active
500747,13271,9,2024-11-25,,Annual,1,988.97,Active
500748,18023,23,2025-02-22,,Monthly,1,374.97,Active
500749,19791,7,2026-08-31,2026-08-31,Monthly,5,555.89,Expired
500750,17850,7,2025-04-02,,Monthly,1,99.64,Active
500751,10218,14,2024-11-11,2024-12-14,Monthly,1,278.91,Expired
500752,15497,21,2026-03-29,,Monthly,2,1602.72,Active
500753,14551,2,2024-09-03,2025-06-22,Annual,1,365.13,Expired
500754,13426,30,2025-11-02,2026-08-31,Monthly,1,725.98,Cancelled
500755,16992,27,2026-07-10,2026-08-31,Monthly,5,5524.83,Cancelled
500756,14984,20,2025-07-17,,Annual,1,258.05,Active
500757,19431,7,2026-02-17,,Monthly,1,96.57,Active
500758,15702,28,2026-04-20,,Monthly,1,100.83,Active
500759,13154,17,2025-05-28,,Monthly,1,272.58,Active
500760,19385,27,2024-06-16,2025-01-13,Monthly,2,2126.84,Cancelled
500761,16345,21,2024-07-09,,Annual,1,804.79,Active
500762,17261,3,2025-12-28,2026-08-31,Monthly,2,1380.32,Cancelled
500763,12556,10,2025-09-03,2025-12-18,Monthly,1,114.38,Cancelled
500764,12251,30,2024-04-08,,Monthly,2,1645.04,Active
500765,16297,26,2024-09-05,,Monthly,2,557.3,Active
500766,12814,4,2025-07-09,,Monthly,1,106.69,Active
500767,10875,2,2025-06-15,,Monthly,1,375.53,Active
500768,14172,15,2026-08-31,,Monthly,1,837.59,Active
500769,12862,23,2024-03-25,2024-05-10,Monthly,2,658.07,Expired
500770,19289,16,2025-02-15,2025-08-02,Monthly,2,195.75,Cancelled
500771,14443,14,2024-04-13,,Monthly,1,286.83,Active
500772,13693,22,2025-11-28,2026-08-31,Annual,2,211.77,Cancelled
500773,10602,7,2026-08-31,,Monthly,1,94.39,Active
500774,16378,19,2026-08-30,,Monthly,1,88.41,Active
500775,11954,10,2025-03-06,2026-01-14,Monthly,3,321.06,Cancelled
500776,17076,24,2026-08-31,,Annual,1,862.47,Active
500777,11055,5,2024-04-15,,Monthly,1,223.38,Active
500778,17011,5,2025-03-19,,Monthly,1,266.72,Active
500779,19452,1,2026-08-31,,Monthly,1,108.96,Active
500780,19405,28,2025-08-16,2025-10-15,Monthly,1,118.49,Cancelled
500781,15121,20,2025-05-11,2025-11-26,Monthly,1,287.48,Cancelled
500782,13031,26,2025-12-24,,Monthly,1,260.57,Active
500783,15872,1,2025-07-26,,Monthly,1,120.02,Active
500784,17767,22,2025-01-02,2025-10-18,Monthly,1,118.52,Expired
500785,18184,30,2025-08-28,,Monthly,1,695.13,Active
500786,10669,11,2025-09-04,,Monthly,4,1305.24,Active
500787,13432,8,2025-07-03,2026-08-31,Annual,4,1052.91,Expired
500788,15031,25,2024-09-28,,Monthly,1,93.95,Active
500789,11003,29,2024-10-10,2025-06-22,Monthly,1,318.11,Cancelled
500790,15898,28,2024-08-26,2025-01-10,Annual,1,99.96,Expired
500791,11690,28,2026-08-31,,Monthly,1,95.76,Active
500792,11436,14,2024-11-19,2025-05-19,Monthly,1,310.33,Expired
500793,16879,13,2025-07-16,,Monthly,3,306.62,Active
500794,16658,26,2025-03-06,,Monthly,1,257.69,Active
500795,19474,19,2024-12-06,2025-06-08,Monthly,1,89.44,Cancelled
500796,19709,30,2026-04-30,,Monthly,1,711.89,Active
500797,14502,13,2026-08-31,,Monthly,1,122.36,Active
500798,16936,24,2024-11-14,,Annual,2,1661.8,Active
500799,13083,10,2026-02-17,2026-08-31,Monthly,1,108.21,Expired
500800,15120,10,2026-08-31,2026-08-31,Monthly,1,120.82,Expired
500801,18815,30,2025-05-29,2026-08-31,Monthly,3,2175.67,Expired
500802,12990,29,2024-10-01,,Annual,1,258.19,Active
500803,13973,27,2025-04-05,,Annual,1,1081.78,Active
500804,11365,26,2025-02-10,,Monthly,1,232.44,Active
500805,11292,9,2025-09-04,,Monthly,1,972.11,Active
500806,17893,27,2024-05-09,,Monthly,2,1804.1,Active
500807,12584,9,2026-04-16,,Annual,1,940.07,Active
500808,15901,12,2024-11-17,,Monthly,2,2251.56,Active
500809,17807,21,2026-08-31,,Annual,1,961.78,Active
500810,13672,1,2024-09-25,2025-08-31,Annual,1,115.95,Expired
500811,18624,6,2024-06-11,,Monthly,3,2225.59,Active
500812,18916,23,2024-11-14,,Monthly,1,319.45,Active
500813,17911,19,2025-01-02,,Annual,1,78.0,Active
500814,15712,21,2024-06-03,2025-02-01,Annual,3,2486.14,Cancelled
500815,19843,7,2026-06-03,,Monthly,1,106.46,Active
500816,17374,17,2024-10-21,2024-12-01,Monthly,3,828.33,Expired
500817,11335,12,2025-08-22,,Monthly,4,4240.8,Active
500818,16613,18,2025-08-26,,Monthly,1,849.93,Active
500819,14911,7,2024-12-31,2025-10-19,Annual,1,98.64,Cancelled
500820,11960,11,2024-08-07,,Monthly,2,588.24,Active
500821,16603,13,2024-09-15,2025-11-29,Monthly,1,99.83,Cancelled
500822,19970,25,2025-02-14,2025-12-11,Monthly,5,486.88,Cancelled
500823,19768,15,2026-08-31,,Annual,1,806.23,Active
500824,16733,5,2026-01-05,,Monthly,3,762.42,Active
500825,19485,20,2025-07-02,2026-03-19,Monthly,2,486.02,Cancelled
500826,14024,13,2025-07-14,,Monthly,2,197.22,Active
500827,13572,14,2025-09-14,,Monthly,1,276.96,Active
500828,16314,12,2025-04-04,2025-09-03,Monthly,2,2288.38,Cancelled
500829,18886,26,2026-01-05,,Monthly,1,235.86,Active
500830,11699,17,2024-09-02,2024-10-12,Monthly,3,800.48,Expired
500831,15153,3,2025-02-04,,Monthly,1,687.21,Active
500832,18734,24,2024-07-18,,Monthly,2,1498.14,Active
500833,10964,11,2025-10-19,,Monthly,3,1004.7,Active
500834,11417,19,2024-09-20,,Monthly,1,89.76,Active
500835,10582,27,2025-10-16,2026-08-31,Monthly,1,964.92,Cancelled
500836,17634,2,2024-01-05,2025-04-21,Annual,1,330.3,Cancelled
500837,19992,2,2025-02-02,2026-03-21,Annual,5,1758.18,Expired
500838,15124,21,2026-08-31,,Monthly,2,1595.89,Active
500839,19420,24,2026-01-17,,Monthly,1,869.43,Active
500840,19551,26,2025-12-13,,Monthly,2,562.8,Active
500841,16321,1,2026-04-07,,Annual,1,117.29,Active
500842,18174,13,2024-03-12,,Monthly,1,100.25,Active
500843,16999,12,2025-04-03,2026-01-17,Annual,1,1071.33,Cancelled
500844,13016,24,2024-06-28,,Monthly,1,806.8,Active
500845,15842,26,2025-12-31,,Monthly,1,244.43,Active
500846,10333,11,2025-06-09,2025-11-08,Monthly,3,1060.13,Cancelled
500847,17955,7,2026-05-15,2026-08-31,Monthly,2,220.51,Cancelled
500848,10043,16,2025-05-09,2025-06-12,Monthly,1,116.46,Expired
500849,12829,5,2025-11-18,,Annual,2,552.83,Active
500850,11530,10,2026-08-31,,Monthly,1,102.78,Active
500851,12493,9,2024-11-16,,Annual,1,893.15,Active
500852,10996,24,2025-09-12,,Annual,1,816.81,Active
500853,15014,12,2024-03-12,2024-07-01,Monthly,1,1143.02,Expired
500854,11030,9,2026-06-06,2026-07-08,Monthly,1,878.78,Expired
500855,12040,19,2025-04-17,,Monthly,2,162.46,Active
500856,14049,3,2025-07-14,,Monthly,2,1447.89,Active
500857,15171,14,2026-08-31,2026-08-31,Monthly,1,257.61,Cancelled
500858,18672,26,2025-05-18,,Monthly,2,478.48,Active
500859,19556,26,2024-06-05,2025-05-03,Annual,3,825.4,Cancelled
500860,16163,5,2025-08-03,2026-04-30,Annual,1,247.83,Expired
500861,13072,27,2026-03-08,,Monthly,3,2896.89,Active
500862,10706,24,2024-08-02,2026-01-01,Monthly,3,2658.44,Cancelled
500863,16033,26,2025-11-03,,Monthly,6,1690.03,Active
500864,17859,5,2025-09-28,,Monthly,2,522.11,Active
500865,18979,25,2025-04-19,,Annual,1,100.56,Active
500866,14782,14,2026-01-29,2026-04-07,Monthly,1,267.59,Expired
500867,15719,24,2024-12-21,,Monthly,1,943.07,Active
500868,17174,7,2025-02-02,2026-02-12,Monthly,1,108.57,Expired
500869,11045,12,2025-07-05,,Monthly,1,992.23,Active
500870,14661,1,2026-08-31,,Monthly,1,107.88,Active
500871,16216,25,2024-08-24,2026-02-03,Monthly,1,101.99,Expired
500872,16339,27,2025-02-23,2026-03-10,Annual,1,918.42,Cancelled
500873,16016,7,2024-07-11,,Monthly,1,109.19,Active
500874,13165,24,2025-02-07,,Annual,1,769.04,Active
500875,13168,27,2024-09-22,,Annual,2,2152.23,Active
500876,19463,22,2026-08-22,2026-08-31,Monthly,1,100.87,Expired
500877,16160,26,2025-02-20,2025-05-27,Monthly,1,255.86,Expired
500878,10091,8,2024-11-13,,Monthly,1,271.77,Active
500879,17672,22,2026-02-04,,Monthly,3,301.21,Active
500880,15648,28,2025-03-10,,Monthly,1,105.57,Active
500881,18111,24,2025-04-13,,Monthly,1,789.04,Active
500882,12816,25,2024-12-02,,Annual,1,96.22,Active
500883,17828,28,2024-12-09,2025-07-19,Monthly,4,383.87,Cancelled
500884,12286,27,2026-08-31,,Annual,1,1055.77,Active
500885,15044,25,2026-07-07,,Monthly,1,115.43,Active
500886,18772,8,2025-06-23,2026-03-16,Monthly,2,548.79,Cancelled
500887,17617,19,2024-09-13,,Monthly,1,88.13,Active
500888,17250,15,2024-08-16,,Annual,3,2301.81,Active
500889,10557,29,2025-08-18,2026-08-31,Monthly,1,267.58,Expired
500890,13600,5,2025-02-21,,Annual,2,538.9,Active
500891,17297,13,2026-03-26,2026-06-12,Annual,1,97.29,Cancelled
500892,18087,23,2025-06-02,2026-04-14,Monthly,1,359.28,Expired
500893,12538,26,2024-11-28,,Monthly,1,267.32,Active
500894,19015,14,2024-11-04,2025-02-25,Monthly,1,275.38,Cancelled
500895,10859,22,2025-01-27,,Annual,2,204.67,Active
500896,14942,8,2025-11-30,2026-05-13,Monthly,1,290.78,Cancelled
500897,14753,28,2024-05-28,2025-06-05,Monthly,1,107.65,Cancelled
500898,11892,16,2025-04-21,,Annual,2,241.69,Active
500899,11842,8,2026-08-31,,Monthly,1,307.62,Active
500900,14510,5,2025-03-15,,Monthly,1,237.35,Active
500901,19787,11,2026-08-31,,Monthly,1,335.51,Active
500902,16537,8,2026-08-31,,Monthly,1,255.86,Active
500903,11874,12,2026-03-03,2026-08-31,Monthly,2,2194.62,Expired
500904,16360,27,2025-02-10,,Annual,1,1073.58,Active
500905,19344,22,2026-07-06,,Annual,1,118.37,Active
500906,13284,17,2026-08-31,,Annual,1,258.33,Active
500907,18394,17,2024-05-22,,Annual,1,297.28,Active
500908,15733,22,2025-01-31,2025-03-31,Monthly,2,204.66,Cancelled
500909,18466,6,2024-07-24,,Monthly,1,823.67,Active
500910,14819,2,2024-10-30,,Monthly,1,371.01,Active
500911,14404,12,2026-08-31,,Monthly,1,1174.93,Active
500912,10670,19,2024-05-11,,Annual,2,168.18,Active
500913,12652,26,2024-06-13,,Monthly,1,268.76,Active
500914,11777,29,2025-12-17,,Monthly,1,264.5,Active
500915,14804,19,2025-11-28,2026-04-06,Monthly,2,162.42,Cancelled
500916,15344,13,2025-01-06,,Monthly,1,99.5,Active
500917,19542,21,2025-11-25,,Monthly,1,854.42,Active
500918,12307,8,2024-07-13,,Monthly,2,609.32,Active
500919,13013,4,2026-05-18,2026-06-29,Monthly,2,221.5,Cancelled
500920,14999,19,2026-08-31,2026-08-31,Monthly,1,89.6,Cancelled
500921,11340,15,2025-09-24,,Annual,3,2233.69,Active
500922,14536,9,2024-11-23,2025-09-27,Annual,2,1800.0,Cancelled
500923,17613,27,2024-12-16,,Monthly,1,927.27,Active
500924,13346,27,2026-02-12,,Monthly,1,1026.28,Active
500925,14778,27,2025-09-22,,Annual,1,1092.97,Active
500926,19420,19,2026-02-27,2026-08-31,Monthly,1,80.39,Expired
500927,12435,29,2026-08-31,,Monthly,3,827.91,Active
500928,19137,2,2025-06-21,,Annual,2,622.09,Active
500929,10453,27,2024-10-26,2024-12-26,Monthly,1,906.87,Cancelled
500930,16002,2,2026-01-20,2026-08-31,Monthly,1,351.91,Expired
500931,18069,9,2024-10-16,,Monthly,1,963.77,Active
500932,11123,17,2026-08-31,2026-08-31,Monthly,1,251.16,Expired
500933,12574,13,2025-07-14,,Monthly,2,222.47,Active
500934,15677,2,2026-05-12,2026-08-31,Monthly,3,1131.46,Cancelled
500935,10124,21,2026-03-11,,Monthly,2,1769.7,Active
500936,14022,14,2026-05-24,2026-08-31,Monthly,1,288.3,Expired
500937,19835,7,2025-10-01,,Annual,3,301.9,Active
500938,14537,1,2024-09-07,,Monthly,2,232.9,Active
500939,18502,23,2025-10-27,,Annual,1,322.63,Active
500940,10539,19,2024-03-15,,Monthly,1,72.52,Active
500941,16216,20,2024-07-28,2025-06-04,Monthly,1,286.13,Cancelled
500942,19762,24,2026-07-30,,Monthly,2,1644.35,Active
500943,15903,18,2024-11-27,2026-01-06,Monthly,1,794.24,Expired
500944,13529,2,2026-08-31,2026-08-31,Monthly,1,318.19,Expired
500945,12098,30,2026-08-31,,Monthly,1,664.53,Active
500946,11211,14,2025-04-05,2026-02-12,Monthly,1,311.74,Expired
500947,14234,22,2025-07-25,,Monthly,1,99.17,Active
500948,16614,7,2026-01-05,,Annual,3,289.8,Active
500949,16224,3,2026-03-21,,Monthly,1,693.59,Active
500950,19381,15,2026-06-29,2026-08-31,Annual,1,755.3,Cancelled
500951,13004,1,2025-08-24,,Annual,1,114.55,Active
500952,15102,9,2026-05-16,,Annual,1,804.34,Active
500953,16821,26,2026-08-11,,Monthly,1,272.68,Active
500954,16599,15,2024-10-03,,Monthly,1,809.67,Active
500955,16411,10,2024-03-30,2024-07-05,Monthly,1,116.61,Cancelled
500956,16157,2,2024-05-25,2025-10-26,Annual,3,1009.71,Cancelled
500957,19009,7,2024-09-18,,Monthly,2,200.29,Active
500958,13314,27,2025-04-21,2026-03-26,Monthly,1,952.57,Cancelled
500959,10910,17,2025-03-08,2026-07-11,Monthly,1,264.33,Expired
500960,19666,14,2025-03-30,,Monthly,2,533.81,Active
500961,10415,21,2025-10-23,,Annual,2,1907.59,Active
500962,19970,29,2024-09-30,,Monthly,2,628.09,Active
500963,10008,17,2026-03-11,2026-08-31,Monthly,2,491.62,Expired
500964,17805,9,2024-10-04,,Monthly,1,821.39,Active
500965,19800,22,2026-04-21,,Monthly,2,192.87,Active
500966,13498,4,2025-04-16,2026-01-10,Monthly,2,203.77,Cancelled
500967,16064,15,2026-07-18,,Monthly,3,2072.1,Active
500968,19831,8,2025-06-07,2026-08-17,Monthly,2,631.41,Expired
500969,17544,27,2025-12-12,,Monthly,2,2154.83,Active
500970,17916,24,2025-06-20,2025-08-23,Monthly,1,814.62,Cancelled
500971,16472,21,2026-08-31,,Monthly,1,825.42,Active
500972,13358,21,2025-10-28,,Monthly,1,794.13,Active
500973,12305,15,2025-01-08,2025-08-28,Monthly,1,677.19,Cancelled
500974,10833,4,2025-09-20,2026-08-31,Monthly,1,114.03,Expired
500975,16675,24,2026-03-29,,Monthly,1,917.61,Active
500976,12576,18,2025-04-11,,Monthly,2,1631.08,Active
500977,16593,1,2025-10-26,2026-04-03,Monthly,3,297.0,Cancelled
500978,17269,30,2024-10-15,2024-12-25,Monthly,1,770.57,Expired
500979,19100,30,2026-08-31,2026-08-31,Monthly,1,746.93,Cancelled
500980,18408,29,2026-08-17,2026-08-31,Annual,1,256.05,Expired
500981,13552,10,2024-08-13,2025-10-25,Monthly,1,99.99,Cancelled
500982,10521,5,2026-02-23,2026-06-27,Monthly,4,931.71,Expired
500983,16321,3,2026-07-14,2026-08-31,Annual,1,659.0,Cancelled
500984,17269,24,2024-08-20,,Monthly,1,760.03,Active
500985,13921,11,2025-03-11,2025-09-17,Annual,3,916.35,Cancelled
500986,16719,25,2024-08-19,,Monthly,2,204.87,Active
500987,11744,22,2025-03-03,2025-05-28,Monthly,1,103.59,Expired
500988,11717,25,2026-08-31,2026-08-31,Monthly,2,218.48,Cancelled
500989,17682,4,2024-11-05,,Annual,1,112.48,Active
500990,11540,23,2024-11-08,2025-07-20,Monthly,1,355.88,Expired
500991,14655,10,2024-10-10,,Monthly,3,341.51,Active
500992,12645,6,2024-08-26,,Monthly,1,750.88,Active
500993,14053,9,2025-10-15,,Monthly,2,1658.71,Active
500994,10645,20,2025-04-16,2025-09-18,Annual,4,928.47,Expired
500995,14599,1,2025-06-23,2026-05-26,Monthly,4,387.75,Cancelled
500996,19128,5,2026-07-19,,Monthly,1,247.21,Active
500997,19099,5,2024-05-23,2025-01-28,Annual,3,829.19,Cancelled
500998,14549,27,2026-01-13,,Monthly,3,2897.02,Active
500999,16047,15,2024-10-21,2025-06-07,Monthly,4,2674.2,Cancelled
501000,10948,8,2026-02-21,,Monthly,1,284.21,Active
501001,12240,3,2024-12-23,2025-08-12,Monthly,3,1937.34,Cancelled
501002,15815,1,2026-07-08,2026-08-31,Monthly,2,241.63,Cancelled
501003,14261,27,2026-08-11,,Monthly,1,908.93,Active
501004,13029,8,2026-08-31,,Monthly,1,289.45,Active
501005,11012,4,2025-11-06,,Monthly,1,113.14,Active
501006,13181,30,2025-10-13,2026-08-31,Monthly,1,773.33,Cancelled
501007,13148,4,2026-03-22,2026-08-31,Monthly,4,406.93,Cancelled
501008,11988,7,2024-06-12,2024-08-31,Monthly,1,113.75,Expired
501009,13435,10,2025-05-30,,Monthly,4,410.88,Active
501010,14645,24,2025-05-31,,Annual,3,2690.82,Active
501011,11420,19,2025-12-17,2026-08-31,Monthly,1,81.06,Expired
501012,10417,20,2025-09-09,2026-01-05,Monthly,2,494.67,Expired
501013,18734,22,2024-08-13,,Monthly,4,441.42,Active
501014,15620,17,2024-05-20,,Monthly,1,258.15,Active
501015,16246,6,2025-10-12,,Annual,2,1759.91,Active
501016,12237,4,2025-07-29,,Annual,1,113.31,Active
501017,10164,6,2025-09-27,,Monthly,1,780.1,Active
501018,18372,5,2024-11-28,,Monthly,1,229.51,Active
501019,11005,8,2026-04-14,2026-07-14,Annual,3,944.47,Cancelled
501020,18204,13,2025-02-26,2026-08-15,Monthly,2,239.03,Expired
501021,19758,27,2026-02-26,,Monthly,1,945.85,Active
501022,10812,14,2026-04-20,2026-08-31,Monthly,1,303.48,Cancelled
501023,10988,15,2026-08-01,,Annual,1,784.36,Active
501024,10038,9,2025-07-11,,Annual,1,927.9,Active
501025,16880,24,2026-08-31,2026-08-31,Monthly,1,903.67,Cancelled
501026,12538,29,2024-11-09,,Monthly,1,291.13,Active
501027,17567,26,2024-05-25,,Monthly,1,279.22,Active
501028,15132,30,2025-04-18,,Annual,1,817.26,Active
501029,18855,20,2024-09-09,,Monthly,1,243.88,Active
501030,19770,16,2025-09-03,,Monthly,3,340.45,Active
501031,18689,14,2026-02-26,2026-03-31,Annual,1,270.04,Cancelled
501032,13307,16,2025-07-26,2025-12-21,Monthly,1,109.12,Expired
501033,16680,28,2025-11-02,,Monthly,1,99.83,Active
501034,13936,20,2025-02-23,,Monthly,3,844.21,Active
501035,16647,5,2025-11-19,,Monthly,1,263.96,Active
501036,18563,14,2024-05-29,,Monthly,1,284.85,Active
501037,14814,6,2026-07-10,,Monthly,2,1594.39,Active
501038,17227,24,2024-05-22,,Monthly,1,763.14,Active
501039,10592,15,2025-09-18,,Monthly,1,793.31,Active
501040,17249,10,2024-03-31,,Annual,1,100.15,Active
501041,16021,8,2025-01-26,2026-01-18,Monthly,1,318.21,Expired
501042,17669,25,2026-07-28,2026-08-31,Monthly,1,106.34,Expired
501043,13791,25,2024-10-22,,Monthly,1,115.29,Active
501044,18554,7,2024-05-18,2025-05-01,Annual,2,232.19,Expired
501045,14940,10,2025-12-09,,Annual,1,119.59,Active
501046,13812,29,2024-06-09,,Monthly,1,270.22,Active
501047,16503,27,2026-05-10,2026-08-31,Annual,3,3348.09,Cancelled
501048,12256,2,2026-08-31,,Monthly,2,641.37,Active
501049,16236,23,2025-01-15,2025-12-21,Monthly,2,636.11,Expired
501050,16406,24,2024-06-20,2024-08-16,Monthly,1,789.19,Cancelled
501051,17681,22,2025-08-16,2026-05-10,Annual,1,115.12,Expired
501052,11766,17,2024-11-25,,Monthly,1,290.37,Active
501053,16844,17,2026-03-12,2026-08-31,Monthly,4,1065.27,Cancelled
501054,12885,21,2026-05-09,,Monthly,1,900.28,Active
501055,18476,29,2025-08-30,,Monthly,1,311.44,Active
501056,13077,13,2024-11-02,,Monthly,2,197.27,Active
501057,19827,27,2025-12-13,,Monthly,1,1056.18,Active
501058,11337,2,2026-08-31,,Monthly,4,1514.78,Active
501059,13803,8,2025-09-20,,Monthly,2,529.83,Active
501060,16354,28,2026-08-31,,Monthly,2,205.61,Active
501061,15083,1,2026-04-28,2026-08-31,Monthly,1,101.04,Expired
501062,11864,2,2026-01-18,2026-08-31,Monthly,2,763.1,Cancelled
501063,10218,26,2025-02-27,2026-07-16,Monthly,1,267.2,Cancelled
501064,18827,19,2024-03-31,,Monthly,1,80.84,Active
501065,12547,1,2024-12-08,,Monthly,2,216.56,Active
501066,13322,5,2024-03-30,2024-12-11,Monthly,1,241.81,Cancelled
501067,15183,20,2024-09-20,,Monthly,1,238.71,Active
501068,12081,5,2025-05-03,2025-07-23,Monthly,1,225.43,Cancelled
501069,13720,25,2026-08-04,2026-08-31,Monthly,1,94.55,Cancelled
501070,17568,1,2025-10-13,,Monthly,1,114.33,Active
501071,14367,1,2025-11-30,,Monthly,3,313.64,Active
501072,19708,1,2026-08-31,,Monthly,1,115.3,Active
501073,15168,8,2026-05-03,,Monthly,2,605.09,Active
501074,17698,28,2025-11-14,2026-04-29,Annual,1,105.77,Expired
501075,18266,25,2025-11-04,2026-08-31,Monthly,1,116.65,Cancelled
501076,17119,7,2025-03-26,,Monthly,1,105.17,Active
501077,10440,22,2026-08-08,2026-08-31,Monthly,1,117.73,Cancelled
501078,13660,26,2025-05-02,,Monthly,1,248.56,Active
501079,16251,9,2026-08-31,,Monthly,1,821.12,Active
501080,18245,12,2026-08-31,,Monthly,2,2390.61,Active
501081,15781,10,2026-08-31,,Monthly,1,117.24,Active
501082,18387,12,2025-09-05,,Monthly,1,1017.99,Active
501083,13578,29,2025-03-12,2026-03-28,Monthly,2,582.33,Cancelled
501084,17402,11,2026-08-31,2026-08-31,Monthly,1,367.46,Cancelled
501085,17564,5,2026-02-04,2026-07-23,Annual,2,507.43,Expired
501086,11316,3,2024-04-14,2024-10-06,Monthly,1,658.91,Expired
501087,19916,15,2025-09-25,2026-01-16,Annual,1,842.22,Cancelled
501088,17677,18,2026-07-07,2026-08-31,Monthly,2,1860.43,Expired
501089,16634,13,2024-02-22,2025-06-21,Annual,4,395.52,Cancelled
501090,14725,17,2026-05-02,,Monthly,3,904.76,Active
501091,16708,16,2024-07-16,,Monthly,1,99.49,Active
501092,18893,18,2026-08-08,2026-08-31,Monthly,3,2777.66,Expired
501093,12348,13,2025-12-12,2026-08-31,Monthly,1,120.43,Expired
501094,19807,16,2025-12-06,2026-08-31,Monthly,2,207.35,Cancelled
501095,18729,7,2025-01-30,2025-08-05,Monthly,1,103.22,Expired
501096,12675,6,2024-05-29,,Monthly,3,2499.2,Active
501097,11125,24,2026-08-31,,Monthly,1,849.26,Active
501098,14025,26,2024-08-22,2025-12-27,Monthly,2,497.22,Cancelled
501099,17815,18,2025-12-16,2026-08-31,Monthly,1,964.22,Cancelled
501100,17110,5,2026-01-31,2026-08-31,Annual,1,231.68,Cancelled
501101,18940,17,2025-09-21,,Monthly,2,492.61,Active
501102,16075,8,2025-01-01,2025-07-27,Annual,1,297.53,Expired
501103,17220,29,2025-10-15,,Monthly,1,274.05,Active
501104,19221,10,2025-11-06,,Monthly,3,362.89,Active
501105,13149,21,2024-10-25,,Monthly,2,1920.6,Active
501106,16156,26,2024-08-07,2025-05-15,Monthly,1,259.73,Cancelled
501107,15262,14,2026-08-31,2026-08-31,Monthly,3,790.28,Expired
501108,17119,14,2025-02-18,,Monthly,2,652.16,Active
501109,18662,25,2024-08-29,2025-03-04,Annual,1,110.82,Cancelled
501110,11630,27,2026-04-28,2026-06-02,Monthly,1,1114.89,Cancelled
501111,10741,28,2026-08-29,2026-08-31,Monthly,2,237.52,Expired
501112,12044,28,2026-08-27,2026-08-31,Annual,3,319.87,Cancelled
501113,12479,6,2026-08-09,2026-08-31,Monthly,1,892.22,Expired
501114,11054,4,2024-11-03,,Monthly,3,354.74,Active
501115,12117,12,2024-11-15,,Monthly,1,1141.31,Active
501116,19933,23,2026-02-22,,Annual,2,627.12,Active
501117,16357,23,2025-02-09,,Monthly,1,317.85,Active
501118,14618,17,2025-02-01,2025-07-07,Monthly,1,270.05,Expired
501119,11080,21,2025-12-07,,Monthly,2,1727.33,Active
501120,16399,21,2024-12-18,,Monthly,1,887.44,Active
501121,12693,6,2024-09-22,,Monthly,1,901.67,Active
501122,17441,24,2026-02-15,2026-08-31,Monthly,1,766.93,Expired
501123,18493,14,2025-05-11,,Monthly,1,293.58,Active
501124,13243,14,2024-04-13,,Annual,1,322.16,Active
501125,16185,14,2025-01-07,,Monthly,2,589.17,Active
501126,19044,22,2026-06-02,2026-08-31,Monthly,1,118.01,Cancelled
501127,15291,9,2024-04-23,2024-10-12,Monthly,1,908.87,Expired
501128,11992,23,2026-04-01,,Monthly,1,369.09,Active
501129,10999,8,2026-04-08,,Monthly,2,529.78,Active
501130,12693,25,2024-09-19,,Monthly,4,453.8,Active
501131,11597,20,2026-02-27,,Monthly,1,234.96,Active
501132,14780,4,2026-01-14,,Monthly,1,109.28,Active
501133,11109,25,2024-08-22,2024-10-24,Monthly,1,95.2,Cancelled
501134,10476,6,2026-06-19,2026-08-31,Monthly,2,1780.58,Cancelled
501135,11932,27,2024-12-22,2025-05-29,Monthly,1,950.23,Expired
501136,11219,12,2026-02-07,,Annual,1,988.87,Active
501137,12353,1,2025-07-24,2026-08-14,Annual,2,226.47,Cancelled
501138,16991,5,2024-05-18,,Monthly,1,238.0,Active
501139,14312,10,2024-08-29,,Monthly,1,122.12,Active
501140,12106,20,2025-10-20,2026-08-31,Monthly,1,240.86,Expired
501141,13314,23,2025-04-22,2026-08-08,Monthly,1,353.19,Cancelled
501142,13887,22,2024-11-10,2025-03-23,Monthly,2,231.04,Cancelled
501143,10313,18,2026-04-17,,Monthly,2,1593.77,Active
501144,17858,21,2026-08-31,,Annual,5,4183.39,Active
501145,18243,27,2026-06-15,,Monthly,1,1047.15,Active
501146,18124,5,2026-04-18,2026-08-31,Monthly,4,917.95,Cancelled
501147,18253,28,2025-12-27,,Monthly,1,107.71,Active
501148,18739,30,2024-10-08,2025-10-22,Monthly,1,678.09,Expired
501149,13708,4,2025-07-19,,Annual,2,194.74,Active
501150,17814,10,2025-07-01,,Monthly,1,105.2,Active
501151,18991,4,2024-11-11,,Monthly,1,121.62,Active
501152,15010,21,2026-01-17,,Monthly,1,795.06,Active
501153,19678,18,2026-05-24,,Monthly,1,815.08,Active
501154,19353,10,2026-04-02,2026-08-31,Monthly,4,411.11,Cancelled
501155,13798,14,2026-06-09,,Annual,1,292.01,Active
501156,10097,4,2024-04-22,,Monthly,1,102.32,Active
501157,16736,9,2026-08-31,,Annual,2,2008.2,Active
501158,17318,5,2026-08-31,2026-08-31,Monthly,1,233.87,Expired
501159,18592,8,2026-04-23,2026-08-31,Monthly,4,1276.76,Expired
501160,14113,3,2025-12-16,,Monthly,1,793.15,Active
501161,17853,19,2025-08-21,,Monthly,1,73.74,Active
501162,11156,7,2025-11-26,,Monthly,2,198.04,Active
501163,12348,8,2025-12-21,2026-08-31,Monthly,3,844.89,Expired
501164,18386,2,2024-12-15,,Monthly,3,1105.33,Active
501165,15557,3,2025-09-21,,Monthly,3,1962.91,Active
501166,11387,23,2026-08-31,,Monthly,2,714.07,Active
501167,14277,27,2024-12-06,,Monthly,3,2742.42,Active
501168,12146,14,2024-09-14,2025-09-03,Monthly,3,778.69,Cancelled
501169,12852,21,2024-07-01,,Monthly,2,1841.79,Active
501170,12454,23,2025-05-29,,Annual,1,311.99,Active
501171,16307,26,2026-08-31,2026-08-31,Monthly,1,259.05,Cancelled
501172,17196,3,2025-04-20,,Monthly,1,735.42,Active
501173,10081,6,2025-05-12,,Monthly,4,2989.15,Active
501174,12050,9,2026-08-31,,Annual,1,990.09,Active
501175,11636,4,2025-02-27,2026-06-30,Monthly,3,317.78,Cancelled
501176,11328,25,2026-08-31,,Monthly,1,101.68,Active
501177,11013,23,2026-03-15,2026-08-31,Annual,1,346.99,Expired
501178,16326,1,2026-06-23,2026-08-31,Monthly,1,119.08,Cancelled
501179,19941,14,2024-05-06,,Monthly,1,285.34,Active
501180,15073,19,2025-04-30,,Monthly,2,156.8,Active
501181,11548,28,2026-01-08,,Monthly,1,100.85,Active
501182,18551,20,2026-03-14,,Monthly,1,278.32,Active
501183,18311,25,2024-08-15,2025-07-30,Monthly,3,305.59,Cancelled
501184,19445,21,2026-08-31,,Monthly,1,947.84,Active
501185,18631,10,2024-08-22,,Monthly,1,106.29,Active
501186,12974,30,2025-02-15,,Monthly,3,2391.92,Active
501187,15028,26,2026-06-29,,Monthly,1,262.84,Active
501188,18686,6,2024-02-26,,Monthly,1,848.94,Active
501189,10546,3,2026-02-19,,Monthly,1,692.07,Active
501190,14341,24,2024-05-31,2025-05-02,Monthly,2,1572.8,Cancelled
501191,17608,1,2025-01-08,2025-04-01,Annual,1,106.7,Cancelled
501192,16953,24,2025-12-08,2026-07-08,Monthly,1,845.44,Cancelled
501193,15935,11,2026-05-27,2026-08-31,Monthly,3,871.24,Expired
501194,17633,9,2024-12-10,,Monthly,1,850.13,Active
501195,16418,29,2026-08-31,2026-08-31,Monthly,2,629.38,Cancelled
501196,16320,11,2025-02-20,2025-07-07,Monthly,1,294.51,Expired
501197,15589,20,2025-11-26,2026-08-31,Monthly,2,525.97,Cancelled
501198,16926,13,2024-08-25,,Annual,4,403.43,Active
501199,13339,19,2026-08-24,,Monthly,1,76.21,Active
501200,12666,21,2024-08-19,2025-10-22,Monthly,1,844.08,Cancelled
501201,19932,15,2025-12-23,2026-08-31,Monthly,5,3487.27,Cancelled
501202,13666,1,2025-09-08,,Annual,1,101.9,Active
501203,16921,2,2025-09-07,,Monthly,1,376.44,Active
501204,13984,16,2024-04-01,,Monthly,1,110.81,Active
501205,17094,15,2024-06-02,,Monthly,1,730.3,Active
501206,12759,1,2026-08-31,,Monthly,1,104.73,Active
501207,15506,21,2026-02-11,,Annual,1,764.45,Active
501208,14435,14,2026-01-09,,Annual,7,1801.53,Active
501209,10594,19,2026-05-22,,Monthly,1,77.06,Active
501210,14306,27,2026-06-30,2026-08-31,Annual,3,2701.88,Cancelled
501211,15875,17,2024-06-21,,Monthly,1,240.87,Active
501212,13995,2,2025-01-15,2025-06-29,Monthly,1,360.94,Cancelled
501213,14763,14,2025-06-08,,Monthly,1,289.18,Active
501214,15085,11,2025-10-24,2026-02-01,Monthly,1,343.96,Cancelled
501215,14161,25,2025-07-22,2026-01-17,Annual,3,306.55,Expired
501216,13867,6,2025-03-10,2026-08-23,Annual,1,772.11,Cancelled
501217,14656,13,2024-07-15,,Annual,1,98.33,Active
501218,11412,15,2024-04-03,2024-09-27,Annual,1,760.48,Expired
501219,18525,23,2024-08-01,2026-01-11,Monthly,2,742.2,Cancelled
501220,15656,6,2026-07-05,2026-08-31,Monthly,1,890.48,Expired
501221,18632,16,2024-07-23,,Monthly,3,360.82,Active
501222,11798,8,2025-05-02,,Monthly,1,267.27,Active
501223,18664,27,2026-01-19,2026-08-31,Annual,1,894.14,Cancelled
501224,19871,30,2024-12-16,,Annual,2,1657.3,Active
501225,15685,4,2025-01-13,2026-02-27,Monthly,2,236.09,Expired
501226,16583,25,2025-09-05,,Annual,1,108.26,Active
501227,17478,22,2025-06-30,,Annual,2,217.67,Active
501228,13443,30,2025-04-02,2026-08-31,Annual,1,684.41,Cancelled
501229,12685,4,2024-10-12,,Annual,3,364.08,Active
501230,14018,9,2025-02-28,2026-04-26,Annual,1,990.79,Expired
501231,11549,29,2025-07-04,,Monthly,2,512.06,Active
501232,12312,17,2025-09-29,2026-03-28,Monthly,2,525.68,Expired
501233,16305,26,2026-08-10,2026-08-31,Monthly,1,262.26,Cancelled
501234,15245,16,2024-09-23,,Annual,1,112.21,Active
501235,19034,11,2026-07-05,2026-08-31,Monthly,1,307.45,Expired
501236,13295,12,2025-11-17,2026-02-11,Monthly,1,964.87,Cancelled
501237,16752,24,2025-09-22,2026-03-02,Monthly,1,842.14,Expired
501238,13771,30,2025-09-14,,Monthly,2,1574.22,Active
501239,19254,3,2024-10-27,2025-05-21,Annual,2,1462.44,Expired
501240,17806,10,2025-12-20,,Monthly,2,199.64,Active
501241,14397,20,2025-02-18,2025-09-24,Annual,2,462.63,Expired
501242,17290,13,2024-03-25,2025-07-07,Monthly,1,110.84,Cancelled
501243,14163,28,2024-07-24,,Monthly,1,96.19,Active
501244,19566,1,2025-03-11,,Monthly,3,353.02,Active
501245,18796,1,2025-12-11,2026-08-31,Monthly,1,101.33,Expired
501246,13161,10,2024-07-30,2024-10-05,Monthly,1,104.55,Cancelled
501247,15704,12,2024-05-26,,Annual,4,4198.74,Active
501248,11130,21,2026-08-31,2026-08-31,Monthly,1,816.25,Expired
501249,12376,7,2024-08-20,2025-05-15,Monthly,3,285.41,Expired
501250,16325,19,2024-05-10,,Monthly,1,88.21,Active
501251,10351,15,2026-01-04,,Annual,2,1560.99,Active
501252,12565,7,2025-10-28,,Annual,1,94.91,Active
501253,12589,24,2026-01-31,,Monthly,2,1842.39,Active
501254,18310,6,2025-10-13,,Monthly,1,779.86,Active
501255,10048,12,2024-11-02,2025-12-23,Monthly,1,1113.59,Cancelled
501256,18376,30,2024-06-10,2025-08-08,Monthly,1,734.96,Cancelled
501257,19874,11,2024-11-25,2025-11-11,Monthly,1,359.71,Cancelled
501258,16910,8,2026-08-31,,Annual,2,520.23,Active
501259,11579,15,2025-03-10,,Monthly,1,735.68,Active
501260,12413,9,2026-08-31,,Monthly,1,910.7,Active
501261,11608,8,2025-12-24,,Monthly,2,510.59,Active
501262,18286,9,2024-05-10,,Monthly,1,875.6,Active
501263,17223,25,2026-05-13,2026-07-06,Annual,1,113.51,Expired
501264,11107,8,2024-06-03,,Annual,1,267.91,Active
501265,19458,5,2024-10-15,2025-09-22,Monthly,1,261.46,Expired
501266,10424,20,2024-07-31,2024-11-11,Monthly,1,278.57,Cancelled
501267,11668,22,2024-07-19,,Monthly,1,98.3,Active
501268,19693,1,2025-04-11,,Monthly,1,111.73,Active
501269,12200,6,2026-02-05,,Annual,2,1794.23,Active
501270,17262,25,2024-02-11,,Monthly,3,348.18,Active
501271,13475,16,2025-02-04,,Monthly,1,107.66,Active
501272,14152,6,2025-06-09,2026-08-31,Monthly,1,854.94,Expired
501273,14927,26,2026-01-25,,Monthly,2,479.21,Active
501274,14707,1,2024-12-24,2026-04-12,Monthly,1,113.23,Cancelled
501275,10772,15,2026-01-24,2026-08-31,Annual,1,830.91,Cancelled
501276,11451,23,2024-08-21,,Monthly,1,368.16,Active
501277,10431,6,2026-06-14,,Annual,1,755.52,Active
501278,18515,21,2026-07-11,,Monthly,1,863.81,Active
501279,10028,1,2025-01-01,2025-06-14,Monthly,1,111.21,Expired
501280,18221,27,2026-08-07,,Monthly,1,1059.57,Active
501281,19962,17,2024-09-05,,Monthly,1,254.41,Active
501282,13033,26,2024-10-15,2025-08-14,Monthly,1,247.99,Expired
501283,16515,17,2026-06-11,,Monthly,2,566.43,Active
501284,16445,5,2024-03-20,,Monthly,2,462.62,Active
501285,19009,28,2024-08-22,,Monthly,1,101.76,Active
501286,10024,8,2025-03-10,2025-11-02,Monthly,1,318.49,Cancelled
501287,17692,28,2026-01-24,,Monthly,2,211.99,Active
501288,18752,28,2025-11-30,,Monthly,1,97.4,Active
501289,19063,20,2026-08-07,,Monthly,1,238.45,Active
501290,10375,4,2025-01-27,,Monthly,1,114.68,Active
501291,13999,2,2024-11-05,2025-03-02,Monthly,2,605.46,Expired
501292,17904,28,2024-12-04,2026-04-17,Monthly,2,219.37,Expired
501293,18077,16,2024-12-21,2026-04-28,Annual,1,104.3,Expired
501294,13166,6,2025-07-30,2026-08-11,Annual,1,744.74,Expired
501295,19746,5,2026-05-05,,Monthly,1,270.06,Active
501296,14793,6,2024-07-11,,Monthly,1,754.71,Active
501297,15147,4,2025-07-02,,Monthly,1,103.7,Active
501298,15936,30,2026-08-31,,Monthly,1,672.48,Active
501299,18085,26,2025-08-17,2025-11-06,Monthly,1,239.46,Expired
501300,13207,7,2024-06-24,2025-05-31,Annual,2,195.75,Cancelled
501301,19634,6,2025-01-01,,Monthly,1,808.07,Active
501302,15452,10,2026-02-24,2026-08-31,Annual,2,227.44,Cancelled
501303,17347,25,2025-10-11,,Annual,1,112.37,Active
501304,16745,15,2026-08-31,2026-08-31,Monthly,1,831.68,Cancelled
501305,10108,7,2025-11-07,,Annual,1,114.23,Active
501306,18318,10,2026-08-31,,Monthly,1,117.6,Active
501307,17995,5,2024-11-16,,Monthly,2,448.1,Active
501308,18850,6,2026-05-14,2026-07-16,Monthly,2,1759.05,Expired
501309,11080,15,2026-02-09,,Monthly,2,1546.45,Active
501310,12057,1,2024-06-13,,Monthly,1,97.27,Active
501311,19444,6,2026-08-31,2026-08-31,Monthly,1,856.73,Expired
501312,18311,10,2024-06-08,2024-07-09,Monthly,1,111.27,Cancelled
501313,18752,23,2025-09-03,,Monthly,1,348.76,Active
501314,14542,30,2025-09-15,2026-08-31,Monthly,2,1566.06,Expired
501315,13226,29,2026-03-25,,Annual,1,314.7,Active
501316,12166,25,2026-07-04,,Annual,1,112.73,Active
501317,16345,17,2024-06-07,,Monthly,1,278.12,Active
501318,12596,12,2025-06-03,,Monthly,2,2086.37,Active
501319,19701,8,2026-05-14,,Annual,1,306.83,Active
501320,19685,14,2026-08-20,2026-08-31,Monthly,1,272.2,Expired
501321,13278,25,2026-08-31,2026-08-31,Monthly,1,98.9,Expired
501322,10621,16,2026-06-30,,Monthly,2,236.13,Active
501323,17522,10,2026-06-30,2026-08-15,Monthly,3,356.53,Cancelled
501324,17315,11,2025-06-21,2026-08-31,Monthly,2,736.69,Cancelled
501325,13268,13,2026-04-18,2026-08-31,Monthly,1,117.91,Cancelled
501326,10586,28,2025-08-29,2026-08-31,Monthly,2,220.19,Expired
501327,15097,11,2026-06-23,2026-08-31,Monthly,3,1086.61,Cancelled
501328,19604,22,2026-08-31,,Monthly,6,715.33,Active
501329,19388,28,2025-07-12,2026-01-29,Monthly,1,109.89,Expired
501330,12857,10,2025-05-29,2026-08-03,Monthly,4,441.3,Cancelled
501331,14618,4,2024-12-26,,Annual,3,308.5,Active
501332,13741,29,2025-08-30,,Annual,4,1039.76,Active
501333,10192,2,2025-11-08,2026-07-22,Monthly,3,957.27,Expired
501334,16479,7,2024-09-29,,Monthly,1,93.84,Active
501335,15070,10,2025-02-26,2025-07-27,Annual,1,124.17,Cancelled
501336,12527,1,2025-09-10,,Monthly,1,115.8,Active
501337,13215,20,2024-07-21,,Monthly,1,261.51,Active
501338,12480,8,2025-03-08,2026-04-12,Monthly,1,293.68,Expired
501339,18553,2,2024-11-08,2025-07-27,Monthly,1,328.1,Expired
501340,14866,5,2024-07-26,2025-09-30,Monthly,1,272.32,Expired
501341,18050,16,2025-10-02,2026-08-31,Monthly,1,111.54,Expired
501342,12185,23,2026-08-31,,Annual,2,668.35,Active
501343,17732,29,2025-08-14,,Monthly,2,526.68,Active
501344,17455,14,2025-06-02,,Monthly,1,309.13,Active
501345,16976,18,2026-08-31,,Annual,1,819.89,Active
501346,17424,14,2026-08-31,,Monthly,1,260.74,Active
501347,19868,13,2025-04-12,,Annual,1,108.39,Active
501348,17804,18,2024-05-27,,Monthly,3,2513.07,Active
501349,12859,21,2025-01-09,2026-04-04,Monthly,3,2378.11,Expired
501350,13290,20,2025-06-19,,Monthly,1,244.81,Active
501351,10851,25,2025-03-04,,Monthly,2,206.18,Active
501352,16983,17,2025-10-08,,Monthly,1,272.66,Active
501353,16933,20,2025-10-26,2026-01-15,Annual,4,1001.08,Cancelled
501354,12723,22,2026-06-29,,Monthly,1,99.86,Active
501355,16359,13,2026-04-09,,Monthly,3,331.31,Active
501356,19711,10,2024-05-07,,Monthly,1,119.55,Active
501357,13675,4,2026-08-31,,Annual,1,99.57,Active
501358,19688,13,2026-08-14,,Monthly,1,100.04,Active
501359,10193,13,2024-06-03,,Monthly,1,104.53,Active
501360,10717,6,2026-07-02,,Monthly,1,814.72,Active
501361,13700,16,2026-06-29,,Monthly,4,437.7,Active
501362,17367,27,2026-04-09,2026-05-21,Monthly,4,4445.1,Cancelled
501363,11676,19,2024-10-02,,Annual,1,75.21,Active
501364,12675,2,2024-03-11,,Monthly,4,1443.62,Active
501365,11511,15,2025-09-19,2026-08-31,Monthly,1,726.79,Expired
501366,11117,2,2024-02-16,2024-11-09,Monthly,4,1369.77,Cancelled
501367,18813,27,2025-11-11,2026-07-15,Monthly,3,3180.79,Cancelled
501368,11925,28,2025-02-07,,Monthly,4,460.6,Active
501369,15033,29,2024-09-19,,Monthly,2,620.22,Active
501370,17344,30,2026-06-22,2026-07-22,Monthly,2,1593.86,Expired
501371,15141,15,2026-08-31,,Monthly,2,1342.15,Active
501372,13582,22,2025-01-27,,Annual,2,208.9,Active
501373,11436,5,2024-09-02,,Monthly,1,249.67,Active
501374,19175,28,2024-09-27,,Annual,2,215.97,Active
501375,19349,5,2026-08-31,,Monthly,1,242.59,Active
501376,14553,11,2024-08-13,2025-10-31,Annual,2,691.95,Expired
501377,13712,18,2024-09-19,,Monthly,7,6639.62,Active
501378,16314,26,2025-02-04,2026-07-15,Monthly,2,458.0,Cancelled
501379,15876,1,2025-01-12,,Monthly,1,110.84,Active
501380,10441,25,2025-10-10,,Annual,1,108.35,Active
501381,10788,6,2024-09-09,2025-06-16,Monthly,2,1784.35,Expired
501382,11050,9,2026-08-11,,Monthly,2,1952.24,Active
501383,15367,24,2024-10-16,2025-01-11,Monthly,1,798.36,Expired
501384,17792,7,2025-12-02,,Annual,3,314.93,Active
501385,10822,3,2025-05-25,2025-09-15,Monthly,1,661.47,Expired
501386,15885,6,2025-08-18,2026-08-31,Monthly,1,849.68,Cancelled
501387,14429,5,2025-07-19,,Monthly,1,227.05,Active
501388,11734,8,2024-08-24,,Monthly,1,281.82,Active
501389,18684,30,2026-03-30,,Annual,2,1398.79,Active
501390,13044,23,2024-11-17,,Monthly,2,699.98,Active
501391,10467,20,2026-02-02,,Monthly,1,239.61,Active
501392,13461,10,2026-07-24,2026-08-31,Monthly,3,374.43,Expired
501393,13978,24,2024-10-25,,Annual,1,814.4,Active
501394,10637,18,2026-03-08,,Monthly,1,972.29,Active
501395,12535,17,2026-08-31,,Monthly,2,598.68,Active
501396,11795,3,2025-04-12,2026-03-19,Monthly,2,1537.69,Cancelled
501397,11925,18,2024-11-28,2025-05-13,Annual,3,2884.65,Expired
501398,19368,24,2024-10-09,,Annual,3,2374.11,Active
501399,13992,14,2025-05-22,2025-09-13,Monthly,1,289.43,Cancelled
501400,14980,2,2025-03-07,2026-07-31,Monthly,4,1313.23,Expired
501401,19219,6,2026-02-28,,Monthly,1,741.03,Active
501402,11456,2,2025-03-26,,Monthly,2,676.71,Active
501403,14641,29,2026-08-31,,Monthly,1,299.3,Active
501404,12205,22,2026-01-15,2026-05-19,Annual,3,309.4,Cancelled
501405,16168,27,2024-08-20,,Annual,1,896.14,Active
501406,10065,22,2025-07-21,2026-08-31,Monthly,2,202.78,Cancelled
501407,18372,6,2024-11-12,2025-02-02,Annual,2,1721.45,Expired
501408,16041,14,2024-11-10,,Annual,1,295.84,Active
501409,11174,23,2024-06-21,,Monthly,1,336.81,Active
501410,10482,13,2026-06-06,,Annual,2,219.56,Active
501411,13418,8,2024-07-17,,Monthly,2,596.31,Active
501412,15548,11,2026-07-21,,Monthly,3,919.31,Active
501413,10403,24,2024-07-11,,Monthly,1,930.69,Active
501414,17998,26,2025-05-27,2026-03-31,Monthly,2,497.11,Expired
501415,10941,23,2026-03-18,2026-08-31,Annual,1,342.74,Expired
501416,11108,13,2026-08-31,,Monthly,1,120.92,Active
501417,12734,20,2024-07-18,,Annual,1,264.34,Active
501418,15429,29,2024-12-22,,Monthly,1,259.93,Active
501419,16084,23,2024-08-18,2025-05-30,Monthly,2,719.16,Cancelled
501420,10184,16,2026-08-31,,Monthly,2,235.33,Active
501421,14384,25,2026-02-13,,Monthly,1,111.98,Active
501422,19309,12,2025-06-27,,Monthly,1,972.63,Active
501423,11924,17,2026-06-12,,Annual,1,288.2,Active
501424,19623,16,2025-09-10,,Monthly,2,233.35,Active
501425,10510,4,2025-03-04,2026-07-19,Annual,2,242.27,Expired
501426,16435,29,2025-07-07,2025-09-23,Monthly,1,323.82,Cancelled
501427,14864,17,2025-03-22,,Annual,2,583.44,Active
501428,15165,5,2026-08-31,,Monthly,3,710.98,Active
501429,10375,23,2024-12-10,,Monthly,1,319.93,Active
501430,14855,13,2026-03-07,2026-08-31,Monthly,2,238.23,Cancelled
501431,11861,11,2025-12-26,,Monthly,1,311.91,Active
501432,12385,13,2024-05-01,,Monthly,4,461.45,Active
501433,10585,29,2024-09-01,2024-10-27,Annual,1,258.81,Expired
501434,11899,11,2026-02-09,2026-03-23,Monthly,2,637.86,Cancelled
501435,15729,15,2025-10-19,,Monthly,3,2241.57,Active
501436,10915,9,2024-04-27,2024-11-24,Annual,1,961.73,Expired
501437,11550,9,2025-12-15,,Monthly,2,1767.56,Active
501438,10875,1,2025-09-29,2026-06-17,Annual,1,116.56,Cancelled
501439,13735,28,2025-06-11,,Annual,2,213.52,Active
501440,15082,13,2025-06-01,,Monthly,4,408.3,Active
501441,12209,15,2024-05-11,,Annual,2,1461.22,Active
501442,15687,23,2025-08-08,,Monthly,1,372.42,Active
501443,18985,2,2024-09-17,2024-12-24,Monthly,1,333.18,Expired
501444,16580,27,2025-07-07,2025-10-28,Monthly,1,1052.49,Expired
501445,16361,9,2026-03-06,,Monthly,1,858.36,Active
501446,12519,26,2024-06-05,,Annual,1,240.43,Active
501447,14196,6,2024-11-29,2026-01-21,Monthly,2,1718.47,Cancelled
501448,15521,12,2026-05-11,,Monthly,1,1146.82,Active
501449,18144,27,2025-11-24,2026-08-31,Monthly,3,3182.16,Cancelled
501450,12599,1,2025-11-26,,Annual,1,97.85,Active
501451,18186,10,2025-07-12,,Monthly,2,244.49,Active
501452,11285,28,2024-09-06,2025-11-10,Monthly,1,116.65,Cancelled
501453,17120,15,2026-08-31,2026-08-31,Monthly,1,731.14,Cancelled
501454,18218,17,2025-06-09,,Annual,2,530.47,Active
501455,15095,12,2026-08-02,,Monthly,1,952.74,Active
501456,14981,15,2025-11-26,,Annual,1,842.42,Active
501457,15198,14,2024-08-17,2025-04-08,Annual,1,276.28,Cancelled
501458,15239,3,2024-06-07,,Monthly,1,690.6,Active
501459,18087,16,2025-08-26,2026-06-19,Annual,1,98.08,Cancelled
501460,17991,6,2024-11-25,2025-03-13,Monthly,1,893.47,Expired
501461,11477,11,2026-01-02,,Annual,1,355.97,Active
501462,10731,15,2026-08-31,,Monthly,1,764.12,Active
501463,15584,6,2025-05-03,2026-08-15,Monthly,1,937.09,Cancelled
501464,13981,3,2024-07-20,,Monthly,1,801.82,Active
501465,19230,23,2025-10-27,2026-08-30,Monthly,1,372.89,Expired
501466,12165,16,2025-11-06,,Monthly,4,419.09,Active
501467,18270,12,2024-10-05,,Monthly,1,994.01,Active
501468,17909,5,2025-06-28,2026-08-31,Monthly,1,261.31,Cancelled
501469,14383,25,2026-08-31,2026-08-31,Monthly,1,101.83,Cancelled
501470,18413,6,2025-02-03,,Monthly,2,1836.86,Active
501471,17728,14,2026-08-31,,Annual,1,317.69,Active
501472,11194,22,2026-04-13,,Monthly,1,104.2,Active
501473,11495,30,2024-07-04,,Monthly,2,1504.16,Active
501474,13509,11,2026-06-22,,Annual,1,310.41,Active
501475,19091,30,2026-06-10,,Monthly,2,1531.46,Active
501476,14630,12,2025-02-08,,Monthly,2,2103.87,Active
501477,15129,28,2026-08-31,,Monthly,2,235.78,Active
501478,15784,13,2026-07-06,2026-08-31,Monthly,3,363.78,Expired
501479,17938,16,2025-07-09,,Annual,1,117.39,Active
501480,17147,29,2026-03-10,2026-08-31,Annual,1,277.58,Expired
501481,15281,4,2026-05-24,,Annual,3,365.77,Active
501482,14232,16,2025-12-13,2026-08-31,Monthly,3,338.72,Expired
501483,16131,17,2026-01-21,2026-08-31,Monthly,3,771.35,Cancelled
501484,13511,12,2025-08-07,,Monthly,1,1164.19,Active
501485,13892,13,2026-08-31,,Monthly,2,206.9,Active
501486,15808,20,2025-09-02,2026-08-31,Monthly,4,1108.91,Cancelled
501487,11656,3,2024-08-17,,Monthly,1,675.58,Active
501488,14599,7,2025-02-18,2025-05-10,Monthly,2,193.88,Cancelled
501489,15200,15,2024-12-15,2026-01-16,Monthly,1,673.93,Expired
501490,19754,19,2025-05-03,2026-07-20,Monthly,1,74.27,Expired
501491,19865,23,2024-09-22,2025-12-21,Annual,1,339.83,Expired
501492,11327,5,2026-08-31,2026-08-31,Annual,1,274.35,Cancelled
501493,10302,20,2025-11-13,,Monthly,2,466.59,Active
501494,18195,10,2024-06-26,2025-10-06,Annual,1,115.09,Expired
501495,13508,25,2025-01-20,,Monthly,1,93.35,Active
501496,12393,19,2026-08-31,2026-08-31,Monthly,3,249.57,Expired
501497,10972,28,2025-06-20,,Monthly,2,199.63,Active
501498,10061,5,2026-08-31,2026-08-31,Monthly,2,510.76,Cancelled
501499,16879,23,2025-03-11,2025-12-28,Monthly,1,351.92,Expired
501500,13651,4,2025-04-05,,Monthly,1,110.51,Active
501501,13282,18,2026-08-09,,Monthly,2,1588.02,Active
501502,15411,23,2025-08-11,,Monthly,1,317.73,Active
501503,19818,20,2024-06-03,,Annual,1,243.22,Active
501504,10820,25,2025-05-16,2025-10-08,Monthly,1,106.8,Cancelled
501505,11715,18,2025-02-10,,Monthly,1,884.81,Active
501506,11924,30,2026-05-13,,Annual,2,1456.29,Active
501507,14659,8,2024-06-19,2024-10-07,Monthly,1,314.08,Cancelled
501508,17461,22,2024-05-01,2025-01-28,Monthly,2,216.41,Cancelled
501509,19862,5,2024-02-05,,Monthly,3,654.53,Active
501510,16764,10,2024-12-20,,Monthly,1,123.53,Active
501511,11984,19,2024-05-07,,Monthly,1,91.69,Active
501512,17332,20,2026-06-18,,Annual,1,280.17,Active
501513,11162,30,2026-02-22,,Monthly,1,833.69,Active
501514,16363,23,2026-08-31,,Monthly,1,365.19,Active
501515,16558,9,2024-11-01,,Monthly,1,926.39,Active
501516,12421,19,2024-10-10,,Monthly,3,221.67,Active
501517,10769,25,2024-03-11,,Monthly,1,112.04,Active
501518,12376,21,2024-07-23,2024-11-03,Monthly,2,1576.59,Expired
501519,14020,15,2025-05-27,2026-03-30,Monthly,1,701.48,Expired
501520,14662,26,2025-09-25,,Annual,2,481.63,Active
501521,12854,19,2026-08-31,,Monthly,4,297.67,Active
501522,18819,20,2026-08-31,,Monthly,1,286.07,Active
501523,14876,15,2024-08-27,,Annual,1,799.66,Active
501524,13539,27,2025-02-17,2025-04-29,Annual,1,1114.87,Expired
501525,10921,10,2026-01-17,,Monthly,1,112.04,Active
501526,15841,30,2024-08-17,,Annual,1,661.81,Active
501527,18863,28,2026-08-31,,Monthly,1,100.13,Active
501528,16754,16,2024-11-25,2026-02-04,Monthly,1,96.05,Cancelled
501529,10789,11,2025-02-13,,Monthly,3,961.85,Active
501530,10536,21,2025-09-29,,Monthly,2,1536.74,Active
501531,19206,4,2025-06-10,2025-11-23,Annual,1,97.98,Cancelled
501532,11915,4,2026-08-31,,Monthly,1,113.17,Active
501533,17989,11,2025-12-24,,Monthly,2,688.54,Active
501534,10311,8,2024-07-27,,Annual,1,260.0,Active
501535,18430,20,2024-10-15,,Monthly,1,287.04,Active
501536,10636,27,2025-05-12,,Monthly,1,1012.9,Active
501537,17190,15,2024-12-26,,Monthly,1,669.23,Active
501538,18541,12,2026-08-20,,Monthly,2,2282.23,Active
501539,19757,8,2026-08-31,,Monthly,2,573.58,Active
501540,12218,20,2026-07-23,,Monthly,1,243.49,Active
501541,18010,29,2024-07-06,,Monthly,4,1048.32,Active
501542,11332,20,2024-04-29,,Monthly,1,258.33,Active
501543,14215,18,2026-08-03,,Monthly,1,938.74,Active
501544,14923,5,2025-04-20,2025-08-05,Monthly,1,274.18,Expired
501545,18227,29,2024-09-06,2025-03-31,Monthly,1,324.4,Expired
501546,12190,22,2025-07-04,,Monthly,4,394.81,Active
501547,19417,20,2026-04-19,,Annual,1,288.17,Active
501548,13651,19,2025-04-02,,Annual,2,169.6,Active
501549,18640,2,2024-02-20,,Monthly,1,339.91,Active
501550,18516,6,2026-04-27,2026-08-31,Monthly,2,1541.46,Expired
501551,16318,22,2024-12-15,,Monthly,2,195.56,Active
501552,14149,29,2024-05-08,,Monthly,1,279.99,Active
501553,19177,13,2026-02-23,,Monthly,1,111.64,Active
501554,19858,2,2026-06-18,,Monthly,1,382.49,Active
501555,15565,18,2025-07-08,,Monthly,1,845.55,Active
501556,12037,12,2025-06-27,2026-07-06,Monthly,1,1020.38,Expired
501557,12145,19,2024-06-24,,Monthly,1,91.76,Active
501558,15054,30,2025-05-08,,Monthly,1,672.83,Active
501559,11755,27,2025-06-13,2025-07-26,Monthly,1,1116.04,Cancelled
501560,13783,30,2025-05-24,,Monthly,2,1480.82,Active
501561,16990,1,2024-11-24,,Monthly,1,105.52,Active
501562,19140,23,2024-12-01,,Monthly,2,664.9,Active
501563,13512,18,2025-10-20,2026-07-19,Monthly,2,1865.69,Expired
501564,17704,4,2025-08-13,,Monthly,1,108.38,Active
501565,10917,2,2026-07-04,2026-08-16,Monthly,2,765.4,Expired
501566,12227,15,2025-04-25,,Monthly,1,809.78,Active
501567,10685,5,2026-01-27,,Monthly,1,241.07,Active
501568,13990,12,2025-04-19,,Annual,1,1170.72,Active
501569,11276,14,2026-01-23,,Monthly,1,282.37,Active
501570,18610,9,2025-12-28,,Annual,1,893.79,Active
501571,17732,24,2025-09-20,,Annual,1,833.72,Active
501572,18428,12,2026-06-22,,Monthly,1,1027.52,Active
501573,10448,4,2025-01-24,,Monthly,2,200.1,Active
501574,10997,11,2026-08-31,,Monthly,1,368.09,Active
501575,17716,1,2025-07-13,2025-11-15,Monthly,1,114.93,Expired
501576,18599,26,2025-11-20,,Monthly,2,556.54,Active
501577,10041,15,2026-08-31,,Monthly,3,2304.38,Active
501578,16052,22,2025-03-25,2025-06-14,Monthly,1,109.27,Expired
501579,10762,4,2026-07-22,2026-08-31,Annual,1,118.64,Cancelled
501580,10800,9,2026-02-18,,Monthly,1,991.49,Active
501581,18722,15,2025-03-01,2025-05-07,Monthly,1,729.5,Cancelled
501582,15746,10,2025-07-27,2025-10-26,Monthly,1,116.71,Expired
501583,18256,3,2024-09-27,2025-05-03,Annual,2,1299.27,Expired
501584,19814,5,2025-05-19,,Monthly,1,232.31,Active
501585,15844,26,2024-11-14,,Monthly,1,229.26,Active
501586,10044,6,2025-02-07,,Monthly,1,796.2,Active
501587,12256,7,2026-08-31,,Monthly,1,106.47,Active
501588,18213,22,2026-04-23,,Annual,2,189.79,Active
501589,10475,13,2025-03-12,,Monthly,4,486.61,Active
501590,16370,1,2024-08-25,2025-10-02,Monthly,1,97.28,Cancelled
501591,13863,8,2026-02-15,,Monthly,1,286.21,Active
501592,17460,10,2026-03-24,,Monthly,2,204.68,Active
501593,17845,20,2024-03-31,,Monthly,1,264.13,Active
501594,13974,24,2025-07-18,2026-03-15,Annual,1,781.47,Cancelled
501595,15438,5,2025-01-29,2025-03-12,Annual,4,970.61,Cancelled
501596,14533,19,2025-03-01,,Annual,1,89.59,Active
501597,18163,10,2024-04-29,2025-08-25,Monthly,2,197.91,Cancelled
501598,18443,10,2026-08-31,2026-08-31,Monthly,1,108.87,Expired
501599,16774,9,2025-10-30,2026-07-09,Monthly,3,2468.84,Cancelled
501600,11269,11,2026-05-27,,Annual,5,1665.93,Active
501601,18989,30,2025-03-16,,Monthly,1,741.88,Active
501602,16799,19,2024-06-04,2025-06-22,Monthly,1,75.27,Cancelled
501603,17607,26,2024-01-13,,Annual,1,242.98,Active
501604,11891,18,2025-08-24,,Monthly,3,2854.46,Active
501605,11758,8,2026-05-29,2026-08-31,Monthly,3,860.78,Expired
501606,17575,27,2025-09-29,,Monthly,1,940.79,Active
501607,12205,20,2026-01-17,2026-08-14,Monthly,1,249.47,Cancelled
501608,18152,22,2024-02-16,,Monthly,3,328.16,Active
501609,12967,26,2024-10-31,,Monthly,1,254.28,Active
501610,19703,13,2024-08-02,2024-11-23,Monthly,1,97.19,Expired
501611,12661,22,2025-01-14,2025-10-23,Monthly,1,103.34,Cancelled
501612,14621,1,2024-09-19,2024-12-28,Monthly,2,198.22,Cancelled
501613,11341,23,2026-06-07,,Monthly,3,1100.4,Active
501614,13716,22,2026-03-10,,Annual,1,113.62,Active
501615,17938,30,2025-10-07,2025-11-15,Monthly,1,773.57,Expired
501616,18921,15,2026-01-19,2026-08-31,Monthly,2,1608.51,Cancelled
501617,12986,24,2025-04-08,,Annual,1,848.62,Active
501618,16660,11,2025-01-06,2026-05-21,Monthly,1,335.41,Expired
501619,15060,2,2025-06-19,2026-08-31,Monthly,1,358.56,Expired
501620,11343,1,2024-06-15,2025-06-12,Monthly,2,234.21,Cancelled
501621,19455,14,2026-01-15,2026-08-31,Monthly,1,295.81,Cancelled
501622,11419,21,2026-04-06,2026-08-31,Monthly,1,915.64,Expired
501623,12956,19,2026-05-17,2026-08-31,Monthly,1,74.78,Expired
501624,11557,19,2024-10-08,,Monthly,2,154.66,Active
501625,16054,30,2024-09-22,,Monthly,1,708.31,Active
501626,19551,27,2026-03-02,,Monthly,1,933.38,Active
501627,15109,16,2024-04-26,2024-09-03,Monthly,1,109.75,Cancelled
501628,13195,13,2025-07-20,2025-12-24,Monthly,1,98.28,Expired
501629,18961,28,2026-08-31,2026-08-31,Monthly,1,105.5,Cancelled
501630,19261,1,2024-04-12,2025-02-07,Monthly,2,200.04,Expired
501631,19487,6,2025-04-03,,Monthly,1,813.97,Active
501632,15385,12,2025-09-15,2026-05-09,Annual,1,1060.77,Cancelled
501633,19846,13,2025-03-12,,Monthly,3,330.06,Active
501634,10809,4,2025-08-03,,Annual,3,300.51,Active
501635,12362,7,2026-06-23,,Monthly,1,116.36,Active
501636,19264,20,2024-09-14,,Monthly,1,264.07,Active
501637,19326,22,2025-01-21,,Monthly,2,205.86,Active
501638,19566,8,2025-01-19,2025-06-15,Monthly,1,320.53,Cancelled
501639,18493,23,2025-02-10,,Monthly,2,664.75,Active
501640,12828,30,2025-09-06,2025-10-31,Monthly,1,836.3,Expired
501641,15079,8,2025-11-02,,Monthly,2,640.73,Active
501642,10382,24,2026-03-18,,Monthly,1,784.19,Active
501643,15979,20,2026-03-05,2026-07-30,Monthly,1,264.95,Expired
501644,16596,24,2025-06-13,2026-08-31,Annual,1,868.55,Cancelled
501645,10104,22,2024-07-25,,Monthly,2,225.03,Active
501646,17527,8,2025-09-14,,Monthly,3,854.71,Active
501647,18740,30,2024-02-03,2024-04-06,Monthly,2,1377.26,Expired
501648,14029,20,2026-08-14,,Annual,1,264.24,Active
501649,12360,2,2024-11-01,2026-01-12,Monthly,1,323.22,Expired
501650,13519,7,2024-05-21,,Monthly,1,93.12,Active
501651,15092,20,2024-05-23,,Monthly,1,260.31,Active
501652,10293,15,2024-10-27,,Monthly,1,770.23,Active
501653,16763,22,2026-03-25,2026-08-31,Monthly,1,118.41,Cancelled
501654,16199,24,2025-04-08,2025-07-28,Monthly,3,2591.34,Cancelled
501655,18045,12,2025-02-26,,Monthly,3,3168.41,Active
501656,18411,25,2025-12-30,,Monthly,1,98.68,Active
501657,17958,7,2025-04-11,,Monthly,1,92.89,Active
501658,16356,4,2025-04-01,,Monthly,1,105.9,Active
501659,16387,1,2026-07-28,,Monthly,4,414.39,Active
501660,13033,2,2024-10-05,2025-01-20,Monthly,1,376.29,Cancelled
501661,13097,25,2024-01-25,,Monthly,2,220.26,Active
501662,17384,22,2025-07-21,,Monthly,1,94.49,Active
501663,18420,4,2026-02-02,2026-08-31,Monthly,4,400.28,Expired
501664,15984,11,2024-09-24,2025-06-14,Monthly,2,682.46,Cancelled
501665,12933,7,2026-02-06,,Monthly,6,665.7,Active
501666,14231,12,2025-12-16,2026-08-31,Annual,3,3347.6,Expired
501667,18363,22,2026-08-31,,Annual,2,210.29,Active
501668,17012,10,2026-06-09,,Monthly,1,124.94,Active
501669,12729,22,2025-01-08,,Monthly,1,95.74,Active
501670,14427,9,2025-12-01,,Monthly,4,3233.72,Active
501671,14064,3,2026-06-05,,Monthly,1,789.51,Active
501672,10010,28,2025-12-13,,Monthly,2,226.73,Active
501673,13808,25,2024-08-06,,Monthly,3,301.34,Active
501674,15836,19,2026-05-02,2026-08-31,Monthly,1,76.02,Cancelled
501675,16950,19,2026-03-08,2026-08-31,Monthly,1,89.11,Cancelled
501676,17214,20,2024-10-13,2025-06-28,Monthly,2,546.31,Cancelled
501677,16525,2,2026-07-20,,Monthly,2,713.51,Active
501678,17936,18,2026-01-10,,Monthly,1,860.57,Active
501679,12340,26,2024-05-18,,Monthly,2,469.56,Active
501680,10138,15,2024-05-27,,Annual,1,825.72,Active
501681,13098,20,2025-06-30,,Monthly,1,266.97,Active
501682,15911,4,2026-06-20,,Monthly,1,99.86,Active
501683,17371,21,2024-09-18,,Monthly,1,927.11,Active
501684,12866,9,2026-01-08,2026-05-24,Monthly,2,1689.93,Expired
501685,10749,30,2025-05-12,,Monthly,1,816.43,Active
501686,10724,24,2024-02-17,2025-01-20,Monthly,1,758.9,Cancelled
501687,19020,10,2025-10-06,2026-04-08,Monthly,1,104.36,Cancelled
501688,15150,30,2025-10-06,,Monthly,1,829.62,Active
501689,18840,24,2026-08-31,,Monthly,1,796.42,Active
501690,12003,15,2025-10-21,,Monthly,1,699.87,Active
501691,10180,29,2024-06-17,2025-08-22,Monthly,3,963.06,Cancelled
501692,16466,24,2025-10-21,,Monthly,2,1659.48,Active
501693,17675,8,2024-04-10,2024-07-14,Monthly,1,273.58,Expired
501694,14747,5,2025-04-04,2025-08-13,Monthly,2,466.65,Cancelled
501695,10037,20,2024-09-22,,Monthly,1,271.52,Active
501696,17172,30,2026-01-14,2026-04-17,Annual,2,1568.61,Cancelled
501697,13075,15,2026-05-11,,Monthly,1,796.27,Active
501698,11591,23,2025-03-14,,Monthly,1,307.48,Active
501699,12662,21,2026-07-30,,Monthly,1,963.66,Active
501700,10083,5,2025-07-21,2025-11-20,Annual,2,445.12,Expired
501701,17888,19,2024-12-15,,Monthly,1,82.59,Active
501702,14639,15,2025-05-18,,Monthly,2,1586.43,Active
501703,11426,15,2026-01-18,,Monthly,1,669.2,Active
501704,18517,15,2024-01-29,2025-01-05,Monthly,2,1489.3,Expired
501705,12962,16,2026-05-03,,Monthly,3,340.92,Active
501706,14858,8,2024-07-11,,Monthly,3,808.12,Active
501707,17307,5,2025-10-10,,Annual,2,530.67,Active
501708,15976,8,2026-03-03,,Monthly,3,891.64,Active
501709,10306,28,2024-09-04,,Monthly,2,206.19,Active
501710,14962,30,2025-05-16,2025-10-15,Monthly,1,688.88,Expired
501711,12776,11,2025-10-12,,Monthly,2,714.26,Active
501712,18781,4,2024-10-16,2025-01-02,Monthly,1,108.8,Cancelled
501713,19995,16,2025-11-23,,Monthly,1,120.74,Active
501714,15940,24,2025-05-15,,Monthly,1,869.97,Active
501715,18561,18,2026-08-31,,Annual,3,2419.57,Active
501716,15852,10,2024-12-08,,Monthly,3,305.52,Active
501717,16541,11,2024-06-14,,Annual,1,302.38,Active
501718,12783,18,2026-08-08,,Monthly,3,2679.15,Active
501719,14311,3,2026-08-24,,Monthly,2,1399.77,Active
501720,12234,16,2025-09-14,2026-08-31,Monthly,1,96.28,Expired
501721,17407,4,2024-12-16,2025-08-24,Annual,1,97.5,Expired
501722,17756,25,2026-01-09,,Monthly,1,98.94,Active
501723,14146,13,2026-08-31,2026-08-31,Monthly,1,106.26,Cancelled
501724,13156,17,2026-07-01,,Annual,2,515.72,Active
501725,10730,22,2025-10-14,2026-08-31,Monthly,1,99.41,Cancelled
501726,12608,24,2024-07-21,,Monthly,1,890.53,Active
501727,15036,5,2026-08-31,,Monthly,1,242.16,Active
501728,18817,29,2026-08-31,2026-08-31,Monthly,3,868.67,Cancelled
501729,16509,29,2025-07-07,2026-04-29,Annual,1,262.93,Cancelled
501730,15193,6,2024-11-15,,Monthly,3,2728.0,Active
501731,15781,20,2026-08-21,,Annual,1,250.97,Active
501732,13747,7,2025-07-16,2026-01-03,Annual,1,113.05,Cancelled
501733,15187,26,2025-07-14,,Monthly,4,1131.48,Active
501734,19000,24,2026-01-15,,Monthly,1,835.57,Active
501735,19825,23,2024-11-26,,Monthly,1,366.12,Active
501736,12800,29,2025-01-09,,Monthly,1,278.36,Active
501737,10041,11,2026-08-31,2026-08-31,Monthly,1,356.47,Expired
501738,12747,8,2024-12-07,2025-12-28,Monthly,1,292.55,Cancelled
501739,13931,20,2024-12-10,2025-08-29,Monthly,2,571.64,Expired
501740,19927,27,2025-06-08,,Monthly,2,1890.19,Active
501741,11520,30,2024-12-26,,Monthly,2,1626.89,Active
501742,18813,12,2025-10-03,2026-07-07,Monthly,1,1091.97,Cancelled
501743,13827,1,2024-05-10,,Monthly,5,604.68,Active
501744,17672,3,2026-02-21,2026-08-31,Monthly,2,1460.82,Cancelled
501745,13537,30,2025-07-25,,Monthly,1,675.26,Active
501746,17487,30,2025-09-17,,Monthly,1,787.23,Active
501747,10461,29,2024-07-04,,Monthly,2,613.04,Active
501748,12310,14,2025-03-10,,Annual,1,276.39,Active
501749,11424,11,2025-09-03,2026-06-14,Annual,1,290.37,Cancelled
501750,17779,24,2026-05-07,2026-08-31,Monthly,2,1670.88,Cancelled
501751,17671,15,2026-08-31,,Monthly,1,776.13,Active
501752,10949,21,2024-12-30,2025-10-10,Monthly,2,1892.98,Expired
501753,14054,13,2025-05-05,2026-06-23,Monthly,3,296.36,Cancelled
501754,16129,23,2024-03-30,2024-10-11,Monthly,2,600.6,Expired
501755,19098,14,2024-04-23,2024-11-14,Monthly,1,268.99,Cancelled
501756,15146,25,2026-08-31,2026-08-31,Monthly,1,101.24,Expired
501757,19956,7,2024-10-01,,Monthly,1,102.85,Active
501758,17575,11,2025-10-19,2026-07-10,Monthly,1,302.55,Cancelled
501759,18834,22,2025-06-25,,Monthly,1,104.08,Active
501760,19722,1,2025-05-04,,Monthly,1,111.08,Active
501761,16485,8,2025-06-18,2026-08-31,Monthly,1,293.41,Cancelled
501762,16958,11,2024-08-28,,Monthly,1,324.29,Active
501763,15584,5,2025-04-11,,Annual,2,532.11,Active
501764,18490,28,2024-04-20,,Monthly,1,115.77,Active
501765,17367,1,2026-08-02,,Monthly,1,98.0,Active
501766,14022,26,2026-04-18,,Monthly,1,244.77,Active
501767,10081,2,2025-06-03,,Monthly,1,372.99,Active
501768,19032,8,2024-09-20,,Monthly,1,263.47,Active
501769,11170,23,2025-10-28,2026-03-07,Monthly,1,338.64,Cancelled
501770,18197,14,2025-12-17,,Annual,2,586.5,Active
501771,10421,18,2026-02-12,2026-08-31,Annual,1,873.93,Cancelled
501772,16963,20,2026-04-17,,Annual,2,472.77,Active
501773,18117,2,2026-08-31,,Monthly,1,367.17,Active
501774,12357,5,2025-09-29,,Monthly,1,244.39,Active
501775,11499,29,2024-05-20,,Monthly,3,956.29,Active
501776,16899,11,2025-08-17,2026-08-31,Monthly,1,290.96,Cancelled
501777,19189,11,2025-11-19,2026-08-17,Annual,1,316.53,Expired
501778,12401,6,2025-04-01,,Annual,1,788.11,Active
501779,16015,28,2026-03-08,,Monthly,1,118.88,Active
501780,19953,23,2025-06-19,2025-08-09,Monthly,1,318.13,Expired
501781,19962,18,2024-12-01,,Monthly,3,2558.46,Active
501782,16390,26,2024-07-27,2026-01-03,Monthly,1,278.01,Expired
501783,17240,22,2024-07-14,,Monthly,1,96.87,Active
501784,14747,19,2025-07-27,,Monthly,1,86.35,Active
501785,10875,28,2025-06-18,,Monthly,2,200.65,Active
501786,16185,3,2024-11-30,,Monthly,2,1495.83,Active
501787,14876,28,2024-12-04,,Monthly,2,191.48,Active
501788,12405,23,2024-08-14,,Monthly,2,646.37,Active
501789,11721,15,2025-04-29,2026-03-07,Monthly,2,1441.84,Cancelled
501790,18399,23,2026-08-31,2026-08-31,Monthly,3,1001.57,Cancelled
501791,10805,2,2024-11-26,2025-05-31,Monthly,3,924.1,Cancelled
501792,17532,3,2025-09-04,,Monthly,1,815.26,Active
501793,15976,30,2026-02-15,,Annual,1,688.72,Active
501794,11964,27,2025-10-18,2026-02-24,Annual,1,959.35,Cancelled
501795,13577,12,2024-11-05,,Monthly,1,1122.25,Active
501796,10973,22,2026-07-15,,Monthly,1,117.37,Active
501797,14518,11,2025-07-26,,Monthly,3,956.88,Active
501798,15972,14,2026-08-31,,Annual,3,889.62,Active
501799,14512,21,2025-02-27,,Monthly,4,3183.24,Active
501800,15527,7,2026-05-29,,Monthly,1,103.29,Active
501801,11090,23,2026-08-19,,Monthly,1,350.99,Active
501802,14293,13,2024-12-21,,Monthly,1,106.3,Active
501803,10054,18,2026-04-01,,Monthly,2,1818.91,Active
501804,17586,20,2025-03-25,,Annual,2,460.0,Active
501805,19198,23,2025-12-25,,Monthly,1,313.36,Active
501806,10278,2,2024-11-25,,Annual,3,986.59,Active
501807,13523,2,2026-08-17,,Monthly,1,347.47,Active
501808,14702,19,2025-11-26,2026-08-31,Monthly,1,88.99,Cancelled
501809,10667,26,2024-02-07,,Monthly,3,722.39,Active
501810,17916,24,2025-04-29,,Annual,1,750.14,Active
501811,13709,17,2026-04-16,,Monthly,1,253.57,Active
501812,16271,13,2026-03-07,2026-08-31,Annual,2,225.13,Expired
501813,16788,10,2024-03-06,,Monthly,3,323.54,Active
501814,14720,18,2026-07-20,,Monthly,1,819.37,Active
501815,15548,7,2026-07-14,,Monthly,1,114.17,Active
501816,10492,10,2025-08-25,,Monthly,3,313.15,Active
501817,12870,18,2025-06-23,,Monthly,3,2436.74,Active
501818,13309,26,2026-02-04,,Monthly,2,571.41,Active
501819,12722,22,2026-04-17,,Monthly,1,101.72,Active
501820,15568,20,2024-12-06,,Annual,2,500.08,Active
501821,16302,23,2025-04-03,,Monthly,1,324.5,Active
501822,16038,26,2026-02-02,2026-08-14,Annual,2,495.85,Cancelled
501823,13837,15,2025-07-23,2026-06-20,Monthly,1,716.45,Cancelled
501824,13198,23,2025-03-02,2025-09-11,Monthly,1,374.2,Cancelled
501825,16052,5,2024-11-29,,Monthly,1,259.02,Active
501826,18670,17,2025-02-26,,Monthly,1,301.8,Active
501827,12407,15,2025-08-01,2026-08-31,Monthly,2,1548.34,Cancelled
501828,11091,10,2026-02-13,2026-05-20,Monthly,2,210.02,Expired
501829,13505,15,2026-07-13,2026-08-31,Monthly,1,704.08,Expired
501830,12433,25,2024-11-10,2025-09-23,Monthly,2,226.6,Expired
501831,18327,1,2025-06-16,2025-10-07,Annual,1,103.49,Cancelled
501832,18476,26,2025-12-06,,Monthly,1,232.1,Active
501833,15547,17,2024-08-28,2025-09-11,Monthly,1,241.8,Expired
501834,13987,12,2024-09-15,2025-07-31,Monthly,1,1147.69,Cancelled
501835,13932,18,2025-06-06,,Monthly,3,2768.62,Active
501836,12638,26,2025-10-06,,Monthly,2,482.76,Active
501837,12085,21,2025-09-12,,Monthly,2,1661.19,Active
501838,15411,27,2025-10-22,,Monthly,2,2076.29,Active
501839,16054,2,2025-01-02,,Annual,1,359.84,Active
501840,15773,12,2024-09-17,,Annual,1,1035.76,Active
501841,14040,7,2024-07-01,,Monthly,1,102.85,Active
501842,17913,30,2026-03-21,,Monthly,1,718.58,Active
501843,13219,18,2026-05-09,2026-08-31,Monthly,1,865.44,Expired
501844,17187,5,2025-07-12,2026-01-02,Monthly,1,224.98,Expired
501845,16405,24,2025-03-01,,Monthly,3,2757.56,Active
501846,13613,17,2025-05-29,,Monthly,1,297.45,Active
501847,15884,6,2025-11-06,,Monthly,1,925.14,Active
501848,12151,19,2025-04-11,,Annual,3,241.27,Active
501849,12132,12,2025-09-24,,Monthly,1,1188.45,Active
501850,13722,20,2025-06-25,2025-08-12,Monthly,1,237.45,Cancelled
501851,17674,16,2024-11-19,,Annual,1,102.83,Active
501852,17805,2,2024-09-11,,Monthly,1,342.85,Active
501853,17773,16,2024-12-05,2025-03-25,Monthly,2,209.13,Cancelled
501854,13864,5,2026-04-01,2026-08-31,Annual,1,252.01,Expired
501855,16096,19,2025-11-02,,Monthly,2,158.76,Active
501856,19786,4,2025-01-17,,Monthly,2,212.41,Active
501857,16084,15,2024-07-30,,Annual,1,684.31,Active
501858,17751,26,2024-06-25,,Annual,1,265.08,Active
501859,12921,16,2025-03-31,,Monthly,1,97.79,Active
501860,16290,5,2026-08-31,,Monthly,1,276.28,Active
501861,13979,7,2026-08-05,2026-08-31,Monthly,1,94.46,Expired
501862,18878,2,2026-08-31,2026-08-31,Monthly,1,348.8,Expired
501863,18586,1,2026-03-27,,Monthly,3,357.35,Active
501864,18064,28,2026-05-07,2026-08-31,Annual,1,101.85,Expired
501865,18373,25,2025-08-24,,Monthly,2,192.8,Active
501866,15398,30,2026-02-09,,Monthly,1,817.47,Active
501867,18608,13,2026-08-31,2026-08-31,Monthly,1,107.74,Cancelled
501868,10416,25,2024-08-31,,Monthly,1,106.19,Active
501869,18555,10,2026-08-31,,Monthly,1,114.09,Active
501870,15900,25,2026-01-05,,Annual,1,114.6,Active
501871,18416,28,2026-08-29,2026-08-31,Monthly,1,101.7,Expired
501872,17323,14,2025-12-17,,Monthly,1,324.96,Active
501873,14747,11,2025-07-12,,Annual,2,594.94,Active
501874,18063,12,2026-04-09,,Monthly,3,2911.85,Active
501875,13494,20,2024-03-13,,Monthly,2,572.35,Active
501876,14605,11,2024-12-24,,Monthly,4,1341.3,Active
501877,19580,2,2026-05-12,,Monthly,1,319.44,Active
501878,15537,10,2026-04-25,2026-08-31,Annual,1,112.16,Cancelled
501879,17623,13,2026-03-31,2026-08-31,Monthly,1,115.94,Cancelled
501880,14193,10,2025-05-29,,Monthly,2,222.06,Active
501881,10143,4,2025-03-13,,Monthly,1,117.83,Active
501882,19931,14,2024-11-16,,Monthly,2,549.91,Active
501883,11565,30,2025-05-12,,Monthly,2,1349.11,Active
501884,15692,24,2025-12-16,2026-04-15,Monthly,2,1751.69,Cancelled
501885,16842,24,2025-06-07,,Monthly,1,850.47,Active
501886,18540,22,2026-08-31,,Monthly,1,96.48,Active
501887,17639,10,2026-04-06,2026-05-20,Monthly,2,227.19,Cancelled
501888,18140,15,2026-08-31,2026-08-31,Monthly,2,1524.29,Cancelled
501889,11096,28,2024-07-17,,Monthly,3,282.47,Active
501890,13470,26,2026-08-17,,Annual,1,237.69,Active
501891,15632,29,2024-12-25,,Monthly,1,293.32,Active
501892,18355,21,2026-07-23,2026-08-31,Monthly,1,955.77,Expired
501893,15646,11,2025-10-27,,Monthly,1,332.4,Active
501894,19326,20,2024-10-11,,Monthly,1,233.11,Active
501895,14070,18,2026-07-07,,Annual,1,775.25,Active
501896,13700,12,2026-08-21,,Monthly,1,1149.43,Active
501897,15499,13,2026-06-15,2026-08-31,Annual,1,99.12,Cancelled
501898,11119,16,2025-01-10,,Monthly,1,101.28,Active
501899,10514,25,2025-05-21,,Monthly,1,109.78,Active
501900,12989,22,2026-08-08,,Monthly,2,235.81,Active
501901,14127,1,2024-12-22,,Annual,3,302.6,Active
501902,13831,21,2025-01-29,2025-09-09,Annual,1,859.11,Cancelled
501903,11724,2,2026-05-18,2026-08-31,Monthly,1,356.68,Cancelled
501904,18417,12,2025-11-15,,Monthly,4,3838.33,Active
501905,16151,30,2025-09-07,,Monthly,2,1470.03,Active
501906,14432,5,2024-03-13,,Monthly,1,241.9,Active
501907,15515,17,2026-04-05,,Monthly,1,253.26,Active
501908,16679,19,2025-05-17,2025-07-31,Annual,3,222.93,Cancelled
501909,10033,12,2026-08-31,2026-08-31,Annual,2,2395.91,Cancelled
501910,19113,28,2025-08-14,2026-05-23,Monthly,2,202.38,Cancelled
501911,19608,15,2026-04-03,,Monthly,2,1596.33,Active
501912,11274,23,2026-03-22,,Monthly,4,1334.11,Active
501913,14017,24,2026-08-31,,Monthly,2,1730.98,Active
501914,18385,14,2024-09-24,2025-05-18,Monthly,1,268.84,Cancelled
501915,12222,6,2025-06-02,2026-01-27,Monthly,1,832.97,Cancelled
501916,15212,4,2026-04-05,2026-08-29,Annual,1,119.82,Expired
501917,14961,14,2025-04-13,2026-06-13,Monthly,1,288.81,Expired
501918,17190,11,2025-04-10,,Monthly,1,367.7,Active
501919,16113,25,2024-09-18,,Monthly,3,326.47,Active
501920,10656,5,2026-08-31,2026-08-31,Monthly,1,253.82,Cancelled
501921,19483,13,2024-11-17,,Monthly,2,222.04,Active
501922,18391,4,2026-03-11,2026-08-31,Monthly,3,307.9,Cancelled
501923,19476,24,2025-09-14,,Monthly,1,899.89,Active
501924,10604,5,2024-09-16,2026-01-26,Monthly,1,251.43,Cancelled
501925,17213,20,2024-11-27,,Annual,1,234.38,Active
501926,14684,2,2026-03-23,,Monthly,1,348.71,Active
501927,17516,11,2025-03-25,,Monthly,2,703.84,Active
501928,13750,24,2025-12-15,,Monthly,3,2478.25,Active
501929,13535,29,2025-12-14,,Monthly,1,296.69,Active
501930,14526,26,2025-03-27,,Monthly,3,787.66,Active
501931,13226,18,2026-05-07,,Annual,1,776.48,Active
501932,19186,21,2024-07-07,,Monthly,3,2399.51,Active
501933,13573,19,2024-10-14,2025-11-02,Annual,3,223.19,Cancelled
501934,12957,18,2024-07-25,,Monthly,1,811.66,Active
501935,13806,4,2025-10-14,2026-08-31,Monthly,1,100.3,Cancelled
501936,12864,15,2026-04-06,2026-08-31,Monthly,3,2236.14,Expired
501937,15968,12,2025-05-13,2025-07-07,Monthly,1,1110.06,Cancelled
501938,10314,13,2024-07-03,,Annual,1,97.6,Active
501939,15188,11,2026-02-22,2026-08-31,Annual,1,355.89,Expired
501940,17514,7,2025-04-27,2026-06-26,Monthly,1,96.0,Expired
501941,13535,4,2025-12-15,2026-06-02,Monthly,1,106.3,Cancelled
501942,12980,12,2025-01-17,,Annual,1,1139.96,Active
501943,17670,9,2026-08-31,2026-08-31,Monthly,2,1963.2,Cancelled
501944,11890,22,2025-09-20,2026-08-13,Monthly,2,200.68,Expired
501945,19808,18,2025-02-01,2025-10-16,Monthly,1,842.59,Cancelled
501946,19061,24,2026-07-16,,Monthly,1,917.73,Active
501947,15411,26,2025-10-18,,Annual,2,571.66,Active
501948,10300,21,2025-07-21,,Monthly,1,792.82,Active
501949,13523,30,2026-08-31,2026-08-31,Monthly,1,769.63,Cancelled
501950,17495,30,2026-05-08,,Monthly,1,670.49,Active
501951,17534,27,2024-10-13,2025-08-20,Annual,1,937.49,Cancelled
501952,10280,27,2024-12-16,,Monthly,1,988.89,Active
501953,11885,11,2026-07-22,2026-08-31,Monthly,2,705.46,Cancelled
501954,16288,12,2025-09-27,,Monthly,2,1977.04,Active
501955,15985,25,2026-04-13,,Monthly,1,107.61,Active
501956,10793,3,2025-01-23,2026-01-07,Annual,1,703.41,Cancelled
501957,12826,26,2024-08-30,,Annual,1,276.29,Active
501958,14104,11,2025-10-10,2026-08-31,Monthly,1,310.76,Cancelled
501959,11892,30,2025-04-23,,Monthly,1,742.17,Active
501960,15799,18,2025-12-30,,Monthly,1,887.21,Active
501961,15327,27,2025-10-23,2026-08-31,Annual,1,1008.9,Expired
501962,16509,26,2025-03-26,,Monthly,1,236.87,Active
501963,11185,4,2025-12-29,,Annual,2,216.16,Active
501964,15971,4,2024-10-11,,Monthly,2,224.5,Active
501965,15407,27,2026-01-12,2026-08-31,Monthly,1,978.82,Cancelled
501966,16447,29,2024-08-24,2025-10-21,Monthly,1,264.92,Cancelled
501967,18639,1,2024-12-29,2025-04-23,Monthly,2,239.17,Cancelled
501968,18493,8,2025-06-11,,Monthly,1,275.49,Active
501969,17373,16,2024-09-04,,Monthly,5,515.81,Active
501970,12678,24,2025-08-03,2025-09-27,Monthly,2,1555.77,Expired
501971,16352,22,2024-10-05,,Annual,1,98.76,Active
501972,11319,18,2024-11-18,,Monthly,1,801.71,Active
501973,10728,18,2024-08-11,2025-07-05,Monthly,1,868.51,Cancelled
501974,14648,14,2024-01-09,,Monthly,1,276.75,Active
501975,10878,13,2025-04-03,,Monthly,1,98.25,Active
501976,16069,4,2024-09-12,2025-07-23,Annual,6,641.67,Cancelled
501977,18223,25,2024-12-03,2025-12-31,Annual,1,107.1,Cancelled
501978,12263,16,2026-07-02,,Annual,1,111.91,Active
501979,17868,16,2025-03-16,2026-02-07,Monthly,2,233.96,Cancelled
501980,11389,20,2026-08-06,,Annual,1,242.07,Active
501981,11442,25,2024-09-18,,Monthly,1,106.26,Active
501982,11451,22,2024-04-15,,Monthly,1,107.9,Active
501983,14800,3,2025-06-17,,Monthly,1,670.83,Active
501984,14045,13,2026-03-26,2026-08-31,Monthly,2,240.08,Cancelled
501985,19631,5,2025-01-01,2026-01-27,Monthly,3,676.12,Expired
501986,15994,3,2026-02-13,,Monthly,2,1517.88,Active
501987,18024,19,2025-11-15,,Annual,1,83.62,Active
501988,11643,19,2024-04-18,2024-09-11,Annual,1,80.64,Expired
501989,14454,18,2026-08-31,,Monthly,2,1873.99,Active
501990,10516,24,2025-12-07,2026-08-31,Monthly,1,902.73,Expired
501991,14228,6,2024-06-14,2025-08-24,Monthly,2,1754.66,Cancelled
501992,14614,21,2024-11-24,,Monthly,3,2862.38,Active
501993,14802,27,2026-08-31,,Monthly,2,2190.98,Active
501994,19798,29,2025-04-27,,Monthly,1,283.83,Active
501995,10319,4,2024-07-13,2025-12-21,Annual,2,193.98,Expired
501996,16556,2,2026-08-31,2026-08-31,Monthly,1,303.04,Cancelled
501997,16436,6,2025-11-08,,Monthly,1,849.23,Active
501998,18953,29,2024-01-31,2025-05-12,Monthly,1,318.48,Expired
501999,14318,23,2026-07-19,,Monthly,3,1135.67,Active
502000,19120,27,2025-10-01,,Annual,2,1984.84,Active
502001,11107,11,2024-06-10,2025-06-01,Monthly,4,1260.97,Cancelled
502002,18834,21,2025-07-28,,Monthly,2,1824.72,Active
502003,10134,13,2025-01-02,2025-04-25,Monthly,3,328.76,Cancelled
502004,11113,9,2026-08-31,2026-08-31,Monthly,2,1833.33,Expired
502005,16136,30,2024-10-19,2025-07-09,Monthly,1,700.05,Cancelled
502006,14729,10,2024-11-06,,Annual,1,112.99,Active
502007,15946,14,2025-03-01,2025-07-01,Annual,3,803.66,Cancelled
502008,13969,3,2026-08-23,,Monthly,1,682.7,Active
502009,17698,3,2025-10-26,,Monthly,1,666.15,Active
502010,17210,30,2025-01-31,,Monthly,2,1320.71,Active
502011,11223,28,2024-08-04,2024-09-27,Annual,2,202.0,Expired
502012,16663,24,2025-07-01,,Monthly,1,848.37,Active
502013,10632,18,2024-06-18,2025-01-18,Annual,2,1833.39,Cancelled
502014,18978,22,2026-05-27,2026-08-31,Monthly,1,113.47,Expired
502015,18387,8,2025-07-24,2025-10-13,Monthly,4,1017.97,Expired
502016,11890,2,2025-10-24,,Annual,4,1513.63,Active
502017,11155,3,2026-05-10,,Monthly,1,721.72,Active
502018,10170,14,2025-04-27,,Monthly,3,906.91,Active
502019,11204,13,2026-08-31,,Annual,2,242.39,Active
502020,18011,16,2024-06-16,2024-12-16,Monthly,1,105.61,Cancelled
502021,19396,28,2026-08-31,,Monthly,2,218.54,Active
502022,15830,2,2025-06-04,,Annual,1,341.72,Active
502023,11232,16,2025-05-28,2026-08-31,Monthly,2,233.18,Expired
502024,15107,5,2024-11-26,,Monthly,1,238.62,Active
502025,14598,15,2026-08-31,,Monthly,1,799.26,Active
502026,18320,5,2026-04-16,2026-08-31,Monthly,1,219.16,Cancelled
502027,18856,14,2024-10-13,2025-04-25,Monthly,2,594.54,Expired
502028,16627,8,2024-03-28,,Monthly,1,286.88,Active
502029,12606,9,2026-02-10,,Monthly,1,977.89,Active
502030,18857,23,2026-04-12,,Monthly,3,1083.73,Active
502031,14480,14,2026-02-12,,Monthly,1,296.2,Active
502032,15435,12,2025-07-25,,Annual,2,2035.79,Active
502033,19783,5,2024-12-19,2025-05-24,Monthly,1,223.17,Cancelled
502034,16763,28,2026-05-09,,Monthly,1,117.78,Active
502035,12941,27,2024-11-27,,Monthly,1,990.87,Active
502036,16351,30,2024-05-01,2025-04-07,Annual,1,801.87,Expired
502037,17657,8,2026-04-16,,Monthly,3,846.88,Active
502038,12890,11,2026-04-29,2026-08-31,Monthly,2,668.85,Expired
502039,16359,10,2026-01-21,,Monthly,1,101.71,Active
502040,19941,8,2024-09-14,,Monthly,1,258.47,Active
502041,17214,20,2024-11-22,,Annual,1,255.58,Active
502042,13573,14,2024-07-31,,Monthly,1,264.14,Active
502043,13747,14,2025-08-06,,Monthly,2,628.04,Active
502044,12488,10,2024-09-17,,Monthly,2,210.4,Active
502045,17163,26,2026-03-22,,Annual,4,1039.1,Active
502046,19532,3,2025-01-26,2026-02-08,Monthly,1,750.43,Cancelled
502047,15763,1,2026-08-08,,Monthly,2,241.95,Active
502048,12001,2,2026-04-15,,Annual,1,340.93,Active
502049,18712,9,2026-03-17,2026-08-31,Monthly,1,1002.74,Expired
502050,10324,26,2025-10-12,2025-12-21,Monthly,1,256.59,Cancelled
502051,12831,13,2024-06-14,,Monthly,4,433.06,Active
502052,14915,12,2024-07-13,2025-12-06,Monthly,2,2390.89,Cancelled
502053,10826,15,2024-09-08,,Monthly,2,1417.05,Active
502054,18834,11,2025-11-28,2026-08-31,Monthly,1,327.43,Cancelled
502055,13259,30,2026-05-21,,Monthly,1,804.93,Active
502056,12776,22,2025-08-08,2025-09-23,Annual,1,101.31,Cancelled
502057,17471,9,2024-04-29,,Monthly,2,1814.31,Active
502058,17564,28,2025-11-14,2026-08-31,Monthly,1,116.79,Cancelled
502059,15142,26,2024-08-23,,Monthly,1,229.49,Active
502060,14870,14,2026-07-11,,Monthly,1,294.45,Active
502061,15338,5,2025-06-18,2025-10-05,Monthly,1,225.87,Cancelled
502062,15468,9,2026-08-31,,Annual,1,940.39,Active
502063,11503,22,2026-06-27,,Monthly,1,105.08,Active
502064,11063,18,2026-04-12,2026-06-13,Monthly,1,958.18,Expired
502065,11555,24,2026-01-09,2026-08-31,Monthly,1,916.47,Cancelled
502066,13492,9,2026-01-05,2026-07-30,Monthly,1,923.22,Cancelled
502067,11520,7,2024-11-29,,Monthly,1,109.42,Active
502068,18685,4,2025-09-28,,Monthly,1,106.93,Active
502069,14500,4,2026-08-31,2026-08-31,Annual,2,202.41,Cancelled
502070,19506,15,2025-06-02,,Annual,3,2517.3,Active
502071,15355,17,2024-03-03,,Monthly,2,520.14,Active
502072,17294,14,2025-01-27,,Monthly,2,516.34,Active
502073,19440,21,2026-03-24,,Monthly,1,867.44,Active
502074,10291,12,2024-07-31,2026-01-01,Monthly,1,1168.15,Cancelled
502075,13122,28,2024-09-08,,Monthly,1,101.68,Active
502076,15909,17,2025-08-20,2026-06-13,Monthly,3,736.42,Expired
502077,11017,19,2026-02-23,,Monthly,2,155.59,Active
502078,10046,22,2026-03-14,,Monthly,1,106.52,Active
502079,14584,12,2026-04-11,2026-08-31,Monthly,1,1136.65,Expired
502080,11715,26,2025-07-04,,Annual,2,514.38,Active
502081,15320,28,2025-07-19,2026-03-10,Annual,1,114.22,Expired
502082,14480,10,2026-04-27,2026-08-31,Monthly,2,221.3,Expired
502083,15952,14,2025-12-25,,Monthly,2,544.39,Active
502084,15703,6,2026-08-31,2026-08-31,Monthly,1,799.14,Cancelled
502085,18762,6,2024-08-03,,Monthly,1,795.7,Active
502086,12230,4,2025-08-04,,Monthly,1,121.71,Active
502087,14326,29,2025-08-05,2026-01-28,Monthly,4,1298.09,Cancelled
502088,18289,14,2024-07-04,,Monthly,3,906.71,Active
502089,10484,14,2024-06-26,,Monthly,2,641.12,Active
502090,14855,7,2026-06-05,2026-08-31,Monthly,4,458.4,Cancelled
502091,18922,11,2024-08-28,,Monthly,3,1068.23,Active
502092,19472,26,2024-10-26,2026-04-11,Annual,2,524.3,Cancelled
502093,14011,26,2024-01-28,,Monthly,1,237.32,Active
502094,17591,5,2025-02-01,2026-02-20,Monthly,2,459.4,Cancelled
502095,10225,29,2026-08-14,,Annual,1,277.51,Active
502096,10153,24,2024-09-22,,Monthly,1,867.08,Active
502097,12872,9,2025-12-15,,Monthly,1,1003.09,Active
502098,11850,29,2024-11-15,,Annual,1,305.51,Active
502099,14554,8,2026-05-22,,Monthly,2,581.34,Active
502100,15386,29,2026-05-25,,Monthly,1,283.11,Active
502101,19370,19,2024-06-27,2025-04-02,Monthly,1,85.49,Cancelled
502102,10107,22,2026-04-22,2026-08-31,Monthly,2,203.6,Expired
502103,10441,18,2025-09-01,,Annual,1,935.43,Active
502104,10427,28,2025-07-16,,Monthly,3,344.48,Active
502105,18736,24,2024-11-09,2026-01-02,Annual,1,939.33,Cancelled
502106,12389,10,2025-07-09,,Monthly,3,331.25,Active
502107,10906,29,2024-04-07,2024-06-26,Annual,2,630.71,Cancelled
502108,12981,22,2025-05-10,2026-06-01,Monthly,3,346.18,Cancelled
502109,16548,1,2025-02-10,,Monthly,1,110.51,Active
502110,13133,21,2024-10-04,,Annual,2,1684.08,Active
502111,11507,9,2025-09-24,2025-12-31,Monthly,2,1866.84,Expired
502112,14283,6,2025-04-09,,Monthly,1,760.62,Active
502113,13410,4,2024-10-12,,Annual,1,117.42,Active
502114,12414,9,2024-09-03,,Monthly,1,954.96,Active
502115,18604,10,2025-09-15,2026-08-25,Monthly,2,238.99,Cancelled
502116,14906,18,2024-10-05,2025-03-14,Monthly,2,1633.59,Cancelled
502117,15956,8,2024-03-28,,Monthly,2,574.73,Active
502118,12449,24,2025-04-12,2025-10-09,Monthly,2,1741.67,Cancelled
502119,18390,22,2026-04-14,2026-08-31,Monthly,1,109.33,Cancelled
502120,18950,7,2025-06-27,,Annual,4,377.43,Active
502121,12525,25,2025-07-25,,Monthly,2,212.05,Active
502122,16907,14,2025-01-20,2025-03-30,Monthly,1,265.52,Expired
502123,14800,21,2025-06-26,,Monthly,2,1758.08,Active
502124,16410,3,2025-05-05,,Monthly,2,1484.53,Active
502125,12054,20,2026-05-29,2026-08-19,Monthly,1,258.53,Cancelled
502126,19649,10,2026-01-20,,Monthly,1,103.63,Active
502127,18522,24,2026-07-02,,Monthly,1,879.48,Active
502128,14545,5,2025-04-25,2025-07-02,Monthly,1,245.98,Cancelled
502129,15540,15,2026-05-20,2026-08-31,Monthly,2,1329.13,Cancelled
502130,14752,19,2026-08-31,,Annual,3,218.47,Active
502131,15297,5,2025-03-03,2026-03-19,Monthly,3,806.02,Expired
502132,13189,12,2024-02-16,,Monthly,1,966.05,Active
502133,12853,13,2025-11-23,,Annual,2,197.5,Active
502134,11466,25,2025-03-10,,Monthly,1,105.52,Active
502135,11061,10,2025-10-31,,Monthly,1,111.48,Active
502136,19609,20,2026-07-09,,Monthly,2,519.65,Active
502137,15269,3,2025-08-04,,Monthly,3,2438.42,Active
502138,15536,13,2024-12-22,,Monthly,3,336.94,Active
502139,11531,23,2024-09-12,2025-05-22,Monthly,1,362.47,Expired
502140,15573,9,2026-08-31,,Annual,4,3308.43,Active
502141,10730,17,2025-12-21,,Monthly,1,241.08,Active
502142,15993,4,2025-09-12,2025-11-07,Monthly,1,101.87,Cancelled
502143,17145,18,2025-08-27,2026-03-06,Monthly,1,809.77,Cancelled
502144,16444,1,2024-06-15,,Monthly,2,240.73,Active
502145,17116,13,2024-07-12,2025-08-28,Monthly,2,238.87,Cancelled
502146,11861,25,2025-11-04,,Annual,1,99.31,Active
502147,10400,19,2026-01-17,2026-05-28,Annual,2,175.97,Expired
502148,16697,9,2026-08-31,,Monthly,1,829.42,Active
502149,18191,19,2024-04-22,2025-09-04,Monthly,2,170.18,Expired
502150,10635,27,2025-11-25,,Monthly,1,984.2,Active
502151,19138,9,2024-11-05,2026-02-04,Annual,2,1761.58,Expired
502152,16497,6,2025-05-26,,Monthly,3,2230.27,Active
502153,18717,4,2024-12-26,,Monthly,1,107.36,Active
502154,15070,2,2025-02-28,,Monthly,1,317.3,Active
502155,12143,14,2024-07-24,,Monthly,2,537.44,Active
502156,15153,26,2025-02-14,,Monthly,1,267.7,Active
502157,17620,22,2025-07-20,2025-11-14,Monthly,4,471.34,Expired
502158,19113,29,2025-11-21,,Annual,1,279.92,Active
502159,16824,19,2025-05-19,,Monthly,4,300.21,Active
502160,14237,21,2026-08-31,,Monthly,1,802.91,Active
502161,16687,21,2025-08-05,2026-08-31,Annual,2,1907.25,Expired
502162,13950,10,2024-08-14,,Monthly,5,546.93,Active
502163,10901,16,2024-08-14,2026-01-08,Annual,1,105.66,Cancelled
502164,13383,15,2025-04-22,,Monthly,1,777.71,Active
502165,14263,11,2025-04-11,,Monthly,4,1472.23,Active
502166,14158,26,2026-05-18,,Monthly,2,490.08,Active
502167,10068,4,2025-03-20,,Monthly,1,119.03,Active
502168,12666,6,2024-05-23,2024-11-27,Annual,1,788.99,Cancelled
502169,19804,26,2024-08-08,,Monthly,1,258.27,Active
502170,19952,2,2024-10-11,2025-03-19,Monthly,2,698.41,Expired
502171,12403,4,2024-08-29,,Annual,2,208.42,Active
502172,13453,18,2025-12-09,,Monthly,1,906.73,Active
502173,19604,9,2026-07-23,,Monthly,1,984.21,Active
502174,11968,23,2025-12-09,,Monthly,2,678.65,Active
502175,17701,3,2024-11-23,,Monthly,1,779.85,Active
502176,15389,26,2025-08-14,,Monthly,1,256.18,Active
502177,12113,18,2026-08-31,2026-08-31,Annual,2,1681.96,Expired
502178,18541,3,2026-08-31,,Annual,1,800.99,Active
502179,14284,30,2026-08-31,,Monthly,1,727.15,Active
502180,13011,1,2025-05-07,2025-11-06,Monthly,1,122.47,Expired
502181,15974,8,2025-07-02,2025-12-14,Monthly,2,565.97,Cancelled
502182,15148,4,2025-11-26,2026-08-31,Monthly,1,100.66,Expired
502183,10426,16,2024-07-17,2025-05-11,Monthly,1,111.42,Cancelled
502184,11760,20,2024-06-18,,Monthly,1,238.39,Active
502185,15544,28,2025-09-09,,Monthly,1,100.53,Active
502186,17523,4,2025-06-30,2026-08-31,Monthly,3,301.79,Cancelled
502187,13492,19,2026-04-08,,Monthly,3,257.95,Active
502188,19200,21,2024-08-11,2025-02-21,Monthly,3,2761.77,Expired
502189,10821,3,2025-12-05,,Monthly,1,664.44,Active
502190,14154,4,2025-01-02,2026-05-28,Monthly,2,231.39,Expired
502191,16948,28,2024-10-19,2025-08-19,Monthly,1,99.41,Cancelled
502192,11475,19,2025-12-16,2026-03-08,Annual,1,73.91,Expired
502193,15664,11,2026-08-31,2026-08-31,Monthly,1,324.3,Cancelled
502194,19978,25,2024-11-21,,Annual,2,190.84,Active
502195,18119,29,2025-09-05,,Monthly,4,1273.65,Active
502196,13736,15,2026-03-29,,Monthly,1,837.52,Active
502197,19017,5,2025-12-16,2026-07-24,Monthly,1,229.1,Cancelled
502198,17986,14,2025-08-23,,Monthly,1,304.93,Active
502199,11956,28,2025-07-15,,Monthly,1,99.91,Active
502200,16658,3,2025-04-01,,Annual,1,676.13,Active
502201,16562,29,2025-03-04,,Monthly,1,309.37,Active
502202,13320,3,2026-04-01,,Monthly,1,814.02,Active
502203,13197,22,2025-09-23,,Monthly,1,102.47,Active
502204,12331,19,2026-05-23,,Monthly,1,87.61,Active
502205,15609,22,2025-07-03,,Monthly,1,99.75,Active
502206,11211,19,2025-06-17,,Monthly,2,151.07,Active
502207,11533,28,2024-04-22,2024-11-28,Monthly,1,118.76,Expired
502208,18162,25,2025-05-13,2026-03-11,Annual,1,98.8,Expired
502209,12493,13,2024-07-04,,Annual,1,109.97,Active
502210,16166,5,2026-08-31,,Monthly,3,768.59,Active
502211,18118,26,2025-01-20,2025-12-06,Monthly,1,282.19,Cancelled
502212,10177,17,2026-08-21,,Monthly,1,304.98,Active
502213,12086,20,2026-07-12,,Monthly,2,462.62,Active
502214,10403,12,2024-12-10,2026-05-27,Annual,1,1029.4,Cancelled
502215,13889,10,2024-10-02,2025-04-01,Monthly,1,120.81,Cancelled
502216,12923,16,2025-01-16,2025-12-15,Annual,1,103.81,Expired
502217,18548,1,2025-04-15,,Monthly,3,308.2,Active
502218,18291,15,2026-08-07,2026-08-31,Monthly,1,710.85,Expired
502219,12636,23,2026-08-31,2026-08-31,Monthly,1,323.57,Expired
502220,13153,2,2026-03-25,,Monthly,1,364.9,Active
502221,15265,15,2024-07-23,2025-02-17,Monthly,2,1428.07,Expired
502222,15474,6,2025-10-14,,Monthly,3,2738.1,Active
502223,11767,25,2025-11-12,,Monthly,1,96.43,Active
502224,16845,7,2024-07-28,,Monthly,2,221.08,Active
502225,12008,14,2026-01-08,2026-08-31,Annual,2,560.24,Expired
502226,19048,3,2026-08-15,2026-08-31,Monthly,2,1401.58,Expired
502227,12369,4,2025-11-16,2026-04-24,Monthly,1,120.9,Expired
502228,19716,17,2025-12-26,,Monthly,1,273.04,Active
502229,12792,17,2024-05-02,2024-10-11,Monthly,1,296.26,Expired
502230,13174,9,2024-12-28,2026-01-27,Annual,2,1781.72,Cancelled
502231,11088,19,2026-05-17,,Monthly,1,78.8,Active
502232,10187,6,2025-02-01,2025-12-12,Monthly,1,793.6,Expired
502233,15851,14,2026-01-29,,Monthly,1,305.18,Active
502234,18240,30,2026-08-31,,Monthly,1,735.11,Active
502235,14400,5,2025-04-04,,Annual,2,506.64,Active
502236,10826,25,2024-09-04,,Annual,2,201.12,Active
502237,10194,4,2024-12-20,2026-05-20,Annual,3,294.19,Expired
502238,16687,4,2025-05-28,,Monthly,2,199.95,Active
502239,10345,9,2024-01-09,2025-02-09,Monthly,1,821.13,Expired
502240,10273,7,2025-03-15,2026-01-11,Monthly,1,103.25,Cancelled
502241,17503,21,2026-06-26,,Monthly,2,1840.78,Active
502242,16866,16,2026-05-11,,Monthly,1,103.13,Active
502243,18286,15,2024-06-08,2025-02-12,Annual,3,2167.62,Expired
502244,14905,22,2026-05-17,,Monthly,1,109.91,Active
502245,19839,16,2024-11-01,,Monthly,1,96.53,Active
502246,10489,25,2026-08-31,,Annual,1,97.93,Active
502247,10552,13,2025-11-16,2026-08-31,Monthly,3,350.21,Cancelled
502248,14486,28,2025-05-30,2026-06-23,Monthly,1,105.68,Cancelled
502249,14937,22,2026-08-31,,Monthly,1,97.66,Active
502250,19287,19,2026-06-07,,Monthly,1,88.81,Active
502251,10887,27,2026-08-31,2026-08-31,Monthly,4,3797.16,Cancelled
502252,18921,7,2026-02-18,,Annual,1,107.56,Active
502253,15607,16,2025-11-19,,Annual,1,95.76,Active
502254,17156,27,2024-08-14,2024-10-21,Monthly,1,1063.2,Cancelled
502255,16405,29,2025-03-29,2026-01-15,Monthly,4,1127.21,Cancelled
502256,16717,1,2025-12-28,2026-08-31,Monthly,1,102.18,Expired
502257,15345,8,2024-08-12,,Annual,1,303.94,Active
502258,15899,30,2026-03-29,,Monthly,1,698.35,Active
502259,12278,21,2025-03-11,2026-07-17,Monthly,2,1622.73,Cancelled
502260,16114,18,2024-10-12,2024-12-11,Monthly,1,847.16,Expired
502261,14483,28,2025-03-13,,Annual,4,407.06,Active
502262,18249,30,2025-05-24,2026-07-18,Monthly,3,2052.81,Expired
502263,14595,29,2024-06-23,,Monthly,3,845.0,Active
502264,12560,25,2025-04-19,2026-07-22,Annual,3,320.36,Expired
502265,19203,3,2026-04-26,,Annual,2,1310.82,Active
502266,14625,12,2026-03-22,2026-08-31,Monthly,1,1189.2,Cancelled
502267,12475,18,2025-03-04,,Monthly,1,935.2,Active
502268,13453,11,2026-02-14,2026-08-31,Monthly,2,601.61,Cancelled
502269,15005,4,2024-08-23,,Monthly,1,101.13,Active
502270,13927,20,2025-09-10,2026-04-10,Monthly,3,732.41,Cancelled
502271,18759,10,2025-03-03,,Monthly,1,99.26,Active
502272,12133,21,2024-12-08,,Monthly,1,950.18,Active
502273,13813,20,2026-04-13,,Monthly,1,250.24,Active
502274,10922,28,2026-08-24,,Monthly,1,115.37,Active
502275,14140,30,2024-03-14,2024-08-14,Monthly,3,2100.68,Expired
502276,15625,15,2024-05-11,2025-07-18,Monthly,1,838.56,Expired
502277,12362,27,2026-06-28,,Monthly,7,7351.33,Active
502278,15754,26,2025-04-01,,Monthly,2,470.65,Active
502279,16307,12,2026-08-31,2026-08-31,Monthly,2,2217.9,Expired
502280,17864,8,2025-07-05,,Monthly,2,628.84,Active
502281,13937,10,2026-07-15,2026-08-31,Monthly,3,340.87,Cancelled
502282,13744,21,2025-10-15,,Annual,2,1902.43,Active
502283,17876,18,2025-03-22,2025-06-13,Annual,1,777.49,Expired
502284,14554,12,2026-06-14,2026-08-31,Monthly,3,3337.05,Expired
502285,16179,1,2025-01-07,2025-07-18,Monthly,1,97.17,Cancelled
502286,19273,14,2025-03-02,2026-08-06,Monthly,1,262.8,Cancelled
502287,15841,21,2024-07-04,2024-11-21,Annual,1,849.06,Cancelled
502288,18908,23,2024-09-26,2025-08-20,Monthly,2,628.08,Expired
502289,16999,3,2025-03-10,,Annual,1,696.06,Active
502290,12800,12,2025-02-17,,Monthly,1,1026.18,Active
502291,10460,2,2024-08-24,2025-04-27,Monthly,1,349.49,Cancelled
502292,19827,12,2026-01-15,,Annual,1,1099.8,Active
502293,12371,8,2025-01-27,,Monthly,2,598.96,Active
502294,19050,30,2025-11-26,,Monthly,2,1486.94,Active
502295,13653,8,2025-06-28,2026-04-25,Monthly,1,262.08,Expired
502296,11050,8,2026-08-31,2026-08-31,Monthly,1,283.05,Cancelled
502297,18029,23,2024-08-23,2025-07-15,Monthly,1,339.5,Cancelled
502298,16436,3,2025-09-15,,Annual,1,697.6,Active
502299,10672,22,2025-04-16,2026-07-14,Monthly,1,118.1,Expired
502300,12624,29,2026-08-31,2026-08-31,Monthly,1,276.93,Expired
502301,13246,2,2026-03-09,2026-08-31,Monthly,2,628.71,Cancelled
502302,16456,27,2025-06-25,2025-12-28,Annual,4,3631.99,Cancelled
502303,16981,12,2025-08-03,2026-08-31,Monthly,4,3896.6,Cancelled
502304,16390,21,2024-06-14,2025-08-26,Monthly,1,782.87,Cancelled
502305,16150,20,2026-05-28,2026-08-31,Monthly,1,234.07,Cancelled
502306,19347,12,2026-01-05,,Monthly,1,1033.15,Active
502307,17974,5,2024-12-28,,Monthly,3,700.63,Active
502308,17565,5,2025-10-24,2026-08-31,Monthly,1,244.2,Expired
502309,14109,18,2025-04-06,,Monthly,1,847.76,Active
502310,15015,25,2025-12-15,,Annual,2,203.21,Active
502311,12436,14,2024-05-22,2024-11-29,Monthly,1,296.76,Expired
502312,15837,15,2024-12-09,,Monthly,3,2315.71,Active
502313,14632,17,2024-09-24,2026-02-17,Monthly,1,296.46,Cancelled
502314,19038,8,2025-06-12,,Monthly,5,1312.19,Active
502315,13448,29,2024-11-17,,Monthly,2,584.01,Active
502316,13370,16,2025-12-16,,Monthly,3,300.69,Active
502317,13547,18,2025-08-05,2026-08-31,Annual,1,976.11,Cancelled
502318,13518,28,2025-09-30,,Annual,2,227.49,Active
502319,15327,29,2025-12-15,,Monthly,2,646.29,Active
502320,10719,26,2024-04-13,,Monthly,1,233.5,Active
502321,13508,3,2024-09-29,,Annual,1,765.25,Active
502322,18515,3,2026-05-24,2026-08-31,Monthly,1,793.35,Expired
502323,11322,26,2025-06-05,2026-02-22,Monthly,2,464.38,Cancelled
502324,18617,3,2025-07-10,,Monthly,2,1478.13,Active
502325,10380,9,2025-04-16,,Monthly,2,1797.53,Active
502326,17501,14,2026-08-31,,Monthly,3,884.82,Active
502327,15301,11,2026-06-05,,Monthly,1,320.07,Active
502328,19681,29,2026-01-09,2026-08-31,Monthly,1,266.46,Expired
502329,12894,5,2026-02-22,2026-07-18,Monthly,1,264.76,Cancelled
502330,18632,14,2024-08-03,,Monthly,2,519.52,Active
502331,17672,12,2025-12-29,,Monthly,1,964.92,Active
502332,10230,7,2024-10-28,2026-04-05,Annual,1,97.01,Expired
502333,16120,17,2025-01-08,,Monthly,2,569.85,Active
502334,10847,15,2025-09-17,,Monthly,2,1480.26,Active
502335,18021,20,2026-02-09,,Monthly,1,250.91,Active
502336,14572,27,2024-04-01,,Monthly,3,2904.56,Active
502337,13139,14,2025-08-01,,Monthly,3,884.94,Active
502338,14017,9,2026-08-15,,Monthly,3,3008.1,Active
502339,15996,29,2024-06-25,2025-05-08,Monthly,1,271.56,Expired
502340,10165,17,2025-05-28,,Monthly,2,516.33,Active
502341,19604,19,2026-08-25,,Annual,1,74.63,Active
502342,14530,16,2024-11-22,2026-01-04,Monthly,2,210.78,Expired
502343,12387,9,2025-09-10,2026-08-29,Monthly,2,1916.55,Cancelled
502344,19376,22,2026-01-25,2026-08-31,Monthly,1,99.48,Cancelled
502345,19483,20,2024-09-07,,Monthly,1,241.85,Active
502346,12046,24,2026-08-29,2026-08-31,Monthly,3,2254.9,Cancelled
502347,11791,23,2024-08-03,,Monthly,2,671.02,Active
502348,12087,18,2024-06-01,,Monthly,1,783.32,Active
502349,11518,2,2025-11-30,2026-08-31,Monthly,3,1135.13,Cancelled
502350,12941,17,2025-01-25,2025-08-18,Monthly,1,269.91,Expired
502351,17350,23,2024-09-08,,Monthly,1,312.66,Active
502352,18292,14,2026-04-13,,Annual,1,283.87,Active
502353,19807,2,2025-12-06,2026-08-31,Monthly,3,1092.29,Cancelled
502354,19824,24,2024-09-03,,Monthly,2,1689.82,Active
502355,18126,16,2026-06-27,2026-08-31,Annual,2,236.31,Cancelled
502356,10708,12,2026-08-12,,Annual,1,1043.57,Active
502357,10612,1,2025-03-09,,Monthly,2,219.01,Active
502358,14578,18,2024-07-09,2025-12-02,Monthly,1,824.33,Cancelled
502359,11785,5,2024-12-09,2025-11-18,Monthly,1,276.92,Cancelled
502360,12987,13,2026-05-14,,Annual,2,238.36,Active
502361,16926,19,2024-08-05,2025-06-01,Monthly,6,550.09,Cancelled
502362,17551,10,2024-05-01,2025-08-10,Monthly,2,250.2,Expired
502363,18636,12,2024-08-17,,Monthly,1,1189.6,Active
502364,11968,22,2026-03-17,,Monthly,1,106.21,Active
502365,14528,8,2024-04-05,2025-03-17,Monthly,1,303.47,Expired
502366,19862,14,2024-04-08,2025-06-30,Monthly,2,527.34,Expired
502367,16606,7,2026-01-01,2026-08-22,Monthly,1,102.56,Cancelled
502368,19114,19,2024-06-20,2024-07-23,Monthly,1,89.46,Cancelled
502369,14308,27,2025-04-15,2026-06-08,Monthly,1,986.38,Expired
502370,14170,5,2025-02-01,2026-04-19,Monthly,2,467.41,Cancelled
502371,14766,18,2024-11-15,,Monthly,1,906.93,Active
502372,18586,9,2026-03-21,,Monthly,3,2868.93,Active
502373,18449,25,2024-06-26,2024-08-03,Monthly,3,297.7,Cancelled
502374,11726,19,2025-10-06,,Monthly,1,79.28,Active
502375,18065,19,2025-10-23,,Annual,2,159.63,Active
502376,18448,7,2024-09-11,,Annual,1,111.36,Active
502377,15886,4,2025-02-14,,Annual,1,102.22,Active
502378,14606,24,2025-08-13,,Monthly,1,919.73,Active
502379,12079,19,2025-12-15,,Annual,1,75.97,Active
502380,13435,10,2025-02-12,,Annual,1,118.54,Active
502381,14481,10,2026-08-31,2026-08-31,Monthly,3,324.61,Cancelled
502382,17839,19,2026-08-31,,Annual,1,79.61,Active
502383,16983,21,2026-02-26,,Annual,1,943.25,Active
502384,11942,3,2025-11-22,,Annual,2,1411.89,Active
502385,10418,16,2024-08-18,2024-10-24,Monthly,3,337.08,Expired
502386,16845,15,2024-09-01,2025-10-10,Monthly,1,697.26,Cancelled
502387,16092,29,2025-11-07,2026-07-15,Monthly,1,318.1,Cancelled
502388,14252,7,2024-06-15,2025-02-17,Monthly,2,230.52,Expired
502389,16214,15,2024-05-25,,Annual,1,737.14,Active
502390,16095,18,2026-04-27,,Monthly,1,872.14,Active
502391,15906,26,2026-06-08,2026-08-31,Monthly,4,954.62,Cancelled
502392,14074,26,2024-03-06,2025-08-13,Annual,1,275.73,Cancelled
502393,14949,3,2024-05-19,,Monthly,2,1383.22,Active
502394,10365,20,2025-06-11,2026-08-31,Monthly,2,557.84,Expired
502395,14437,4,2024-07-07,,Monthly,1,102.63,Active
502396,11092,28,2026-03-07,,Monthly,2,197.13,Active
502397,16623,5,2025-10-31,,Monthly,1,276.01,Active
502398,10005,14,2026-05-23,2026-08-31,Annual,4,1212.59,Expired
502399,13606,27,2026-08-31,2026-08-31,Annual,1,981.38,Cancelled
502400,14527,18,2026-06-03,,Monthly,3,2557.57,Active
502401,19030,6,2026-05-11,,Monthly,3,2536.4,Active
502402,13887,5,2024-09-24,2024-12-26,Monthly,2,519.79,Cancelled
502403,10419,29,2025-10-25,,Monthly,1,278.34,Active
502404,15997,19,2026-08-31,,Monthly,1,81.22,Active
502405,19011,23,2025-07-29,2026-08-16,Monthly,4,1391.75,Expired
502406,14427,17,2025-11-11,,Monthly,1,275.95,Active
502407,18964,11,2024-04-06,,Monthly,1,355.71,Active
502408,14682,3,2025-09-12,,Monthly,3,2421.9,Active
502409,16869,23,2025-03-30,,Annual,1,346.75,Active
502410,15563,30,2025-06-19,,Monthly,4,3193.66,Active
502411,18147,15,2024-07-31,,Monthly,3,2505.02,Active
502412,13125,8,2026-05-10,2026-08-31,Monthly,4,1194.33,Cancelled
502413,14561,13,2025-04-25,,Annual,3,328.71,Active
502414,16561,22,2024-11-23,2025-02-12,Monthly,2,192.41,Expired
502415,12431,27,2025-10-26,,Monthly,3,3326.1,Active
502416,19942,9,2024-03-12,2024-12-24,Monthly,2,2013.12,Expired
502417,14339,5,2024-08-01,2025-08-17,Monthly,1,232.69,Cancelled
502418,19404,1,2025-08-16,,Monthly,1,98.54,Active
502419,18413,5,2024-12-19,2025-04-22,Monthly,1,253.07,Expired
502420,14896,27,2026-08-31,2026-08-31,Monthly,1,1083.37,Expired
502421,15869,7,2026-06-08,,Monthly,2,209.44,Active
502422,15467,18,2024-09-13,,Monthly,1,921.48,Active
502423,18614,20,2025-09-13,,Monthly,2,479.79,Active
502424,16970,11,2025-01-10,,Annual,1,291.11,Active
502425,17800,11,2025-04-29,,Monthly,1,301.66,Active
502426,13895,2,2024-11-10,,Annual,1,376.88,Active
502427,11914,24,2025-12-20,2026-08-31,Monthly,1,795.04,Expired
502428,19685,9,2026-08-04,,Annual,1,859.65,Active
502429,18190,6,2025-11-30,2026-08-31,Monthly,4,3621.05,Cancelled
502430,17156,6,2024-12-25,2025-05-03,Monthly,3,2400.73,Expired
502431,10079,21,2025-04-30,2025-07-19,Annual,1,891.94,Cancelled
502432,11784,6,2025-02-10,2026-07-30,Monthly,1,783.65,Expired
502433,19750,30,2026-01-02,,Annual,2,1452.42,Active
502434,10880,27,2025-09-19,,Monthly,1,989.59,Active
502435,12626,29,2025-02-02,2026-03-06,Monthly,1,275.39,Cancelled
502436,13337,11,2026-02-10,2026-08-31,Monthly,3,882.29,Cancelled
502437,12949,24,2024-08-12,,Annual,1,763.11,Active
502438,19274,27,2025-03-11,,Annual,1,1044.43,Active
502439,13276,13,2026-06-15,,Monthly,1,108.66,Active
502440,19744,7,2025-09-13,,Monthly,1,114.59,Active
502441,19431,2,2026-06-20,2026-08-31,Monthly,3,1130.87,Cancelled
502442,10431,18,2026-06-14,,Monthly,1,859.56,Active
502443,16604,20,2025-05-31,,Annual,2,514.65,Active
502444,17825,20,2026-08-31,2026-08-31,Monthly,1,253.49,Cancelled
502445,12880,1,2025-10-23,,Monthly,2,206.59,Active
502446,19576,24,2025-11-10,2026-08-31,Annual,2,1600.72,Expired
502447,13145,24,2025-10-06,2025-11-17,Monthly,1,750.82,Cancelled
502448,19481,5,2025-07-05,,Monthly,1,238.37,Active
502449,18321,10,2025-07-13,,Monthly,2,231.03,Active
502450,15993,11,2025-06-08,,Monthly,2,691.27,Active
502451,10806,27,2026-07-18,,Monthly,1,896.14,Active
502452,13311,5,2024-11-15,2025-03-14,Monthly,1,268.51,Cancelled
502453,17940,10,2026-06-24,2026-08-31,Monthly,1,112.68,Cancelled
502454,16636,11,2026-08-31,2026-08-31,Monthly,1,313.5,Cancelled
502455,17478,19,2025-06-30,,Monthly,3,226.64,Active
502456,13247,21,2025-12-06,,Monthly,1,796.24,Active
502457,13473,1,2026-08-31,2026-08-31,Monthly,3,341.32,Expired
502458,10875,2,2025-07-27,,Monthly,1,374.56,Active
502459,16173,27,2024-05-27,,Monthly,1,931.41,Active
502460,12463,15,2025-03-24,2026-02-06,Monthly,4,2929.08,Cancelled
502461,18014,25,2024-12-10,,Monthly,3,319.01,Active
502462,14654,25,2026-08-31,,Monthly,1,111.81,Active
502463,11349,17,2026-07-13,,Monthly,2,536.77,Active
502464,16436,25,2025-10-18,,Monthly,1,116.88,Active
502465,19499,3,2025-05-08,2026-08-31,Monthly,2,1523.66,Cancelled
502466,18649,20,2024-07-11,2024-09-14,Monthly,1,250.69,Expired
502467,12317,21,2026-02-05,2026-05-10,Monthly,2,1669.24,Expired
502468,19496,21,2025-11-13,,Monthly,2,1900.65,Active
502469,16541,25,2024-04-27,,Monthly,1,106.86,Active
502470,16119,30,2026-08-31,2026-08-31,Monthly,3,2139.29,Cancelled
502471,16687,27,2025-05-19,2026-08-21,Monthly,3,3320.83,Expired
502472,10092,1,2025-12-10,,Monthly,2,215.67,Active
502473,12070,19,2025-12-12,,Annual,1,81.08,Active
502474,14717,14,2024-07-03,,Monthly,2,645.01,Active
502475,11125,8,2026-08-31,,Monthly,3,944.17,Active
502476,11236,11,2025-08-30,2025-10-23,Monthly,1,361.2,Expired
502477,17656,29,2026-06-14,2026-08-31,Monthly,1,316.85,Expired
502478,10927,30,2024-11-22,,Monthly,1,808.87,Active
502479,14111,17,2024-08-06,,Monthly,2,514.87,Active
502480,16505,14,2025-09-18,,Monthly,1,263.16,Active
502481,16678,3,2025-11-14,2026-01-20,Monthly,1,646.95,Expired
502482,18506,23,2024-09-14,2025-11-30,Annual,4,1439.21,Cancelled
502483,10540,29,2024-12-08,2025-12-20,Annual,2,639.14,Expired
502484,11930,28,2025-11-26,,Annual,3,307.97,Active
502485,17754,28,2024-12-08,2026-03-16,Annual,1,97.27,Cancelled
502486,10634,22,2026-08-31,,Monthly,4,375.95,Active
502487,17848,8,2024-09-10,,Monthly,1,282.26,Active
502488,19047,14,2026-06-19,2026-08-31,Monthly,2,572.91,Expired
502489,14415,1,2024-05-28,2025-10-08,Monthly,2,238.37,Cancelled
502490,17550,22,2025-03-23,2026-07-04,Monthly,1,102.41,Cancelled
502491,12688,6,2025-02-09,2025-10-23,Monthly,1,769.85,Expired
502492,12352,22,2024-08-28,2025-12-07,Monthly,3,294.07,Expired
502493,10466,17,2026-08-31,2026-08-31,Monthly,3,753.33,Cancelled
502494,15812,17,2025-11-19,,Monthly,1,254.12,Active
502495,12813,1,2024-08-22,2026-01-06,Annual,1,100.89,Cancelled
502496,10501,28,2025-07-05,,Monthly,1,118.65,Active
502497,13982,30,2026-08-31,,Annual,1,758.72,Active
502498,16494,30,2024-06-24,2024-12-08,Monthly,1,722.34,Cancelled
502499,12419,6,2025-11-04,2026-03-05,Monthly,1,812.17,Expired
502500,12075,5,2026-02-01,,Annual,1,273.33,Active
502501,10337,29,2024-07-13,,Monthly,1,304.29,Active
502502,16748,6,2025-02-04,,Monthly,1,847.63,Active
502503,11160,23,2026-08-31,2026-08-31,Annual,1,309.99,Cancelled
502504,19044,13,2026-07-20,,Monthly,2,216.3,Active
502505,16286,30,2026-08-31,,Monthly,1,830.4,Active
502506,17156,30,2024-09-15,2025-11-02,Monthly,1,814.97,Expired
502507,12729,3,2025-03-09,2025-10-10,Monthly,2,1425.19,Cancelled
502508,10684,3,2026-08-07,,Monthly,1,692.94,Active
502509,18405,3,2025-07-25,,Annual,3,2442.27,Active
502510,12222,25,2025-02-03,,Monthly,1,109.49,Active
502511,12003,29,2025-11-07,,Monthly,1,268.08,Active
502512,19117,17,2025-10-09,,Monthly,1,304.17,Active
502513,11550,1,2026-05-08,,Annual,3,310.1,Active
502514,11036,18,2025-12-07,2026-07-12,Monthly,1,792.23,Cancelled
502515,13884,7,2025-05-27,,Monthly,1,97.81,Active
502516,11247,23,2025-04-13,2026-08-30,Monthly,2,722.1,Cancelled
502517,16307,7,2026-08-31,2026-08-31,Monthly,1,101.53,Expired
502518,16886,18,2024-06-11,2025-08-15,Monthly,2,1765.06,Expired
502519,18592,16,2025-12-10,,Annual,4,416.6,Active
502520,16457,14,2024-02-08,,Monthly,1,326.04,Active
502521,17435,26,2025-11-10,,Monthly,1,273.75,Active
502522,16840,21,2025-09-24,,Monthly,2,1703.87,Active
502523,16275,22,2025-10-13,,Monthly,1,96.84,Active
502524,14975,1,2025-06-10,2025-09-02,Annual,2,235.86,Cancelled
502525,13496,9,2025-08-19,,Monthly,1,984.24,Active
502526,14484,11,2026-05-16,,Annual,1,341.27,Active
502527,19909,16,2026-06-10,,Annual,1,113.86,Active
502528,14895,10,2025-12-09,,Monthly,3,307.96,Active
502529,12586,24,2024-12-27,,Monthly,3,2580.5,Active
502530,13182,28,2025-03-09,,Monthly,1,106.75,Active
502531,12181,4,2024-09-29,2025-12-19,Monthly,2,200.77,Cancelled
502532,12982,28,2024-10-09,2025-01-18,Monthly,2,231.38,Expired
502533,15989,7,2025-11-27,,Monthly,1,108.19,Active
502534,10282,16,2026-06-26,,Monthly,2,234.88,Active
502535,17955,9,2026-07-05,,Annual,2,1915.91,Active
502536,17212,19,2025-05-27,,Monthly,2,146.09,Active
502537,19750,16,2025-12-31,2026-08-31,Annual,1,104.65,Expired
502538,15957,13,2025-04-13,2025-08-09,Monthly,1,107.61,Expired
502539,13865,30,2026-06-07,,Monthly,1,784.08,Active
502540,17026,29,2025-04-02,,Monthly,2,563.54,Active
502541,13913,30,2024-12-30,,Annual,1,708.32,Active
502542,11931,17,2024-12-02,,Monthly,3,767.68,Active
502543,18177,26,2026-07-17,,Monthly,1,248.08,Active
502544,10178,9,2025-04-02,2025-12-13,Annual,3,2537.04,Expired
502545,19049,7,2026-01-23,,Monthly,2,206.04,Active
502546,18462,1,2024-04-24,2024-09-27,Monthly,2,237.87,Expired
502547,15787,30,2025-07-27,,Monthly,1,702.07,Active
502548,14715,8,2026-08-31,,Monthly,1,310.68,Active
502549,10076,22,2024-04-08,,Monthly,1,117.43,Active
502550,13244,10,2026-03-29,,Monthly,1,114.43,Active
502551,15076,30,2025-04-26,2026-06-20,Monthly,1,829.93,Cancelled
502552,19155,27,2024-06-11,,Monthly,2,1944.06,Active
502553,13967,30,2024-12-19,,Monthly,1,725.93,Active
502554,10714,28,2024-08-24,,Monthly,1,99.27,Active
502555,14738,11,2025-10-09,2026-03-22,Monthly,1,349.78,Expired
502556,12623,20,2025-09-22,,Annual,1,242.39,Active
502557,11823,1,2026-08-31,2026-08-31,Monthly,2,226.3,Expired
502558,13866,4,2025-01-08,2025-10-16,Monthly,1,104.55,Expired
502559,16773,19,2024-02-23,,Monthly,1,83.35,Active
502560,15959,15,2025-07-22,,Annual,1,801.52,Active
502561,19965,29,2024-10-26,2025-08-12,Monthly,2,626.24,Expired
502562,13746,10,2026-04-14,,Annual,3,347.93,Active
502563,16612,2,2025-03-22,2025-09-20,Monthly,2,694.31,Cancelled
502564,16325,25,2024-05-28,,Annual,2,196.33,Active
502565,12700,17,2026-03-12,,Monthly,1,298.07,Active
502566,16860,17,2025-09-09,,Annual,1,301.7,Active
502567,14316,5,2026-07-12,,Monthly,1,268.7,Active
502568,19797,4,2024-08-18,,Annual,1,104.45,Active
502569,16321,13,2026-06-30,,Monthly,1,116.35,Active
502570,17676,22,2025-07-07,,Monthly,1,101.05,Active
502571,17589,21,2025-07-07,2025-09-03,Monthly,1,953.82,Cancelled
502572,15520,26,2026-08-31,,Annual,1,264.46,Active
502573,18754,3,2026-08-31,,Monthly,2,1577.72,Active
502574,15002,30,2025-08-26,,Monthly,1,834.05,Active
502575,14537,30,2024-08-27,2025-03-06,Monthly,2,1429.1,Expired
502576,18867,10,2026-02-05,2026-08-31,Annual,2,227.36,Cancelled
502577,19313,4,2026-05-20,2026-08-31,Annual,1,109.06,Cancelled
502578,13116,1,2025-11-28,,Monthly,1,103.1,Active
502579,19172,12,2026-08-31,,Monthly,2,1952.78,Active
502580,17037,5,2026-03-17,2026-04-20,Monthly,2,439.38,Cancelled
502581,17379,14,2025-11-09,,Monthly,3,896.76,Active
502582,19116,19,2025-07-15,2026-01-06,Monthly,1,73.32,Expired
502583,18840,6,2026-08-31,,Monthly,3,2249.59,Active
502584,14089,25,2024-11-27,,Monthly,2,224.07,Active
502585,15808,6,2025-11-16,,Monthly,1,860.49,Active
502586,15846,15,2024-07-29,,Monthly,1,747.74,Active
502587,10002,4,2026-04-03,,Monthly,1,118.61,Active
502588,10815,23,2025-07-02,2026-06-10,Monthly,1,305.52,Cancelled
502589,14970,23,2025-07-23,,Monthly,3,1064.67,Active
502590,15498,1,2024-12-13,,Monthly,3,306.51,Active
502591,14939,4,2024-12-14,2026-05-09,Monthly,1,119.47,Cancelled
502592,19411,3,2026-01-17,,Monthly,1,681.34,Active
502593,10728,22,2024-04-17,,Annual,2,214.44,Active
502594,19535,2,2026-08-31,,Monthly,1,356.01,Active
502595,13151,11,2024-06-27,,Annual,1,351.97,Active
502596,14058,21,2026-02-01,2026-08-15,Annual,1,817.99,Cancelled
502597,13948,29,2025-07-24,,Monthly,1,259.49,Active
502598,11927,2,2025-06-21,2025-11-29,Annual,1,331.92,Cancelled
502599,16642,21,2025-03-14,,Monthly,1,811.07,Active
502600,18480,4,2025-12-05,,Monthly,2,217.99,Active
502601,15128,10,2026-07-06,,Annual,1,110.56,Active
502602,16718,12,2024-04-18,,Annual,3,3215.88,Active
502603,10181,20,2025-04-25,,Monthly,1,249.65,Active
502604,11452,4,2025-05-09,,Monthly,1,118.61,Active
502605,19798,4,2025-03-17,,Monthly,2,202.01,Active
502606,18655,4,2025-07-26,2026-08-31,Monthly,3,336.86,Expired
502607,13310,8,2024-12-01,,Monthly,1,291.95,Active
502608,16668,1,2024-03-14,2024-06-02,Monthly,1,117.59,Cancelled
502609,14148,7,2026-08-31,2026-08-31,Monthly,2,186.51,Cancelled
502610,14637,7,2025-11-14,,Monthly,1,103.9,Active
502611,16003,20,2026-05-27,2026-08-31,Annual,1,288.29,Cancelled
502612,18984,18,2026-03-25,,Monthly,1,854.59,Active
502613,19620,2,2025-09-12,2026-08-31,Monthly,2,722.22,Cancelled
502614,13757,24,2026-03-30,,Annual,3,2769.02,Active
502615,13569,16,2026-08-31,2026-08-31,Monthly,1,115.94,Expired
502616,19515,30,2026-01-02,,Monthly,1,703.54,Active
502617,13843,19,2025-12-14,,Monthly,1,73.72,Active
502618,10572,16,2026-03-27,,Monthly,3,342.9,Active
502619,15469,25,2026-07-04,,Monthly,3,303.24,Active
502620,19162,2,2024-07-26,2025-09-12,Monthly,1,303.51,Cancelled
502621,12185,3,2026-08-01,2026-08-31,Monthly,2,1432.26,Cancelled
502622,10554,1,2024-09-16,,Monthly,2,241.35,Active
502623,11209,29,2026-02-26,,Monthly,2,517.29,Active
502624,14193,22,2025-03-28,,Monthly,1,104.29,Active
502625,15129,19,2026-06-14,,Annual,1,82.28,Active
502626,15291,3,2024-05-28,,Monthly,1,732.97,Active
502627,19573,8,2026-01-21,2026-08-31,Annual,2,644.05,Expired
502628,18691,23,2026-08-31,,Monthly,2,723.43,Active
502629,14803,3,2025-07-30,2026-08-11,Annual,2,1520.79,Cancelled
502630,14249,5,2026-06-21,,Annual,1,224.2,Active
502631,13868,20,2024-07-23,,Monthly,2,547.48,Active
502632,18826,10,2026-02-22,2026-08-31,Monthly,1,122.98,Expired
502633,10873,20,2024-09-22,,Monthly,1,263.24,Active
502634,18153,10,2024-05-09,,Monthly,2,198.4,Active
502635,15636,4,2025-04-12,,Monthly,2,243.5,Active
502636,10585,13,2024-10-14,,Monthly,2,203.82,Active
502637,15004,10,2026-04-14,2026-08-31,Monthly,1,100.35,Expired
502638,13780,17,2026-07-10,,Monthly,1,264.55,Active
502639,14108,3,2025-11-29,2026-08-31,Monthly,1,767.53,Cancelled
502640,10659,27,2024-11-14,2025-08-19,Monthly,1,1069.47,Cancelled
502641,17532,27,2025-10-30,,Monthly,2,2213.76,Active
502642,16954,18,2024-08-28,,Monthly,1,894.56,Active
502643,12293,8,2026-08-31,2026-08-31,Monthly,1,320.52,Expired
502644,13966,17,2025-10-10,,Monthly,1,263.19,Active
502645,18150,14,2025-09-28,,Monthly,3,822.9,Active
502646,14647,4,2025-11-14,,Annual,1,96.2,Active
502647,17909,20,2025-03-05,2025-04-26,Annual,1,271.75,Expired
502648,15962,25,2025-06-13,2025-12-19,Monthly,3,293.26,Expired
502649,10860,6,2025-10-10,,Monthly,4,3253.55,Active
502650,18072,19,2024-12-18,,Monthly,1,90.59,Active
502651,19719,21,2024-09-13,,Annual,1,771.35,Active
502652,16680,5,2026-01-25,,Monthly,2,485.1,Active
502653,12217,16,2025-07-15,,Monthly,1,117.51,Active
502654,10474,4,2026-08-31,,Monthly,1,119.57,Active
502655,15051,21,2025-09-25,,Monthly,3,2632.76,Active
502656,12531,19,2026-08-31,2026-08-31,Monthly,1,82.73,Cancelled
502657,13608,23,2025-08-13,,Monthly,1,370.75,Active
502658,18658,24,2026-04-19,2026-08-18,Monthly,1,828.73,Expired
502659,15938,8,2025-10-02,,Monthly,2,510.65,Active
502660,12168,13,2026-08-09,,Monthly,1,104.23,Active
502661,15408,1,2025-01-02,,Monthly,2,218.5,Active
502662,18947,18,2026-08-31,,Annual,1,936.66,Active
502663,19904,5,2025-08-19,,Monthly,2,553.11,Active
502664,18604,17,2025-10-24,2026-05-14,Monthly,1,273.6,Cancelled
502665,19201,18,2024-11-14,,Monthly,1,887.16,Active
502666,11619,23,2024-05-17,2024-08-19,Annual,1,299.86,Expired
502667,12630,17,2026-08-31,2026-08-31,Monthly,5,1401.06,Expired
502668,14223,12,2025-05-12,,Monthly,1,1009.22,Active
502669,13491,25,2025-08-31,,Monthly,1,114.35,Active
502670,18229,2,2026-03-09,2026-07-24,Monthly,2,707.94,Expired
502671,18824,5,2024-10-01,,Monthly,3,726.83,Active
502672,18330,22,2024-08-10,,Monthly,1,101.58,Active
502673,16304,3,2025-12-19,2026-06-23,Monthly,1,751.08,Cancelled
502674,10004,15,2025-07-26,2026-02-28,Monthly,2,1687.84,Cancelled
502675,17812,19,2024-09-22,,Monthly,1,82.87,Active
502676,17410,18,2024-07-31,2025-07-29,Monthly,1,790.09,Expired
502677,15734,19,2026-03-23,,Monthly,3,252.29,Active
502678,12011,10,2026-01-10,,Annual,1,110.52,Active
502679,19499,24,2025-04-28,,Monthly,1,876.97,Active
502680,12821,12,2025-12-09,,Monthly,2,2173.13,Active
502681,15217,10,2026-05-19,,Monthly,1,102.12,Active
502682,15949,15,2024-07-19,2024-09-14,Annual,2,1563.22,Cancelled
502683,15213,1,2025-03-12,,Annual,3,303.66,Active
502684,12576,1,2025-01-21,,Monthly,2,228.56,Active
502685,11792,28,2026-07-17,,Monthly,2,233.1,Active
502686,16056,15,2025-09-06,2026-08-31,Annual,2,1579.64,Cancelled
502687,12664,11,2026-06-27,2026-08-31,Monthly,3,1048.08,Cancelled
502688,14114,17,2024-10-23,,Monthly,1,277.32,Active
502689,19540,16,2026-07-12,,Monthly,1,114.61,Active
502690,18565,14,2026-01-21,,Monthly,3,854.83,Active
502691,16337,6,2025-03-10,2025-05-26,Monthly,1,834.77,Cancelled
502692,13212,12,2026-07-30,,Monthly,1,1130.66,Active
502693,14759,7,2026-01-08,,Monthly,2,203.53,Active
502694,15947,4,2025-06-01,,Monthly,2,205.09,Active
502695,17979,30,2024-04-07,,Monthly,1,760.85,Active
502696,17368,14,2025-10-03,2026-08-31,Monthly,1,320.26,Expired
502697,19043,4,2025-11-17,2026-06-29,Monthly,1,119.32,Cancelled
502698,18875,18,2024-02-17,,Annual,1,822.02,Active
502699,15650,25,2025-09-28,2026-08-31,Annual,1,94.8,Cancelled
502700,11708,22,2026-08-31,,Monthly,4,396.49,Active
502701,18049,21,2025-07-17,,Monthly,1,871.77,Active
502702,18165,28,2026-07-17,,Monthly,1,106.64,Active
502703,12335,24,2026-08-03,2026-08-31,Annual,3,2476.25,Expired
502704,18633,9,2025-07-11,,Monthly,3,2473.54,Active
502705,12159,5,2025-03-07,,Monthly,4,932.96,Active
502706,17186,19,2024-12-09,,Monthly,1,82.38,Active
502707,10203,18,2025-12-21,2026-04-23,Monthly,1,863.79,Cancelled
502708,16507,24,2026-03-23,2026-08-31,Monthly,1,913.47,Cancelled
502709,12062,1,2024-10-01,,Annual,2,236.26,Active
502710,15876,28,2024-09-10,2025-02-05,Monthly,1,94.32,Expired
502711,17824,20,2024-09-08,2024-12-28,Monthly,2,478.33,Expired
502712,14521,26,2026-08-12,2026-08-31,Monthly,1,233.26,Cancelled
502713,16068,7,2026-08-31,,Monthly,1,113.43,Active
502714,16588,14,2025-03-17,,Monthly,1,306.37,Active
502715,17908,1,2024-06-30,,Annual,1,101.97,Active
502716,10229,24,2024-10-11,,Monthly,1,887.92,Active
502717,15018,30,2026-03-09,2026-08-31,Monthly,3,2236.65,Expired
502718,15225,2,2025-01-12,,Annual,1,352.9,Active
502719,13588,3,2026-05-19,2026-07-20,Monthly,1,652.68,Expired
502720,19471,4,2024-10-11,,Monthly,1,108.64,Active
502721,11137,9,2024-11-24,,Annual,1,966.22,Active
502722,15655,12,2025-05-04,2025-07-27,Annual,4,4344.54,Expired
502723,13913,12,2024-10-10,2026-01-22,Monthly,1,1155.38,Cancelled
502724,16649,8,2025-11-11,2025-12-19,Monthly,2,568.06,Expired
502725,18756,14,2024-12-13,,Monthly,1,308.93,Active
502726,17973,17,2026-03-23,,Monthly,4,1222.03,Active
502727,14045,11,2026-03-03,,Monthly,1,362.05,Active
502728,10534,12,2026-05-11,,Monthly,2,1951.94,Active
502729,15647,23,2024-11-01,,Monthly,1,312.47,Active
502730,12799,19,2026-04-30,,Monthly,2,174.89,Active
502731,19090,8,2025-12-04,,Monthly,1,266.36,Active
502732,17005,21,2024-03-16,,Monthly,3,2730.44,Active
502733,16431,6,2025-08-24,,Monthly,2,1685.74,Active
502734,13062,23,2024-08-21,,Monthly,5,1661.4,Active
502735,15923,17,2025-03-03,,Annual,2,508.16,Active
502736,13612,13,2026-08-31,2026-08-31,Monthly,1,122.66,Expired
502737,19322,14,2025-08-23,,Monthly,3,894.21,Active
502738,16056,4,2025-06-10,,Monthly,1,103.13,Active
502739,13188,10,2024-06-15,,Monthly,1,121.75,Active
502740,16656,4,2026-08-31,2026-08-31,Monthly,1,118.14,Cancelled
502741,19756,7,2025-12-14,2026-03-17,Annual,1,96.4,Expired
502742,14015,8,2026-08-31,,Monthly,1,318.13,Active
502743,18648,21,2025-08-14,,Monthly,1,922.13,Active
502744,18253,22,2025-10-23,2026-07-09,Monthly,3,294.3,Expired
502745,15615,29,2026-02-03,,Monthly,3,868.38,Active
502746,13405,5,2025-02-22,2025-10-26,Monthly,2,443.86,Expired
502747,13935,3,2024-05-25,2025-03-03,Monthly,1,665.24,Expired
502748,17073,13,2025-11-26,2026-08-31,Annual,3,342.74,Expired
502749,11182,7,2025-06-12,2026-07-08,Annual,3,313.66,Expired
502750,19056,9,2026-08-31,2026-08-31,Monthly,3,2742.78,Cancelled
502751,13911,27,2025-09-27,2026-01-17,Monthly,1,960.15,Cancelled
502752,15826,1,2024-10-25,2025-03-21,Annual,1,107.82,Expired
502753,13779,7,2025-01-20,,Monthly,1,97.26,Active
502754,19616,7,2024-10-18,,Monthly,3,343.73,Active
502755,12640,11,2025-03-15,2026-07-25,Monthly,1,365.02,Cancelled
502756,14673,24,2026-08-31,,Monthly,1,751.65,Active
502757,14840,18,2026-08-31,,Annual,2,1690.31,Active
502758,17269,14,2025-01-07,2026-02-04,Monthly,1,269.46,Cancelled
502759,19768,1,2026-08-31,2026-08-31,Monthly,1,122.16,Cancelled
502760,19464,27,2024-04-22,2024-08-15,Monthly,1,1097.25,Expired
502761,13764,1,2025-08-13,,Monthly,1,119.68,Active
502762,14125,4,2025-02-26,,Annual,1,122.04,Active
502763,13140,6,2025-08-01,2026-08-31,Monthly,2,1730.56,Expired
502764,19849,13,2024-12-24,,Monthly,2,234.58,Active
502765,12798,25,2026-08-31,,Monthly,1,102.47,Active
502766,14514,26,2024-08-25,,Monthly,2,560.29,Active
502767,10313,2,2026-04-30,,Monthly,3,1029.75,Active
502768,11030,18,2026-05-14,,Monthly,1,870.45,Active
502769,11487,21,2024-10-25,2025-08-10,Monthly,1,865.69,Expired
502770,15552,18,2026-02-18,,Annual,1,868.65,Active
502771,12292,12,2024-06-24,2025-10-21,Monthly,1,1118.23,Expired
502772,15651,12,2025-05-10,,Annual,2,2037.42,Active
502773,18564,6,2024-10-09,2025-04-02,Monthly,2,1803.71,Expired
502774,14421,16,2025-10-18,,Monthly,1,118.02,Active
502775,17697,7,2025-11-18,,Monthly,1,99.97,Active
502776,15825,30,2025-01-06,,Monthly,1,829.92,Active
502777,17293,11,2025-12-10,2026-07-27,Monthly,2,684.74,Cancelled
502778,15780,18,2026-08-31,,Annual,3,2945.41,Active
502779,11693,18,2026-01-11,,Monthly,1,794.92,Active
502780,11912,5,2024-08-03,,Monthly,1,275.8,Active
502781,19794,24,2026-05-12,,Monthly,1,885.89,Active
502782,10757,8,2025-08-10,,Monthly,1,262.29,Active
502783,19577,17,2025-02-22,,Monthly,2,554.1,Active
502784,13452,15,2026-05-02,,Monthly,1,836.33,Active
502785,16566,10,2024-10-30,2025-12-20,Monthly,3,339.48,Cancelled
502786,18180,2,2025-04-22,,Annual,1,350.54,Active
502787,19486,10,2024-07-23,2024-12-23,Annual,1,99.26,Cancelled
502788,11953,16,2025-04-07,2025-12-08,Monthly,1,104.71,Expired
502789,17814,24,2025-05-22,2026-04-23,Monthly,1,838.07,Cancelled
502790,13300,11,2024-10-23,2026-01-29,Monthly,1,338.6,Cancelled
502791,11270,2,2026-06-29,2026-08-31,Annual,2,752.99,Cancelled
502792,14285,30,2025-02-14,2026-05-03,Monthly,2,1663.31,Cancelled
502793,15704,6,2024-06-19,2025-05-25,Annual,1,911.01,Cancelled
502794,19354,15,2026-01-01,,Monthly,3,2071.73,Active
502795,13024,18,2025-09-03,,Monthly,2,1583.38,Active
502796,18859,2,2026-05-25,2026-08-31,Monthly,1,355.73,Expired
502797,13202,19,2024-11-19,,Annual,1,78.56,Active
502798,14999,28,2026-06-12,,Monthly,1,115.14,Active
502799,17294,21,2025-02-03,,Monthly,1,863.97,Active
502800,13384,24,2024-11-03,,Monthly,1,792.7,Active
502801,16269,5,2024-11-19,,Monthly,1,249.72,Active
502802,14928,13,2026-01-16,,Monthly,1,109.84,Active
502803,15590,30,2026-03-01,2026-08-31,Monthly,2,1666.54,Expired
502804,12236,17,2025-05-16,2026-08-19,Monthly,2,542.88,Cancelled
502805,19941,28,2024-04-27,,Annual,3,326.59,Active
502806,19331,21,2026-03-25,,Monthly,2,1540.97,Active
502807,12616,20,2024-08-03,2025-02-28,Monthly,1,274.43,Cancelled
502808,18250,17,2026-08-31,,Monthly,1,280.33,Active
502809,18742,9,2025-01-17,2025-02-17,Annual,2,1726.22,Expired
502810,14525,21,2024-03-06,,Monthly,1,964.76,Active
502811,16895,24,2025-05-10,,Monthly,1,873.13,Active
502812,15959,14,2025-07-17,,Annual,4,1127.89,Active
502813,10280,16,2024-12-09,2026-05-25,Annual,3,315.6,Expired
502814,12504,20,2026-08-31,2026-08-31,Monthly,2,531.19,Expired
502815,14717,23,2024-07-21,2025-12-10,Monthly,1,303.8,Cancelled
502816,13025,16,2026-04-03,2026-08-31,Monthly,1,121.06,Expired
502817,11529,11,2026-08-14,,Monthly,1,330.73,Active
502818,11328,1,2026-08-31,2026-08-31,Monthly,3,325.46,Expired
502819,11191,17,2025-10-18,,Monthly,1,259.34,Active
502820,17041,21,2024-06-13,2025-09-27,Monthly,1,830.3,Cancelled
502821,16931,3,2026-08-31,,Monthly,1,700.95,Active
502822,16118,25,2024-10-15,,Monthly,1,117.31,Active
502823,18878,17,2026-08-31,2026-08-31,Monthly,3,785.47,Expired
502824,19698,20,2025-12-22,,Monthly,1,273.68,Active
502825,16795,2,2024-12-10,,Monthly,2,687.86,Active
502826,15537,19,2026-04-23,,Monthly,6,450.88,Active
502827,13412,8,2024-07-11,,Monthly,3,862.6,Active
502828,18656,27,2024-10-24,,Monthly,1,899.61,Active
502829,10450,26,2025-09-24,,Monthly,1,260.5,Active
502830,13749,14,2025-01-18,,Annual,1,305.7,Active
502831,14689,25,2025-02-18,,Monthly,1,102.11,Active
502832,13716,15,2025-12-27,2026-08-31,Monthly,1,726.37,Cancelled
502833,11947,13,2026-02-25,,Monthly,2,197.1,Active
502834,19597,21,2025-12-19,2026-03-30,Monthly,2,1644.6,Expired
502835,18254,13,2024-07-23,,Monthly,2,210.77,Active
502836,18414,10,2025-06-21,,Monthly,1,105.94,Active
502837,13487,6,2025-02-01,2025-05-24,Monthly,1,863.33,Cancelled
502838,16769,12,2024-09-19,2025-01-14,Monthly,1,995.22,Cancelled
502839,19014,25,2026-05-24,,Monthly,1,115.02,Active
502840,16899,3,2025-06-25,,Monthly,1,681.07,Active
502841,11230,6,2026-01-10,,Monthly,1,836.62,Active
502842,12828,3,2025-05-27,2026-08-05,Monthly,3,2418.68,Cancelled
502843,10623,3,2026-02-15,,Monthly,1,786.33,Active
502844,11624,24,2024-06-12,2025-03-30,Monthly,1,848.43,Cancelled
502845,10035,20,2025-05-20,,Annual,2,519.89,Active
502846,12957,27,2024-08-09,2024-12-06,Annual,2,1802.63,Cancelled
502847,19796,28,2025-01-29,,Annual,2,236.35,Active
502848,10870,21,2026-03-25,,Monthly,2,1560.62,Active
502849,14734,27,2024-06-02,2024-11-29,Monthly,2,2087.94,Cancelled
502850,16917,22,2024-07-20,,Monthly,1,112.08,Active
502851,17234,28,2025-01-10,2025-09-05,Monthly,2,234.44,Cancelled
502852,16262,22,2024-11-19,,Monthly,1,95.71,Active
502853,11043,5,2026-08-31,,Monthly,2,552.28,Active
502854,12330,2,2024-07-31,,Monthly,2,641.47,Active
502855,11061,29,2025-12-17,,Monthly,1,261.74,Active
502856,15035,20,2026-05-11,2026-06-14,Monthly,1,233.39,Cancelled
502857,12687,3,2024-12-24,2025-09-06,Monthly,1,682.92,Expired
502858,10342,18,2024-05-25,,Annual,2,1617.58,Active
502859,11089,24,2024-11-30,2026-01-06,Monthly,1,840.2,Expired
502860,10002,21,2026-01-29,2026-08-31,Monthly,1,864.37,Cancelled
502861,10444,20,2024-07-16,,Monthly,1,239.77,Active
502862,11941,28,2026-05-24,,Annual,5,481.01,Active
502863,10658,11,2024-06-10,,Monthly,1,342.01,Active
502864,10041,17,2026-08-31,,Monthly,2,533.43,Active
502865,14263,23,2024-12-22,2026-01-31,Monthly,1,305.8,Cancelled
502866,10914,12,2025-03-14,,Monthly,1,1190.59,Active
502867,14288,10,2024-09-09,,Annual,4,470.69,Active
502868,13944,16,2025-07-13,2026-05-06,Monthly,3,301.38,Cancelled
502869,14977,1,2025-10-28,,Monthly,1,100.51,Active
502870,16495,6,2024-09-30,,Monthly,4,3034.09,Active
502871,16171,9,2025-04-20,,Annual,1,941.61,Active
502872,13386,7,2026-08-05,,Annual,2,211.71,Active
502873,12756,26,2025-09-02,,Monthly,2,558.15,Active
502874,12360,13,2024-09-27,,Monthly,1,108.52,Active
502875,15286,10,2025-05-14,,Monthly,2,218.53,Active
502876,15785,29,2024-09-24,,Monthly,6,1639.57,Active
502877,19875,10,2026-08-31,,Annual,2,223.43,Active
502878,13371,13,2024-06-05,,Annual,1,115.1,Active
502879,16480,14,2024-06-21,2025-01-04,Monthly,1,301.4,Cancelled
502880,17077,27,2025-03-02,,Annual,3,3098.03,Active
502881,18158,15,2026-01-06,,Monthly,3,2284.07,Active
502882,15769,20,2026-01-09,,Annual,1,245.9,Active
502883,18804,3,2025-02-10,,Monthly,2,1433.11,Active
502884,17654,1,2026-08-31,,Monthly,2,241.27,Active
502885,12216,26,2025-07-23,2026-05-07,Monthly,1,265.43,Expired
502886,16760,22,2025-10-24,,Monthly,4,441.23,Active
502887,12146,6,2024-04-12,,Annual,1,832.78,Active
502888,16114,3,2024-09-29,2025-03-28,Monthly,1,763.33,Expired
502889,12131,10,2025-09-16,,Monthly,1,110.82,Active
502890,12964,11,2024-11-28,2025-02-09,Monthly,3,1053.59,Cancelled
502891,14015,13,2026-08-31,,Monthly,2,198.41,Active
502892,12777,5,2025-10-17,2026-05-08,Monthly,2,544.6,Cancelled
502893,19317,5,2024-05-24,2025-07-06,Monthly,1,252.54,Expired
502894,17310,9,2026-08-31,,Monthly,1,810.42,Active
502895,18662,25,2024-07-17,2025-08-31,Annual,1,94.3,Expired
502896,16068,12,2026-08-23,,Monthly,3,3372.91,Active
502897,14285,16,2024-10-22,2025-10-25,Monthly,1,98.5,Cancelled
502898,10503,12,2024-10-02,,Annual,1,1030.11,Active
502899,14687,19,2025-05-21,2025-11-15,Monthly,1,73.11,Expired
502900,15893,10,2026-03-07,2026-08-31,Monthly,1,117.8,Cancelled
502901,18678,12,2024-09-02,2025-05-20,Annual,1,1143.68,Cancelled
502902,10960,29,2026-05-23,,Monthly,1,262.87,Active
502903,15556,25,2024-12-03,2026-03-24,Monthly,1,106.68,Expired
502904,12686,25,2026-08-31,,Monthly,1,105.02,Active
502905,13767,14,2024-06-10,,Monthly,2,614.42,Active
502906,14166,7,2026-02-28,,Annual,1,100.07,Active
502907,10561,30,2026-01-12,2026-07-09,Annual,2,1633.4,Cancelled
502908,15889,19,2024-05-03,,Monthly,1,85.69,Active
502909,14382,27,2025-08-02,,Monthly,1,1010.27,Active
502910,15697,30,2025-07-13,,Monthly,1,717.55,Active
502911,11926,17,2026-08-31,,Monthly,1,298.11,Active
502912,18982,6,2024-06-28,,Monthly,3,2416.7,Active
502913,10525,25,2026-04-08,,Monthly,1,107.89,Active
502914,14367,1,2025-09-25,,Monthly,1,114.88,Active
502915,10631,2,2026-08-31,,Monthly,2,674.35,Active
502916,18583,16,2026-08-31,2026-08-31,Monthly,3,342.95,Expired
502917,15869,25,2026-08-31,2026-08-31,Monthly,1,96.6,Expired
502918,16580,14,2025-04-01,,Monthly,1,325.66,Active
502919,14256,3,2026-01-12,,Monthly,2,1433.96,Active
502920,16520,19,2024-12-28,2025-09-28,Monthly,1,85.58,Expired
502921,18338,10,2025-12-04,2026-03-18,Monthly,5,586.69,Expired
502922,12793,1,2025-09-22,,Monthly,1,109.61,Active
502923,16262,12,2024-10-19,,Monthly,1,1026.22,Active
502924,12518,5,2026-02-20,2026-05-09,Monthly,1,231.86,Expired
502925,10688,2,2024-07-04,,Monthly,1,332.15,Active
502926,14718,9,2024-07-06,2025-04-13,Monthly,1,844.22,Cancelled
502927,14830,13,2025-01-31,2026-05-19,Monthly,1,101.52,Expired
502928,13386,25,2026-08-09,,Monthly,3,338.73,Active
502929,15920,14,2024-12-25,,Monthly,1,316.14,Active
502930,13597,27,2025-04-03,,Monthly,1,965.79,Active
502931,18376,23,2024-05-24,2024-10-25,Monthly,4,1324.28,Expired
502932,17788,25,2025-11-29,,Annual,2,214.09,Active
502933,19642,7,2024-08-05,,Monthly,1,104.22,Active
502934,14659,16,2024-07-18,,Monthly,1,111.43,Active
502935,14365,5,2025-09-26,,Monthly,2,493.62,Active
502936,15387,27,2024-04-26,,Monthly,1,961.36,Active
502937,12418,24,2025-05-05,2026-08-05,Monthly,3,2575.86,Expired
502938,16801,30,2025-02-20,,Monthly,1,728.96,Active
502939,14963,3,2024-04-30,2024-10-13,Monthly,2,1573.22,Expired
502940,12054,6,2026-03-17,,Monthly,1,783.76,Active
502941,12119,19,2025-05-17,,Annual,1,82.37,Active
502942,16550,13,2025-04-13,2025-12-05,Monthly,1,117.85,Expired
502943,12737,14,2025-12-04,2026-08-24,Annual,1,260.54,Expired
502944,17079,23,2024-11-30,,Monthly,1,372.51,Active
502945,11464,18,2025-05-31,,Annual,1,824.41,Active
502946,17620,5,2025-05-13,2025-08-06,Monthly,2,550.84,Cancelled
502947,16442,26,2026-02-19,2026-06-05,Monthly,3,689.0,Cancelled
502948,17087,20,2026-08-31,,Monthly,1,256.58,Active
502949,16957,23,2026-04-16,2026-08-31,Monthly,3,1024.73,Cancelled
502950,15299,25,2025-10-16,,Annual,1,100.42,Active
502951,13674,8,2026-01-12,,Monthly,1,311.79,Active
502952,15780,11,2026-08-31,,Monthly,1,300.64,Active
502953,10085,23,2025-07-14,2026-01-09,Monthly,1,312.01,Cancelled
502954,17674,26,2025-01-29,,Monthly,1,230.53,Active
502955,16042,8,2024-12-11,,Annual,2,536.34,Active
502956,16023,7,2025-11-19,,Annual,2,215.25,Active
502957,12352,1,2024-08-05,,Monthly,1,102.34,Active
502958,19983,22,2026-08-31,,Monthly,1,97.74,Active
502959,11148,9,2025-02-13,,Monthly,1,813.63,Active
502960,16567,7,2024-09-01,,Monthly,2,197.45,Active
502961,14941,2,2025-10-06,2026-08-31,Monthly,1,327.04,Cancelled
502962,13055,15,2026-08-31,2026-08-31,Monthly,2,1632.44,Cancelled
502963,13282,28,2026-08-31,2026-08-31,Monthly,1,96.85,Cancelled
502964,14263,23,2025-02-07,2025-09-27,Monthly,1,364.69,Cancelled
502965,13793,3,2024-12-26,2026-02-10,Annual,1,716.64,Cancelled
502966,17619,2,2025-12-05,,Monthly,1,331.83,Active
502967,17692,1,2025-12-17,2026-07-02,Monthly,2,221.98,Cancelled
502968,15797,6,2024-12-19,2025-06-27,Monthly,2,1836.32,Cancelled
502969,18812,21,2024-08-08,,Monthly,1,950.99,Active
502970,14113,5,2025-10-07,2025-11-08,Monthly,1,269.87,Cancelled
502971,18385,21,2024-07-25,2024-11-20,Monthly,1,909.19,Cancelled
502972,15506,4,2025-11-21,,Monthly,2,222.0,Active
502973,15837,26,2024-12-18,2025-06-27,Monthly,1,270.34,Cancelled
502974,18517,4,2024-04-07,,Monthly,2,198.91,Active
502975,11441,26,2024-12-27,2025-05-13,Monthly,1,230.88,Cancelled
502976,19379,12,2026-08-29,,Monthly,2,2099.13,Active
502977,13610,22,2025-09-22,,Monthly,1,102.75,Active
502978,17861,20,2026-08-31,,Annual,3,814.11,Active
502979,14594,10,2025-08-31,,Annual,1,116.17,Active
502980,15848,29,2026-01-15,,Monthly,1,257.63,Active
502981,15506,19,2026-04-13,,Monthly,2,175.67,Active
502982,15445,1,2024-06-10,,Monthly,1,107.83,Active
502983,11501,21,2025-01-17,2026-03-07,Monthly,2,1748.42,Cancelled
502984,13904,7,2024-12-21,,Monthly,2,224.88,Active
502985,12991,17,2025-06-16,2025-10-20,Monthly,1,302.4,Expired
502986,12820,5,2024-11-24,,Monthly,3,770.84,Active
502987,18395,11,2025-07-25,,Annual,2,625.7,Active
502988,12665,18,2026-08-31,,Monthly,1,920.26,Active
502989,19881,4,2025-01-10,,Monthly,1,117.43,Active
502990,10977,20,2026-08-19,2026-08-31,Monthly,1,248.46,Cancelled
502991,12288,3,2026-02-04,,Monthly,1,647.03,Active
502992,11726,30,2025-10-26,2026-05-02,Annual,2,1480.57,Cancelled
502993,17538,29,2026-08-31,,Monthly,2,562.01,Active
502994,10271,7,2026-01-06,,Annual,3,331.69,Active
502995,12724,18,2025-08-30,2026-08-31,Monthly,2,1788.23,Cancelled
502996,10902,18,2024-07-15,2025-12-30,Annual,1,804.55,Expired
502997,11431,13,2024-12-19,,Monthly,2,204.23,Active
502998,13807,12,2025-07-25,2026-07-31,Monthly,3,3303.25,Expired
502999,11439,11,2026-08-31,2026-08-31,Monthly,1,347.66,Cancelled
503000,16251,14,2026-08-31,,Annual,1,299.18,Active
503001,18397,7,2025-09-26,,Monthly,2,203.07,Active
503002,19541,12,2024-09-15,2025-03-30,Monthly,2,2243.77,Cancelled
503003,14597,13,2026-08-31,,Monthly,2,242.74,Active
503004,17595,1,2024-07-12,,Monthly,1,115.45,Active
503005,16318,26,2025-02-08,,Annual,2,558.76,Active
503006,10893,2,2025-02-21,2025-10-09,Monthly,1,379.8,Expired
503007,18865,21,2024-08-11,,Annual,2,1813.83,Active
503008,17447,6,2025-05-17,,Monthly,4,3586.8,Active
503009,15968,2,2025-07-22,,Monthly,3,934.14,Active
503010,17276,26,2024-02-16,,Annual,3,835.91,Active
503011,10020,22,2025-08-09,,Monthly,1,103.8,Active
503012,14118,10,2024-05-13,,Monthly,1,112.28,Active
503013,16149,18,2024-09-30,,Monthly,1,839.43,Active
503014,15550,29,2025-11-17,2026-08-31,Monthly,1,269.22,Cancelled
503015,10682,17,2024-12-11,2026-04-06,Monthly,2,598.87,Cancelled
503016,16318,20,2024-10-19,,Monthly,1,289.22,Active
503017,14545,11,2025-04-15,,Monthly,3,1028.09,Active
503018,19875,5,2026-08-17,,Monthly,1,224.0,Active
503019,17736,30,2026-05-26,,Monthly,2,1463.44,Active
503020,13151,29,2024-06-14,,Monthly,4,1096.06,Active
503021,18379,9,2025-10-16,2026-06-10,Monthly,1,985.06,Cancelled
503022,16358,11,2025-01-26,,Monthly,2,670.04,Active
503023,14192,28,2026-07-29,2026-08-31,Monthly,3,301.03,Expired
503024,15869,23,2026-08-22,,Monthly,1,347.94,Active
503025,15871,3,2024-05-21,2025-06-23,Monthly,3,2273.49,Expired
503026,12836,15,2026-08-31,,Monthly,1,774.31,Active
503027,17827,6,2026-04-26,,Monthly,1,858.25,Active
503028,12109,11,2025-01-28,2025-08-20,Monthly,1,306.64,Expired
503029,12967,17,2024-06-30,2025-02-04,Monthly,1,250.6,Cancelled
503030,14954,28,2026-07-16,2026-08-31,Monthly,3,306.11,Expired
503031,15764,5,2024-12-05,2025-08-25,Annual,1,220.43,Expired
503032,19908,20,2026-04-22,,Monthly,2,481.21,Active
503033,12205,27,2026-03-10,,Monthly,1,1112.67,Active
503034,18376,18,2024-07-13,2025-08-02,Annual,1,781.23,Cancelled
503035,12165,17,2026-01-14,,Monthly,1,283.35,Active
503036,19560,23,2024-09-10,2025-05-03,Monthly,1,331.59,Cancelled
503037,12530,20,2025-02-14,,Annual,1,240.36,Active
503038,18514,2,2026-08-26,,Monthly,1,350.58,Active
503039,14739,20,2025-02-03,,Monthly,4,1030.65,Active
503040,15827,8,2024-12-15,,Monthly,2,628.25,Active
503041,10946,18,2025-04-23,,Annual,2,1761.05,Active
503042,10546,5,2026-04-15,,Monthly,4,907.44,Active
503043,17585,18,2026-08-15,,Monthly,1,929.14,Active
503044,12944,23,2024-07-08,,Annual,2,756.68,Active
503045,13171,29,2025-03-26,,Monthly,2,625.35,Active
503046,14327,16,2025-01-30,,Annual,1,101.63,Active
503047,18074,18,2025-12-27,,Monthly,1,831.36,Active
503048,14202,26,2025-04-08,,Monthly,1,228.45,Active
503049,11164,16,2026-05-01,,Monthly,1,107.07,Active
503050,19418,16,2024-12-24,2026-01-03,Monthly,1,104.96,Expired
503051,16861,4,2025-02-21,2025-11-14,Monthly,1,116.45,Cancelled
503052,13778,24,2024-06-28,2025-08-14,Monthly,1,754.14,Cancelled
503053,19411,16,2026-02-09,,Annual,2,205.08,Active
503054,17008,8,2024-09-22,,Monthly,1,261.94,Active
503055,18979,18,2025-05-15,2026-01-23,Annual,1,850.9,Cancelled
503056,15795,13,2025-11-15,,Monthly,1,107.05,Active
503057,19016,11,2024-03-10,2025-03-30,Monthly,1,322.14,Cancelled
503058,13624,15,2025-07-15,,Monthly,1,824.77,Active
503059,12375,18,2025-06-15,,Monthly,1,874.15,Active
503060,16559,24,2026-07-12,,Annual,1,870.74,Active
503061,15090,24,2024-05-03,,Monthly,1,787.63,Active
503062,13284,11,2026-08-31,,Annual,5,1536.69,Active
503063,19712,23,2026-07-15,,Annual,1,362.49,Active
503064,17276,7,2024-02-29,,Monthly,3,280.36,Active
503065,11087,27,2025-09-23,,Annual,1,1101.91,Active
503066,11383,7,2024-09-02,2024-11-07,Monthly,1,115.53,Expired
503067,18531,20,2026-07-19,,Monthly,1,231.33,Active
503068,16866,18,2026-08-31,2026-08-31,Monthly,1,824.42,Expired
503069,16474,3,2026-07-04,,Monthly,3,1937.99,Active
503070,10416,25,2024-07-18,,Monthly,4,413.73,Active
503071,12901,18,2025-05-21,,Monthly,2,1879.71,Active
503072,15135,29,2025-05-04,2026-08-29,Annual,1,270.62,Cancelled
503073,12352,6,2024-06-25,,Monthly,1,824.6,Active
503074,18729,8,2025-01-27,,Monthly,3,789.63,Active
503075,19735,14,2025-12-03,2026-03-15,Monthly,1,267.33,Expired
503076,11464,27,2025-03-31,2026-02-10,Monthly,1,942.23,Expired
503077,10465,27,2025-04-16,2025-10-06,Monthly,2,1948.89,Expired
503078,13590,25,2026-08-31,,Monthly,2,191.88,Active
503079,16057,3,2026-01-21,2026-08-31,Annual,1,663.74,Expired
503080,12805,29,2025-07-17,,Monthly,1,265.69,Active
503081,13268,23,2026-04-04,,Annual,2,707.52,Active
503082,18665,10,2025-01-12,,Monthly,1,113.28,Active
503083,17267,11,2026-07-23,,Monthly,3,1073.46,Active
503084,11049,28,2026-08-31,2026-08-31,Monthly,2,219.89,Cancelled
503085,18638,23,2026-06-25,2026-08-31,Annual,1,371.81,Cancelled
503086,14512,13,2024-12-27,,Monthly,1,113.19,Active
503087,18219,6,2026-01-20,2026-03-20,Monthly,1,903.52,Cancelled
503088,16453,12,2024-04-20,,Annual,1,1061.19,Active
503089,18389,3,2024-05-04,,Monthly,1,760.83,Active
503090,11505,18,2025-11-16,2026-08-29,Monthly,1,968.76,Expired
503091,19415,24,2024-04-22,2025-02-22,Monthly,1,749.94,Cancelled
503092,13586,10,2025-08-23,,Monthly,1,99.2,Active
503093,17949,20,2026-05-30,,Monthly,1,250.48,Active
503094,18196,26,2024-05-20,,Monthly,4,1069.1,Active
503095,15931,29,2025-08-03,,Annual,3,809.5,Active
503096,11532,4,2024-03-05,,Annual,3,330.14,Active
503097,12303,12,2024-06-04,,Monthly,3,3249.31,Active
503098,17640,3,2025-06-10,,Monthly,1,714.29,Active
503099,12858,14,2026-08-31,2026-08-31,Monthly,1,288.59,Cancelled
503100,11856,21,2024-06-10,,Monthly,5,4324.2,Active
503101,11754,20,2026-08-31,2026-08-31,Monthly,1,287.5,Expired
503102,14021,15,2025-12-10,,Monthly,1,799.29,Active
503103,16727,5,2024-09-27,2025-01-29,Monthly,2,502.52,Expired
503104,15861,29,2025-12-09,,Monthly,1,308.22,Active
503105,10730,1,2026-01-31,,Monthly,2,244.53,Active
503106,16338,27,2025-10-29,,Monthly,2,1930.3,Active
503107,11038,25,2026-06-11,,Monthly,2,233.4,Active
503108,12199,30,2026-08-31,2026-08-31,Monthly,3,2476.72,Cancelled
503109,15096,15,2024-12-23,,Monthly,1,706.67,Active
503110,16064,4,2026-08-31,2026-08-31,Annual,1,121.41,Cancelled
503111,13333,29,2025-07-12,,Monthly,1,308.65,Active
503112,14966,2,2025-01-14,,Monthly,4,1399.95,Active
503113,19191,4,2026-05-22,,Monthly,2,210.75,Active
503114,12786,14,2026-04-30,2026-08-31,Annual,2,638.12,Expired
503115,18265,6,2026-08-31,,Monthly,1,862.98,Active
503116,11223,4,2024-07-30,2025-06-13,Monthly,1,114.0,Expired
503117,13985,2,2024-06-27,,Monthly,1,347.68,Active
503118,10345,21,2024-04-02,2024-06-12,Annual,1,967.58,Cancelled
503119,18964,29,2024-02-16,2024-03-18,Monthly,1,289.47,Expired
503120,10151,26,2025-02-26,2025-06-26,Monthly,3,736.1,Cancelled
503121,15838,25,2026-04-09,,Monthly,4,386.76,Active
503122,17692,15,2025-12-27,,Monthly,3,2264.93,Active
503123,14663,30,2025-05-17,,Annual,1,708.69,Active
503124,13075,4,2026-01-14,2026-08-31,Monthly,1,99.85,Cancelled
503125,18164,29,2025-07-22,2026-05-28,Monthly,1,310.38,Expired
503126,17150,30,2025-10-15,2026-08-31,Monthly,1,822.56,Cancelled
503127,19843,7,2026-04-04,,Monthly,2,227.26,Active
503128,12214,5,2026-04-12,2026-08-31,Monthly,1,250.62,Cancelled
503129,17308,27,2026-02-24,,Monthly,2,1847.42,Active
503130,12003,21,2025-09-18,,Monthly,3,2450.97,Active
503131,16989,23,2024-12-12,,Monthly,3,1018.49,Active
503132,16424,18,2025-09-26,,Monthly,1,784.38,Active
503133,17779,10,2026-06-19,2026-08-31,Annual,1,108.24,Cancelled
503134,17625,10,2024-09-18,,Monthly,1,117.11,Active
503135,14333,15,2025-10-03,2026-07-28,Monthly,1,839.87,Expired
503136,14634,28,2026-08-31,,Annual,1,94.04,Active
503137,17571,17,2026-05-19,2026-08-31,Monthly,1,262.37,Cancelled
503138,11927,10,2025-06-01,,Monthly,2,241.55,Active
503139,15077,9,2026-08-31,2026-08-31,Annual,1,1011.84,Cancelled
503140,13459,6,2026-08-26,,Monthly,3,2241.0,Active
503141,18997,10,2025-06-08,2025-10-19,Monthly,1,105.23,Expired
503142,13163,27,2026-08-31,,Monthly,1,909.88,Active
503143,18605,24,2026-07-24,,Annual,1,921.7,Active
503144,18840,24,2026-08-31,,Annual,1,882.8,Active
503145,11058,11,2024-10-08,,Monthly,1,353.79,Active
503146,10187,22,2024-11-08,,Monthly,3,301.44,Active
503147,14413,12,2026-01-13,2026-04-13,Monthly,1,1175.31,Cancelled
503148,14175,19,2026-08-31,2026-08-31,Monthly,2,172.31,Expired
503149,17005,29,2024-04-21,,Monthly,1,296.49,Active
503150,18507,2,2026-07-02,,Monthly,3,965.23,Active
503151,11069,26,2025-09-10,2026-06-11,Monthly,1,250.21,Cancelled
503152,14544,3,2025-02-04,,Monthly,3,2168.67,Active
503153,13293,5,2024-08-30,,Monthly,1,245.91,Active
503154,11269,15,2026-05-27,,Monthly,1,726.35,Active
503155,13551,5,2024-10-06,,Monthly,1,269.1,Active
503156,19074,28,2025-02-27,,Annual,4,390.68,Active
503157,16627,9,2024-01-14,,Monthly,1,811.67,Active
503158,11155,2,2026-06-10,,Monthly,1,380.29,Active
503159,10857,21,2024-08-17,,Annual,1,932.26,Active
503160,17123,14,2024-09-09,,Annual,1,317.47,Active
503161,18492,11,2024-05-16,2025-03-15,Annual,3,997.06,Cancelled
503162,19904,21,2025-09-21,2026-05-28,Monthly,3,2792.36,Expired
503163,14110,14,2024-04-02,,Annual,1,325.75,Active
503164,14016,16,2026-08-10,,Monthly,1,115.04,Active
503165,10089,1,2024-10-30,,Monthly,2,239.54,Active
503166,15158,1,2026-06-10,,Monthly,1,110.47,Active
503167,19323,14,2024-10-22,,Monthly,1,269.53,Active
503168,10673,1,2026-03-14,,Monthly,2,200.93,Active
503169,16136,9,2024-10-25,,Monthly,2,1726.46,Active
503170,10910,19,2025-01-06,,Monthly,3,269.02,Active
503171,11773,11,2026-06-11,2026-08-31,Monthly,1,364.89,Cancelled
503172,16681,15,2026-08-14,2026-08-31,Monthly,1,824.25,Cancelled
503173,18381,2,2025-01-18,,Monthly,1,350.91,Active
503174,11885,15,2026-07-03,,Annual,1,722.96,Active
503175,18136,15,2025-07-08,,Monthly,1,811.83,Active
503176,11238,7,2024-08-25,,Monthly,2,229.9,Active
503177,18634,19,2026-04-24,,Monthly,1,79.68,Active
503178,18952,11,2024-07-06,2024-08-31,Monthly,4,1452.14,Expired
503179,15865,13,2024-08-23,,Monthly,3,325.87,Active
503180,18804,16,2025-04-27,,Annual,2,229.48,Active
503181,15922,3,2025-04-12,2025-08-19,Monthly,1,804.21,Expired
503182,10339,27,2026-05-31,,Monthly,2,1955.66,Active
503183,18483,12,2025-01-24,2026-03-23,Monthly,1,1167.31,Cancelled
503184,11352,9,2025-12-28,,Annual,1,891.86,Active
503185,16259,9,2026-01-02,,Monthly,2,1840.82,Active
503186,12049,9,2026-07-26,,Monthly,1,981.48,Active
503187,10022,12,2025-01-14,2026-02-11,Monthly,1,1171.33,Cancelled
503188,18024,19,2026-03-16,,Monthly,6,538.09,Active
503189,16678,24,2025-11-23,2026-08-31,Annual,1,938.26,Cancelled
503190,15197,17,2025-10-16,2026-08-31,Annual,1,292.27,Cancelled
503191,19457,29,2025-05-20,2026-08-31,Annual,3,973.28,Cancelled
503192,13284,11,2026-08-31,,Monthly,2,704.36,Active
503193,15288,19,2026-06-24,2026-08-31,Annual,2,169.99,Expired
503194,17239,7,2026-08-31,,Monthly,1,110.19,Active
503195,11540,12,2025-02-19,,Annual,1,1127.33,Active
503196,19407,21,2026-08-28,,Monthly,1,761.72,Active
503197,19964,15,2024-10-01,,Monthly,1,673.66,Active
503198,18387,5,2025-05-03,2025-09-13,Monthly,2,460.92,Expired
503199,14693,26,2025-07-02,2026-08-31,Monthly,2,511.11,Cancelled
503200,15391,13,2025-07-23,,Monthly,1,117.22,Active
503201,13395,26,2025-01-25,2026-02-01,Monthly,1,268.39,Cancelled
503202,14624,20,2025-01-04,,Monthly,2,489.28,Active
503203,18975,26,2024-08-13,,Monthly,1,276.8,Active
503204,14313,24,2026-05-30,,Monthly,5,4564.53,Active
503205,16809,28,2026-03-08,,Monthly,4,469.78,Active
503206,12742,15,2026-08-31,,Monthly,1,743.49,Active
503207,14435,27,2025-12-20,,Monthly,1,1012.07,Active
503208,17159,4,2025-06-03,,Monthly,1,117.97,Active
503209,13718,12,2025-12-11,,Monthly,2,2397.41,Active
503210,13553,30,2025-09-07,,Monthly,1,736.03,Active
503211,18918,18,2026-03-23,2026-08-31,Monthly,3,2930.63,Expired
503212,19095,27,2026-07-13,,Monthly,1,1099.6,Active
503213,13165,14,2025-08-04,2026-08-31,Monthly,1,259.8,Cancelled
503214,11291,28,2024-02-29,,Monthly,1,99.06,Active
503215,14474,17,2026-04-17,,Monthly,3,763.45,Active
503216,16280,25,2026-08-31,2026-08-31,Monthly,3,281.69,Expired
503217,14035,17,2025-01-25,,Annual,1,273.13,Active
503218,10624,7,2024-10-07,,Monthly,1,93.54,Active
503219,19713,26,2025-06-24,,Monthly,1,241.24,Active
503220,11892,12,2025-04-14,,Annual,1,1016.97,Active
503221,18781,25,2024-10-04,,Monthly,2,216.41,Active
503222,15213,9,2025-02-06,2026-07-16,Monthly,4,4039.66,Cancelled
503223,16972,13,2025-07-29,2026-08-31,Annual,2,196.98,Expired
503224,17872,6,2024-06-24,2025-08-07,Monthly,3,2553.89,Cancelled
503225,15866,16,2025-02-14,,Monthly,1,119.5,Active
503226,19861,13,2025-04-09,2026-08-25,Annual,1,122.65,Cancelled
503227,15002,17,2025-11-26,,Annual,2,515.35,Active
503228,17450,17,2025-06-06,,Monthly,2,514.73,Active
503229,11050,21,2026-07-30,,Annual,2,1618.33,Active
503230,18970,19,2025-03-09,,Monthly,1,75.8,Active
503231,18983,16,2025-08-23,2026-08-31,Monthly,2,217.99,Cancelled
503232,10627,26,2025-06-06,,Monthly,1,242.39,Active
503233,19769,24,2026-08-20,2026-08-31,Annual,5,4213.99,Expired
503234,12363,26,2024-09-23,,Annual,2,468.54,Active
503235,17419,11,2024-12-07,,Monthly,6,2137.03,Active
503236,19617,12,2024-08-05,,Monthly,1,1009.79,Active
503237,12859,19,2025-02-04,2026-03-10,Monthly,4,350.27,Expired
503238,17381,1,2026-07-28,,Monthly,1,99.28,Active
503239,13912,29,2025-08-30,,Monthly,1,288.92,Active
503240,17140,6,2024-07-30,2025-10-28,Monthly,1,910.39,Cancelled
503241,18118,12,2025-03-30,,Monthly,1,963.06,Active
503242,12400,10,2026-08-31,,Monthly,1,110.38,Active
503243,18354,5,2025-03-22,,Monthly,2,511.75,Active
503244,16369,26,2024-10-10,2025-08-15,Monthly,1,273.54,Expired
503245,13058,23,2025-02-02,,Monthly,1,349.37,Active
503246,18350,1,2024-05-14,2025-03-22,Monthly,1,105.79,Cancelled
503247,16805,23,2025-01-20,,Annual,1,323.84,Active
503248,10515,13,2024-07-29,,Annual,1,117.35,Active
503249,19436,16,2024-07-27,2025-03-31,Monthly,2,198.96,Cancelled
503250,15841,6,2024-12-07,2025-12-23,Monthly,2,1514.59,Expired
503251,17357,6,2026-08-31,,Monthly,1,792.89,Active
503252,13668,16,2024-04-27,2025-01-01,Monthly,1,113.72,Cancelled
503253,14083,11,2024-12-04,,Annual,2,687.87,Active
503254,13499,24,2025-03-27,,Annual,2,1714.21,Active
503255,15019,25,2024-08-07,,Annual,1,99.19,Active
503256,17971,12,2025-11-02,2026-08-31,Monthly,1,1013.97,Cancelled
503257,17673,23,2026-01-22,,Monthly,1,345.67,Active
503258,15525,18,2025-11-28,2026-06-19,Annual,2,1572.57,Expired
503259,10298,10,2024-06-12,,Monthly,1,123.66,Active
503260,10677,4,2026-08-31,,Monthly,4,481.75,Active
503261,18730,7,2025-12-15,,Annual,6,560.31,Active
503262,19804,30,2024-10-30,,Monthly,1,823.87,Active
503263,11480,6,2025-12-30,2026-05-13,Annual,2,1642.47,Expired
503264,15206,25,2025-02-09,,Monthly,1,105.6,Active
503265,18890,12,2024-07-05,2025-05-03,Monthly,1,1074.18,Cancelled
503266,10260,29,2024-10-11,,Monthly,1,304.52,Active
503267,19931,8,2025-01-04,2025-05-18,Annual,4,1285.23,Expired
503268,11660,8,2025-11-03,2026-08-31,Monthly,4,1165.51,Expired
503269,10511,15,2026-01-18,,Monthly,1,761.37,Active
503270,15087,10,2026-01-06,,Monthly,1,123.78,Active
503271,19621,5,2025-01-25,,Monthly,3,769.14,Active
503272,17765,18,2026-07-31,,Monthly,2,1613.8,Active
503273,12271,15,2025-05-05,,Monthly,2,1670.08,Active
503274,16223,1,2026-02-06,2026-08-31,Monthly,1,99.09,Expired
503275,14657,18,2025-05-03,,Monthly,1,974.66,Active
503276,14553,20,2024-11-13,2025-02-24,Monthly,2,565.61,Cancelled
503277,10826,1,2024-08-05,,Monthly,1,101.63,Active
503278,13154,16,2025-06-12,,Monthly,1,98.84,Active
503279,12323,12,2024-02-03,2024-12-17,Annual,2,2180.02,Expired
503280,19842,4,2026-08-31,,Annual,1,120.55,Active
503281,12446,25,2025-07-22,2026-06-28,Monthly,2,210.21,Expired
503282,18570,21,2026-01-27,2026-08-31,Monthly,1,900.29,Cancelled
503283,11861,9,2025-12-29,,Annual,1,839.9,Active
503284,10472,13,2026-06-05,,Monthly,2,196.13,Active
503285,18459,27,2026-08-31,2026-08-31,Monthly,2,1954.54,Expired
503286,14994,27,2024-02-04,2024-04-16,Monthly,2,1836.81,Cancelled
503287,19763,3,2025-02-28,2026-01-23,Monthly,1,650.62,Expired
503288,11700,9,2024-10-17,2025-09-27,Monthly,3,2412.2,Cancelled
503289,13051,21,2025-12-14,,Monthly,1,848.38,Active
503290,19840,8,2026-08-31,,Monthly,1,279.73,Active
503291,17391,15,2025-04-24,2026-06-19,Annual,3,2365.86,Expired
503292,11981,13,2026-08-31,2026-08-31,Monthly,1,113.59,Cancelled
503293,11519,23,2024-08-27,2026-01-10,Monthly,3,1045.37,Expired
503294,14292,8,2025-09-05,2026-03-23,Annual,1,296.78,Cancelled
503295,19455,16,2026-04-26,,Monthly,2,201.9,Active
503296,11039,3,2025-05-26,,Monthly,1,789.62,Active
503297,16974,6,2025-09-04,2026-04-18,Monthly,3,2226.99,Expired
503298,11458,1,2026-05-15,,Monthly,2,210.18,Active
503299,16998,26,2026-01-10,2026-08-31,Monthly,1,235.09,Expired
503300,18332,29,2026-07-18,,Monthly,1,307.14,Active
503301,12467,27,2025-01-22,,Monthly,1,1000.78,Active
503302,16856,24,2025-12-27,,Monthly,1,781.44,Active
503303,15251,22,2026-04-07,,Monthly,2,198.05,Active
503304,10603,17,2026-06-01,2026-08-31,Monthly,2,537.04,Cancelled
503305,14072,12,2024-12-02,,Monthly,1,1002.89,Active
503306,17584,14,2024-12-12,,Monthly,1,274.91,Active
503307,18680,6,2026-04-09,,Monthly,1,916.11,Active
503308,18270,7,2025-03-15,2026-08-10,Annual,1,100.84,Cancelled
503309,16564,3,2026-05-20,,Annual,1,670.1,Active
503310,17071,10,2025-09-02,2026-08-31,Monthly,1,107.97,Expired
503311,12798,23,2026-08-10,2026-08-31,Annual,1,371.57,Cancelled
503312,16690,5,2026-08-31,,Monthly,1,237.88,Active
503313,11039,8,2025-04-23,,Monthly,1,287.1,Active
503314,12092,5,2026-02-18,2026-08-31,Annual,1,224.29,Cancelled
503315,18072,19,2024-12-31,,Monthly,1,73.63,Active
503316,12642,17,2025-08-04,,Monthly,1,267.0,Active
503317,10658,25,2024-10-19,,Monthly,1,93.95,Active
503318,11768,19,2025-03-24,2025-07-09,Annual,1,90.63,Cancelled
503319,14620,15,2025-07-13,2026-01-15,Monthly,1,671.19,Cancelled
503320,15234,28,2025-07-30,,Monthly,3,319.17,Active
503321,16484,20,2025-01-04,2026-01-13,Monthly,1,250.9,Cancelled
503322,15683,5,2025-06-05,,Monthly,1,222.09,Active
503323,16009,9,2024-11-30,,Monthly,1,903.33,Active
503324,11570,10,2024-04-19,,Monthly,2,209.88,Active
503325,11196,13,2025-02-27,,Monthly,3,342.06,Active
503326,13289,1,2025-11-18,,Monthly,1,96.95,Active
503327,16475,13,2026-08-31,,Monthly,1,117.03,Active
503328,15226,8,2025-02-13,2025-12-21,Monthly,1,263.68,Expired
503329,12403,17,2024-09-08,2024-12-26,Annual,3,844.2,Expired
503330,17768,24,2026-01-01,2026-04-01,Monthly,1,939.46,Expired
503331,15568,18,2024-10-21,,Monthly,1,903.71,Active
503332,18049,12,2025-06-17,,Monthly,1,1082.12,Active
503333,12487,14,2025-07-08,,Monthly,2,578.16,Active
503334,17752,3,2025-02-13,,Monthly,1,737.24,Active
503335,13870,1,2025-05-11,,Monthly,1,108.18,Active
503336,11469,10,2026-08-31,,Monthly,1,114.03,Active
503337,17462,16,2024-09-17,2025-07-25,Monthly,1,112.57,Cancelled
503338,18739,25,2025-03-22,2025-12-10,Monthly,1,95.79,Cancelled
503339,12536,14,2025-12-08,2026-05-26,Monthly,2,650.21,Expired
503340,10316,21,2024-09-07,,Monthly,4,3639.95,Active
503341,18522,20,2026-03-16,,Monthly,1,273.56,Active
503342,15509,21,2025-06-23,2025-12-05,Annual,1,857.98,Expired
503343,14538,6,2025-08-04,,Annual,2,1581.44,Active
503344,12732,18,2025-04-03,2026-04-13,Monthly,1,784.58,Expired
503345,19924,30,2026-04-22,,Monthly,3,2268.1,Active
503346,12871,20,2025-04-25,2025-09-01,Monthly,1,238.61,Expired
503347,16103,28,2026-02-16,,Monthly,1,95.65,Active
503348,12175,26,2026-05-23,2026-07-13,Monthly,1,283.56,Cancelled
503349,11599,23,2025-07-14,2026-05-15,Monthly,1,373.86,Expired
503350,14678,12,2024-05-20,2025-01-10,Annual,1,1090.51,Cancelled
503351,17489,11,2024-11-15,,Monthly,3,964.3,Active
503352,10498,29,2025-02-09,,Monthly,1,281.38,Active
503353,16105,17,2025-03-14,,Monthly,1,261.48,Active
503354,12135,12,2025-04-07,2026-08-31,Monthly,2,2152.43,Expired
503355,11184,16,2026-06-21,,Annual,1,102.2,Active
503356,19691,11,2026-08-31,2026-08-31,Monthly,1,314.67,Expired
503357,10685,23,2026-01-29,,Monthly,1,360.33,Active
503358,11673,16,2025-02-12,,Monthly,3,349.85,Active
503359,18247,14,2025-02-25,2026-04-10,Monthly,1,313.36,Cancelled
503360,11091,3,2026-01-22,,Monthly,1,657.39,Active
503361,14875,15,2026-02-21,,Monthly,1,832.12,Active
503362,13019,26,2025-04-05,2026-05-26,Monthly,1,229.93,Expired
503363,16938,23,2026-08-17,,Monthly,2,668.61,Active
503364,18751,14,2024-06-01,,Monthly,1,257.15,Active
503365,15010,13,2025-11-29,,Monthly,1,97.51,Active
503366,11501,1,2024-11-12,2025-04-30,Monthly,1,107.37,Expired
503367,18277,23,2026-01-24,2026-04-21,Monthly,2,704.16,Cancelled
503368,18305,24,2024-08-01,2026-01-05,Monthly,1,932.35,Cancelled
503369,11613,21,2026-03-08,,Annual,1,770.17,Active
503370,10398,7,2024-04-22,,Monthly,1,96.17,Active
503371,11111,18,2026-05-23,,Annual,3,2710.08,Active
503372,14205,19,2026-08-31,,Monthly,1,90.63,Active
503373,13892,12,2026-07-19,2026-08-31,Monthly,1,1160.86,Expired
503374,19436,28,2024-05-06,2025-08-12,Monthly,1,99.34,Cancelled
503375,15197,23,2025-09-16,,Monthly,1,325.83,Active
503376,19944,10,2026-08-31,,Monthly,1,112.6,Active
503377,16197,20,2026-02-11,2026-08-31,Annual,1,248.0,Expired
503378,19890,4,2024-07-08,,Monthly,1,96.15,Active
503379,12361,25,2026-03-07,,Monthly,1,98.97,Active
503380,17415,5,2024-12-10,2025-10-03,Monthly,3,792.49,Expired
503381,17579,12,2024-06-23,,Monthly,1,1110.01,Active
503382,18466,27,2024-08-27,2024-12-13,Monthly,4,4428.01,Expired
503383,17354,8,2024-12-15,2025-02-13,Monthly,1,256.09,Expired
503384,12969,14,2024-10-03,,Monthly,1,325.27,Active
503385,14908,1,2024-06-19,2025-02-14,Annual,3,297.68,Cancelled
503386,13175,4,2024-12-28,,Monthly,3,291.52,Active
503387,14722,17,2024-10-04,2025-10-25,Annual,1,256.83,Cancelled
503388,15245,23,2024-12-13,,Monthly,1,299.87,Active
503389,17180,23,2026-05-02,,Monthly,1,312.74,Active
503390,11822,24,2024-12-11,,Monthly,1,800.56,Active
503391,19974,20,2024-11-14,2025-11-20,Annual,1,270.16,Cancelled
503392,13354,29,2026-08-31,,Monthly,1,288.59,Active
503393,13785,21,2026-06-27,,Monthly,1,953.5,Active
503394,15449,24,2025-03-14,2025-04-16,Monthly,4,3164.54,Expired
503395,12743,10,2026-05-03,,Monthly,1,113.66,Active
503396,14257,10,2024-12-13,2026-05-22,Monthly,2,230.31,Cancelled
503397,14805,30,2025-04-15,2025-07-29,Annual,1,794.7,Cancelled
503398,10454,7,2024-06-09,,Monthly,2,205.43,Active
503399,12458,1,2025-07-28,,Monthly,1,120.05,Active
503400,10247,13,2025-09-03,,Monthly,2,194.4,Active
503401,10599,3,2024-12-17,,Monthly,3,2027.47,Active
503402,19759,8,2025-09-21,2026-08-31,Monthly,2,604.28,Cancelled
503403,19533,23,2026-04-26,2026-08-31,Monthly,1,374.24,Cancelled
503404,14945,15,2025-09-20,2026-08-31,Monthly,4,3269.93,Cancelled
503405,13522,9,2026-08-31,,Monthly,3,3003.95,Active
503406,16057,8,2026-01-11,2026-07-05,Monthly,2,566.72,Cancelled
503407,15107,6,2024-12-29,,Monthly,2,1873.61,Active
503408,18737,16,2024-08-20,,Monthly,1,107.75,Active
503409,11031,11,2025-04-18,2025-08-28,Annual,3,895.07,Cancelled
503410,19655,17,2024-06-18,2024-08-14,Monthly,1,292.79,Cancelled
503411,17358,1,2026-05-20,,Annual,1,107.74,Active
503412,19437,19,2026-03-22,2026-08-11,Monthly,1,72.47,Expired
503413,14808,18,2025-09-19,,Monthly,3,2389.78,Active
503414,17220,28,2025-11-10,,Annual,3,342.86,Active
503415,11778,14,2026-07-13,2026-08-23,Monthly,1,310.81,Cancelled
503416,17711,8,2024-11-22,,Monthly,1,296.99,Active
503417,12644,7,2024-04-16,,Monthly,2,185.4,Active
503418,10091,12,2025-01-13,2026-03-01,Monthly,5,5028.35,Cancelled
503419,16160,24,2025-04-03,,Annual,1,758.49,Active
503420,12730,3,2025-01-29,,Monthly,2,1415.78,Active
503421,18623,22,2026-08-31,,Annual,2,221.9,Active
503422,12070,14,2025-09-30,2026-07-25,Monthly,1,271.28,Cancelled
503423,11082,21,2025-07-06,2026-08-12,Monthly,1,937.69,Cancelled
503424,13023,19,2025-06-26,,Monthly,2,155.43,Active
503425,11885,28,2026-08-04,2026-08-31,Monthly,1,119.17,Cancelled
503426,18920,29,2024-09-14,2025-11-12,Monthly,1,318.17,Cancelled
503427,18632,9,2024-09-02,,Monthly,1,854.5,Active
503428,16041,16,2024-10-31,,Monthly,3,312.05,Active
503429,17323,9,2025-11-28,,Monthly,1,887.8,Active
503430,12238,23,2024-10-28,,Annual,1,348.86,Active
503431,19270,23,2025-04-10,2026-06-12,Annual,3,950.82,Cancelled
503432,17668,9,2025-08-04,,Monthly,2,2035.26,Active
503433,11576,7,2026-02-07,2026-03-28,Monthly,2,219.11,Cancelled
503434,15068,1,2024-05-06,2024-09-18,Monthly,1,102.77,Expired
503435,16558,29,2024-12-04,2025-09-01,Monthly,1,303.12,Cancelled
503436,11118,2,2024-05-09,,Monthly,2,733.95,Active
503437,12320,8,2024-08-22,,Annual,1,296.86,Active
503438,10662,23,2026-02-09,,Monthly,1,316.54,Active
503439,13026,5,2025-09-07,,Monthly,1,262.17,Active
503440,11094,16,2026-06-29,2026-08-31,Monthly,1,109.45,Expired
503441,15389,13,2025-08-19,2026-08-31,Annual,2,198.22,Cancelled
503442,11391,23,2025-04-15,2026-05-19,Annual,1,332.72,Expired
503443,13826,1,2026-03-28,,Monthly,1,97.27,Active
503444,12475,28,2025-04-21,,Monthly,1,117.68,Active
503445,15678,20,2025-12-28,,Monthly,1,269.24,Active
503446,14093,10,2025-02-24,2025-11-03,Monthly,1,119.94,Cancelled
503447,13838,23,2026-04-29,,Monthly,1,357.61,Active
503448,14746,10,2025-08-10,2026-08-31,Annual,3,348.86,Expired
503449,17526,11,2025-06-27,,Monthly,1,363.11,Active
503450,17373,27,2024-09-16,,Monthly,1,1094.2,Active
503451,12360,10,2024-06-06,,Annual,2,232.42,Active
503452,18514,24,2026-08-31,2026-08-31,Annual,3,2517.74,Cancelled
503453,10724,21,2024-03-24,,Monthly,1,939.03,Active
503454,15633,26,2024-06-14,2024-09-26,Monthly,2,459.52,Expired
503455,17839,16,2026-08-31,,Monthly,1,112.07,Active
503456,17662,3,2024-06-07,2024-09-19,Annual,1,739.61,Expired
503457,18945,15,2025-10-27,,Monthly,1,711.14,Active
503458,13632,22,2026-07-09,2026-08-31,Annual,1,94.68,Expired
503459,18231,14,2024-10-29,,Monthly,1,291.84,Active
503460,19029,19,2025-06-30,,Monthly,1,89.89,Active
503461,14474,26,2026-05-26,,Monthly,2,475.68,Active
503462,15239,28,2024-08-31,2025-01-14,Monthly,2,218.74,Cancelled
503463,14440,1,2025-10-15,2026-08-31,Annual,4,469.3,Cancelled
503464,13373,16,2024-12-30,,Monthly,1,103.6,Active
503465,13088,17,2026-03-10,,Annual,1,279.93,Active
503466,12071,6,2025-05-09,2026-03-07,Annual,1,934.85,Cancelled
503467,14673,15,2026-08-31,2026-08-31,Monthly,1,670.29,Expired
503468,19596,28,2025-11-28,2026-08-31,Annual,1,111.74,Cancelled
503469,10347,9,2024-10-24,,Monthly,1,966.11,Active
503470,11456,19,2025-01-03,2025-05-27,Monthly,2,172.76,Cancelled
503471,16702,9,2026-02-12,,Annual,1,875.0,Active
503472,17479,24,2024-06-15,,Monthly,1,834.27,Active
503473,17034,14,2026-07-30,,Monthly,1,277.97,Active
503474,12600,29,2024-08-08,,Monthly,1,264.52,Active
503475,18179,1,2024-08-08,2025-11-13,Monthly,3,361.94,Expired
503476,10017,27,2025-11-11,,Monthly,1,1076.91,Active
503477,16460,14,2025-05-14,,Monthly,4,1188.56,Active
503478,19759,30,2025-10-09,,Annual,1,758.87,Active
503479,11779,27,2026-02-26,2026-06-27,Monthly,3,3257.27,Cancelled
503480,19861,9,2025-03-21,,Annual,1,985.5,Active
503481,18585,23,2026-04-22,2026-08-31,Monthly,1,372.2,Cancelled
503482,12871,5,2025-06-09,2025-11-04,Monthly,1,244.37,Cancelled
503483,13753,9,2026-08-31,2026-08-31,Monthly,1,805.02,Expired
503484,12580,19,2024-09-30,,Annual,3,224.46,Active
503485,16398,2,2025-07-19,,Monthly,1,304.03,Active
503486,17969,26,2026-03-18,,Monthly,1,256.81,Active
503487,12136,12,2026-01-01,2026-08-31,Monthly,1,951.32,Expired
503488,16812,9,2026-04-07,2026-08-31,Monthly,1,823.19,Cancelled
503489,14099,10,2025-05-28,2026-03-08,Monthly,3,344.96,Cancelled
503490,12156,7,2025-05-02,,Monthly,3,296.47,Active
503491,16291,3,2026-06-02,,Monthly,2,1335.84,Active
503492,14559,9,2025-11-23,,Monthly,3,2559.74,Active
503493,16562,9,2025-04-02,2026-08-31,Monthly,1,815.22,Expired
503494,16462,26,2025-06-02,2026-08-31,Monthly,2,550.96,Cancelled
503495,13040,30,2026-06-14,,Monthly,4,2892.59,Active
503496,13263,15,2026-08-31,,Monthly,1,775.74,Active
503497,15971,30,2024-08-13,,Annual,1,669.61,Active
503498,11131,30,2025-02-06,2025-05-30,Monthly,2,1623.51,Cancelled
503499,10039,7,2025-06-02,2025-09-09,Monthly,1,113.49,Expired
503500,10843,26,2026-07-29,2026-08-31,Annual,1,242.33,Cancelled
503501,15937,8,2024-01-27,2025-04-20,Monthly,1,271.52,Cancelled
503502,17231,26,2026-03-17,,Monthly,1,254.82,Active
503503,19075,26,2024-09-22,,Annual,2,548.96,Active
503504,17721,18,2025-05-26,,Monthly,3,2831.76,Active
503505,15313,24,2025-03-09,,Monthly,1,810.8,Active
503506,17033,28,2024-08-10,,Monthly,1,98.04,Active
503507,14397,24,2024-12-09,,Annual,1,874.2,Active
503508,18637,4,2026-05-06,,Monthly,2,241.77,Active
503509,14707,17,2024-11-29,,Monthly,1,269.19,Active
503510,18845,1,2026-07-23,2026-08-31,Monthly,1,119.97,Cancelled
503511,10867,15,2025-08-29,,Monthly,2,1459.38,Active
503512,13999,22,2024-08-31,2026-02-16,Monthly,1,116.06,Cancelled
503513,14211,3,2024-12-05,2025-06-23,Monthly,1,729.81,Cancelled
503514,13832,3,2024-09-06,,Annual,1,749.65,Active
503515,18291,28,2026-08-31,2026-08-31,Annual,3,315.41,Cancelled
503516,13965,14,2025-05-08,2026-01-11,Monthly,1,298.77,Cancelled
503517,19415,27,2024-06-05,,Monthly,2,1822.5,Active
503518,13916,17,2024-03-27,,Monthly,2,533.45,Active
503519,11798,11,2025-07-04,,Monthly,1,334.75,Active
503520,19564,3,2025-05-24,,Monthly,4,3053.3,Active
503521,16967,6,2025-05-16,2026-08-31,Monthly,1,931.19,Expired
503522,15161,29,2025-12-11,,Annual,1,275.89,Active
503523,15100,14,2025-02-21,,Monthly,4,1275.5,Active
503524,14011,9,2024-05-17,,Annual,1,1011.67,Active
503525,19410,30,2025-04-17,2025-09-29,Monthly,1,751.9,Cancelled
503526,18660,23,2025-12-19,,Annual,1,344.1,Active
503527,14546,14,2026-07-05,,Monthly,1,308.78,Active
503528,17141,13,2024-10-14,2025-07-02,Monthly,1,115.03,Expired
503529,12195,26,2024-12-31,2025-03-03,Annual,1,254.83,Cancelled
503530,14035,1,2024-12-30,,Monthly,2,231.76,Active
503531,10451,18,2026-08-21,2026-08-31,Monthly,1,967.72,Cancelled
503532,13284,17,2026-08-31,,Monthly,1,282.48,Active
503533,17513,16,2026-08-31,,Monthly,1,114.28,Active
503534,13605,2,2024-02-22,,Monthly,2,739.26,Active
503535,17196,22,2025-07-08,,Monthly,1,105.04,Active
503536,19835,1,2025-08-01,,Annual,1,105.43,Active
503537,19265,29,2025-04-27,,Annual,1,318.38,Active
503538,13510,6,2026-05-14,2026-08-22,Monthly,2,1714.0,Expired
503539,10605,23,2026-04-16,2026-08-31,Annual,5,1751.83,Cancelled
503540,19018,21,2025-09-20,,Monthly,1,841.98,Active
503541,19826,29,2025-02-26,,Monthly,2,557.34,Active
503542,19361,15,2025-12-25,,Annual,1,693.8,Active
503543,11845,12,2026-05-16,,Monthly,1,1042.25,Active
503544,10735,24,2025-01-13,,Monthly,1,837.48,Active
503545,15611,3,2026-08-07,,Monthly,1,816.88,Active
503546,16375,19,2024-12-04,,Monthly,2,156.56,Active
503547,15653,4,2025-06-25,2025-10-28,Monthly,2,243.48,Expired
503548,10488,2,2025-07-06,,Annual,2,737.95,Active
503549,10409,6,2026-07-23,,Monthly,3,2498.94,Active
503550,13759,19,2024-08-13,,Monthly,1,76.41,Active
503551,16241,23,2026-01-21,,Monthly,4,1223.36,Active
503552,12343,3,2025-08-05,2026-08-01,Monthly,2,1597.14,Cancelled
503553,13395,9,2024-10-31,2025-02-10,Monthly,1,877.06,Expired
503554,15968,4,2025-06-27,2026-05-24,Monthly,1,101.34,Cancelled
503555,18354,7,2025-04-14,2026-02-21,Monthly,2,214.99,Cancelled
503556,15276,1,2024-05-23,2025-06-17,Monthly,1,99.56,Expired
503557,15326,27,2025-05-07,,Monthly,2,2195.95,Active
503558,12501,23,2026-05-28,,Monthly,1,358.1,Active
503559,10744,27,2026-07-03,2026-08-31,Monthly,1,1066.22,Expired
503560,16933,23,2026-03-30,,Monthly,1,377.34,Active
503561,15639,2,2025-09-19,,Monthly,1,355.55,Active
503562,11881,26,2026-08-31,,Monthly,2,531.22,Active
503563,19602,20,2025-05-25,,Monthly,2,574.65,Active
503564,14617,13,2024-05-28,,Annual,1,113.36,Active
503565,18177,12,2026-05-26,,Monthly,1,1122.84,Active
503566,12910,13,2026-06-18,2026-08-31,Monthly,1,98.38,Cancelled
503567,17469,9,2024-08-09,2025-11-19,Monthly,1,947.56,Cancelled
503568,12111,24,2025-10-03,2026-07-07,Annual,1,844.13,Expired
503569,19033,13,2025-03-25,,Annual,1,102.23,Active
503570,17604,21,2024-07-05,,Annual,1,933.22,Active
503571,17033,18,2024-05-18,,Annual,1,854.84,Active
503572,13717,25,2024-07-31,2025-06-24,Monthly,4,417.01,Expired
503573,11649,27,2024-06-09,,Monthly,5,5054.17,Active
503574,16391,26,2024-12-17,2025-07-06,Monthly,1,278.3,Cancelled
503575,13769,17,2024-08-02,,Monthly,1,256.75,Active
503576,16617,6,2025-06-06,,Monthly,2,1725.09,Active
503577,10957,26,2026-04-10,2026-08-31,Monthly,2,561.98,Expired
503578,12568,5,2025-07-22,,Monthly,1,251.17,Active
503579,14935,5,2024-04-04,,Monthly,1,230.13,Active
503580,15422,14,2024-08-09,,Monthly,1,296.62,Active
503581,12529,9,2026-08-31,,Annual,1,911.49,Active
503582,14861,18,2026-05-30,,Monthly,5,4672.54,Active
503583,17121,26,2025-08-09,,Monthly,1,273.84,Active
503584,10166,4,2026-07-11,2026-08-31,Annual,1,113.09,Expired
503585,10787,11,2025-03-21,2025-11-10,Monthly,2,639.39,Cancelled
503586,15113,9,2024-12-04,,Annual,2,1927.21,Active
503587,10766,6,2026-01-26,,Annual,1,778.63,Active
503588,10671,23,2024-09-14,2025-10-15,Monthly,1,305.93,Expired
503589,19513,26,2024-11-13,2025-07-10,Monthly,1,231.37,Cancelled
503590,11974,21,2024-12-06,,Monthly,1,918.91,Active
503591,18501,1,2024-03-18,2024-08-09,Monthly,3,307.93,Expired
503592,14175,19,2026-08-25,2026-08-31,Monthly,3,226.42,Expired
503593,13533,21,2025-03-30,,Monthly,2,1646.0,Active
503594,16292,7,2025-07-05,,Monthly,1,111.33,Active
503595,10062,12,2024-10-31,,Monthly,2,2364.62,Active
503596,13010,1,2026-08-06,2026-08-31,Annual,1,111.84,Expired
503597,12853,9,2025-09-19,,Monthly,1,1012.32,Active
503598,10092,19,2025-12-23,,Monthly,1,76.77,Active
503599,12516,29,2024-02-12,2024-10-26,Monthly,2,522.35,Cancelled
503600,13439,12,2024-07-23,,Monthly,1,1082.92,Active
503601,17439,18,2024-05-10,,Monthly,1,790.32,Active
503602,14075,1,2025-12-26,2026-08-31,Annual,1,107.31,Expired
503603,14724,27,2024-12-04,2025-08-19,Monthly,2,1931.75,Expired
503604,12056,16,2026-04-12,,Annual,1,107.75,Active
503605,15696,15,2024-06-16,2025-03-20,Monthly,1,675.51,Cancelled
503606,19040,4,2024-04-11,,Monthly,1,118.22,Active
503607,18906,25,2026-08-31,,Annual,1,98.98,Active
503608,19393,10,2025-06-12,2025-10-09,Monthly,2,218.2,Cancelled
503609,14163,8,2024-12-09,2025-01-09,Annual,2,530.68,Cancelled
503610,18592,19,2025-11-19,,Annual,1,76.48,Active
503611,10073,12,2025-12-28,,Monthly,2,2120.29,Active
503612,14570,23,2026-03-04,,Monthly,1,365.27,Active
503613,19538,11,2026-04-19,2026-08-15,Monthly,1,364.89,Cancelled
503614,15811,25,2026-08-31,,Annual,1,106.49,Active
503615,15313,11,2025-02-03,,Monthly,1,345.41,Active
503616,19817,7,2025-08-04,,Monthly,1,107.26,Active
503617,11122,16,2026-03-04,,Annual,2,198.98,Active
503618,17880,18,2024-09-04,2025-11-20,Monthly,2,1759.48,Cancelled
503619,18371,1,2025-06-24,,Monthly,1,104.43,Active
503620,16497,21,2025-09-16,,Monthly,2,1592.43,Active
503621,11923,19,2025-12-28,,Annual,1,86.26,Active
503622,19864,17,2026-04-26,2026-08-02,Monthly,1,299.86,Expired
503623,17052,4,2026-08-14,,Annual,1,115.86,Active
503624,16529,23,2025-12-09,,Monthly,3,1046.0,Active
503625,13375,8,2026-08-31,,Monthly,1,309.68,Active
503626,10361,30,2024-10-14,2026-01-01,Monthly,1,734.1,Cancelled
503627,19368,18,2025-01-26,2025-06-08,Monthly,2,1897.65,Expired
503628,18273,16,2026-08-31,,Annual,1,112.37,Active
503629,15717,29,2026-08-15,2026-08-31,Monthly,1,266.97,Cancelled
503630,13673,6,2025-02-26,2025-07-02,Monthly,3,2656.32,Expired
503631,12802,25,2026-03-11,,Monthly,1,116.31,Active
503632,13443,28,2025-06-08,,Monthly,1,112.49,Active
503633,13624,9,2025-06-09,2026-04-25,Monthly,1,921.04,Expired
503634,14315,6,2025-09-28,,Monthly,1,792.01,Active
503635,14696,30,2025-01-01,2025-06-16,Monthly,1,751.97,Cancelled
503636,10235,11,2026-08-31,2026-08-31,Monthly,1,292.8,Cancelled
503637,18939,2,2026-08-31,2026-08-31,Monthly,1,334.21,Cancelled
503638,13534,27,2025-05-25,,Annual,3,3111.39,Active
503639,14327,1,2025-03-09,2026-06-09,Annual,3,300.4,Expired
503640,19499,28,2025-03-25,2026-04-25,Monthly,2,193.39,Cancelled
503641,15835,6,2025-11-09,2026-08-31,Annual,1,809.48,Expired
503642,13282,23,2026-08-31,,Annual,1,308.47,Active
503643,11835,11,2026-08-31,,Monthly,4,1458.57,Active
503644,13504,2,2025-08-17,2026-04-18,Annual,1,308.4,Cancelled
503645,11905,27,2024-05-20,,Monthly,1,890.34,Active
503646,16162,22,2024-11-14,,Monthly,1,105.37,Active
503647,11239,26,2024-09-02,2025-12-18,Monthly,1,280.65,Expired
503648,10494,29,2025-04-20,,Monthly,1,263.63,Active
503649,11804,17,2025-08-21,,Monthly,2,523.14,Active
503650,15104,8,2026-03-22,2026-08-31,Monthly,1,273.56,Cancelled
503651,13403,13,2026-07-11,2026-08-31,Monthly,1,101.4,Cancelled
503652,18691,28,2026-08-31,2026-08-31,Monthly,1,115.21,Expired
503653,13198,3,2025-05-28,,Monthly,1,647.19,Active
503654,11772,1,2024-11-08,2026-04-24,Monthly,1,99.58,Expired
503655,17458,8,2025-01-28,,Annual,2,554.64,Active
503656,16891,20,2024-07-10,2025-11-18,Monthly,1,238.43,Expired
503657,16392,16,2026-02-26,2026-08-31,Monthly,1,111.41,Expired
503658,14901,23,2026-06-13,2026-08-31,Monthly,1,369.13,Expired
503659,12602,6,2025-12-17,2026-04-13,Monthly,1,820.4,Expired
503660,17296,12,2026-04-03,,Monthly,1,1183.5,Active
503661,12569,20,2026-03-02,2026-08-31,Monthly,1,281.0,Expired
503662,14849,1,2024-05-16,2025-10-27,Monthly,1,117.96,Cancelled
503663,12826,25,2024-06-04,2025-11-19,Annual,1,98.08,Cancelled
503664,14686,25,2026-03-16,2026-06-18,Annual,2,206.53,Expired
503665,13892,4,2026-08-31,2026-08-31,Monthly,1,114.66,Cancelled
503666,10671,17,2024-05-17,,Monthly,2,564.03,Active
503667,15219,18,2025-05-21,2026-03-04,Monthly,1,956.54,Cancelled
503668,15728,27,2026-02-08,,Monthly,1,1057.82,Active
503669,16867,14,2025-06-05,,Monthly,1,310.77,Active
503670,16671,5,2026-06-22,,Monthly,1,267.71,Active
503671,15756,15,2024-08-10,,Monthly,1,800.61,Active
503672,16180,7,2024-10-14,,Monthly,1,103.72,Active
503673,13130,3,2025-04-06,,Monthly,1,804.09,Active
503674,12473,23,2025-11-19,2026-03-07,Annual,2,720.48,Expired
503675,15080,21,2026-07-28,2026-08-31,Annual,1,874.98,Expired
503676,11876,20,2024-06-23,2025-08-24,Monthly,2,576.53,Expired
503677,18722,20,2025-04-10,,Monthly,1,243.22,Active
503678,18914,22,2025-07-23,,Annual,1,106.8,Active
503679,15702,10,2026-04-22,2026-08-31,Monthly,1,105.93,Expired
503680,17421,27,2026-01-25,,Monthly,1,985.97,Active
503681,11069,13,2025-12-09,,Annual,1,96.88,Active
503682,13707,6,2025-01-09,,Monthly,3,2537.81,Active
503683,15109,26,2024-08-11,,Monthly,4,1131.06,Active
503684,11104,20,2025-12-16,,Monthly,2,465.07,Active
503685,19602,13,2025-09-02,,Monthly,1,105.39,Active
503686,19702,13,2024-05-03,,Monthly,1,100.83,Active
503687,15526,30,2024-06-23,2025-04-04,Monthly,2,1525.15,Expired
503688,19947,4,2026-05-14,2026-08-31,Monthly,2,219.69,Expired
503689,11334,28,2025-01-06,,Monthly,4,430.09,Active
503690,17218,2,2025-06-14,,Monthly,1,373.01,Active
503691,18188,29,2025-06-30,,Monthly,2,547.24,Active
503692,11911,14,2025-09-12,,Monthly,1,279.08,Active
503693,12883,1,2026-08-31,,Monthly,1,100.08,Active
503694,13281,26,2026-03-10,2026-08-31,Annual,4,1018.59,Cancelled
503695,13740,27,2025-04-14,,Monthly,1,894.22,Active
503696,12892,8,2025-07-14,2025-08-31,Monthly,1,300.1,Expired
503697,19703,18,2024-08-04,2024-11-06,Monthly,1,809.19,Expired
503698,11206,8,2024-11-10,,Monthly,3,777.22,Active
503699,12000,2,2026-03-15,,Annual,2,740.2,Active
503700,14872,1,2025-09-12,,Monthly,1,108.31,Active
503701,13609,18,2025-03-19,,Monthly,1,814.9,Active
503702,18087,7,2025-06-19,2025-08-28,Monthly,2,204.85,Expired
503703,19614,24,2025-01-02,,Monthly,1,819.72,Active
503704,13316,11,2025-09-11,2025-12-03,Monthly,1,336.5,Cancelled
503705,18976,14,2025-02-16,2025-05-20,Annual,1,259.03,Cancelled
503706,16506,14,2025-10-10,,Monthly,1,292.84,Active
503707,10156,24,2025-08-13,,Monthly,1,856.4,Active
503708,10065,18,2025-07-09,,Monthly,1,853.15,Active
503709,17759,26,2026-03-24,,Annual,1,267.37,Active
503710,10520,14,2026-08-21,,Annual,1,263.23,Active
503711,11077,14,2025-12-16,2026-01-30,Monthly,2,612.87,Cancelled
503712,17304,9,2026-02-15,2026-08-31,Monthly,2,1805.26,Cancelled
503713,15829,17,2026-08-31,2026-08-31,Monthly,2,553.75,Cancelled
503714,14882,29,2024-06-09,2024-09-03,Monthly,1,288.82,Expired
503715,17081,23,2026-01-17,2026-08-31,Monthly,2,642.59,Expired
503716,10980,30,2025-06-01,,Annual,1,768.57,Active
503717,14946,1,2025-12-06,,Annual,3,345.77,Active
503718,12896,13,2025-09-09,2026-08-31,Monthly,1,112.7,Expired
503719,19973,25,2025-09-19,,Monthly,1,114.69,Active
503720,10045,21,2025-03-26,2025-09-20,Annual,2,1537.98,Expired
503721,15007,4,2025-02-23,2026-01-18,Monthly,1,107.54,Expired
503722,10401,18,2025-04-17,,Monthly,1,901.4,Active
503723,11346,21,2024-05-08,2025-08-13,Monthly,3,2835.11,Cancelled
503724,13426,2,2026-01-18,,Monthly,2,691.6,Active
503725,10364,9,2026-08-08,2026-08-31,Monthly,1,962.91,Expired
503726,16425,30,2024-11-07,,Monthly,1,835.55,Active
503727,16701,29,2026-03-04,,Annual,3,974.81,Active
503728,18013,24,2026-03-28,,Monthly,2,1653.13,Active
503729,14149,30,2024-06-15,2024-08-26,Monthly,1,736.7,Cancelled
503730,15799,8,2026-04-10,2026-08-31,Annual,1,262.75,Cancelled
503731,16757,5,2025-06-18,,Monthly,1,266.38,Active
503732,18363,26,2026-08-31,,Annual,1,285.52,Active
503733,16459,18,2024-05-12,,Annual,1,878.97,Active
503734,11169,27,2024-10-05,,Monthly,2,1778.54,Active
503735,13856,1,2026-02-18,,Monthly,1,104.8,Active
503736,10967,10,2026-07-30,2026-08-31,Monthly,1,111.72,Expired
503737,13756,29,2025-11-10,,Monthly,1,308.19,Active
503738,14985,28,2024-04-30,,Annual,2,229.5,Active
503739,14825,30,2024-07-09,,Monthly,1,812.13,Active
503740,11298,1,2025-07-23,2026-01-13,Monthly,3,310.68,Expired
503741,14566,14,2026-03-10,,Monthly,1,267.97,Active
503742,10211,19,2025-09-07,,Monthly,1,89.13,Active
503743,12166,10,2026-06-04,,Annual,1,119.88,Active
503744,17666,26,2025-08-28,,Monthly,2,546.57,Active
503745,10148,19,2025-01-17,,Monthly,2,153.59,Active
503746,14505,3,2025-04-23,,Monthly,1,744.5,Active
503747,18297,24,2025-06-13,,Monthly,3,2553.23,Active
503748,10399,21,2025-05-17,2025-12-22,Monthly,1,769.12,Expired
503749,18362,28,2026-04-08,2026-07-02,Monthly,3,353.42,Cancelled
503750,18292,28,2026-03-02,2026-08-31,Monthly,1,112.93,Cancelled
503751,17345,13,2025-05-13,2026-04-28,Annual,3,341.48,Expired
503752,12254,2,2025-03-19,2025-07-31,Monthly,4,1417.01,Expired
503753,13913,13,2025-01-21,,Monthly,1,111.81,Active
503754,17221,14,2026-08-31,2026-08-31,Monthly,1,321.49,Cancelled
503755,15168,16,2026-06-20,,Annual,1,102.87,Active
503756,12937,18,2026-02-22,2026-08-31,Monthly,2,1768.81,Cancelled
503757,10404,7,2026-03-14,2026-06-03,Monthly,1,100.99,Cancelled
503758,17461,27,2024-04-09,,Monthly,1,985.33,Active
503759,19531,1,2025-01-08,,Monthly,2,200.8,Active
503760,18883,21,2026-03-16,,Annual,3,2323.47,Active
503761,13156,27,2026-08-31,,Monthly,1,988.81,Active
503762,16793,2,2024-10-19,,Monthly,1,319.87,Active
503763,16786,14,2024-04-07,,Monthly,2,576.82,Active
503764,15706,9,2025-10-22,,Monthly,3,2602.87,Active
503765,14484,21,2026-01-31,,Annual,1,813.11,Active
503766,16903,24,2025-09-26,,Annual,1,752.45,Active
503767,10746,24,2026-02-05,,Monthly,1,773.09,Active
503768,15838,10,2026-03-19,,Annual,1,120.14,Active
503769,16916,12,2024-06-24,,Monthly,1,1001.05,Active
503770,14839,30,2026-08-31,,Monthly,1,675.94,Active
503771,12418,12,2025-08-20,,Monthly,2,2341.64,Active
503772,13541,24,2025-10-14,,Monthly,1,771.56,Active
503773,16297,30,2024-11-10,2025-01-17,Monthly,2,1522.82,Expired
503774,19527,5,2025-01-23,2025-05-20,Monthly,1,231.84,Cancelled
503775,18404,25,2026-08-31,2026-08-31,Monthly,2,231.66,Cancelled
503776,16402,5,2024-05-21,,Monthly,1,273.49,Active
503777,13556,23,2025-04-16,2026-03-19,Annual,1,358.4,Expired
503778,15457,12,2025-08-17,,Monthly,1,1072.29,Active
503779,18621,5,2024-03-30,,Monthly,1,255.98,Active
503780,14634,23,2026-08-31,,Annual,2,652.81,Active
503781,13669,8,2026-08-29,2026-08-31,Monthly,5,1598.72,Cancelled
503782,19583,27,2025-02-28,2026-03-12,Monthly,3,2675.15,Cancelled
503783,13702,29,2024-04-14,2024-09-02,Monthly,1,268.12,Expired
503784,14274,28,2024-05-29,2024-11-19,Annual,1,105.4,Cancelled
503785,18990,14,2024-09-26,2025-04-12,Monthly,2,590.82,Expired
503786,13130,15,2025-06-07,2025-09-30,Annual,2,1659.25,Cancelled
503787,17124,2,2025-01-27,,Annual,3,1142.52,Active
503788,14866,18,2024-07-19,,Monthly,1,906.58,Active
503789,15957,26,2024-11-21,,Monthly,2,533.65,Active
503790,15932,9,2024-08-30,,Monthly,2,1670.93,Active
503791,11397,2,2025-09-30,2026-08-31,Monthly,1,372.43,Expired
503792,14183,6,2024-07-20,2025-04-13,Monthly,1,896.86,Cancelled
503793,10461,12,2024-04-01,2025-09-07,Monthly,1,966.47,Cancelled
503794,14545,23,2025-02-02,2025-04-21,Monthly,3,941.7,Cancelled
503795,17145,12,2025-06-05,2026-01-13,Monthly,1,1139.9,Cancelled
503796,15736,23,2025-11-11,2026-08-31,Monthly,1,318.25,Cancelled
503797,14168,10,2026-03-14,,Monthly,2,221.25,Active
503798,12703,4,2024-08-12,,Monthly,1,110.78,Active
503799,10683,23,2025-08-28,,Monthly,2,725.03,Active
503800,13225,18,2025-08-28,2026-08-31,Annual,2,1851.43,Cancelled
503801,10756,5,2025-05-24,,Annual,1,265.2,Active
503802,19271,20,2025-06-21,2025-08-05,Monthly,1,244.92,Cancelled
503803,10196,5,2026-02-28,2026-08-31,Annual,2,531.29,Expired
503804,12780,20,2024-10-31,,Monthly,1,233.24,Active
503805,15094,14,2025-10-30,2026-08-31,Monthly,2,651.42,Cancelled
503806,13594,15,2024-11-15,,Monthly,2,1473.78,Active
503807,17865,29,2026-03-02,,Monthly,2,563.64,Active
503808,16303,22,2024-08-14,2026-02-01,Monthly,1,107.07,Cancelled
503809,17459,2,2025-10-03,,Monthly,1,347.73,Active
503810,18482,15,2025-05-01,,Monthly,1,784.04,Active
503811,12607,25,2024-10-31,,Annual,2,229.51,Active
503812,19332,12,2024-12-25,,Annual,1,1052.44,Active
503813,16805,29,2025-05-07,2026-02-20,Monthly,1,321.67,Cancelled
503814,11593,6,2026-07-28,,Monthly,1,928.28,Active
503815,19523,1,2025-03-25,,Annual,2,242.63,Active
503816,19065,26,2026-08-31,2026-08-31,Monthly,1,277.21,Cancelled
503817,18018,7,2026-08-07,,Monthly,1,92.76,Active
503818,15044,30,2026-04-18,,Monthly,1,787.75,Active
503819,14243,2,2025-05-06,2025-09-10,Monthly,2,750.44,Cancelled
503820,15029,23,2025-03-24,,Annual,2,667.66,Active
503821,17288,17,2026-03-01,,Monthly,1,270.76,Active
503822,12164,30,2026-05-07,,Monthly,1,761.35,Active
503823,11642,29,2025-02-15,,Annual,1,314.77,Active
503824,14973,23,2024-06-21,,Monthly,1,349.18,Active
503825,17793,26,2024-07-16,2025-02-21,Annual,2,498.23,Expired
503826,18598,18,2025-07-19,,Monthly,2,1938.28,Active
503827,12135,19,2024-12-26,2025-04-03,Monthly,1,73.46,Cancelled
503828,13604,18,2026-08-31,,Monthly,5,4819.47,Active
503829,13782,29,2026-07-26,,Monthly,1,311.39,Active
503830,17176,2,2025-01-22,,Monthly,2,619.54,Active
503831,15993,14,2025-06-26,,Monthly,3,970.37,Active
503832,13250,2,2024-06-09,,Monthly,1,337.62,Active
503833,15602,30,2025-04-29,,Monthly,1,665.29,Active
503834,12492,9,2026-08-31,2026-08-31,Annual,2,1624.0,Cancelled
503835,15634,7,2024-12-04,,Monthly,1,94.99,Active
503836,19603,29,2024-09-16,,Monthly,1,268.94,Active
503837,17836,24,2024-10-16,2026-03-17,Annual,2,1690.92,Expired
503838,16131,6,2025-12-19,,Annual,1,763.65,Active
503839,12272,3,2024-08-20,,Monthly,1,717.73,Active
503840,11299,27,2026-06-21,2026-08-31,Monthly,1,980.52,Cancelled
503841,18678,1,2024-09-24,,Monthly,2,230.05,Active
503842,15322,18,2025-07-18,2026-02-15,Monthly,1,859.11,Expired
503843,10356,15,2026-03-17,,Monthly,1,681.98,Active
503844,14575,19,2026-05-16,,Monthly,2,147.46,Active
503845,11508,24,2025-09-26,2026-08-31,Annual,1,862.89,Cancelled
503846,15326,27,2025-03-11,,Monthly,3,2798.33,Active
503847,19705,2,2024-05-16,,Annual,1,307.91,Active
503848,11811,19,2024-06-01,,Annual,1,89.06,Active
503849,17585,24,2026-08-31,2026-08-31,Monthly,1,754.7,Cancelled
503850,15988,30,2026-02-12,,Monthly,1,675.02,Active
503851,11491,28,2026-04-26,2026-08-31,Monthly,1,107.98,Expired
503852,12997,1,2025-10-17,2026-03-12,Monthly,1,121.95,Expired
503853,14483,2,2025-04-02,,Monthly,1,352.81,Active
503854,18276,7,2026-08-31,,Monthly,1,110.01,Active
503855,10075,3,2026-08-31,2026-08-31,Monthly,3,2184.86,Cancelled
503856,15363,1,2025-01-02,,Monthly,2,241.08,Active
503857,15212,25,2026-05-29,2026-08-31,Monthly,3,297.65,Cancelled
503858,15381,14,2026-08-31,,Annual,1,273.99,Active
503859,19825,5,2024-10-14,2025-08-14,Monthly,1,229.88,Expired
503860,16860,24,2025-08-07,,Monthly,1,810.91,Active
503861,16468,5,2025-08-07,,Monthly,1,222.46,Active
503862,13247,18,2025-12-11,2026-07-03,Monthly,1,890.14,Cancelled
503863,16094,16,2025-05-03,2026-08-31,Annual,2,237.58,Cancelled
503864,19003,20,2026-08-31,,Monthly,1,264.49,Active
503865,18287,19,2024-09-11,,Monthly,1,86.55,Active
503866,12577,16,2024-08-04,2025-11-02,Monthly,1,111.27,Expired
503867,15765,9,2024-10-04,,Annual,1,855.07,Active
503868,14389,24,2025-01-18,2025-08-23,Monthly,1,936.07,Cancelled
503869,16426,17,2026-03-03,,Monthly,1,274.33,Active
503870,15540,19,2025-12-18,,Monthly,1,86.44,Active
503871,12975,6,2026-06-25,,Monthly,1,877.96,Active
503872,18897,16,2025-06-29,2026-04-20,Monthly,6,631.0,Expired
503873,15641,1,2024-05-28,,Monthly,2,235.16,Active
503874,19362,6,2024-11-17,,Monthly,2,1794.68,Active
503875,17347,3,2025-11-22,,Monthly,3,2241.87,Active
503876,16008,23,2026-06-10,,Monthly,1,303.03,Active
503877,15153,13,2025-01-10,2026-06-26,Monthly,1,119.48,Cancelled
503878,10876,18,2025-09-09,,Annual,1,918.92,Active
503879,14064,6,2026-08-31,,Monthly,2,1638.42,Active
503880,16071,3,2026-08-08,,Annual,2,1318.69,Active
503881,12107,20,2026-07-04,,Monthly,1,273.89,Active
503882,16669,11,2024-10-26,,Annual,1,297.74,Active
503883,12460,17,2025-09-22,2025-12-08,Annual,2,580.49,Cancelled
503884,16550,22,2025-04-29,2025-08-09,Monthly,2,223.2,Cancelled
503885,19190,19,2025-04-01,,Monthly,1,77.23,Active
503886,12108,24,2026-08-31,,Monthly,2,1502.96,Active
503887,11301,4,2026-08-31,,Monthly,2,226.75,Active
503888,19682,13,2025-06-17,,Annual,2,229.82,Active
503889,16295,28,2024-08-22,,Monthly,2,222.53,Active
503890,19292,6,2025-01-07,2025-08-07,Annual,3,2689.04,Expired
503891,17355,26,2025-06-09,,Annual,2,561.12,Active
503892,11309,16,2024-12-08,,Monthly,3,301.45,Active
503893,11999,11,2025-11-20,,Monthly,1,297.86,Active
503894,16606,13,2025-10-01,,Monthly,1,102.96,Active
503895,11722,14,2024-06-12,2025-06-19,Monthly,1,320.54,Expired
503896,19266,28,2026-04-16,2026-08-31,Annual,4,470.1,Expired
503897,12090,14,2024-07-27,2025-01-04,Annual,1,319.12,Expired
503898,12076,5,2026-08-05,,Monthly,2,533.9,Active
503899,15478,13,2026-02-13,,Monthly,3,325.36,Active
503900,14552,25,2025-11-22,,Monthly,3,289.46,Active
503901,11911,13,2025-12-01,,Monthly,1,97.4,Active
503902,18636,7,2024-09-03,,Monthly,2,196.38,Active
503903,12787,15,2026-02-12,2026-08-31,Annual,2,1552.43,Cancelled
503904,15108,30,2026-03-14,,Monthly,3,2299.62,Active
503905,13550,19,2024-09-14,,Monthly,1,86.27,Active
503906,17902,18,2024-10-07,,Monthly,2,1588.17,Active
503907,10407,14,2026-07-02,,Monthly,1,303.13,Active
503908,15756,28,2024-08-15,,Monthly,1,107.51,Active
503909,10280,8,2025-03-14,,Monthly,1,311.31,Active
503910,12394,29,2026-05-28,,Monthly,1,310.15,Active
503911,10068,19,2025-03-10,,Monthly,2,181.52,Active
503912,15159,15,2025-03-10,,Monthly,3,2342.34,Active
503913,18845,10,2026-05-13,,Monthly,3,311.02,Active
503914,13938,3,2025-08-17,2026-01-05,Annual,1,695.45,Expired
503915,19182,3,2026-08-31,,Annual,4,3214.58,Active
503916,12302,6,2026-03-17,2026-08-31,Monthly,4,3096.54,Expired
503917,15708,13,2026-03-03,2026-08-31,Monthly,2,225.48,Cancelled
503918,11697,10,2024-08-17,2025-04-06,Monthly,1,124.22,Expired
503919,10428,18,2025-08-10,,Annual,1,778.56,Active
503920,11413,3,2026-08-31,,Monthly,3,2018.35,Active
503921,15284,8,2025-10-20,,Monthly,1,281.24,Active
503922,17321,7,2024-10-12,2026-01-19,Monthly,1,115.48,Expired
503923,18778,30,2025-10-26,,Monthly,1,690.71,Active
503924,14898,23,2025-11-05,,Monthly,1,320.52,Active
503925,18530,27,2024-08-13,,Monthly,1,952.35,Active
503926,14577,25,2024-05-09,2024-07-17,Monthly,1,110.57,Cancelled
503927,15907,8,2025-06-06,,Monthly,1,267.53,Active
503928,19089,14,2025-01-15,,Monthly,1,282.22,Active
503929,11174,28,2024-04-04,2025-02-15,Monthly,2,233.23,Expired
503930,19714,28,2026-01-26,,Monthly,2,191.73,Active
503931,13438,7,2025-01-24,,Annual,4,382.75,Active
503932,10790,28,2024-09-22,,Monthly,2,199.6,Active
503933,19892,25,2025-06-11,2026-08-31,Monthly,3,285.67,Cancelled
503934,11536,8,2024-10-20,2025-10-03,Monthly,1,293.44,Expired
503935,18255,7,2026-08-31,2026-08-31,Monthly,1,105.87,Cancelled
503936,14065,3,2024-05-11,2024-08-18,Monthly,4,2696.24,Expired
503937,17176,11,2025-04-10,,Monthly,1,347.44,Active
503938,17630,29,2026-08-31,,Monthly,3,968.31,Active
503939,13168,24,2024-09-25,2025-11-11,Monthly,1,753.37,Cancelled
503940,14835,13,2025-06-17,,Monthly,1,116.27,Active
503941,11859,16,2024-07-05,,Monthly,1,112.58,Active
503942,12113,8,2026-08-31,,Monthly,1,270.47,Active
503943,14281,5,2025-05-26,,Monthly,1,220.62,Active
503944,10227,14,2026-08-31,,Monthly,2,607.61,Active
503945,12340,28,2024-03-04,2025-05-24,Monthly,1,110.43,Cancelled
503946,18988,13,2026-01-22,,Monthly,1,98.47,Active
503947,13356,15,2024-10-13,2026-01-01,Monthly,4,2996.14,Expired
503948,19975,23,2026-06-19,2026-08-31,Monthly,1,373.66,Cancelled
503949,18109,18,2025-02-06,,Monthly,2,1576.19,Active
503950,15656,1,2026-08-31,,Annual,2,208.18,Active
503951,11717,26,2026-08-31,,Annual,1,242.8,Active
503952,17945,20,2026-03-01,,Monthly,1,231.3,Active
503953,12506,12,2026-01-05,,Monthly,2,2019.87,Active
503954,16652,1,2025-12-07,,Monthly,2,228.5,Active
503955,12553,9,2026-06-27,,Monthly,1,972.76,Active
503956,15053,6,2026-06-25,,Monthly,1,846.12,Active
503957,19140,29,2024-09-19,,Annual,2,642.73,Active
503958,15645,3,2025-01-27,,Monthly,1,756.92,Active
503959,11026,3,2025-06-24,,Monthly,2,1571.56,Active
503960,12331,19,2026-05-12,,Annual,1,88.64,Active
503961,14594,17,2025-08-15,,Monthly,1,248.69,Active
503962,10895,29,2025-08-27,,Monthly,2,589.88,Active
503963,19310,12,2025-10-22,,Monthly,1,1006.75,Active
503964,10981,6,2025-08-29,2026-08-31,Monthly,1,931.03,Cancelled
503965,18608,9,2026-08-31,,Monthly,2,1909.79,Active
503966,17728,13,2026-08-31,,Monthly,1,105.12,Active
503967,16586,3,2024-06-23,,Annual,2,1475.82,Active
503968,13723,13,2025-07-30,2026-04-14,Annual,2,225.43,Cancelled
503969,16965,26,2025-09-10,,Monthly,2,516.85,Active
503970,12902,10,2024-10-14,,Annual,1,123.52,Active
503971,17001,22,2025-10-02,2026-08-31,Monthly,1,118.17,Cancelled
503972,14284,5,2026-08-31,,Monthly,1,254.7,Active
503973,11229,15,2025-12-23,2026-08-31,Monthly,1,765.61,Cancelled
503974,17386,17,2025-07-07,2026-06-10,Monthly,1,302.61,Cancelled
503975,10611,25,2025-12-27,,Monthly,1,110.21,Active
503976,14574,20,2026-04-28,2026-08-31,Monthly,1,264.63,Expired
503977,10064,14,2026-01-30,,Monthly,1,289.18,Active
503978,11559,4,2026-08-31,2026-08-31,Monthly,2,193.72,Expired
503979,14888,30,2026-08-23,,Monthly,1,686.44,Active
503980,13689,7,2025-10-04,2026-08-31,Monthly,2,197.46,Cancelled
503981,17014,5,2026-08-31,2026-08-31,Monthly,4,1105.12,Expired
503982,16297,24,2024-11-27,,Monthly,2,1568.75,Active
503983,14775,29,2025-08-02,,Monthly,3,842.52,Active
503984,17753,12,2025-07-08,2026-08-26,Monthly,2,1959.43,Cancelled
503985,10086,28,2025-01-29,2026-05-09,Monthly,1,95.94,Expired
503986,12640,4,2025-04-30,2026-07-11,Monthly,1,100.32,Cancelled
503987,17028,28,2025-05-14,2026-01-12,Monthly,2,199.86,Expired
503988,19764,18,2024-07-21,,Monthly,1,894.85,Active
503989,13951,3,2024-08-22,,Monthly,1,656.93,Active
503990,14700,12,2026-08-26,,Monthly,1,966.45,Active
503991,18037,11,2024-07-25,2025-05-09,Monthly,1,338.74,Cancelled
503992,15386,10,2026-04-14,2026-08-31,Annual,1,113.65,Expired
503993,19355,24,2024-09-13,2025-08-06,Monthly,3,2490.73,Cancelled
503994,12914,10,2024-06-17,2025-09-05,Monthly,2,246.35,Cancelled
503995,14599,16,2025-03-19,,Monthly,1,121.25,Active
503996,18608,29,2026-08-31,2026-08-31,Annual,3,834.54,Expired
503997,14663,25,2025-04-22,,Annual,2,207.62,Active
503998,13715,13,2024-06-25,,Monthly,1,106.37,Active
503999,13984,16,2024-01-19,,Monthly,3,359.39,Active
504000,10327,15,2025-02-28,,Monthly,1,730.98,Active
504001,14229,6,2026-05-04,,Monthly,1,831.32,Active
504002,13682,18,2025-10-26,2026-02-25,Monthly,1,972.8,Cancelled
504003,16197,7,2026-06-26,2026-08-31,Monthly,1,110.28,Cancelled
504004,18969,27,2024-10-18,2025-06-22,Monthly,1,920.08,Cancelled
504005,17380,27,2025-01-02,2025-12-31,Monthly,2,2186.99,Cancelled
504006,19828,1,2026-08-31,,Monthly,1,111.48,Active
504007,13989,12,2025-09-09,,Monthly,1,1064.45,Active
504008,14317,7,2025-11-26,,Monthly,2,231.83,Active
504009,12412,14,2026-04-05,2026-08-31,Monthly,1,315.52,Cancelled
504010,15414,29,2025-07-21,,Monthly,2,563.22,Active
504011,11069,25,2025-12-07,,Monthly,1,102.88,Active
504012,12586,19,2024-11-11,,Monthly,1,78.86,Active
504013,17332,26,2026-05-23,,Monthly,1,260.06,Active
504014,11152,16,2024-08-16,,Annual,3,298.09,Active
504015,14142,11,2024-12-22,2025-06-11,Monthly,1,323.8,Cancelled
504016,10219,18,2024-10-30,,Monthly,2,1546.53,Active
504017,17115,5,2024-12-11,,Annual,2,545.78,Active
504018,13401,18,2026-03-24,,Monthly,2,1586.91,Active
504019,13598,4,2024-12-28,,Monthly,1,111.06,Active
504020,11313,18,2024-09-10,,Monthly,2,1671.39,Active
504021,16545,27,2026-02-25,,Monthly,3,2776.17,Active
504022,11689,1,2024-04-21,,Monthly,2,193.52,Active
504023,14321,17,2024-12-09,2025-09-08,Monthly,1,267.23,Cancelled
504024,13214,19,2026-08-31,,Monthly,1,79.59,Active
504025,19370,12,2024-08-13,,Monthly,2,1982.58,Active
504026,17821,21,2026-01-30,,Annual,1,803.38,Active
504027,14770,13,2025-06-14,,Monthly,1,97.36,Active
504028,18371,28,2025-02-18,,Monthly,3,284.31,Active
504029,16727,22,2024-05-03,2024-07-31,Monthly,1,109.13,Expired
504030,12748,15,2024-07-30,,Monthly,1,787.97,Active
504031,15695,8,2026-01-11,2026-08-31,Monthly,1,280.82,Expired
504032,10906,21,2024-04-12,,Monthly,1,824.45,Active
504033,18306,20,2025-07-29,,Monthly,1,234.71,Active
504034,12478,29,2026-02-22,,Monthly,1,308.12,Active
504035,17139,13,2024-06-11,,Annual,1,106.41,Active
504036,14036,23,2024-10-09,,Monthly,2,598.28,Active
504037,14089,12,2024-12-04,,Monthly,1,1165.29,Active
504038,10618,19,2025-03-25,,Monthly,3,247.66,Active
504039,11571,17,2026-03-06,,Monthly,2,607.08,Active
504040,18211,3,2024-03-09,,Monthly,2,1321.66,Active
504041,14251,21,2025-08-23,2026-02-18,Annual,2,1693.95,Expired
504042,10244,29,2026-08-31,,Annual,1,266.9,Active
504043,19121,16,2024-12-05,,Monthly,3,302.87,Active
504044,18533,29,2024-12-23,2025-04-29,Monthly,2,573.22,Cancelled
504045,17518,22,2026-02-17,2026-06-17,Monthly,1,114.36,Expired
504046,15200,13,2024-10-30,,Monthly,2,203.96,Active
504047,14133,11,2026-08-31,,Monthly,2,724.71,Active
504048,15353,25,2026-03-07,2026-06-17,Monthly,1,111.86,Cancelled
504049,13780,8,2026-08-31,,Monthly,2,572.1,Active
504050,11881,16,2026-08-31,,Monthly,1,108.04,Active
504051,10496,16,2026-02-18,,Monthly,2,216.12,Active
504052,14476,15,2024-02-15,,Annual,1,746.62,Active
504053,13032,11,2025-01-14,,Monthly,1,344.04,Active
504054,14679,24,2025-01-30,2025-07-18,Monthly,1,760.68,Cancelled
504055,16485,28,2025-08-17,,Monthly,1,104.44,Active
504056,15323,24,2026-08-31,,Monthly,2,1692.37,Active
504057,19014,19,2026-03-09,2026-05-15,Monthly,1,80.89,Expired
504058,13318,14,2026-03-28,,Monthly,1,290.46,Active
504059,16686,14,2025-08-11,2026-08-31,Monthly,3,857.52,Cancelled
504060,18895,24,2026-06-23,,Monthly,2,1885.82,Active
504061,10332,26,2026-07-20,,Monthly,1,248.14,Active
504062,15623,5,2026-08-31,2026-08-31,Monthly,2,526.14,Cancelled
504063,13258,29,2025-10-30,,Annual,1,302.6,Active
504064,16014,20,2025-04-16,,Monthly,2,575.58,Active
504065,17786,14,2026-08-31,,Monthly,2,627.47,Active
504066,15388,9,2024-08-28,,Monthly,1,946.54,Active
504067,18319,20,2025-02-27,,Monthly,3,822.12,Active
504068,10033,19,2026-08-31,,Monthly,1,75.67,Active
504069,10935,11,2024-03-22,,Monthly,2,687.69,Active
504070,18575,14,2025-07-29,,Monthly,1,307.09,Active
504071,12643,15,2025-03-17,2025-05-24,Monthly,2,1571.24,Expired
504072,16812,10,2026-02-26,2026-08-31,Monthly,2,211.17,Cancelled
504073,13233,17,2024-09-07,2025-06-19,Monthly,1,271.77,Cancelled
504074,11466,27,2024-12-28,2025-05-05,Monthly,1,917.22,Expired
504075,18922,9,2024-07-19,2024-10-20,Monthly,1,976.21,Cancelled
504076,14113,5,2025-12-04,2026-08-16,Monthly,1,273.32,Cancelled
504077,15760,25,2024-06-14,2025-07-06,Monthly,1,98.99,Cancelled
504078,18994,30,2026-01-25,2026-08-31,Monthly,2,1468.67,Expired
504079,11869,6,2025-01-13,,Monthly,1,744.0,Active
504080,17047,27,2026-01-01,2026-02-12,Annual,1,891.78,Cancelled
504081,15786,26,2024-10-09,,Monthly,1,280.22,Active
504082,18612,28,2024-06-15,,Monthly,1,101.26,Active
504083,17265,5,2025-11-13,2026-01-17,Monthly,1,238.36,Cancelled
504084,14780,30,2025-08-21,,Annual,2,1493.28,Active
504085,13614,26,2026-07-31,,Annual,1,283.76,Active
504086,17025,11,2024-09-18,,Monthly,4,1410.61,Active
504087,19412,27,2024-11-15,,Monthly,2,2144.38,Active
504088,16834,19,2026-06-28,,Monthly,5,361.99,Active
504089,18284,10,2026-02-25,2026-08-31,Monthly,2,219.32,Cancelled
504090,13553,6,2025-08-21,,Monthly,4,3037.37,Active
504091,16240,25,2025-05-13,,Monthly,1,101.85,Active
504092,18231,2,2024-08-29,,Monthly,1,302.39,Active
504093,13794,7,2025-10-16,,Monthly,6,583.18,Active
504094,11808,14,2024-10-13,,Monthly,1,323.47,Active
504095,10112,14,2026-08-31,,Monthly,1,289.81,Active
504096,14663,8,2025-05-12,2025-09-14,Annual,1,306.72,Cancelled
504097,10717,18,2026-04-30,,Annual,1,775.67,Active
504098,19143,29,2024-09-26,,Annual,3,926.55,Active
504099,18054,30,2025-09-13,,Annual,1,750.07,Active
504100,16883,10,2026-08-31,,Monthly,4,460.21,Active
504101,18953,12,2024-07-15,2024-08-19,Annual,1,978.61,Cancelled
504102,14229,15,2026-04-01,,Monthly,2,1522.59,Active
504103,11239,6,2024-09-07,,Monthly,1,882.83,Active
504104,16677,21,2024-04-30,2025-07-16,Monthly,1,884.26,Cancelled
504105,10900,29,2024-09-26,,Annual,1,280.63,Active
504106,11220,29,2025-05-11,2025-06-22,Monthly,2,603.4,Expired
504107,16878,10,2025-02-19,2026-02-03,Monthly,1,124.55,Expired
504108,12955,10,2025-07-25,2026-07-18,Monthly,1,99.26,Expired
504109,15579,25,2026-03-31,,Monthly,1,104.57,Active
504110,11883,10,2025-04-08,,Monthly,1,116.66,Active
504111,13685,29,2024-04-12,2025-04-20,Monthly,2,518.37,Expired
504112,14934,19,2026-07-26,,Monthly,1,76.83,Active
504113,13097,26,2024-01-15,,Monthly,1,279.25,Active
504114,19762,2,2026-05-28,,Monthly,1,364.09,Active
504115,12444,7,2025-06-12,2025-10-21,Monthly,2,186.04,Expired
504116,15699,19,2025-02-25,,Monthly,1,76.76,Active
504117,11998,1,2025-07-26,,Annual,1,122.2,Active
504118,15310,18,2026-05-30,,Annual,2,1762.34,Active
504119,12277,28,2026-08-31,2026-08-31,Monthly,2,191.2,Expired
504120,11808,13,2024-05-29,,Monthly,1,117.25,Active
504121,13311,28,2024-11-15,,Monthly,3,328.77,Active
504122,18537,27,2025-01-15,,Monthly,5,5280.66,Active
504123,15112,8,2025-05-20,,Monthly,1,258.34,Active
504124,14523,27,2026-08-31,,Monthly,1,999.07,Active
504125,19785,20,2025-12-11,,Monthly,3,734.32,Active
504126,16963,9,2026-06-04,2026-08-31,Annual,1,883.05,Expired
504127,10288,2,2024-10-07,,Monthly,1,349.09,Active
504128,14596,5,2025-08-04,2026-02-20,Annual,4,1008.73,Cancelled
504129,17631,18,2025-11-07,2026-08-31,Monthly,2,1767.66,Cancelled
504130,12456,17,2025-03-11,2025-11-09,Monthly,1,301.32,Cancelled
504131,11052,22,2025-12-21,,Monthly,4,407.31,Active
504132,13640,4,2025-11-10,,Monthly,1,112.03,Active
504133,15503,9,2024-11-12,,Annual,1,908.01,Active
504134,13920,30,2025-01-13,,Monthly,1,782.89,Active
504135,11896,6,2025-02-03,2026-02-21,Monthly,1,767.89,Cancelled
504136,18811,25,2026-07-27,,Monthly,2,235.31,Active
504137,10128,12,2025-07-07,,Annual,1,1057.84,Active
504138,12180,23,2026-08-22,,Monthly,1,360.46,Active
504139,11263,29,2025-04-25,2026-01-06,Monthly,3,892.78,Cancelled
504140,12483,25,2026-05-06,,Monthly,2,211.78,Active
504141,12248,3,2024-07-26,2024-09-30,Annual,1,726.52,Cancelled
504142,16104,2,2024-12-27,,Monthly,4,1450.73,Active
504143,12947,9,2026-05-05,,Monthly,1,904.29,Active
504144,16153,18,2025-11-27,,Monthly,1,977.41,Active
504145,11851,1,2026-07-23,,Monthly,1,106.48,Active
504146,19356,15,2024-06-30,,Monthly,2,1460.41,Active
504147,13009,15,2025-06-23,2026-06-06,Annual,1,691.14,Cancelled
504148,14788,27,2026-02-24,2026-08-31,Monthly,1,963.42,Expired
504149,12978,29,2025-03-14,,Monthly,2,531.42,Active
504150,12790,10,2025-02-04,2026-02-01,Monthly,2,213.55,Cancelled
504151,19084,28,2026-08-31,,Monthly,1,115.8,Active
504152,14093,11,2025-05-05,2026-08-20,Monthly,1,312.05,Cancelled
504153,17664,19,2025-10-17,2025-12-03,Monthly,2,165.58,Expired
504154,17889,12,2024-11-11,,Monthly,2,1938.84,Active
504155,11865,1,2025-09-24,2026-08-25,Monthly,1,120.12,Cancelled
504156,11482,27,2026-01-27,,Monthly,2,2147.21,Active
504157,16469,3,2024-08-25,,Monthly,1,812.55,Active
504158,12297,2,2026-01-13,,Annual,1,353.49,Active
504159,14104,10,2025-08-12,,Monthly,1,107.26,Active
504160,19248,19,2026-03-16,,Monthly,2,153.8,Active
504161,14625,24,2026-01-31,,Monthly,1,811.28,Active
504162,13528,5,2025-10-25,2026-08-31,Monthly,1,262.28,Expired
504163,13329,15,2025-12-29,,Annual,2,1453.55,Active
504164,17229,29,2026-08-31,,Monthly,1,273.96,Active
504165,16565,20,2025-06-06,,Monthly,4,1079.73,Active
504166,17203,7,2026-08-31,,Monthly,2,225.6,Active
504167,10252,26,2026-03-26,,Monthly,1,268.66,Active
504168,11492,29,2024-09-22,,Monthly,1,316.8,Active
504169,13763,2,2025-10-11,,Monthly,1,354.44,Active
504170,17225,12,2026-01-17,,Annual,1,995.0,Active
504171,17686,12,2026-03-31,2026-08-31,Monthly,1,1109.61,Cancelled
504172,14292,30,2025-08-09,2026-08-31,Monthly,1,756.06,Cancelled
504173,19940,16,2024-05-31,2025-06-14,Annual,5,485.96,Expired
504174,15392,12,2026-06-15,2026-08-31,Monthly,2,2199.03,Cancelled
504175,11354,27,2024-09-12,2025-07-25,Monthly,1,922.12,Expired
504176,18764,5,2025-01-16,,Monthly,1,232.35,Active
504177,13344,20,2024-05-06,,Monthly,1,280.27,Active
504178,12899,21,2025-08-22,,Monthly,1,773.91,Active
504179,13873,30,2024-10-09,2026-01-31,Monthly,2,1319.02,Cancelled
504180,18789,2,2024-12-09,,Annual,3,1064.06,Active
504181,15469,12,2026-04-29,,Monthly,3,3565.69,Active
504182,14124,30,2024-07-23,,Monthly,1,660.75,Active
504183,14846,10,2024-05-12,,Monthly,2,208.79,Active
504184,19809,2,2024-08-25,,Monthly,2,688.11,Active
504185,18293,4,2024-09-10,2025-10-01,Annual,2,243.76,Cancelled
504186,11213,12,2025-08-07,2026-08-09,Monthly,2,2146.94,Cancelled
504187,16396,12,2025-02-23,,Annual,2,2177.93,Active
504188,18566,27,2025-07-07,,Annual,2,2052.38,Active
504189,18160,11,2026-06-01,2026-08-31,Monthly,2,595.91,Expired
504190,12989,17,2026-08-31,,Monthly,2,601.8,Active
504191,17161,14,2025-10-19,,Monthly,3,905.54,Active
504192,15462,5,2026-05-03,,Monthly,4,918.31,Active
504193,19455,21,2026-02-13,,Annual,2,1567.36,Active
504194,15794,14,2024-06-04,2024-12-29,Monthly,1,303.81,Expired
504195,17371,2,2024-09-05,,Monthly,2,751.92,Active
504196,12142,7,2026-08-31,,Monthly,1,102.18,Active
504197,10997,29,2026-08-31,2026-08-31,Annual,1,257.46,Cancelled
504198,16547,27,2024-07-11,,Monthly,3,3214.04,Active
504199,16897,5,2025-10-29,,Annual,2,521.69,Active
504200,18984,6,2026-02-28,,Monthly,1,799.67,Active
504201,10330,30,2025-02-17,,Monthly,2,1407.63,Active
504202,14749,26,2026-08-31,,Monthly,3,783.64,Active
504203,11768,9,2025-06-12,2026-04-26,Monthly,3,2912.16,Cancelled
504204,11718,29,2025-04-07,,Monthly,1,321.13,Active
504205,19363,7,2024-06-24,,Monthly,1,99.32,Active
504206,17735,1,2026-06-03,,Annual,1,115.06,Active
504207,19555,22,2025-05-20,,Monthly,2,231.39,Active
504208,16330,27,2024-06-27,,Monthly,1,1029.94,Active
504209,11082,7,2025-06-26,2025-11-12,Monthly,1,115.52,Expired
504210,18256,19,2024-09-27,,Annual,5,407.55,Active
504211,13971,18,2026-02-01,,Annual,2,1558.03,Active
504212,10607,29,2026-01-04,,Monthly,2,573.07,Active
504213,19885,25,2025-02-19,,Monthly,2,191.09,Active
504214,19904,16,2025-11-21,,Monthly,7,682.28,Active
504215,10737,22,2024-11-28,2025-06-02,Monthly,1,112.56,Expired
504216,12548,4,2026-08-31,,Monthly,3,309.11,Active
504217,19116,26,2025-10-31,,Monthly,1,269.99,Active
504218,11293,3,2025-01-24,2026-06-16,Monthly,4,2692.49,Expired
504219,19829,8,2026-07-17,,Monthly,2,601.23,Active
504220,12847,2,2024-12-20,,Monthly,1,337.62,Active
504221,18823,19,2026-08-31,,Monthly,2,148.23,Active
504222,13350,4,2026-06-18,2026-08-02,Annual,1,112.24,Expired
504223,18180,13,2025-03-19,,Annual,2,207.86,Active
504224,12442,22,2025-04-04,,Monthly,1,103.73,Active
504225,15713,11,2026-06-05,,Monthly,3,1103.32,Active
504226,17902,16,2024-12-15,,Monthly,1,114.2,Active
504227,19121,25,2024-10-21,,Monthly,1,113.95,Active
504228,12027,9,2024-11-14,2025-07-10,Monthly,2,1651.11,Expired
504229,11010,13,2025-12-26,,Monthly,2,223.21,Active
504230,15981,28,2024-11-26,2025-05-24,Annual,3,282.67,Cancelled
504231,11134,6,2026-04-30,,Annual,2,1647.32,Active
504232,12468,9,2025-03-12,,Monthly,1,931.07,Active
504233,16915,29,2026-08-03,,Monthly,3,970.76,Active
504234,12135,6,2025-03-20,,Monthly,1,888.21,Active
504235,10088,12,2026-08-31,2026-08-31,Annual,1,1133.84,Cancelled
504236,11421,28,2025-09-23,2026-07-18,Annual,1,115.06,Expired
504237,16397,28,2025-01-27,2026-07-09,Monthly,1,116.27,Expired
504238,10596,19,2026-07-28,,Monthly,1,80.41,Active
504239,16176,14,2026-05-10,,Monthly,1,325.52,Active
504240,12568,23,2025-07-07,,Annual,3,917.41,Active
504241,16120,15,2025-01-22,2025-03-19,Monthly,1,762.19,Cancelled
504242,19340,9,2025-07-09,,Annual,1,906.65,Active
504243,11725,27,2026-04-07,,Monthly,1,1015.13,Active
504244,13204,16,2025-10-14,2026-08-20,Monthly,2,237.19,Expired
504245,19152,25,2024-05-18,,Annual,1,117.2,Active
504246,13979,13,2026-07-06,,Annual,2,200.65,Active
504247,17341,6,2025-10-17,,Annual,3,2286.26,Active
504248,15992,24,2025-05-18,,Monthly,1,897.12,Active
504249,12811,10,2024-12-12,,Annual,1,109.19,Active
504250,19610,28,2026-03-03,2026-07-23,Monthly,1,97.01,Expired
504251,15986,13,2026-01-23,2026-08-31,Monthly,1,113.94,Expired
504252,16416,11,2026-01-23,,Monthly,1,304.98,Active
504253,13973,21,2025-01-13,2025-03-07,Annual,1,782.65,Expired
504254,17112,29,2025-11-26,,Monthly,2,558.07,Active
504255,17616,18,2024-09-15,,Monthly,1,805.27,Active
504256,15400,9,2025-11-14,,Monthly,2,2009.11,Active
504257,14950,17,2026-08-07,2026-08-31,Annual,1,286.92,Cancelled
504258,14602,7,2026-07-10,,Monthly,1,95.64,Active
504259,12897,21,2025-06-02,2026-02-18,Annual,3,2881.46,Expired
504260,15859,20,2024-11-11,,Annual,3,762.66,Active
504261,18165,5,2026-06-29,2026-08-31,Monthly,1,226.61,Cancelled
504262,19618,22,2025-07-08,2025-09-15,Annual,1,110.05,Cancelled
504263,13979,19,2026-04-23,,Monthly,4,294.73,Active
504264,18758,23,2024-12-30,2025-11-20,Monthly,1,355.1,Expired
504265,19958,13,2026-06-21,2026-08-31,Monthly,1,113.16,Cancelled
504266,15171,17,2026-04-30,2026-08-31,Monthly,1,265.35,Cancelled
504267,13922,30,2026-01-16,,Monthly,1,665.09,Active
504268,15194,6,2025-01-25,,Monthly,6,4991.7,Active
504269,15700,20,2025-12-14,,Monthly,3,853.51,Active
504270,14972,30,2025-01-15,,Annual,1,740.42,Active
504271,14000,9,2024-02-27,,Monthly,1,1009.23,Active
504272,19632,2,2025-07-05,2026-01-14,Monthly,1,325.31,Cancelled
504273,15349,29,2025-07-29,,Monthly,1,262.79,Active
504274,10247,7,2025-06-29,2026-08-31,Monthly,2,196.35,Cancelled
504275,19911,2,2024-04-08,,Monthly,3,1089.1,Active
504276,11194,24,2026-07-05,,Monthly,3,2633.21,Active
504277,11120,17,2024-02-18,2025-05-09,Monthly,2,501.16,Cancelled
504278,14562,16,2024-09-09,,Monthly,1,105.78,Active
504279,18141,23,2025-10-05,2026-08-31,Annual,1,345.66,Expired
504280,18186,26,2025-05-17,2025-08-07,Monthly,1,261.67,Cancelled
504281,18884,19,2025-05-17,,Annual,1,89.64,Active
504282,15678,9,2025-09-17,,Annual,1,895.24,Active
504283,16710,27,2025-01-17,,Monthly,1,948.31,Active
504284,12570,5,2026-08-31,2026-08-31,Annual,3,713.65,Expired
504285,14918,12,2025-08-06,,Annual,1,1116.71,Active
504286,19944,1,2026-08-19,2026-08-31,Monthly,1,118.65,Expired
504287,15419,26,2026-08-24,2026-08-31,Annual,1,264.99,Expired
504288,11726,10,2025-09-23,2026-07-27,Monthly,1,113.46,Cancelled
504289,16852,11,2026-01-22,2026-08-31,Monthly,1,364.6,Cancelled
504290,17265,6,2026-01-27,,Annual,1,785.5,Active
504291,19529,24,2026-08-31,2026-08-31,Monthly,1,879.17,Expired
504292,18688,25,2024-11-15,,Annual,1,103.21,Active
504293,13455,17,2026-08-31,,Monthly,2,588.83,Active
504294,18488,27,2025-02-18,2026-01-25,Monthly,1,1088.82,Cancelled
504295,19153,2,2026-04-17,2026-08-31,Monthly,1,333.74,Expired
504296,18868,14,2024-07-23,,Monthly,1,295.48,Active
504297,12802,20,2026-02-11,,Monthly,3,764.57,Active
504298,14155,8,2024-06-18,,Monthly,1,282.19,Active
504299,14486,18,2025-06-16,,Monthly,1,851.02,Active
504300,19050,29,2025-11-23,2026-08-31,Monthly,3,891.04,Cancelled
504301,14402,9,2026-03-19,,Annual,3,2737.67,Active
504302,12965,17,2025-01-20,,Monthly,2,587.2,Active
504303,11742,20,2025-03-23,,Monthly,1,284.38,Active
504304,15766,12,2026-07-31,,Monthly,3,3360.34,Active
504305,11895,23,2025-10-04,,Monthly,3,1041.19,Active
504306,10657,18,2025-02-27,,Monthly,1,829.07,Active
504307,18613,6,2025-05-12,,Monthly,1,797.02,Active
504308,11601,19,2024-04-24,2024-10-05,Monthly,1,79.96,Cancelled
504309,19904,23,2025-08-12,2026-08-31,Annual,4,1395.91,Cancelled
504310,14764,19,2024-08-05,2025-02-18,Monthly,3,246.29,Expired
504311,19469,27,2025-10-13,,Monthly,3,3329.2,Active
504312,15213,17,2025-04-12,,Monthly,1,298.67,Active
504313,12120,27,2026-08-21,2026-08-31,Annual,1,1041.12,Cancelled
504314,14945,10,2025-09-05,,Monthly,1,123.13,Active
504315,12881,3,2026-05-13,2026-08-31,Monthly,3,1951.02,Expired
504316,12956,13,2026-02-27,,Annual,4,488.73,Active
504317,11259,29,2025-10-07,2026-08-31,Annual,1,315.74,Expired
504318,15422,24,2024-08-13,,Monthly,1,803.03,Active
504319,16960,8,2024-12-08,,Annual,1,281.79,Active
504320,16415,24,2026-08-31,,Monthly,1,777.56,Active
504321,10043,23,2025-05-21,,Monthly,1,320.44,Active
504322,11195,4,2026-06-16,,Annual,1,113.4,Active
504323,16793,13,2024-11-23,2025-11-05,Monthly,2,208.27,Expired
504324,15406,3,2024-10-01,,Annual,1,813.35,Active
504325,12649,27,2025-09-08,2026-03-28,Monthly,1,986.82,Expired
504326,15763,24,2026-04-13,,Monthly,2,1651.61,Active
504327,17204,11,2026-08-31,,Monthly,2,589.64,Active
504328,12506,19,2025-07-29,2025-10-27,Monthly,1,86.26,Expired
504329,11847,29,2025-03-07,,Monthly,3,799.39,Active
504330,10904,2,2026-08-31,2026-08-31,Monthly,1,310.49,Cancelled
504331,19332,16,2025-05-10,2026-04-21,Monthly,1,119.84,Cancelled
504332,12147,27,2026-04-22,,Annual,1,884.78,Active
504333,11112,16,2026-06-07,,Monthly,1,110.11,Active
504334,13760,1,2024-02-27,2025-02-23,Annual,1,105.74,Expired
504335,10363,18,2024-10-07,,Monthly,1,911.59,Active
504336,11419,14,2026-02-21,,Monthly,1,298.73,Active
504337,11168,11,2024-12-03,2025-12-26,Monthly,1,353.07,Cancelled
504338,16663,2,2025-06-04,,Monthly,2,623.48,Active
504339,12433,27,2024-09-16,,Monthly,1,956.16,Active
504340,11849,22,2026-03-31,,Monthly,1,105.04,Active
504341,16805,5,2025-01-17,,Monthly,1,265.95,Active
504342,15408,25,2025-01-14,,Monthly,1,106.72,Active
504343,14395,18,2026-08-19,,Monthly,1,826.21,Active
504344,10273,4,2025-06-09,,Annual,4,436.59,Active
504345,14601,16,2025-09-10,2026-07-05,Monthly,1,107.77,Expired
504346,11773,22,2026-05-25,,Monthly,1,95.76,Active
504347,15912,15,2026-02-13,2026-07-17,Monthly,1,804.83,Cancelled
504348,10949,2,2025-04-18,,Annual,1,377.76,Active
504349,16763,18,2026-01-31,2026-03-19,Monthly,4,3537.69,Expired
504350,14344,24,2025-12-25,,Monthly,3,2555.34,Active
504351,17186,12,2025-01-08,,Monthly,1,1145.96,Active
504352,14508,6,2024-06-27,,Monthly,1,751.12,Active
504353,14229,13,2026-01-25,,Annual,4,418.15,Active
504354,19547,29,2025-09-22,2026-08-15,Annual,1,272.28,Cancelled
504355,11261,27,2026-08-31,,Monthly,2,1908.4,Active
504356,15808,15,2025-10-18,2026-08-31,Annual,3,2150.26,Expired
504357,10944,19,2026-01-17,,Monthly,1,77.33,Active
504358,11222,19,2024-09-27,2025-12-23,Annual,2,164.39,Expired
504359,12576,22,2025-03-06,,Annual,1,99.21,Active
504360,11188,11,2024-09-08,,Monthly,4,1306.78,Active
504361,11713,10,2025-09-15,,Monthly,1,114.92,Active
504362,17999,3,2025-04-30,2026-07-26,Monthly,1,671.91,Expired
504363,13859,24,2025-07-20,,Annual,3,2668.57,Active
504364,17380,1,2024-09-18,,Monthly,1,112.52,Active
504365,19919,29,2026-08-31,2026-08-31,Monthly,2,583.58,Cancelled
504366,12208,15,2024-10-15,,Monthly,2,1349.16,Active
504367,13014,8,2024-03-26,,Monthly,3,890.23,Active
504368,12413,30,2026-08-02,2026-08-31,Annual,1,737.18,Expired
504369,19437,6,2026-05-02,2026-06-29,Monthly,1,739.74,Cancelled
504370,10009,15,2026-01-07,,Monthly,2,1336.76,Active
504371,16455,5,2024-08-19,,Monthly,1,224.46,Active
504372,12221,10,2025-07-25,,Annual,3,373.3,Active
504373,10510,18,2025-02-23,,Annual,1,815.42,Active
504374,15163,2,2026-04-03,,Monthly,2,655.46,Active
504375,17544,7,2025-10-18,,Annual,1,110.15,Active
504376,18983,6,2025-09-22,,Monthly,1,759.15,Active
504377,17168,11,2024-11-11,,Annual,1,303.4,Active
504378,10094,1,2025-07-01,2026-08-31,Annual,1,97.38,Cancelled
504379,17035,26,2025-03-23,,Monthly,2,528.84,Active
504380,10852,6,2025-08-07,,Monthly,1,791.68,Active
504381,11381,4,2025-06-01,,Monthly,1,104.55,Active
504382,11006,15,2026-06-15,,Monthly,3,2153.98,Active
504383,10208,10,2024-03-04,,Monthly,1,120.09,Active
504384,19265,10,2025-08-02,,Annual,1,105.11,Active
504385,18255,22,2026-08-31,,Monthly,2,226.91,Active
504386,18248,9,2025-05-23,,Monthly,1,833.44,Active
504387,17457,4,2026-08-31,2026-08-31,Monthly,1,103.98,Expired
504388,15002,6,2025-09-26,2026-08-31,Monthly,1,842.57,Cancelled
504389,15830,1,2025-08-31,2026-08-31,Monthly,3,301.27,Cancelled
504390,16213,30,2024-10-18,,Monthly,1,700.17,Active
504391,17617,18,2024-06-22,,Monthly,2,1644.35,Active
504392,10706,17,2024-05-15,2024-11-10,Monthly,1,287.62,Cancelled
504393,15771,8,2026-05-14,,Monthly,3,824.08,Active
504394,12948,13,2026-02-26,,Monthly,1,100.11,Active
504395,15927,9,2024-06-05,,Monthly,1,849.09,Active
504396,12147,13,2026-03-25,2026-08-31,Monthly,1,122.5,Cancelled
504397,19619,22,2026-08-31,2026-08-31,Monthly,1,94.98,Cancelled
504398,10292,1,2024-10-05,,Annual,3,319.11,Active
504399,11454,24,2026-06-24,,Monthly,1,766.12,Active
504400,18869,21,2024-05-11,,Monthly,1,782.4,Active
504401,12990,29,2024-11-15,2026-03-25,Monthly,2,586.98,Expired
504402,15197,13,2025-10-18,,Monthly,1,122.76,Active
504403,11124,10,2025-06-20,,Monthly,1,111.75,Active
504404,16579,1,2025-03-23,2025-12-29,Monthly,1,104.09,Expired
504405,12328,1,2025-10-06,2025-11-29,Monthly,2,217.31,Expired
504406,17493,23,2025-06-03,,Monthly,2,601.69,Active
504407,18446,6,2025-09-04,,Monthly,1,878.31,Active
504408,14058,16,2026-04-27,,Monthly,2,204.27,Active
504409,17183,14,2026-08-31,,Annual,3,894.11,Active
504410,13965,3,2025-07-11,2026-08-23,Annual,4,2640.6,Cancelled
504411,15703,7,2026-05-30,,Monthly,1,99.01,Active
504412,10322,7,2025-03-04,,Monthly,1,112.89,Active
504413,12115,18,2026-01-05,,Annual,4,3138.86,Active
504414,14987,24,2026-02-02,,Monthly,1,876.67,Active
504415,14808,22,2025-08-14,,Monthly,1,95.54,Active
504416,12810,6,2025-12-26,,Monthly,3,2237.8,Active
504417,15589,30,2025-07-24,,Monthly,1,798.19,Active
504418,12471,17,2024-03-19,,Monthly,1,286.55,Active
504419,11286,16,2024-09-03,,Monthly,2,205.62,Active
504420,18858,26,2025-03-11,,Annual,1,226.93,Active
504421,10742,14,2026-08-31,,Annual,1,306.82,Active
504422,11990,25,2025-01-03,,Monthly,1,114.77,Active
504423,11823,4,2026-08-28,,Monthly,2,235.06,Active
504424,19334,6,2026-05-20,,Monthly,1,916.78,Active
504425,17925,27,2025-07-01,,Monthly,1,915.78,Active
504426,18160,30,2026-08-09,,Monthly,3,2051.47,Active
504427,15673,6,2025-05-11,2026-07-10,Monthly,1,754.34,Expired
504428,18167,16,2024-07-10,,Monthly,1,110.93,Active
504429,16506,1,2025-07-22,,Monthly,2,197.65,Active
504430,17705,10,2026-05-12,,Monthly,1,114.05,Active
504431,11062,7,2026-07-10,,Monthly,4,453.29,Active
504432,12548,24,2026-08-31,,Monthly,1,777.75,Active
504433,13139,23,2025-12-12,2026-08-31,Annual,2,641.39,Expired
504434,16626,22,2026-07-16,,Monthly,1,103.48,Active
504435,12375,23,2025-04-30,,Monthly,3,913.02,Active
504436,10928,9,2025-10-27,2026-08-31,Monthly,3,2545.49,Cancelled
504437,17862,2,2026-08-31,2026-08-31,Monthly,2,703.19,Expired
504438,13708,20,2025-07-31,2026-08-31,Annual,2,545.19,Expired
504439,11418,2,2024-08-13,2025-07-08,Monthly,1,337.86,Expired
504440,19139,7,2024-11-04,,Monthly,1,115.72,Active
504441,12684,26,2024-05-24,2025-05-14,Monthly,1,275.36,Cancelled
504442,16759,22,2025-09-16,2025-12-17,Monthly,3,334.25,Expired
504443,16951,22,2024-12-25,2026-06-05,Monthly,2,202.23,Expired
504444,18266,7,2025-07-20,,Monthly,1,100.78,Active
504445,16549,16,2025-07-10,2025-11-01,Monthly,1,103.81,Cancelled
504446,15491,19,2025-03-10,2025-06-12,Monthly,1,73.13,Expired
504447,18744,10,2026-06-23,2026-08-31,Monthly,3,337.64,Cancelled
504448,10330,29,2025-01-14,,Monthly,3,804.0,Active
504449,18467,8,2026-05-11,,Monthly,2,641.57,Active
504450,19085,21,2026-01-13,2026-08-31,Monthly,2,1827.06,Expired
504451,18398,1,2026-08-31,,Monthly,1,111.31,Active
504452,16930,7,2025-09-11,2026-08-31,Monthly,1,110.62,Expired
504453,17537,26,2026-05-21,,Monthly,2,531.36,Active
504454,18391,24,2026-01-23,,Monthly,2,1805.33,Active
504455,11503,22,2026-08-31,,Monthly,1,116.67,Active
504456,16548,8,2024-09-04,2024-12-11,Monthly,1,312.21,Expired
504457,15444,4,2024-05-30,2024-12-12,Monthly,2,196.95,Expired
504458,17558,15,2026-07-09,,Monthly,3,2373.0,Active
504459,11153,19,2026-08-31,,Monthly,1,77.19,Active
504460,10991,21,2025-09-14,,Monthly,2,1545.95,Active
504461,14990,4,2024-11-05,2025-09-23,Monthly,3,347.4,Expired
504462,10790,22,2024-06-04,2025-04-26,Monthly,2,188.31,Cancelled
504463,17837,8,2026-02-09,2026-07-09,Monthly,1,260.15,Cancelled
504464,12582,15,2026-04-16,,Monthly,2,1376.94,Active
504465,15108,28,2026-05-30,,Monthly,2,234.59,Active
504466,10596,17,2026-07-26,,Monthly,1,259.1,Active
504467,13456,22,2026-02-13,,Monthly,4,461.94,Active
504468,16775,26,2026-03-26,2026-08-31,Monthly,1,226.71,Cancelled
504469,19992,7,2024-09-25,2025-10-31,Monthly,1,104.63,Expired
504470,16534,29,2025-05-14,,Monthly,1,276.8,Active
504471,13091,12,2026-08-29,,Monthly,2,2270.19,Active
504472,15877,14,2026-05-21,,Monthly,1,302.13,Active
504473,11835,25,2026-08-29,2026-08-31,Monthly,2,214.07,Expired
504474,14702,16,2025-11-30,,Monthly,3,339.63,Active
504475,15098,17,2025-11-01,,Annual,1,304.94,Active
504476,11195,28,2026-06-04,2026-08-31,Monthly,3,293.52,Cancelled
504477,14528,5,2024-07-30,,Monthly,1,258.69,Active
504478,17603,8,2026-06-20,2026-08-31,Monthly,1,276.74,Cancelled
504479,13419,11,2025-10-20,,Annual,1,366.5,Active
504480,10869,8,2024-09-22,2025-09-13,Monthly,1,275.49,Expired
504481,12720,28,2026-08-31,2026-08-31,Monthly,1,97.11,Cancelled
504482,17629,4,2026-01-09,,Annual,1,116.36,Active
504483,19946,7,2024-07-06,,Monthly,1,94.74,Active
504484,18776,4,2025-08-28,,Monthly,1,115.06,Active
504485,13653,13,2025-08-22,2026-08-31,Annual,2,239.69,Cancelled
504486,15332,5,2026-02-16,,Monthly,3,785.39,Active
504487,15538,9,2026-03-08,,Annual,1,830.52,Active
504488,16873,10,2025-01-13,2025-05-31,Monthly,1,99.64,Expired
504489,10863,25,2025-11-17,,Monthly,1,117.07,Active
504490,14899,21,2026-03-26,,Monthly,3,2306.89,Active
504491,14651,24,2025-02-16,,Monthly,1,772.71,Active
504492,12227,28,2025-04-30,2025-06-28,Annual,4,378.91,Expired
504493,15029,17,2025-01-07,,Monthly,2,541.47,Active
504494,10544,11,2024-08-26,2026-01-30,Monthly,1,362.51,Cancelled
504495,13509,2,2026-08-28,,Monthly,2,724.3,Active
504496,16868,25,2025-11-22,,Monthly,2,215.73,Active
504497,10381,21,2024-10-05,2025-08-11,Monthly,1,838.31,Cancelled
504498,11184,15,2026-08-26,2026-08-31,Monthly,1,819.67,Cancelled
504499,15284,17,2025-09-15,2025-10-25,Monthly,1,241.01,Cancelled
504500,15260,28,2025-09-06,,Annual,2,212.02,Active
504501,10432,16,2025-05-09,2026-08-31,Monthly,1,103.85,Expired
504502,12120,17,2026-06-10,,Monthly,1,288.07,Active
504503,12213,11,2025-01-27,,Annual,1,356.26,Active
504504,10333,28,2025-10-20,2026-08-31,Monthly,3,338.23,Cancelled
504505,19392,6,2025-08-17,,Annual,1,915.79,Active
504506,18107,24,2025-09-26,,Monthly,1,877.77,Active
504507,13447,1,2025-04-08,,Monthly,1,112.94,Active
504508,14330,3,2026-08-13,2026-08-31,Annual,1,743.97,Cancelled
504509,14204,16,2024-10-19,2024-11-18,Monthly,2,203.86,Cancelled
504510,10195,13,2025-01-03,,Monthly,2,225.74,Active
504511,15256,1,2025-10-17,,Monthly,1,121.96,Active
504512,12738,11,2026-02-16,2026-08-31,Annual,2,642.44,Cancelled
504513,18761,21,2025-05-01,2026-07-25,Monthly,1,925.14,Cancelled
504514,15602,19,2025-04-12,,Monthly,1,85.59,Active
504515,12588,4,2025-01-12,2025-07-17,Monthly,1,106.71,Expired
504516,16348,12,2024-05-18,,Monthly,1,1189.85,Active
504517,19539,27,2026-04-28,,Monthly,3,3151.82,Active
504518,18863,28,2026-08-14,,Monthly,1,94.85,Active
504519,17453,9,2024-12-29,,Annual,2,1917.89,Active
504520,15310,11,2026-05-12,,Annual,3,896.29,Active
504521,11255,3,2026-08-31,,Monthly,1,736.03,Active
504522,13008,10,2026-08-31,,Monthly,1,123.02,Active
504523,17543,19,2025-05-23,2026-08-31,Monthly,2,170.9,Expired
504524,12555,19,2026-07-06,,Monthly,1,82.61,Active
504525,17254,22,2025-01-11,,Annual,3,308.5,Active
504526,17709,1,2025-10-13,,Monthly,1,114.29,Active
504527,16237,4,2025-12-27,,Monthly,1,115.64,Active
504528,13730,16,2024-11-17,,Monthly,2,218.71,Active
504529,13973,8,2025-01-20,,Monthly,1,292.68,Active
504530,17711,1,2024-11-16,2026-04-03,Monthly,1,109.25,Cancelled
504531,17938,9,2025-05-19,,Monthly,1,829.85,Active
504532,10741,21,2026-08-31,,Annual,2,1833.44,Active
504533,18598,19,2025-06-14,,Monthly,1,77.79,Active
504534,16395,28,2026-05-03,,Monthly,3,324.66,Active
504535,10704,10,2026-01-16,,Monthly,3,358.63,Active
504536,11098,22,2026-03-15,,Annual,3,314.74,Active
504537,13720,6,2026-08-31,2026-08-31,Annual,2,1504.39,Expired
504538,18169,11,2025-10-26,,Monthly,2,642.69,Active
504539,15379,30,2026-08-31,,Monthly,1,762.56,Active
504540,15563,17,2025-06-01,,Monthly,2,611.15,Active
504541,19808,11,2025-01-19,,Monthly,2,643.39,Active
504542,10455,2,2024-01-11,2025-05-03,Monthly,2,759.48,Expired
504543,14931,2,2025-06-23,2026-04-13,Monthly,1,343.34,Cancelled
504544,11343,6,2024-03-20,,Annual,1,902.87,Active
504545,13242,19,2026-02-01,2026-04-05,Monthly,1,73.97,Cancelled
504546,10573,7,2026-08-23,2026-08-31,Monthly,1,96.05,Cancelled
504547,10970,8,2024-07-15,,Monthly,1,285.15,Active
504548,19067,26,2024-05-17,,Monthly,1,242.53,Active
504549,16091,9,2024-06-12,,Annual,1,974.4,Active
504550,19369,21,2025-07-29,2026-06-21,Annual,1,924.98,Cancelled
504551,18044,16,2025-02-25,2025-08-18,Monthly,1,100.01,Expired
504552,13830,19,2024-08-08,,Monthly,1,89.72,Active
504553,19904,2,2025-06-13,,Monthly,1,318.45,Active
504554,10605,1,2026-06-19,,Annual,1,102.67,Active
504555,16413,13,2025-09-15,2025-12-25,Monthly,1,110.46,Expired
504556,10215,12,2025-05-25,2026-01-30,Monthly,1,1043.6,Cancelled
504557,16125,23,2026-04-04,,Annual,1,362.14,Active
504558,16872,3,2026-05-30,2026-08-31,Monthly,1,803.2,Expired
504559,15659,20,2026-02-28,,Monthly,1,263.96,Active
504560,13022,2,2025-06-15,2026-05-08,Monthly,1,359.13,Cancelled
504561,17604,25,2024-03-17,2025-04-05,Monthly,1,107.59,Cancelled
504562,16955,2,2026-04-16,,Monthly,1,342.2,Active
504563,15064,2,2026-05-31,2026-08-31,Monthly,1,356.13,Cancelled
504564,14310,30,2026-07-08,,Monthly,1,777.55,Active
504565,12767,14,2026-07-03,,Annual,3,835.66,Active
504566,14485,14,2024-11-15,2025-02-04,Monthly,3,818.33,Expired
504567,13570,23,2024-09-13,2025-05-18,Monthly,1,368.05,Cancelled
504568,16867,9,2025-11-24,2026-02-11,Monthly,3,2895.79,Cancelled
504569,17038,13,2026-05-25,2026-08-31,Annual,1,109.0,Expired
504570,18887,14,2026-03-15,,Monthly,3,867.91,Active
504571,18249,7,2025-08-24,,Monthly,2,225.1,Active
504572,14990,17,2025-01-11,,Monthly,1,261.73,Active
504573,16183,1,2024-11-26,,Monthly,2,227.29,Active
504574,19776,26,2026-03-07,2026-08-31,Monthly,1,260.19,Expired
504575,17288,1,2026-01-29,2026-08-31,Monthly,4,456.27,Expired
504576,11528,7,2025-12-31,,Monthly,1,107.03,Active
504577,10012,6,2025-09-19,,Monthly,1,821.14,Active
504578,16422,16,2026-08-31,,Monthly,1,113.26,Active
504579,19629,28,2025-12-05,,Annual,1,99.6,Active
504580,17602,18,2025-05-29,2025-08-17,Monthly,1,960.54,Expired
504581,11861,18,2026-01-29,2026-08-31,Monthly,1,953.84,Expired
504582,10005,21,2026-08-01,,Monthly,1,826.46,Active
504583,12635,10,2026-08-31,,Monthly,1,120.24,Active
504584,17090,26,2026-08-31,,Annual,1,283.33,Active
504585,12591,21,2024-05-05,,Monthly,2,1739.21,Active
504586,13583,28,2025-01-06,2026-04-08,Monthly,3,294.74,Expired
504587,12800,16,2025-01-21,2026-02-19,Monthly,1,117.87,Cancelled
504588,17376,23,2026-07-26,2026-08-31,Monthly,1,302.77,Cancelled
504589,11849,22,2026-06-20,,Monthly,1,105.23,Active
504590,13824,2,2026-08-31,2026-08-31,Monthly,2,617.88,Expired
504591,10220,9,2026-07-25,,Annual,2,1859.03,Active
504592,12226,21,2024-12-02,,Monthly,1,953.95,Active
504593,19480,20,2026-07-04,,Monthly,1,260.42,Active
504594,11415,6,2026-04-10,,Monthly,2,1675.04,Active
504595,14132,28,2025-06-10,,Monthly,1,100.23,Active
504596,12517,25,2025-02-15,,Annual,1,105.54,Active
504597,11488,23,2025-12-19,,Monthly,1,348.65,Active
504598,12335,25,2026-07-18,,Annual,1,105.55,Active
504599,14469,7,2025-11-21,,Annual,1,103.78,Active
504600,10492,11,2025-09-13,,Monthly,2,643.87,Active
504601,15626,25,2024-02-02,2024-10-04,Annual,2,221.36,Cancelled
504602,14319,9,2025-05-01,2025-11-09,Monthly,4,3506.34,Expired
504603,17513,6,2026-08-31,2026-08-31,Annual,2,1596.08,Expired
504604,16074,26,2024-05-30,,Monthly,4,939.98,Active
504605,15116,10,2026-05-04,,Annual,1,103.81,Active
504606,14495,25,2025-08-21,2026-03-08,Annual,1,104.77,Expired
504607,16519,8,2026-06-02,,Monthly,1,298.87,Active
504608,16757,29,2025-04-04,,Monthly,1,314.1,Active
504609,11957,29,2025-07-23,,Annual,2,574.26,Active
504610,13750,13,2026-04-26,,Monthly,1,99.69,Active
504611,18624,8,2024-07-02,,Monthly,3,858.54,Active
504612,16119,23,2026-08-31,,Monthly,1,320.66,Active
504613,18570,20,2026-01-21,2026-08-31,Monthly,1,231.31,Expired
504614,11462,26,2024-12-12,,Monthly,1,267.22,Active
504615,10810,20,2025-10-08,,Annual,1,249.61,Active
504616,17062,11,2026-03-19,,Annual,3,972.93,Active
504617,13714,1,2026-03-09,,Monthly,1,115.76,Active
504618,14254,5,2026-04-13,,Monthly,2,502.55,Active
504619,18329,11,2026-04-21,2026-08-31,Monthly,1,347.5,Cancelled
504620,12000,11,2026-04-20,,Annual,1,336.59,Active
504621,12791,10,2024-05-10,,Monthly,1,119.55,Active
504622,12542,26,2026-06-15,,Monthly,4,942.11,Active
504623,10975,16,2025-05-09,,Monthly,1,108.03,Active
504624,19010,13,2024-06-07,2025-01-15,Annual,2,242.14,Expired
504625,10528,4,2025-07-06,,Annual,1,107.89,Active
504626,17975,17,2025-04-26,,Annual,4,1082.15,Active
504627,11965,4,2024-06-21,,Monthly,1,118.2,Active
504628,13217,14,2025-07-05,,Monthly,1,285.79,Active
504629,12212,4,2026-08-31,,Monthly,1,109.58,Active
504630,10669,26,2025-06-26,,Annual,1,256.86,Active
504631,17459,10,2025-11-28,2026-05-08,Monthly,1,102.82,Expired
504632,11087,14,2025-08-10,2026-08-31,Monthly,1,280.27,Expired
504633,10147,6,2025-06-26,,Annual,1,889.89,Active
504634,13545,13,2025-11-05,2026-03-13,Monthly,1,102.13,Cancelled
504635,15564,4,2025-06-24,,Monthly,3,324.65,Active
504636,11900,25,2025-05-02,,Monthly,2,224.57,Active
504637,19217,17,2025-03-10,2025-11-04,Monthly,5,1505.85,Cancelled
504638,12620,8,2025-01-31,2025-07-18,Monthly,2,639.77,Cancelled
504639,19412,8,2024-10-21,2025-08-06,Annual,1,291.46,Expired
504640,12260,30,2026-01-29,2026-08-31,Monthly,1,801.27,Cancelled
504641,16019,2,2024-05-20,2025-04-24,Monthly,1,316.27,Expired
504642,11089,17,2025-03-25,,Annual,2,514.02,Active
504643,13987,23,2024-10-04,2025-01-23,Monthly,1,378.74,Cancelled
504644,18049,23,2025-06-24,,Monthly,1,378.05,Active
504645,13260,3,2025-02-24,,Annual,1,694.64,Active
504646,12588,29,2025-01-30,,Monthly,2,641.43,Active
504647,15299,26,2025-12-20,2026-08-31,Monthly,1,266.76,Cancelled
504648,13188,18,2024-10-21,,Monthly,1,930.68,Active
504649,18448,8,2024-07-17,2024-12-18,Monthly,1,289.57,Expired
504650,12941,29,2025-02-07,2026-03-08,Monthly,4,1117.66,Cancelled
504651,12380,30,2026-08-26,2026-08-31,Monthly,2,1488.49,Expired
504652,13819,8,2026-03-03,,Monthly,1,314.44,Active
504653,11809,14,2024-07-15,,Annual,2,521.74,Active
504654,15943,27,2025-02-07,,Monthly,1,934.17,Active
504655,11824,19,2024-02-10,,Monthly,1,82.55,Active
504656,12927,16,2026-06-04,2026-08-31,Monthly,4,385.66,Expired
504657,14972,10,2025-01-11,2026-06-24,Monthly,3,336.19,Cancelled
504658,12718,8,2026-08-31,,Monthly,1,270.2,Active
504659,13498,2,2025-06-24,,Annual,1,301.52,Active
504660,12097,18,2025-03-22,,Monthly,4,3610.08,Active
504661,19312,25,2024-12-16,,Monthly,1,110.59,Active
504662,15351,26,2025-10-09,,Monthly,1,284.41,Active
504663,14017,10,2026-08-31,,Monthly,1,104.92,Active
504664,12193,19,2025-06-24,,Annual,1,85.64,Active
504665,16675,18,2026-04-20,2026-08-31,Monthly,2,1775.19,Expired
504666,15488,10,2025-10-28,,Annual,1,118.55,Active
504667,18418,24,2026-04-21,,Monthly,2,1740.03,Active
504668,10026,12,2026-08-09,,Monthly,3,3489.82,Active
504669,18241,3,2024-08-12,,Monthly,1,737.98,Active
504670,17649,19,2024-10-19,2026-02-20,Monthly,2,145.2,Expired
504671,11839,5,2025-12-19,,Monthly,1,245.59,Active
504672,15127,1,2025-09-14,,Monthly,1,113.57,Active
504673,17257,11,2025-10-19,2026-02-20,Monthly,2,665.92,Expired
504674,16492,18,2024-05-15,,Monthly,1,833.45,Active
504675,16282,15,2026-01-21,,Monthly,3,2491.36,Active
504676,11480,16,2026-01-04,,Monthly,1,119.24,Active
504677,14571,29,2024-02-10,2025-06-09,Monthly,1,308.55,Cancelled
504678,18555,9,2026-08-31,,Annual,5,5059.52,Active
504679,18300,11,2024-07-29,,Monthly,2,713.26,Active
504680,11195,23,2026-08-10,,Monthly,1,369.24,Active
504681,13646,24,2025-05-09,,Monthly,1,784.3,Active
504682,18658,24,2026-05-03,,Monthly,1,768.23,Active
504683,10608,9,2024-08-10,2024-10-03,Monthly,1,990.15,Cancelled
504684,15891,5,2025-05-18,2026-08-31,Monthly,2,552.27,Expired
504685,10207,17,2024-11-17,,Monthly,1,303.12,Active
504686,19468,2,2026-08-31,2026-08-31,Monthly,3,974.87,Expired
504687,16363,11,2026-08-31,2026-08-31,Monthly,2,652.22,Cancelled
504688,18377,14,2026-08-31,,Monthly,1,267.05,Active
504689,14628,27,2025-02-02,,Monthly,1,934.27,Active
504690,10274,25,2025-10-23,,Annual,1,93.93,Active
504691,17668,13,2025-10-05,2026-02-17,Monthly,1,120.27,Cancelled
504692,19739,14,2025-03-02,2026-02-21,Annual,3,796.79,Cancelled
504693,18961,17,2026-08-31,2026-08-31,Monthly,1,251.75,Expired
504694,11546,11,2025-07-16,,Annual,1,343.63,Active
504695,16293,26,2024-07-12,,Monthly,1,241.87,Active
504696,11113,1,2026-08-06,,Monthly,2,238.92,Active
504697,15537,28,2026-06-03,,Annual,1,106.44,Active
504698,13931,9,2025-03-02,,Monthly,5,4121.93,Active
504699,11825,20,2025-01-14,,Annual,3,835.48,Active
504700,15605,15,2024-11-15,,Annual,1,839.67,Active
504701,15643,12,2024-12-26,2026-02-16,Monthly,1,1112.97,Expired
504702,15248,8,2025-08-01,,Monthly,1,304.85,Active
504703,15083,29,2026-07-01,,Annual,1,299.59,Active
504704,13443,27,2025-06-14,2026-08-31,Monthly,2,1779.92,Expired
504705,16075,27,2024-11-27,2025-05-18,Monthly,1,909.44,Cancelled
504706,10108,24,2025-10-09,,Monthly,2,1541.81,Active
504707,14897,11,2024-03-14,,Monthly,1,353.98,Active
504708,15037,6,2026-07-05,2026-08-31,Monthly,2,1610.25,Cancelled
504709,15720,17,2026-03-28,2026-07-12,Monthly,2,503.13,Expired
504710,19286,24,2025-02-11,,Annual,1,768.03,Active
504711,17544,9,2025-09-08,,Monthly,3,3022.38,Active
504712,17702,20,2025-08-16,,Monthly,2,555.92,Active
504713,18915,11,2026-05-01,2026-07-26,Monthly,2,731.64,Cancelled
504714,19474,20,2024-12-22,2026-05-31,Annual,1,257.49,Cancelled
504715,15194,19,2025-05-12,,Annual,1,89.49,Active
504716,14887,4,2025-05-15,,Monthly,1,121.61,Active
504717,18592,14,2026-03-01,,Monthly,1,298.13,Active
504718,18341,29,2026-02-20,2026-08-02,Monthly,1,308.14,Cancelled
504719,15989,8,2025-11-17,,Monthly,1,292.48,Active
504720,17741,24,2025-12-03,,Monthly,2,1557.68,Active
504721,13546,16,2025-06-27,2025-12-22,Annual,1,114.22,Cancelled
504722,12072,25,2025-04-19,,Monthly,1,103.15,Active
504723,13671,9,2024-09-19,,Annual,3,2904.9,Active
504724,16736,4,2026-08-31,2026-08-31,Annual,1,117.04,Expired
504725,17638,21,2024-03-12,,Annual,5,4305.54,Active
504726,14772,5,2025-09-07,,Annual,1,275.78,Active
504727,14830,24,2025-01-20,,Monthly,1,911.87,Active
504728,18420,7,2026-01-15,,Monthly,1,109.78,Active
504729,17783,15,2025-04-14,2026-06-25,Monthly,1,731.76,Expired
504730,14877,11,2026-02-05,,Annual,1,344.76,Active
504731,15719,13,2024-11-26,,Monthly,2,225.6,Active
504732,16243,15,2026-01-12,,Monthly,2,1532.05,Active
504733,10436,21,2025-05-31,,Monthly,3,2324.53,Active
504734,14522,6,2024-06-25,2025-10-23,Annual,2,1793.47,Expired
504735,14845,12,2026-08-31,2026-08-31,Annual,1,980.6,Cancelled
504736,19509,2,2026-03-21,,Monthly,1,324.45,Active
504737,14947,30,2025-09-17,,Monthly,1,701.26,Active
504738,10030,27,2024-07-05,,Monthly,1,984.15,Active
504739,17096,25,2025-01-24,,Monthly,2,234.64,Active
504740,18304,29,2025-01-30,,Monthly,3,900.81,Active
504741,17938,16,2025-07-07,,Monthly,1,98.5,Active
504742,17466,5,2024-01-29,2025-05-30,Monthly,1,238.38,Expired
504743,11191,15,2025-08-30,,Annual,1,747.81,Active
504744,15242,16,2026-07-01,2026-08-31,Monthly,2,236.51,Expired
504745,16184,16,2025-11-09,,Annual,1,113.44,Active
504746,19000,6,2026-02-14,2026-08-31,Monthly,2,1610.81,Cancelled
504747,16992,16,2026-08-11,,Monthly,2,223.35,Active
504748,15806,18,2024-05-31,,Monthly,1,812.19,Active
504749,18385,3,2024-07-29,,Monthly,1,758.17,Active
504750,13461,10,2026-06-21,,Monthly,2,248.35,Active
504751,14974,13,2026-08-14,2026-08-31,Monthly,1,117.92,Expired
504752,18860,29,2025-06-07,,Monthly,2,609.34,Active
504753,10406,8,2024-11-22,2025-05-28,Monthly,1,287.14,Cancelled
504754,17536,24,2024-11-15,2026-01-20,Monthly,3,2524.42,Cancelled
504755,10778,13,2024-03-25,2025-03-08,Monthly,1,115.59,Expired
504756,12308,11,2025-02-17,,Monthly,1,344.29,Active
504757,14288,9,2024-07-04,,Monthly,2,1985.31,Active
504758,12922,13,2025-03-04,,Monthly,1,114.69,Active
504759,17231,28,2026-02-09,,Monthly,1,96.7,Active
504760,14135,27,2025-04-21,,Monthly,1,1032.3,Active
504761,19474,5,2024-07-20,2025-12-17,Annual,3,680.58,Cancelled
504762,17000,15,2025-07-05,,Annual,2,1660.61,Active
504763,13746,26,2026-06-27,2026-08-31,Monthly,3,748.78,Expired
504764,10923,6,2025-07-25,,Monthly,2,1840.63,Active
504765,16399,16,2024-08-19,,Monthly,4,442.86,Active
504766,10220,12,2026-08-31,2026-08-31,Monthly,2,1913.31,Expired
504767,17179,23,2025-07-27,2025-10-09,Monthly,1,327.44,Cancelled
504768,10693,29,2026-03-28,2026-08-31,Annual,1,257.9,Cancelled
504769,10727,26,2024-06-29,2025-12-05,Monthly,2,495.77,Cancelled
504770,16816,23,2025-04-11,2026-02-24,Monthly,3,956.35,Expired
504771,15218,10,2025-12-27,2026-08-31,Monthly,1,105.87,Cancelled
504772,19385,5,2024-03-03,2025-06-16,Monthly,1,276.33,Expired
504773,10784,5,2026-08-31,,Monthly,2,441.28,Active
504774,13094,23,2026-08-31,,Monthly,1,322.74,Active
504775,14684,28,2026-07-22,,Annual,1,112.56,Active
504776,19271,16,2025-02-23,2025-11-04,Monthly,1,116.85,Cancelled
504777,18765,8,2024-09-12,2025-06-03,Monthly,1,264.5,Expired
504778,19718,29,2026-08-31,2026-08-31,Monthly,1,323.58,Cancelled
504779,17990,8,2026-05-16,2026-08-31,Annual,3,937.68,Cancelled
504780,14247,3,2024-10-24,2025-07-16,Monthly,1,696.04,Cancelled
504781,16864,14,2024-04-28,,Monthly,2,517.57,Active
504782,16874,16,2026-01-15,2026-06-04,Monthly,1,97.31,Cancelled
504783,19062,4,2024-09-27,2024-10-30,Monthly,1,99.12,Cancelled
504784,10349,28,2024-09-08,,Monthly,1,116.93,Active
504785,13009,11,2025-05-26,,Monthly,1,297.2,Active
504786,13255,8,2026-02-09,2026-06-19,Monthly,1,292.72,Cancelled
504787,14544,17,2025-06-04,2026-04-08,Monthly,1,304.73,Expired
504788,17375,5,2026-08-31,,Annual,1,255.37,Active
504789,12839,26,2025-06-08,,Monthly,1,262.61,Active
504790,13300,9,2025-02-13,,Monthly,4,3410.72,Active
504791,13335,3,2026-04-25,,Monthly,1,648.52,Active
504792,15081,18,2025-03-24,,Monthly,1,977.81,Active
504793,16596,28,2025-09-16,2026-08-31,Monthly,2,223.43,Cancelled
504794,13413,12,2024-06-06,2024-10-05,Monthly,1,1094.79,Cancelled
504795,16769,15,2024-09-02,,Monthly,1,737.23,Active
504796,16785,21,2025-10-06,,Monthly,2,1722.66,Active
504797,11237,25,2025-03-22,,Annual,1,117.31,Active
504798,10024,4,2025-07-26,,Monthly,3,329.77,Active
504799,18549,27,2024-03-30,2024-10-22,Monthly,1,894.34,Cancelled
504800,17741,27,2026-02-27,,Monthly,1,987.07,Active
504801,12528,16,2026-02-14,2026-08-31,Monthly,1,105.67,Expired
504802,14480,17,2026-01-24,,Monthly,1,261.79,Active
504803,12406,27,2025-04-04,2026-08-31,Monthly,2,1856.92,Expired
504804,10014,9,2025-07-25,,Monthly,1,928.95,Active
504805,13541,5,2025-07-14,,Monthly,3,700.5,Active
504806,12278,1,2024-10-20,,Monthly,2,196.25,Active
504807,13840,27,2024-10-16,2025-01-13,Monthly,2,1841.65,Cancelled
504808,19986,7,2025-11-06,,Monthly,1,102.8,Active
504809,16558,26,2025-04-06,2026-04-12,Annual,1,244.17,Expired
504810,15189,15,2024-07-04,,Monthly,1,765.03,Active
504811,16899,17,2025-07-16,,Monthly,3,746.25,Active
504812,14994,5,2024-02-17,,Monthly,1,234.26,Active
504813,16818,20,2024-11-03,,Monthly,1,257.14,Active
504814,15164,25,2026-06-18,2026-08-31,Monthly,1,97.35,Expired
504815,15346,23,2025-06-25,,Monthly,2,713.84,Active
504816,19355,24,2024-08-04,,Monthly,1,911.79,Active
504817,12353,30,2025-06-25,,Monthly,2,1325.19,Active
504818,17228,8,2025-04-12,2025-10-03,Monthly,1,275.42,Cancelled
504819,12448,13,2025-11-20,,Monthly,2,195.14,Active
504820,11321,3,2026-06-11,,Monthly,3,2180.15,Active
504821,19491,14,2026-08-31,2026-08-31,Monthly,1,316.13,Cancelled
504822,17416,21,2025-04-25,,Monthly,1,838.52,Active
504823,11724,10,2026-07-04,,Monthly,4,431.32,Active
504824,18874,25,2025-08-02,,Monthly,2,208.22,Active
504825,14535,6,2024-06-28,,Monthly,4,3371.95,Active
504826,13547,24,2025-08-11,,Annual,1,803.11,Active
504827,18158,9,2026-04-05,2026-08-31,Monthly,1,894.68,Expired
504828,16009,9,2025-01-18,2026-01-19,Monthly,4,3450.74,Cancelled
504829,15223,21,2025-11-05,,Monthly,4,3105.5,Active
504830,14902,17,2025-08-15,,Monthly,1,245.33,Active
504831,19575,2,2024-06-16,,Monthly,2,677.79,Active
504832,13577,19,2025-02-25,2025-12-20,Monthly,1,81.55,Cancelled
504833,19691,22,2026-08-31,2026-08-31,Monthly,1,107.04,Cancelled
504834,14860,17,2025-08-19,,Monthly,4,1123.92,Active
504835,18412,29,2025-11-04,2026-02-17,Monthly,1,293.59,Cancelled
504836,10517,4,2024-09-13,,Monthly,1,114.47,Active
504837,14067,8,2024-12-26,,Monthly,2,564.54,Active
504838,14678,25,2024-09-18,,Monthly,1,117.98,Active
504839,18545,9,2024-12-28,,Monthly,1,966.97,Active
504840,11457,10,2025-07-15,2026-08-31,Monthly,2,207.58,Cancelled
504841,16920,27,2026-04-22,2026-08-31,Monthly,1,1025.38,Cancelled
504842,19119,8,2025-12-08,,Monthly,1,308.74,Active
504843,18860,29,2025-10-13,,Monthly,1,273.89,Active
504844,14701,19,2025-09-16,2026-05-13,Annual,1,80.39,Cancelled
504845,12547,23,2025-01-12,,Monthly,1,309.7,Active
504846,18410,13,2026-04-23,,Annual,1,102.59,Active
504847,10972,7,2025-08-11,2026-07-30,Monthly,1,105.75,Cancelled
504848,18897,18,2025-02-11,,Monthly,3,2755.09,Active
504849,15515,16,2026-06-02,2026-08-31,Annual,3,329.35,Cancelled
504850,12121,27,2024-08-05,,Monthly,2,1767.69,Active
504851,14638,26,2024-09-29,2025-08-12,Monthly,1,260.83,Expired
504852,12386,6,2024-09-14,,Annual,3,2483.76,Active
504853,15889,19,2024-05-13,,Monthly,3,244.95,Active
504854,12560,3,2025-03-31,2025-08-10,Monthly,1,651.12,Cancelled
504855,18733,7,2025-08-16,,Monthly,1,101.08,Active
504856,18915,2,2026-07-11,2026-08-31,Monthly,1,306.65,Cancelled
504857,18360,2,2025-12-31,,Monthly,1,337.1,Active
504858,14792,12,2025-07-12,,Monthly,2,1902.82,Active
504859,10765,12,2026-08-02,,Annual,1,1164.48,Active
504860,10768,4,2024-09-12,,Monthly,1,98.75,Active
504861,11524,24,2025-10-26,,Annual,1,896.2,Active
504862,12166,14,2026-06-19,,Monthly,3,880.98,Active
504863,16866,1,2026-07-24,,Monthly,3,346.44,Active
504864,11805,24,2025-05-27,,Monthly,2,1805.12,Active
504865,15406,11,2024-06-04,,Monthly,1,317.58,Active
504866,18480,1,2025-11-01,2026-06-30,Monthly,2,203.3,Cancelled
504867,11741,24,2026-01-20,,Monthly,1,749.81,Active
504868,13657,29,2025-06-05,2025-11-25,Annual,1,321.3,Expired
504869,10224,22,2025-10-24,,Monthly,1,101.97,Active
504870,18633,19,2025-03-02,2025-06-26,Monthly,1,90.52,Expired
504871,12928,1,2026-02-24,2026-08-31,Monthly,2,227.11,Cancelled
504872,14460,23,2025-01-28,2025-08-20,Monthly,1,308.91,Expired
504873,12532,20,2026-08-08,2026-08-31,Monthly,1,253.85,Cancelled
504874,18032,4,2025-06-04,2026-06-09,Monthly,1,117.19,Cancelled
504875,11158,2,2026-07-18,,Annual,2,673.08,Active
504876,19240,17,2026-08-31,,Monthly,1,271.02,Active
504877,19870,25,2025-11-02,,Monthly,2,230.0,Active
504878,19943,3,2026-08-31,2026-08-31,Monthly,1,720.27,Expired
504879,19292,1,2024-12-30,,Monthly,1,100.87,Active
504880,10063,10,2025-07-19,2026-07-15,Monthly,1,103.99,Expired
504881,11766,3,2024-08-13,,Monthly,1,737.63,Active
504882,12331,30,2026-08-10,2026-08-31,Monthly,1,688.35,Expired
504883,16777,14,2024-11-04,,Monthly,2,593.87,Active
504884,15975,5,2025-01-28,2025-11-05,Monthly,1,233.47,Cancelled
504885,17755,3,2025-03-07,2026-04-27,Monthly,1,643.75,Expired
504886,16512,23,2024-05-22,,Monthly,1,357.41,Active
504887,15068,23,2024-07-23,,Monthly,3,1093.12,Active
504888,18974,18,2026-08-31,2026-08-31,Monthly,2,1945.27,Expired
504889,15084,23,2025-11-29,,Annual,3,981.93,Active
504890,14684,17,2026-06-28,,Monthly,3,746.87,Active
504891,12842,1,2025-07-04,,Annual,2,214.93,Active
504892,18832,3,2026-01-30,2026-04-10,Monthly,3,2349.55,Cancelled
504893,17102,15,2026-01-22,,Monthly,1,834.69,Active
504894,17077,1,2024-12-01,2025-08-16,Monthly,4,401.28,Cancelled
504895,10066,8,2025-06-18,2026-02-07,Annual,1,278.96,Expired
504896,10081,26,2025-05-04,2025-07-07,Annual,2,503.59,Expired
504897,15388,19,2024-05-12,,Monthly,2,172.37,Active
504898,16120,5,2024-10-27,,Monthly,2,538.41,Active
504899,14056,4,2024-12-10,,Monthly,4,441.79,Active
504900,17521,23,2025-09-23,,Monthly,3,1010.62,Active
504901,18430,27,2024-10-21,,Annual,1,951.51,Active
504902,14782,18,2025-10-04,,Monthly,1,794.52,Active
504903,18455,19,2026-08-31,,Annual,2,153.18,Active
504904,12592,13,2024-06-06,2025-05-22,Annual,2,235.57,Expired
504905,15751,30,2026-04-02,2026-06-21,Annual,1,802.9,Cancelled
504906,12669,27,2024-02-10,2024-09-09,Monthly,1,964.03,Cancelled
504907,12947,4,2026-06-21,,Monthly,3,297.69,Active
504908,16766,28,2024-02-15,,Annual,1,116.39,Active
504909,15960,2,2026-01-19,2026-03-08,Monthly,1,325.75,Expired
504910,14840,5,2026-07-20,,Monthly,3,821.99,Active
504911,15857,7,2026-08-04,,Monthly,1,100.31,Active
504912,14606,1,2025-06-04,,Monthly,2,239.61,Active
504913,15628,30,2024-10-26,,Monthly,1,685.7,Active
504914,16516,18,2024-07-09,,Monthly,2,1738.41,Active
504915,14750,20,2026-04-07,,Monthly,1,266.64,Active
504916,17296,19,2026-02-11,2026-08-01,Monthly,1,80.21,Expired
504917,11516,1,2025-08-18,2025-11-16,Monthly,2,227.82,Cancelled
504918,15675,17,2025-05-31,2025-11-12,Monthly,1,301.6,Expired
504919,15743,27,2025-11-28,,Monthly,1,994.36,Active
504920,11870,8,2026-08-05,,Monthly,3,882.07,Active
504921,13667,18,2024-11-13,2026-02-26,Monthly,2,1625.72,Expired
504922,19512,14,2024-04-13,2024-11-21,Monthly,2,570.12,Expired
504923,14993,6,2026-08-31,2026-08-31,Monthly,3,2422.27,Cancelled
504924,17420,10,2026-02-09,2026-08-31,Annual,1,121.83,Cancelled
504925,17665,12,2025-08-14,,Monthly,2,1929.65,Active
504926,12641,30,2024-06-16,2025-11-10,Annual,1,692.8,Expired
504927,16309,22,2025-12-17,,Annual,2,232.96,Active
504928,13523,5,2026-08-31,,Monthly,1,258.02,Active
504929,18570,18,2026-05-11,,Monthly,1,878.09,Active
504930,19971,27,2024-06-17,,Monthly,1,1110.73,Active
504931,13097,6,2024-02-07,2025-07-02,Monthly,4,3545.55,Cancelled
504932,13043,11,2024-08-01,,Monthly,4,1397.58,Active
504933,13721,2,2026-08-31,,Monthly,5,1613.57,Active
504934,17056,14,2025-07-19,,Annual,1,270.53,Active
504935,13773,8,2025-03-21,,Monthly,1,298.16,Active
504936,14168,12,2026-08-10,2026-08-31,Monthly,3,3310.21,Expired
504937,11209,20,2026-03-18,2026-08-31,Monthly,3,795.48,Expired
504938,14482,9,2026-07-31,,Monthly,2,1853.92,Active
504939,11350,7,2024-04-17,2024-11-03,Monthly,1,93.53,Expired
504940,16812,11,2026-05-06,,Monthly,1,312.57,Active
504941,18667,9,2024-09-08,,Monthly,2,1666.62,Active
504942,11835,24,2026-08-31,,Annual,2,1544.67,Active
504943,19300,24,2025-01-12,2026-04-16,Monthly,4,3749.94,Cancelled
504944,19159,7,2026-08-31,,Monthly,1,104.03,Active
504945,11374,30,2025-01-03,,Monthly,2,1439.12,Active
504946,14234,19,2025-06-12,2025-10-16,Monthly,1,84.26,Cancelled
504947,10755,3,2026-01-19,2026-08-31,Monthly,1,717.73,Expired
504948,12441,6,2025-09-15,2026-06-29,Monthly,1,762.68,Cancelled
504949,12770,25,2024-09-14,2025-06-29,Annual,2,188.48,Expired
504950,10958,22,2024-11-25,2026-01-03,Monthly,2,232.85,Expired
504951,18017,17,2026-04-28,2026-08-10,Annual,1,253.08,Expired
504952,18073,15,2024-12-22,,Monthly,1,793.94,Active
504953,17099,15,2025-02-13,,Monthly,1,803.12,Active
504954,17908,5,2024-06-20,,Monthly,1,231.07,Active
504955,19841,8,2024-08-23,,Monthly,1,282.76,Active
504956,10519,23,2026-06-06,,Monthly,2,715.32,Active
504957,19927,30,2025-05-18,2025-10-04,Monthly,1,823.42,Expired
504958,12554,12,2024-11-27,2025-04-11,Monthly,1,1024.6,Cancelled
504959,13135,7,2024-10-11,,Monthly,3,294.62,Active
504960,14456,22,2026-06-19,,Monthly,1,112.96,Active
504961,12492,30,2026-08-31,2026-08-31,Monthly,3,2441.5,Expired
504962,19779,9,2026-01-14,,Annual,1,998.23,Active
504963,11181,22,2026-01-09,,Monthly,1,97.08,Active
504964,15143,16,2026-01-18,,Annual,3,332.29,Active
504965,15159,26,2025-05-15,,Monthly,3,709.21,Active
504966,10422,16,2024-04-07,,Monthly,1,98.15,Active
504967,18230,11,2026-05-09,,Monthly,1,365.84,Active
504968,15077,1,2026-07-05,2026-08-22,Monthly,1,99.29,Expired
504969,17300,14,2026-05-21,2026-08-31,Monthly,1,293.3,Expired
504970,18092,21,2024-06-01,,Annual,3,2720.9,Active
504971,12140,26,2026-08-31,2026-08-31,Annual,2,453.5,Cancelled
504972,13474,12,2025-08-06,,Monthly,1,1026.27,Active
504973,14034,28,2026-08-21,,Monthly,2,216.09,Active
504974,13516,25,2025-04-10,,Annual,2,193.02,Active
504975,17954,10,2025-01-06,2025-03-03,Monthly,3,338.94,Cancelled
504976,12093,23,2025-10-27,,Annual,1,319.01,Active
504977,13462,13,2026-03-18,,Monthly,2,218.04,Active
504978,11376,18,2025-06-05,,Annual,3,2484.49,Active
504979,13138,2,2024-12-07,,Monthly,3,1110.92,Active
504980,10435,27,2026-08-31,,Monthly,1,1053.27,Active
504981,17764,22,2024-10-28,2026-04-15,Monthly,1,117.87,Expired
504982,15828,21,2026-08-31,2026-08-31,Monthly,2,1929.17,Cancelled
504983,14309,23,2026-06-26,,Monthly,4,1456.7,Active
504984,19212,2,2025-05-14,2026-05-27,Monthly,1,311.6,Expired
504985,10139,23,2024-08-13,2025-01-14,Monthly,2,712.34,Expired
504986,14801,6,2026-08-31,2026-08-31,Annual,1,829.06,Cancelled
504987,18580,4,2026-04-15,2026-08-31,Monthly,1,113.77,Cancelled
504988,19617,1,2024-07-24,,Monthly,1,111.87,Active
504989,19094,1,2026-08-14,2026-08-31,Monthly,1,118.15,Expired
504990,16115,30,2026-06-13,2026-08-31,Monthly,1,791.55,Expired
504991,18116,22,2026-06-06,,Monthly,2,219.52,Active
504992,18940,15,2025-08-24,2025-09-29,Annual,1,841.54,Expired
504993,15029,6,2025-05-25,,Monthly,1,749.79,Active
504994,14720,19,2026-08-31,,Monthly,1,91.37,Active
504995,17841,17,2025-05-10,2025-08-29,Monthly,2,609.44,Cancelled
504996,14556,19,2025-06-16,,Monthly,1,89.23,Active
504997,17381,13,2026-06-28,,Monthly,2,202.85,Active
504998,11434,2,2025-11-03,2026-08-29,Monthly,1,315.68,Expired
504999,14506,15,2025-02-11,,Monthly,1,705.29,Active
505000,13225,5,2025-06-17,,Monthly,3,774.69,Active
505001,13489,21,2025-10-23,2026-08-31,Monthly,2,1844.8,Cancelled
505002,17966,24,2024-10-11,2025-05-11,Monthly,1,771.09,Expired
505003,19522,27,2026-03-06,,Annual,1,1058.95,Active
505004,16076,8,2025-02-02,,Annual,1,313.65,Active
505005,14397,18,2025-03-02,,Monthly,2,1849.87,Active
505006,16324,10,2026-07-20,,Monthly,4,474.21,Active
505007,11374,23,2025-03-06,,Annual,3,1002.32,Active
505008,17585,28,2026-08-31,2026-08-31,Monthly,1,97.28,Cancelled
505009,11298,30,2025-08-18,,Annual,2,1569.09,Active
505010,19082,29,2026-01-26,,Monthly,2,532.0,Active
505011,13807,13,2025-10-17,,Monthly,1,105.13,Active
505012,14301,20,2026-01-11,2026-04-10,Annual,1,282.67,Expired
505013,14143,21,2025-01-20,2025-04-04,Monthly,1,898.05,Cancelled
505014,12662,26,2026-08-31,2026-08-31,Monthly,4,971.31,Cancelled
505015,11315,18,2024-12-27,,Monthly,1,795.11,Active
505016,16349,3,2025-07-13,,Monthly,1,725.95,Active
505017,14481,2,2026-08-31,,Monthly,1,327.76,Active
505018,16983,9,2025-09-24,2026-03-01,Monthly,3,2471.64,Cancelled
505019,12170,6,2025-02-18,,Monthly,1,789.8,Active
505020,19085,9,2025-09-28,2026-08-31,Monthly,1,951.77,Expired
505021,19111,14,2025-07-22,,Monthly,1,266.86,Active
505022,15617,15,2025-03-27,2026-01-01,Monthly,1,835.04,Expired
505023,16261,12,2025-01-08,,Monthly,5,5363.3,Active
505024,14122,26,2025-02-25,2025-07-03,Monthly,3,746.23,Cancelled
505025,14210,2,2026-05-20,2026-08-31,Annual,2,622.67,Cancelled
505026,11910,12,2025-03-27,2025-06-06,Monthly,2,2107.39,Expired
505027,17048,25,2025-12-18,,Monthly,1,100.11,Active
505028,19840,27,2026-08-31,,Monthly,1,883.18,Active
505029,19125,7,2026-04-25,,Monthly,1,109.03,Active
505030,17501,20,2026-08-31,,Annual,1,237.43,Active
505031,10399,9,2025-05-11,,Annual,1,1000.5,Active
505032,11748,28,2026-05-10,2026-08-31,Monthly,1,111.25,Cancelled
505033,16878,16,2025-03-29,,Annual,1,96.75,Active
505034,10259,11,2025-05-24,2025-11-07,Monthly,2,688.13,Cancelled
505035,13544,1,2026-08-31,2026-08-31,Annual,2,202.12,Cancelled
505036,16260,23,2024-12-04,,Monthly,2,691.5,Active
505037,16169,3,2024-12-11,,Monthly,1,723.9,Active
505038,19002,25,2026-08-31,,Monthly,3,296.91,Active
505039,15940,22,2025-05-29,,Monthly,1,102.81,Active
505040,13455,19,2026-08-27,2026-08-31,Monthly,3,269.22,Expired
505041,10865,12,2025-12-21,2026-06-16,Monthly,3,2927.55,Expired
505042,15330,2,2024-06-22,,Annual,1,326.85,Active
505043,16669,18,2024-08-29,,Monthly,2,1657.09,Active
505044,18654,7,2024-12-31,,Monthly,3,304.72,Active
505045,11801,15,2025-03-06,,Monthly,3,2503.36,Active
505046,19595,10,2025-12-08,,Monthly,1,119.46,Active
505047,18114,19,2025-11-17,2026-08-31,Monthly,2,170.64,Cancelled
505048,16124,28,2025-02-28,,Monthly,3,309.16,Active
505049,12008,22,2025-11-28,2026-02-24,Monthly,4,472.49,Cancelled
505050,12119,12,2025-09-29,,Monthly,1,1057.37,Active
505051,13553,1,2026-01-14,,Monthly,1,119.96,Active
505052,19703,13,2024-12-13,2026-02-14,Monthly,3,313.61,Cancelled
505053,18194,23,2026-08-08,,Monthly,2,734.36,Active
505054,12775,30,2025-01-30,,Monthly,1,723.49,Active
505055,12465,27,2025-03-28,,Annual,1,966.43,Active
505056,10749,8,2025-04-01,,Monthly,1,315.45,Active
505057,16079,23,2024-08-18,2024-11-16,Monthly,2,658.1,Cancelled
505058,14818,2,2025-09-25,2026-03-04,Annual,1,366.15,Cancelled
505059,10194,12,2025-01-06,,Monthly,1,989.26,Active
505060,17034,25,2026-06-05,,Annual,1,96.11,Active
505061,10782,6,2024-03-03,,Monthly,2,1790.85,Active
505062,10901,5,2024-05-16,2024-10-23,Monthly,1,276.3,Expired
505063,19096,28,2024-10-27,2025-07-28,Monthly,1,117.97,Cancelled
505064,19475,7,2025-05-05,2026-07-01,Monthly,2,230.78,Expired
505065,10516,12,2025-12-30,,Monthly,1,981.75,Active
505066,18682,4,2026-05-15,,Monthly,1,115.47,Active
505067,12492,19,2026-07-29,,Monthly,1,83.57,Active
505068,15099,13,2024-08-03,,Monthly,1,106.0,Active
505069,18400,27,2024-12-14,2025-12-30,Monthly,1,937.69,Cancelled
505070,16008,17,2026-08-31,,Annual,1,265.28,Active
505071,15717,6,2026-08-31,2026-08-31,Annual,1,817.34,Cancelled
505072,15524,22,2025-12-13,,Annual,1,96.07,Active
505073,12679,5,2026-05-18,2026-08-31,Annual,1,257.59,Cancelled
505074,12738,9,2026-06-06,2026-08-31,Monthly,1,861.23,Expired
505075,12426,1,2025-06-25,,Monthly,2,221.09,Active
505076,18477,19,2026-08-31,2026-08-31,Monthly,4,343.46,Cancelled
505077,12663,30,2026-07-05,,Annual,2,1329.44,Active
505078,18493,6,2025-06-06,,Annual,1,826.61,Active
505079,13220,20,2026-06-15,2026-08-31,Monthly,3,703.88,Cancelled
505080,17240,21,2024-08-01,,Annual,2,1746.29,Active
505081,13165,26,2025-06-12,,Annual,1,254.88,Active
505082,12500,1,2026-07-24,2026-08-31,Monthly,1,105.97,Cancelled
505083,14652,19,2026-06-03,,Annual,1,77.7,Active
505084,17857,22,2024-04-20,2025-06-23,Monthly,2,216.85,Expired
505085,13963,23,2026-03-03,2026-06-09,Monthly,3,1029.76,Cancelled
505086,19923,25,2025-04-06,2026-05-28,Annual,1,104.44,Cancelled
505087,17817,23,2024-10-23,,Monthly,3,1114.24,Active
505088,13019,28,2025-09-24,,Monthly,3,301.9,Active
505089,18368,4,2025-06-05,,Monthly,1,115.01,Active
505090,16894,23,2025-05-08,,Monthly,2,728.38,Active
505091,15284,4,2025-11-19,,Annual,4,467.69,Active
505092,13772,8,2026-06-20,,Monthly,2,533.1,Active
505093,10292,6,2025-01-28,,Monthly,4,3464.59,Active
505094,19224,30,2024-11-18,2025-10-24,Monthly,2,1625.11,Cancelled
505095,15808,4,2025-08-27,,Monthly,2,225.27,Active
505096,19013,15,2026-08-31,2026-08-31,Annual,1,672.53,Cancelled
505097,13579,5,2025-02-10,,Monthly,2,528.57,Active
505098,18913,27,2026-02-22,,Monthly,1,918.44,Active
505099,12058,25,2025-10-05,2025-11-24,Monthly,1,108.11,Expired
505100,17072,15,2026-08-31,2026-08-31,Monthly,2,1590.61,Cancelled
505101,15060,15,2025-02-08,2026-07-26,Monthly,1,701.14,Cancelled
505102,15673,4,2025-03-23,2025-11-02,Monthly,3,300.06,Expired
505103,19983,6,2026-08-31,,Annual,4,3733.24,Active
505104,13301,2,2025-07-27,,Annual,1,375.3,Active
505105,13019,28,2025-06-30,,Monthly,4,467.72,Active
505106,16285,5,2026-03-28,,Monthly,1,223.02,Active
505107,11085,14,2025-11-24,,Monthly,3,896.45,Active
505108,17643,22,2025-06-18,2025-09-20,Monthly,1,103.27,Cancelled
505109,11116,28,2025-02-04,2026-04-23,Monthly,1,94.84,Cancelled
505110,19120,14,2025-06-09,,Monthly,2,644.05,Active
505111,13218,5,2024-04-24,,Monthly,1,221.59,Active
505112,16394,8,2024-05-03,,Annual,1,265.27,Active
505113,15708,1,2025-11-20,,Monthly,2,209.67,Active
505114,15503,5,2024-12-07,,Monthly,1,234.78,Active
505115,11305,26,2024-09-11,,Monthly,3,790.87,Active
505116,14174,9,2024-07-20,2025-05-17,Monthly,1,987.42,Expired
505117,17541,10,2025-11-26,,Monthly,3,328.92,Active
505118,14958,16,2024-02-10,2025-05-07,Monthly,2,201.16,Expired
505119,19397,17,2025-04-28,2025-08-10,Monthly,1,263.82,Cancelled
505120,16500,27,2024-03-24,,Monthly,2,1865.67,Active
505121,19920,12,2025-07-07,2026-03-29,Monthly,1,971.66,Cancelled
505122,17277,28,2025-08-25,,Monthly,2,236.68,Active
505123,15501,29,2024-04-02,2024-08-15,Monthly,2,600.72,Expired
505124,11283,13,2024-11-30,2025-09-27,Monthly,1,97.8,Expired
505125,10998,2,2025-12-31,,Monthly,4,1240.38,Active
505126,12119,14,2025-07-18,2026-05-31,Monthly,1,262.18,Cancelled
505127,18335,11,2026-08-31,,Annual,1,322.13,Active
505128,14179,3,2024-02-06,,Monthly,2,1561.88,Active
505129,18699,17,2026-05-01,,Monthly,1,301.76,Active
505130,14891,19,2026-04-11,2026-08-31,Monthly,3,232.58,Expired
505131,12882,30,2026-01-10,,Monthly,1,766.42,Active
505132,18191,17,2024-06-21,,Monthly,1,246.56,Active
505133,15882,3,2026-04-14,2026-08-06,Annual,2,1481.89,Cancelled
505134,11296,1,2026-02-16,,Monthly,1,118.09,Active
505135,13086,1,2025-10-31,,Monthly,1,100.42,Active
505136,11426,16,2025-09-26,2026-01-29,Monthly,1,100.92,Expired
505137,16865,24,2026-08-31,2026-08-31,Annual,1,752.86,Cancelled
505138,17225,21,2026-01-05,,Annual,3,2716.3,Active
505139,17605,10,2026-06-01,2026-08-31,Annual,1,124.98,Cancelled
505140,12659,14,2025-06-13,,Monthly,1,272.31,Active
505141,13404,11,2024-07-02,2025-06-08,Annual,3,897.74,Expired
505142,14224,3,2024-12-16,2025-04-23,Annual,1,741.21,Cancelled
505143,10205,25,2026-08-31,2026-08-31,Monthly,5,570.09,Cancelled
505144,19008,9,2026-08-25,2026-08-31,Monthly,2,1887.12,Cancelled
505145,13984,12,2024-06-29,,Monthly,2,2191.94,Active
505146,11990,21,2025-02-22,,Monthly,5,3835.04,Active
505147,12185,21,2026-08-31,,Monthly,2,1580.85,Active
505148,10538,20,2025-10-19,,Annual,1,269.09,Active
505149,14191,8,2025-09-23,2026-08-31,Monthly,1,305.5,Cancelled
505150,19802,11,2024-06-04,2024-09-08,Monthly,1,353.92,Expired
505151,19825,22,2024-10-28,,Monthly,1,115.25,Active
505152,13331,9,2025-09-14,,Monthly,1,956.5,Active
505153,10333,20,2025-09-20,,Monthly,2,554.85,Active
505154,11374,12,2025-01-04,,Monthly,2,2118.88,Active
505155,13322,19,2024-07-21,2025-04-20,Monthly,1,76.63,Cancelled
505156,16283,29,2025-03-03,,Monthly,1,307.09,Active
505157,14985,22,2024-05-01,,Monthly,2,193.2,Active
505158,17049,21,2025-06-25,2026-08-31,Monthly,1,783.21,Expired
505159,14794,15,2025-09-01,,Monthly,2,1491.16,Active
505160,15566,30,2025-06-08,2025-12-24,Monthly,3,2316.17,Expired
505161,12094,7,2024-10-13,,Annual,1,112.01,Active
505162,14909,21,2026-03-29,,Annual,1,824.72,Active
505163,17724,16,2026-07-17,,Monthly,4,450.13,Active
505164,11656,2,2024-05-10,,Monthly,2,693.99,Active
505165,12935,2,2026-07-17,,Annual,3,923.29,Active
505166,16365,23,2026-03-16,,Monthly,1,325.02,Active
505167,11690,25,2026-08-31,,Monthly,2,229.48,Active
505168,14883,5,2025-12-06,2026-08-31,Monthly,1,267.45,Cancelled
505169,18564,26,2024-09-02,2024-12-09,Annual,3,833.94,Expired
505170,12850,3,2026-02-20,,Annual,2,1515.52,Active
505171,18013,3,2026-01-05,,Monthly,4,2973.45,Active
505172,14682,26,2025-10-08,2026-08-31,Annual,1,254.23,Expired
505173,15667,17,2026-03-07,,Monthly,3,809.2,Active
505174,14766,11,2025-01-09,,Monthly,4,1184.93,Active
505175,12237,10,2025-02-24,2026-03-18,Monthly,2,210.75,Cancelled
505176,18187,28,2025-08-26,,Monthly,1,117.81,Active
505177,19463,11,2026-03-20,,Monthly,2,627.79,Active
505178,15832,12,2026-05-14,,Monthly,1,1137.68,Active
505179,12797,7,2026-02-02,,Monthly,1,106.16,Active
505180,13635,21,2024-02-24,,Monthly,1,838.0,Active
505181,14832,12,2024-03-21,,Monthly,2,1925.45,Active
505182,13839,26,2024-05-08,,Monthly,1,230.72,Active
505183,19005,27,2024-06-20,,Monthly,1,1000.88,Active
505184,12386,20,2024-04-22,,Monthly,2,514.3,Active
505185,17595,19,2024-05-20,,Annual,1,82.64,Active
505186,16099,7,2024-02-15,2024-09-26,Monthly,2,207.63,Cancelled
505187,14804,30,2026-04-14,,Monthly,2,1610.18,Active
505188,17971,29,2025-06-29,2025-09-07,Annual,1,261.92,Cancelled
505189,14529,12,2024-11-06,,Monthly,2,2277.24,Active
505190,11859,27,2024-06-01,,Monthly,2,1788.4,Active
505191,12914,23,2024-05-16,2024-10-29,Monthly,1,342.24,Cancelled
505192,17892,5,2024-10-31,,Monthly,2,502.63,Active
505193,17928,5,2026-07-04,,Monthly,2,484.57,Active
505194,16902,12,2026-08-26,,Annual,2,2152.35,Active
505195,19466,11,2025-02-15,,Annual,1,299.6,Active
505196,17157,14,2025-02-13,2025-11-03,Monthly,4,1086.3,Expired
505197,18623,18,2026-07-10,2026-08-31,Monthly,3,2835.92,Cancelled
505198,12854,16,2026-08-31,,Monthly,1,117.58,Active
505199,14511,17,2024-08-12,2025-04-12,Monthly,1,273.49,Cancelled
505200,16598,29,2025-11-28,,Monthly,1,268.39,Active
505201,19644,15,2025-10-05,2026-07-27,Monthly,2,1608.71,Expired
505202,17275,28,2025-10-31,,Monthly,1,110.58,Active
505203,10134,28,2025-01-24,2026-04-28,Annual,1,112.18,Expired
505204,17178,25,2024-10-06,2025-09-14,Monthly,1,101.25,Expired
505205,13186,17,2024-11-16,,Annual,2,551.77,Active
505206,11396,18,2026-08-31,,Annual,2,1595.68,Active
505207,17935,28,2026-03-27,,Monthly,4,418.13,Active
505208,17020,12,2024-12-29,2025-06-03,Monthly,1,1197.29,Cancelled
505209,19590,1,2024-07-05,2024-12-07,Monthly,1,115.95,Expired
505210,15167,21,2024-10-26,,Annual,1,917.03,Active
505211,19676,26,2025-09-26,2026-02-02,Monthly,1,261.25,Cancelled
505212,17426,25,2026-01-05,,Monthly,2,223.57,Active
505213,15096,5,2024-11-24,,Monthly,1,249.25,Active
505214,19597,23,2025-11-05,2026-04-11,Monthly,1,346.91,Expired
505215,19513,18,2024-08-12,,Monthly,2,1725.6,Active
505216,17152,3,2024-08-09,,Monthly,2,1447.21,Active
505217,16048,20,2026-07-04,2026-08-31,Monthly,1,261.43,Expired
505218,11944,15,2026-04-30,,Monthly,1,665.01,Active
505219,17389,28,2025-10-14,2026-08-31,Monthly,1,99.47,Cancelled
505220,14259,28,2024-09-09,,Monthly,1,104.65,Active
505221,15498,10,2024-08-14,2025-10-05,Monthly,1,107.51,Expired
505222,12422,3,2026-08-08,2026-08-31,Monthly,3,1968.97,Cancelled
505223,12912,8,2024-12-05,2025-10-08,Annual,1,314.35,Expired
505224,11308,28,2026-08-31,2026-08-31,Monthly,1,112.97,Cancelled
505225,11822,27,2025-01-27,2025-07-25,Monthly,2,2208.8,Expired
505226,13345,1,2025-01-25,,Annual,3,297.23,Active
505227,16457,11,2024-03-30,,Monthly,1,299.08,Active
505228,13578,13,2025-03-16,,Monthly,1,116.31,Active
505229,18656,23,2024-06-04,2025-07-07,Monthly,1,327.06,Expired
505230,16806,3,2024-02-23,2024-08-11,Annual,1,728.75,Cancelled
505231,16152,2,2026-06-08,,Monthly,1,334.88,Active
505232,15303,14,2024-04-23,2025-08-31,Monthly,1,260.15,Expired
505233,15781,2,2026-08-31,,Annual,2,725.46,Active
505234,15950,4,2026-08-31,2026-08-31,Monthly,1,108.77,Expired
505235,14288,24,2024-07-30,,Monthly,1,892.28,Active
505236,14305,27,2025-04-16,2026-07-19,Monthly,2,2164.9,Expired
505237,13726,1,2025-09-08,2026-08-31,Monthly,4,459.39,Cancelled
505238,16022,26,2024-06-26,2024-09-17,Monthly,1,250.75,Expired
505239,19273,10,2025-07-20,,Monthly,5,523.08,Active
505240,14812,2,2026-05-27,,Annual,1,365.71,Active
505241,10690,6,2026-08-31,,Monthly,1,930.73,Active
505242,17759,12,2026-03-02,,Monthly,1,1155.98,Active
505243,15699,20,2025-06-19,2026-08-31,Annual,1,254.16,Cancelled
505244,10817,11,2024-09-06,,Monthly,1,367.59,Active
505245,11440,10,2026-06-19,2026-08-31,Monthly,4,417.71,Cancelled
505246,18017,15,2026-05-29,,Monthly,1,792.86,Active
505247,15768,9,2024-11-19,,Annual,1,983.3,Active
505248,14132,7,2025-07-07,,Monthly,1,115.14,Active
505249,13531,26,2024-06-22,,Monthly,2,568.64,Active
505250,18683,13,2026-04-23,2026-08-31,Monthly,2,204.41,Cancelled
505251,10980,1,2025-08-16,2025-12-06,Monthly,1,121.37,Expired
505252,13546,28,2025-07-27,2026-08-31,Monthly,1,99.02,Expired
505253,10587,7,2024-05-21,,Monthly,1,114.8,Active
505254,18981,11,2024-09-26,,Monthly,1,329.75,Active
505255,17961,19,2026-08-31,,Annual,1,79.33,Active
505256,12681,10,2026-05-18,,Annual,1,110.25,Active
505257,10431,3,2026-08-14,,Monthly,2,1314.19,Active
505258,11923,8,2026-02-14,2026-08-31,Monthly,1,301.92,Expired
505259,19741,23,2025-10-06,,Monthly,1,362.05,Active
505260,19152,20,2024-05-19,,Monthly,1,288.08,Active
505261,13232,25,2026-08-05,,Monthly,4,413.85,Active
505262,12772,14,2025-12-29,,Monthly,1,319.9,Active
505263,19795,29,2025-10-28,2026-08-31,Monthly,1,278.95,Expired
505264,19890,10,2024-02-24,2025-02-15,Monthly,1,120.12,Expired
505265,14039,25,2024-10-24,,Annual,2,226.53,Active
505266,19759,8,2025-10-02,,Annual,1,306.64,Active
505267,17936,24,2026-03-14,,Monthly,4,3661.65,Active
505268,11707,22,2024-04-19,,Annual,1,94.63,Active
505269,11746,5,2025-03-16,,Annual,2,523.19,Active
505270,12192,6,2024-07-08,,Monthly,3,2381.04,Active
505271,12029,1,2026-05-07,2026-08-31,Monthly,1,113.04,Expired
505272,13656,29,2024-08-02,2026-01-05,Annual,1,271.44,Expired
505273,16146,15,2024-04-08,2024-07-22,Monthly,1,786.24,Cancelled
505274,10813,18,2025-02-17,,Monthly,2,1821.33,Active
505275,19459,23,2024-08-21,2025-05-05,Monthly,1,376.85,Expired
505276,12023,17,2026-08-31,2026-08-31,Monthly,2,535.76,Cancelled
505277,19048,3,2026-08-27,,Monthly,1,789.67,Active
505278,10950,17,2024-03-28,,Annual,2,597.0,Active
505279,17635,28,2024-09-18,2025-05-13,Monthly,1,111.25,Cancelled
505280,15234,3,2025-09-16,,Monthly,1,661.49,Active
505281,18052,17,2026-08-31,2026-08-31,Monthly,1,265.82,Cancelled
505282,13460,28,2024-04-04,2024-08-21,Monthly,1,117.13,Expired
505283,19979,8,2026-03-06,2026-08-31,Monthly,1,272.69,Cancelled
505284,17536,12,2024-11-22,,Monthly,2,1924.57,Active
505285,17597,24,2025-11-16,,Monthly,2,1582.83,Active
505286,12772,5,2025-12-21,2026-02-13,Monthly,1,269.21,Expired
505287,13824,5,2026-08-31,,Monthly,1,244.8,Active
505288,10869,15,2024-09-02,2024-10-15,Annual,1,794.18,Cancelled
505289,13278,1,2026-08-31,,Annual,1,104.67,Active
505290,12537,11,2024-03-15,,Annual,2,676.85,Active
505291,15015,9,2026-05-07,,Monthly,1,898.06,Active
505292,17512,20,2025-06-22,,Monthly,2,515.7,Active
505293,19369,19,2025-08-09,,Monthly,1,88.69,Active
505294,14799,1,2026-08-31,,Monthly,1,115.99,Active
505295,10159,22,2024-08-20,2025-12-21,Monthly,1,110.53,Expired
505296,15356,12,2025-10-30,2026-05-19,Monthly,2,1973.55,Cancelled
505297,19230,10,2026-02-28,2026-08-31,Monthly,1,111.29,Cancelled
505298,13270,17,2026-04-08,,Monthly,1,251.36,Active
505299,19283,1,2026-08-21,,Monthly,3,324.77,Active
505300,10737,24,2024-10-29,,Monthly,1,940.79,Active
505301,11229,18,2026-01-05,,Monthly,1,848.81,Active
505302,18785,1,2025-09-16,2026-03-29,Annual,1,119.72,Cancelled
505303,10270,16,2024-10-18,,Monthly,1,97.21,Active
505304,15261,26,2024-06-23,2024-10-28,Monthly,1,286.15,Expired
505305,16132,14,2024-12-10,,Monthly,1,291.74,Active
505306,18816,16,2026-03-09,2026-08-31,Monthly,2,231.38,Expired
505307,10678,18,2025-08-31,,Monthly,1,854.85,Active
505308,12449,2,2025-06-25,2025-11-14,Monthly,2,761.11,Expired
505309,17324,12,2025-09-15,,Monthly,3,2936.3,Active
505310,12160,8,2026-03-23,2026-07-31,Annual,3,926.53,Expired
505311,13605,28,2024-04-24,,Monthly,1,110.2,Active
505312,11445,1,2025-11-21,,Annual,3,331.09,Active
505313,12944,27,2024-08-21,,Monthly,2,1930.66,Active
505314,19661,16,2025-02-06,,Monthly,3,340.29,Active
505315,12566,17,2025-06-19,,Monthly,4,1072.6,Active
505316,17542,8,2025-05-29,2026-07-08,Monthly,2,559.47,Expired
505317,18335,10,2026-08-31,,Monthly,1,102.97,Active
505318,14280,1,2025-11-02,2026-05-24,Monthly,2,222.48,Expired
505319,19390,7,2026-08-31,2026-08-31,Monthly,3,299.66,Cancelled
505320,14881,4,2024-11-30,,Annual,1,102.22,Active
505321,10923,17,2025-03-25,2025-06-14,Monthly,2,544.71,Cancelled
505322,19093,22,2026-08-31,2026-08-31,Annual,2,225.72,Expired
505323,11282,22,2025-01-20,,Annual,1,108.98,Active
505324,10866,2,2025-10-24,2026-08-31,Monthly,1,355.88,Expired
505325,17283,16,2024-05-14,,Monthly,1,118.83,Active
505326,19869,23,2026-03-29,,Monthly,1,337.45,Active
505327,19160,29,2025-01-19,2025-12-24,Monthly,2,523.53,Expired
505328,19838,25,2026-08-22,2026-08-31,Monthly,2,195.25,Expired
505329,19266,9,2026-04-05,,Monthly,2,1806.18,Active
505330,12780,4,2024-12-05,2026-05-22,Annual,3,329.38,Expired
505331,18756,6,2024-10-16,2025-02-19,Annual,1,875.67,Expired
505332,18737,22,2024-09-02,,Monthly,2,210.45,Active
505333,13960,20,2026-04-09,2026-08-31,Monthly,1,235.45,Cancelled
505334,17177,28,2024-12-22,2025-04-08,Monthly,1,107.57,Expired
505335,10141,11,2026-04-29,2026-08-31,Monthly,2,617.33,Expired
505336,16923,29,2025-10-22,,Monthly,2,602.75,Active
505337,10072,13,2026-01-24,,Monthly,3,318.52,Active
505338,13208,17,2024-08-04,,Annual,2,602.57,Active
505339,10047,25,2025-01-19,,Monthly,3,288.9,Active
505340,15947,1,2025-06-29,2026-08-20,Monthly,1,119.2,Cancelled
505341,15078,8,2026-08-31,2026-08-31,Monthly,4,1051.75,Expired
505342,18180,15,2025-03-02,,Monthly,3,2195.96,Active
505343,12903,18,2025-04-15,,Monthly,1,853.76,Active
505344,17523,22,2025-03-09,2026-03-08,Monthly,1,113.9,Cancelled
505345,19773,27,2024-08-02,,Monthly,3,2947.21,Active
505346,16034,9,2024-12-02,2026-04-29,Annual,1,876.63,Expired
505347,16445,7,2024-05-31,2025-10-20,Monthly,1,97.97,Cancelled
505348,18996,20,2026-03-08,2026-05-23,Monthly,1,237.63,Expired
505349,18237,22,2026-08-31,2026-08-31,Monthly,1,111.49,Cancelled
505350,16856,23,2026-01-07,,Monthly,1,336.39,Active
505351,19032,15,2024-09-25,,Monthly,1,693.48,Active
505352,16559,21,2026-07-14,2026-08-31,Monthly,1,946.57,Expired
505353,13767,12,2024-07-23,,Monthly,3,2991.71,Active
505354,11111,9,2026-08-30,,Annual,2,1934.35,Active
505355,11162,9,2026-05-15,,Annual,1,870.35,Active
505356,19514,28,2025-02-11,2026-05-22,Monthly,3,308.69,Cancelled
505357,10256,10,2024-05-26,,Monthly,1,114.97,Active
505358,18492,5,2024-09-26,,Monthly,3,745.86,Active
505359,18081,22,2025-04-06,2025-05-06,Monthly,1,118.45,Cancelled
505360,19430,4,2024-06-06,,Annual,1,102.36,Active
505361,10301,19,2026-08-08,,Annual,4,291.75,Active
505362,19141,5,2025-05-16,2025-07-25,Annual,1,245.78,Cancelled
505363,15670,1,2026-08-31,2026-08-31,Monthly,3,365.69,Cancelled
505364,19201,15,2024-12-14,2026-01-18,Annual,2,1460.07,Expired
505365,15245,18,2024-10-10,,Monthly,2,1749.44,Active
505366,18297,10,2025-06-29,,Monthly,1,107.93,Active
505367,14981,20,2025-12-14,,Monthly,1,270.51,Active
505368,13644,14,2026-01-31,2026-08-31,Monthly,3,837.56,Cancelled
505369,19706,19,2025-03-14,,Monthly,1,84.86,Active
505370,12445,15,2025-06-03,,Monthly,3,2355.27,Active
505371,10991,17,2026-03-03,,Annual,1,248.28,Active
505372,13890,5,2024-09-13,,Monthly,1,260.75,Active
505373,16116,5,2026-03-01,,Annual,3,746.21,Active
505374,14729,2,2024-10-23,,Monthly,1,363.38,Active
505375,11804,14,2025-03-23,,Monthly,1,281.37,Active
505376,14269,14,2025-03-10,,Monthly,1,284.94,Active
505377,11122,8,2026-03-06,,Monthly,1,289.06,Active
505378,10327,29,2025-01-25,,Annual,2,525.3,Active
505379,16191,8,2025-07-08,,Monthly,2,593.81,Active
505380,14857,6,2025-07-28,2026-08-06,Monthly,2,1622.3,Expired
505381,14287,18,2025-01-14,2026-01-26,Monthly,1,942.38,Expired
505382,12156,10,2025-04-29,,Monthly,2,201.7,Active
505383,10588,5,2025-10-29,,Monthly,4,925.79,Active
505384,11112,27,2026-02-03,2026-08-31,Monthly,1,1036.28,Cancelled
505385,15897,11,2025-03-07,,Monthly,1,296.18,Active
505386,16120,20,2025-01-22,2025-07-01,Annual,1,247.58,Expired
505387,19743,22,2026-08-26,,Annual,2,205.88,Active
505388,15299,17,2025-10-05,,Monthly,1,266.78,Active
505389,10110,23,2024-08-26,,Monthly,3,1006.19,Active
505390,16124,25,2025-02-03,,Monthly,1,115.96,Active
505391,12994,27,2026-08-31,,Monthly,3,3146.51,Active
505392,19596,15,2025-12-12,,Monthly,5,3374.6,Active
505393,16864,25,2024-06-19,2025-12-08,Monthly,1,116.62,Expired
505394,19102,22,2026-06-13,2026-08-31,Monthly,1,103.83,Cancelled
505395,18291,5,2026-06-11,,Monthly,2,436.9,Active
505396,17198,15,2026-08-21,,Monthly,4,2832.55,Active
505397,15638,8,2025-10-04,,Annual,2,513.11,Active
505398,13033,10,2024-10-05,,Monthly,2,218.2,Active
505399,13635,13,2024-04-01,2025-03-21,Monthly,2,229.31,Expired
505400,10914,17,2025-03-24,,Annual,3,746.04,Active
505401,11564,26,2026-07-24,2026-08-31,Monthly,1,240.37,Expired
505402,19458,29,2024-10-23,2025-10-04,Monthly,2,592.58,Expired
505403,11626,1,2026-08-31,2026-08-31,Annual,3,335.24,Expired
505404,11489,15,2024-10-28,,Monthly,1,668.7,Active
505405,19463,24,2026-03-07,,Monthly,1,748.71,Active
505406,15556,26,2024-10-06,,Monthly,2,471.23,Active
505407,10061,26,2026-08-31,,Annual,1,238.24,Active
505408,14451,4,2026-01-02,,Monthly,2,206.3,Active
505409,16617,18,2025-01-23,,Annual,1,942.6,Active
505410,14786,17,2025-11-04,,Monthly,1,259.52,Active
505411,15694,2,2026-08-31,,Monthly,1,369.33,Active
505412,14787,25,2025-02-05,,Monthly,4,373.42,Active
505413,17675,17,2024-03-06,2024-12-26,Monthly,1,287.37,Cancelled
505414,11262,26,2025-01-18,,Monthly,2,478.81,Active
505415,11311,10,2025-07-15,,Monthly,2,212.46,Active
505416,13257,1,2025-05-23,,Monthly,2,233.14,Active
505417,16147,10,2026-01-28,,Monthly,2,231.73,Active
505418,19521,12,2025-05-04,2026-06-02,Monthly,1,995.79,Cancelled
505419,16133,12,2024-12-02,,Monthly,2,2060.23,Active
505420,12069,2,2025-07-13,,Monthly,2,625.56,Active
505421,18311,2,2024-09-02,2025-10-31,Monthly,1,312.65,Expired
505422,18868,11,2024-05-22,,Monthly,2,640.43,Active
505423,19991,7,2025-09-12,2026-08-31,Annual,4,392.72,Cancelled
505424,18414,17,2025-07-28,,Monthly,3,897.9,Active
505425,16784,16,2025-07-29,2026-01-09,Monthly,1,114.12,Expired
505426,13791,21,2024-09-06,,Monthly,1,778.21,Active
505427,16434,11,2025-08-11,2026-08-31,Monthly,1,296.98,Cancelled
505428,16943,10,2026-08-20,2026-08-31,Monthly,3,312.04,Expired
505429,11855,25,2025-09-22,,Monthly,2,203.23,Active
505430,11996,28,2024-10-02,,Monthly,1,118.67,Active
505431,14740,26,2026-02-14,,Annual,1,273.68,Active
505432,10192,16,2025-12-03,2026-08-31,Monthly,3,301.68,Cancelled
505433,17558,3,2026-03-24,,Monthly,1,763.63,Active
505434,19381,14,2026-08-31,2026-08-31,Annual,1,260.26,Cancelled
505435,19547,25,2026-01-02,,Monthly,3,296.82,Active
505436,13919,19,2025-03-11,,Monthly,3,218.92,Active
505437,12058,29,2025-09-27,,Monthly,1,265.69,Active
505438,12473,15,2025-08-19,,Monthly,2,1684.69,Active
505439,10542,11,2026-03-19,,Monthly,1,332.28,Active
505440,18257,2,2024-06-21,2025-05-31,Monthly,2,697.96,Cancelled
505441,17678,11,2024-09-09,,Monthly,1,326.6,Active
505442,10195,18,2024-11-25,2025-01-09,Monthly,1,895.99,Cancelled
505443,11561,18,2026-07-29,2026-08-31,Monthly,1,859.45,Expired
505444,11658,4,2024-10-07,,Annual,1,97.24,Active
505445,16547,11,2024-06-07,2025-06-05,Annual,1,352.7,Cancelled
505446,10652,10,2026-08-31,,Annual,1,113.38,Active
505447,12430,30,2024-07-25,2025-02-17,Monthly,2,1354.85,Cancelled
505448,12892,28,2025-08-12,,Monthly,2,215.89,Active
505449,19488,22,2025-04-22,,Monthly,2,212.37,Active
505450,19376,26,2025-12-14,2026-08-31,Monthly,1,243.53,Cancelled
505451,18208,1,2025-01-25,,Monthly,1,121.49,Active
505452,11773,23,2026-08-31,,Annual,3,950.01,Active
505453,15934,16,2025-01-15,,Annual,2,191.59,Active
505454,10609,27,2025-07-30,,Monthly,1,950.34,Active
505455,11092,6,2026-04-07,2026-08-31,Monthly,1,748.31,Expired
505456,15119,21,2026-08-31,,Annual,2,1827.9,Active
505457,15913,17,2026-03-28,,Monthly,2,541.77,Active
505458,17509,10,2025-12-24,,Monthly,1,117.21,Active
505459,10423,23,2024-12-26,2025-07-14,Monthly,1,305.24,Expired
505460,16895,14,2025-06-27,,Monthly,1,312.27,Active
505461,10819,13,2025-04-24,,Annual,1,119.72,Active
505462,17040,7,2024-07-13,2024-09-04,Monthly,1,106.32,Cancelled
505463,16953,2,2026-01-05,,Annual,1,323.51,Active
505464,19046,17,2026-06-03,2026-08-31,Monthly,3,818.51,Cancelled
505465,11511,13,2025-12-19,,Monthly,1,111.63,Active
505466,19256,16,2025-04-28,2025-09-09,Monthly,1,113.11,Cancelled
505467,10839,10,2026-08-31,,Monthly,1,103.41,Active
505468,19922,5,2026-07-13,,Annual,1,251.34,Active
505469,14482,8,2026-08-31,,Annual,1,287.92,Active
505470,16828,25,2025-06-28,2025-09-11,Monthly,2,226.58,Expired
505471,19847,9,2026-04-24,2026-08-31,Monthly,1,959.22,Expired
505472,13222,1,2025-04-18,2025-12-13,Annual,1,101.78,Expired
505473,17502,6,2025-07-30,,Monthly,1,779.28,Active
505474,17828,6,2024-10-10,,Monthly,3,2631.3,Active
505475,15081,30,2025-03-08,2025-12-09,Monthly,1,723.1,Expired
505476,14438,5,2026-07-28,,Monthly,2,445.13,Active
505477,11699,19,2024-06-30,2025-08-28,Annual,1,75.4,Expired
505478,15631,1,2026-08-31,,Monthly,1,104.72,Active
505479,12398,3,2025-07-24,,Monthly,3,2210.51,Active
505480,12440,8,2025-12-08,,Monthly,1,302.31,Active
505481,18072,23,2024-12-12,,Monthly,1,354.67,Active
505482,16518,4,2024-06-23,,Annual,2,214.92,Active
505483,10610,9,2026-02-21,2026-06-12,Annual,1,892.62,Cancelled
505484,13147,7,2026-03-10,,Monthly,1,98.07,Active
505485,15644,17,2024-07-09,,Monthly,3,914.98,Active
505486,17381,16,2026-07-04,2026-08-31,Monthly,2,233.96,Cancelled
505487,19061,25,2026-05-07,2026-08-31,Monthly,1,101.51,Cancelled
505488,14215,15,2026-06-12,,Monthly,1,678.24,Active
505489,14529,17,2024-10-22,,Monthly,1,264.39,Active
505490,11964,23,2025-12-31,,Monthly,4,1341.34,Active
505491,19329,6,2026-07-16,,Monthly,2,1624.76,Active
505492,12556,4,2025-11-20,2026-08-31,Monthly,1,103.4,Cancelled
505493,17369,29,2024-05-06,,Monthly,3,954.73,Active
505494,18655,3,2025-06-09,2025-12-29,Annual,1,666.43,Cancelled
505495,17009,19,2024-10-13,2025-11-17,Monthly,2,152.33,Expired
505496,15373,3,2024-09-28,2024-11-25,Monthly,4,3153.67,Expired
505497,14191,27,2025-07-07,,Monthly,1,1023.42,Active
505498,15197,6,2025-06-29,,Annual,3,2294.62,Active
505499,11723,10,2026-07-02,2026-08-31,Monthly,1,114.16,Cancelled
505500,18236,27,2026-08-31,2026-08-31,Monthly,7,7506.02,Cancelled
505501,12370,13,2025-05-18,2025-10-06,Monthly,1,115.94,Cancelled
505502,15401,30,2025-04-17,2026-05-23,Annual,3,2506.9,Cancelled
505503,11573,17,2026-03-14,2026-08-31,Monthly,1,285.21,Cancelled
505504,19281,13,2025-05-19,,Annual,2,195.36,Active
505505,17239,1,2026-08-26,,Monthly,2,236.91,Active
505506,15610,2,2025-03-26,,Monthly,1,375.74,Active
505507,15897,17,2024-11-26,2025-02-10,Monthly,1,283.6,Cancelled
505508,12599,4,2025-09-27,2026-03-18,Monthly,1,121.29,Expired
505509,15952,21,2025-12-04,,Monthly,1,933.21,Active
505510,10418,30,2024-09-30,,Monthly,1,763.74,Active
505511,13250,12,2024-05-24,2024-10-02,Monthly,1,969.97,Expired
505512,17963,17,2025-08-13,2026-03-26,Monthly,4,1132.52,Expired
505513,12426,16,2025-03-21,,Monthly,1,110.96,Active
505514,17713,23,2025-04-15,,Monthly,1,298.73,Active
505515,17648,23,2025-08-28,,Monthly,1,330.74,Active
505516,13074,17,2024-11-23,,Monthly,1,281.81,Active
505517,12332,30,2026-08-31,,Monthly,2,1524.65,Active
505518,17151,1,2024-12-20,2025-06-07,Monthly,5,555.84,Cancelled
505519,11104,4,2025-12-02,,Monthly,2,196.87,Active
505520,12252,14,2026-04-06,,Annual,1,297.03,Active
505521,14770,29,2025-06-07,2025-10-13,Monthly,1,265.53,Cancelled
505522,13351,29,2024-11-15,,Monthly,1,272.21,Active
505523,17211,13,2024-11-24,2026-02-16,Annual,3,358.85,Cancelled
505524,10724,12,2024-04-18,2024-11-23,Monthly,1,982.51,Cancelled
505525,10172,9,2024-11-07,2025-06-17,Monthly,2,1632.37,Expired
505526,11712,6,2026-08-31,,Monthly,1,864.63,Active
505527,12592,19,2024-07-10,2025-05-27,Annual,2,175.57,Cancelled
505528,13892,18,2026-08-16,2026-08-31,Monthly,1,854.61,Cancelled
505529,16679,13,2025-06-23,,Annual,1,120.94,Active
505530,13772,20,2026-08-23,,Annual,1,238.11,Active
505531,14088,28,2026-08-31,,Monthly,1,101.2,Active
505532,18726,26,2025-12-07,,Monthly,2,502.51,Active
505533,10027,25,2024-02-06,,Monthly,2,196.12,Active
505534,15787,10,2025-07-11,,Annual,1,105.22,Active
505535,17044,30,2026-03-27,,Monthly,1,801.67,Active
505536,15910,10,2025-03-11,,Monthly,1,110.4,Active
505537,12056,8,2026-05-03,2026-08-31,Monthly,3,763.4,Expired
505538,11936,17,2025-03-03,2025-11-28,Monthly,2,507.78,Expired
505539,12734,3,2024-08-19,,Annual,3,2407.44,Active
505540,16525,29,2026-03-08,,Monthly,1,308.38,Active
505541,14963,26,2024-03-04,,Annual,1,273.97,Active
505542,18828,8,2024-05-24,,Monthly,4,1150.3,Active
505543,19110,26,2025-01-17,2026-03-05,Monthly,1,253.69,Expired
505544,18009,7,2024-10-08,,Monthly,1,110.33,Active
505545,14340,24,2026-02-06,,Monthly,1,861.36,Active
505546,12923,11,2024-11-30,,Annual,3,1061.35,Active
505547,10701,1,2024-02-27,2025-05-06,Monthly,3,362.4,Expired
505548,14552,15,2025-11-20,2026-08-31,Monthly,1,802.31,Cancelled
505549,14421,10,2025-08-12,,Monthly,2,240.57,Active
505550,14408,17,2024-07-30,2025-09-27,Monthly,1,303.11,Cancelled
505551,13662,1,2024-09-03,2025-06-08,Monthly,4,468.87,Cancelled
505552,16027,3,2025-06-28,2025-11-04,Monthly,1,696.26,Cancelled
505553,11166,13,2024-06-27,2025-06-26,Monthly,1,117.72,Expired
505554,10908,29,2024-12-03,,Monthly,2,605.69,Active
505555,11536,4,2024-12-20,,Monthly,2,239.5,Active
505556,10166,24,2026-08-31,2026-08-31,Annual,1,829.53,Cancelled
505557,15996,30,2024-06-20,,Monthly,1,816.19,Active
505558,14571,25,2024-01-25,2024-04-10,Monthly,1,102.99,Expired
505559,19810,12,2024-09-16,,Annual,1,1104.33,Active
505560,17150,16,2025-09-01,,Annual,3,355.31,Active
505561,18847,12,2026-05-03,2026-08-31,Annual,2,2367.28,Cancelled
505562,10552,1,2025-12-17,,Annual,1,110.03,Active
505563,18309,21,2025-11-13,2026-07-12,Monthly,1,833.54,Cancelled
505564,13862,9,2024-07-20,2025-03-14,Monthly,1,971.1,Cancelled
505565,12440,28,2025-10-14,,Annual,3,289.57,Active
505566,15244,12,2026-04-13,,Monthly,2,2318.71,Active
505567,15834,1,2026-01-03,,Monthly,3,347.09,Active
505568,10759,30,2025-07-25,2025-11-12,Annual,1,688.45,Expired
505569,11433,21,2025-11-14,,Monthly,3,2357.8,Active
505570,18808,15,2026-08-31,2026-08-31,Monthly,1,748.5,Cancelled
505571,14317,12,2025-11-11,,Monthly,3,3310.7,Active
505572,19392,11,2025-09-19,,Monthly,3,957.12,Active
505573,17347,6,2025-11-20,2026-08-31,Annual,2,1632.48,Cancelled
505574,11340,25,2025-05-20,,Monthly,3,325.88,Active
505575,12171,3,2025-05-14,,Monthly,1,808.49,Active
505576,11748,14,2026-05-20,2026-08-31,Monthly,1,267.16,Cancelled
505577,18583,25,2026-08-31,2026-08-31,Monthly,4,373.42,Cancelled
505578,13311,2,2025-01-09,,Monthly,2,711.24,Active
505579,17355,26,2025-06-04,,Monthly,1,271.18,Active
505580,15814,19,2024-12-22,,Monthly,1,86.51,Active
505581,16661,20,2026-08-31,2026-08-31,Monthly,1,288.57,Expired
505582,15014,2,2024-05-28,2024-07-12,Monthly,1,365.02,Expired
505583,18851,25,2025-08-23,2025-11-27,Monthly,1,110.43,Cancelled
505584,19210,25,2025-09-12,2026-04-20,Monthly,1,113.94,Cancelled
505585,12738,13,2026-04-17,2026-08-31,Monthly,1,120.04,Cancelled
505586,10402,24,2024-08-06,,Monthly,1,938.69,Active
505587,19441,1,2025-08-11,,Monthly,2,243.67,Active
505588,14935,22,2024-02-27,,Monthly,4,443.49,Active
505589,13923,27,2026-06-28,,Monthly,1,1013.64,Active
505590,12672,7,2024-08-16,2024-09-29,Monthly,1,96.08,Cancelled
505591,14003,26,2026-08-31,2026-08-31,Monthly,1,244.44,Cancelled
505592,19282,29,2026-08-31,,Annual,2,539.67,Active
505593,18218,14,2025-10-26,,Monthly,1,299.24,Active
505594,18889,28,2024-02-23,,Monthly,1,115.48,Active
505595,18585,7,2026-03-23,,Monthly,1,101.59,Active
505596,15894,17,2025-11-28,2026-08-31,Monthly,3,737.7,Expired
505597,17164,10,2024-06-30,2025-05-29,Monthly,1,101.23,Cancelled
505598,17581,7,2025-11-25,2026-08-31,Monthly,1,114.57,Cancelled
505599,13922,12,2025-10-17,,Monthly,1,968.25,Active
505600,18447,30,2026-06-06,,Annual,1,697.08,Active
505601,18911,27,2025-01-24,,Monthly,1,981.67,Active
505602,12964,30,2024-10-09,2025-03-25,Monthly,2,1450.95,Cancelled
505603,17847,3,2024-10-08,2025-03-14,Annual,3,2440.1,Cancelled
505604,12836,15,2026-08-31,,Monthly,1,794.65,Active
505605,14381,30,2025-12-09,,Monthly,2,1394.23,Active
505606,10614,17,2026-02-27,,Monthly,1,243.28,Active
505607,13851,27,2025-07-01,2026-08-31,Monthly,1,958.3,Cancelled
505608,14165,28,2024-08-05,,Monthly,1,115.45,Active
505609,15153,24,2025-01-13,,Monthly,1,866.73,Active
505610,15535,13,2024-11-19,,Monthly,2,239.88,Active
505611,18823,26,2026-08-31,,Monthly,1,284.6,Active
505612,14290,13,2024-11-27,,Monthly,1,108.9,Active
505613,18286,14,2024-08-02,2025-11-09,Monthly,3,772.98,Expired
505614,11899,27,2026-02-23,,Monthly,2,2026.84,Active
505615,10430,21,2025-12-16,2026-07-27,Annual,2,1853.08,Expired
505616,12557,1,2026-08-31,,Monthly,1,118.6,Active
505617,16856,6,2026-05-30,2026-08-31,Monthly,1,756.69,Expired
505618,15319,14,2025-03-20,2025-06-04,Monthly,3,856.54,Cancelled
505619,14967,8,2026-07-01,2026-08-31,Monthly,3,809.44,Cancelled
505620,10827,26,2026-08-31,,Monthly,1,241.33,Active
505621,11427,19,2026-01-31,2026-08-31,Monthly,1,74.85,Cancelled
505622,12326,30,2026-05-25,2026-06-29,Monthly,1,683.24,Expired
505623,10094,14,2025-08-05,,Monthly,1,269.83,Active
505624,13126,4,2026-06-06,,Monthly,2,203.1,Active
505625,14234,28,2025-05-08,2026-06-28,Monthly,2,226.01,Cancelled
505626,19503,19,2024-11-29,,Annual,1,85.23,Active
505627,12359,9,2024-05-18,,Monthly,1,956.94,Active
505628,15348,12,2024-11-26,2025-04-06,Monthly,2,2055.26,Cancelled
505629,12474,4,2024-09-22,,Monthly,1,113.56,Active
505630,13445,9,2026-02-18,,Monthly,2,1764.35,Active
505631,16190,22,2024-08-15,2024-12-04,Monthly,1,103.06,Cancelled
505632,16888,19,2025-11-10,,Annual,1,83.48,Active
505633,14997,6,2024-10-15,,Monthly,2,1734.79,Active
505634,12336,25,2025-06-18,,Monthly,1,116.83,Active
505635,12101,8,2026-08-31,,Monthly,1,254.63,Active
505636,14391,13,2024-12-25,,Monthly,1,99.1,Active
505637,18972,22,2024-12-05,2025-05-17,Annual,1,94.25,Expired
505638,13348,1,2025-01-23,2025-08-11,Monthly,1,99.79,Cancelled
505639,15027,7,2025-05-03,2025-11-01,Monthly,2,200.61,Cancelled
505640,16718,11,2024-05-27,,Monthly,1,318.79,Active
505641,11077,16,2025-12-26,2026-08-09,Monthly,1,99.14,Cancelled
505642,12389,25,2025-03-12,2025-12-24,Monthly,1,96.79,Expired
505643,11952,12,2025-12-29,2026-08-31,Monthly,4,4402.74,Cancelled
505644,10855,6,2024-09-22,,Monthly,4,3245.06,Active
505645,19706,19,2025-06-15,,Monthly,1,76.55,Active
505646,19926,5,2026-08-06,,Annual,2,439.16,Active
505647,14766,27,2025-01-11,2026-06-01,Monthly,1,951.21,Cancelled
505648,12526,2,2024-06-02,,Annual,1,356.17,Active
505649,17404,4,2025-04-04,,Annual,1,121.19,Active
505650,17156,12,2024-09-22,,Monthly,1,1188.47,Active
505651,19975,24,2026-04-03,2026-08-31,Monthly,2,1649.46,Expired
505652,18606,9,2025-10-17,2026-03-28,Monthly,1,858.67,Cancelled
505653,13294,29,2024-08-01,,Monthly,2,610.26,Active
505654,12351,28,2026-05-28,,Monthly,1,98.35,Active
505655,10300,6,2025-06-12,,Monthly,1,778.15,Active
505656,18457,19,2025-09-28,2026-08-31,Monthly,2,164.42,Expired
505657,15963,10,2024-09-14,2026-02-05,Monthly,3,329.65,Expired
505658,18000,18,2026-04-02,2026-08-31,Monthly,1,929.01,Cancelled
505659,10234,22,2025-03-29,,Monthly,1,95.8,Active
505660,12270,3,2026-06-07,2026-07-10,Monthly,1,791.38,Cancelled
505661,13928,21,2024-09-26,,Monthly,1,810.56,Active
505662,12402,17,2024-05-20,,Monthly,1,284.44,Active
505663,11947,27,2025-12-18,,Monthly,1,1029.88,Active
505664,19397,3,2025-02-12,2025-05-31,Monthly,2,1339.33,Expired
505665,18656,27,2024-08-08,,Monthly,1,974.94,Active
505666,14676,6,2024-09-10,,Monthly,3,2572.85,Active
505667,10813,30,2024-10-31,,Monthly,2,1607.46,Active
505668,15263,12,2025-02-27,,Monthly,1,968.8,Active
505669,18752,12,2025-12-18,,Monthly,1,1043.95,Active
505670,13221,29,2025-10-30,2026-01-23,Monthly,1,271.99,Expired
505671,14235,29,2025-09-16,,Monthly,2,524.13,Active
505672,16497,28,2025-08-08,2026-03-15,Monthly,2,214.7,Cancelled
505673,14719,2,2026-05-19,2026-07-06,Monthly,1,352.06,Cancelled
505674,19741,8,2025-08-13,2025-09-28,Monthly,2,636.44,Expired
505675,10237,14,2024-08-27,2025-05-02,Monthly,1,308.39,Cancelled
505676,12804,12,2025-07-29,,Monthly,2,2193.51,Active
505677,17194,10,2024-09-05,2025-08-16,Annual,4,432.88,Cancelled
505678,14978,29,2025-04-08,2026-01-25,Monthly,1,302.87,Cancelled
505679,17030,2,2025-01-20,,Monthly,1,352.37,Active
505680,19984,19,2025-05-11,,Annual,1,84.58,Active
505681,16614,25,2026-01-22,,Annual,2,233.04,Active
505682,16153,5,2025-07-30,,Monthly,1,224.07,Active
505683,11751,8,2024-02-26,,Monthly,1,309.27,Active
505684,15346,28,2025-09-08,,Annual,1,110.31,Active
505685,14390,22,2026-08-31,,Monthly,1,101.12,Active
505686,14359,27,2026-08-31,,Annual,2,2054.31,Active
505687,18258,4,2024-06-07,,Monthly,1,117.88,Active
505688,12051,8,2024-03-12,2025-06-12,Monthly,1,267.76,Cancelled
505689,10050,29,2024-04-19,2025-02-02,Monthly,1,309.31,Cancelled
505690,10374,3,2025-11-29,2026-07-15,Annual,2,1521.73,Expired
505691,17582,26,2025-08-01,,Monthly,1,259.98,Active
505692,16283,23,2025-03-22,,Monthly,1,312.13,Active
505693,17514,28,2025-07-23,,Monthly,1,113.0,Active
505694,13723,6,2025-07-07,2026-05-21,Monthly,2,1821.89,Expired
505695,19367,22,2025-02-28,,Monthly,2,191.06,Active
505696,11269,28,2026-08-01,,Annual,1,110.74,Active
505697,15699,6,2025-04-21,2025-12-16,Monthly,4,3026.72,Expired
505698,16886,28,2024-03-16,2024-11-15,Monthly,1,95.28,Expired
505699,13223,15,2024-06-13,,Annual,3,2020.99,Active
505700,13905,3,2025-06-30,2026-03-04,Monthly,2,1500.14,Cancelled
505701,10657,11,2025-05-27,,Monthly,2,722.98,Active
505702,15331,19,2024-10-07,,Monthly,2,149.41,Active
505703,18599,5,2026-02-09,,Monthly,1,258.47,Active
505704,15721,2,2026-03-01,,Annual,1,320.86,Active
505705,15460,11,2025-04-20,2026-08-24,Monthly,3,978.66,Cancelled
505706,17853,23,2025-06-04,2026-02-19,Monthly,2,669.4,Expired
505707,13101,28,2026-04-30,,Monthly,1,106.06,Active
505708,15064,29,2026-06-18,,Monthly,2,545.09,Active
505709,18507,23,2026-07-03,2026-08-31,Monthly,1,365.68,Expired
505710,15682,7,2025-03-04,2025-07-29,Monthly,1,95.66,Expired
505711,17056,16,2025-06-08,,Annual,1,98.71,Active
505712,15148,27,2025-12-11,2026-08-31,Annual,1,1046.68,Cancelled
505713,10891,10,2024-12-15,,Monthly,2,218.05,Active
505714,16290,8,2026-08-15,,Monthly,1,321.25,Active
505715,16472,16,2026-08-31,,Annual,2,221.52,Active
505716,10722,24,2025-12-01,,Monthly,1,903.86,Active
505717,18391,30,2025-11-07,,Monthly,2,1446.81,Active
505718,18264,15,2026-05-25,2026-08-31,Annual,1,758.82,Expired
505719,12548,6,2026-08-31,,Monthly,3,2585.59,Active
505720,14017,25,2026-08-31,,Monthly,2,204.51,Active
505721,12186,7,2024-06-23,,Monthly,2,220.89,Active
505722,18707,25,2024-08-16,,Monthly,3,338.09,Active
505723,19494,25,2025-07-01,,Monthly,1,107.45,Active
505724,14976,22,2024-08-30,,Monthly,1,100.77,Active
505725,17125,16,2026-05-24,,Monthly,1,110.86,Active
505726,11998,13,2025-09-03,2026-08-31,Monthly,2,221.62,Expired
505727,18869,19,2024-03-18,2024-04-24,Monthly,1,83.4,Expired
505728,13811,23,2026-04-22,2026-08-31,Monthly,2,641.79,Cancelled
505729,13596,14,2024-10-18,,Monthly,1,306.88,Active
505730,11931,11,2024-06-28,,Monthly,1,300.7,Active
505731,19195,1,2024-09-24,2025-01-31,Monthly,2,220.51,Cancelled
505732,10390,17,2024-09-16,2025-06-10,Monthly,1,282.63,Cancelled
505733,15913,5,2026-05-07,2026-06-24,Monthly,1,270.33,Expired
505734,14206,24,2025-02-12,2026-01-28,Monthly,2,1493.03,Cancelled
505735,15585,20,2025-04-04,2025-11-14,Annual,2,480.25,Cancelled
505736,18604,3,2025-11-18,,Monthly,1,741.89,Active
505737,12619,13,2025-05-11,,Monthly,4,436.43,Active
505738,15082,13,2025-05-27,2026-02-22,Monthly,1,114.36,Cancelled
505739,10247,2,2025-08-27,,Monthly,1,313.87,Active
505740,16470,25,2025-07-16,2026-07-05,Monthly,1,95.29,Expired
505741,15269,27,2025-05-01,,Monthly,1,916.07,Active
505742,15587,3,2025-05-22,2025-10-25,Monthly,1,661.43,Expired
505743,19802,21,2024-11-08,2025-09-24,Annual,1,818.54,Cancelled
505744,13744,7,2025-08-23,,Monthly,1,116.43,Active
505745,13924,27,2024-10-05,2026-01-17,Monthly,1,903.7,Expired
505746,16660,12,2024-09-30,2025-09-14,Monthly,1,1014.88,Expired
505747,19394,18,2025-06-04,2026-03-06,Monthly,1,839.82,Expired
505748,12858,10,2026-08-20,,Monthly,1,110.03,Active
505749,10663,22,2024-08-02,,Monthly,1,100.7,Active
505750,14014,12,2025-10-06,2026-08-16,Monthly,2,2000.89,Cancelled
505751,12249,19,2024-09-24,2025-11-10,Monthly,1,85.82,Expired
505752,14651,18,2025-01-11,,Monthly,4,3170.77,Active
505753,12837,4,2024-08-21,2025-11-18,Monthly,2,226.26,Expired
505754,13768,15,2024-06-30,,Annual,2,1649.22,Active
505755,13700,7,2026-08-31,2026-08-31,Annual,3,295.67,Cancelled
505756,12326,21,2026-08-31,,Monthly,1,902.92,Active
505757,15562,2,2026-03-25,,Monthly,6,1982.67,Active
505758,11021,4,2026-07-18,,Annual,3,306.76,Active
505759,18383,17,2024-11-13,2026-04-13,Annual,1,263.09,Expired
505760,16210,8,2025-09-06,,Monthly,1,317.46,Active
505761,15711,13,2025-01-27,,Monthly,1,119.43,Active
505762,12381,14,2026-01-10,2026-08-31,Annual,1,261.68,Expired
505763,11250,8,2025-12-01,,Monthly,2,514.64,Active
505764,13233,29,2024-06-24,,Monthly,2,539.81,Active
505765,10348,15,2025-09-25,,Annual,1,681.04,Active
505766,12849,17,2026-02-19,,Monthly,2,580.67,Active
505767,16945,11,2024-04-01,2025-07-26,Monthly,1,307.2,Expired
505768,17165,14,2024-06-02,,Monthly,1,302.96,Active
505769,17155,30,2024-09-06,,Monthly,1,661.05,Active
505770,13854,6,2024-12-22,2025-11-21,Monthly,2,1548.59,Cancelled
505771,10049,25,2025-03-08,,Monthly,3,310.99,Active
505772,18001,6,2025-06-16,2025-10-24,Monthly,1,739.0,Expired
505773,10868,30,2025-01-31,,Annual,3,2367.92,Active
505774,14093,14,2025-07-20,2025-10-03,Monthly,1,267.38,Expired
505775,18829,29,2026-08-31,,Annual,1,313.08,Active
505776,18282,5,2024-09-09,2026-02-11,Monthly,2,494.23,Expired
505777,15888,24,2026-03-17,,Annual,3,2252.2,Active
505778,16218,5,2024-06-09,,Monthly,1,230.19,Active
505779,14642,9,2026-04-06,,Monthly,2,1896.14,Active
505780,14243,5,2025-06-01,2026-07-15,Monthly,2,465.93,Cancelled
505781,10915,26,2024-03-29,,Monthly,1,233.25,Active
505782,18652,11,2026-08-31,2026-08-31,Monthly,1,349.99,Cancelled
505783,12809,20,2024-11-03,2026-02-11,Monthly,4,1025.11,Expired
505784,15610,14,2025-03-15,,Monthly,1,310.09,Active
505785,17197,16,2026-03-20,,Monthly,3,324.56,Active
505786,18534,16,2024-02-29,,Monthly,1,115.71,Active
505787,15701,23,2025-11-14,,Monthly,1,315.59,Active
505788,10556,20,2026-01-28,,Monthly,1,236.75,Active
505789,15432,19,2025-05-28,2025-11-27,Monthly,2,154.65,Cancelled
505790,14421,14,2025-10-06,,Monthly,2,558.87,Active
505791,17957,18,2025-06-27,,Monthly,2,1764.9,Active
505792,14477,11,2026-08-17,,Monthly,1,291.79,Active
505793,17295,19,2024-08-22,2025-02-24,Monthly,1,83.9,Expired
505794,14165,21,2024-05-01,,Monthly,2,1635.69,Active
505795,12848,24,2024-11-17,,Monthly,1,903.74,Active
505796,16536,13,2026-08-31,,Monthly,1,121.18,Active
505797,19237,20,2025-12-18,2026-08-24,Monthly,1,279.18,Cancelled
505798,13289,23,2026-01-12,2026-04-13,Monthly,2,679.77,Cancelled
505799,16020,23,2025-04-29,,Monthly,1,366.31,Active
505800,17948,13,2025-10-27,,Annual,4,462.38,Active
505801,11290,20,2024-12-25,,Annual,1,237.82,Active
505802,10032,9,2025-01-14,,Monthly,1,807.99,Active
505803,15117,5,2025-08-01,2026-08-11,Monthly,1,246.38,Cancelled
505804,19219,27,2026-03-30,2026-08-31,Monthly,3,3261.15,Cancelled
505805,14237,21,2026-08-17,2026-08-31,Monthly,1,861.64,Expired
505806,11698,11,2024-11-05,2024-12-20,Monthly,2,697.47,Cancelled
505807,18055,30,2024-01-29,,Monthly,2,1595.54,Active
505808,18317,1,2024-11-21,,Monthly,1,122.51,Active
505809,19298,7,2024-09-05,,Monthly,4,416.35,Active
505810,18253,30,2026-03-23,,Annual,1,668.88,Active
505811,12154,16,2025-09-05,,Monthly,2,239.97,Active
505812,13898,26,2024-08-24,,Monthly,1,273.67,Active
505813,17235,14,2026-08-31,,Monthly,1,315.87,Active
505814,16676,11,2024-08-25,,Monthly,1,291.37,Active
505815,15388,14,2024-07-04,2025-10-18,Monthly,1,274.82,Expired
505816,14756,4,2026-03-17,,Annual,3,312.94,Active
505817,19022,23,2024-11-07,2026-01-10,Annual,1,320.57,Expired
505818,18009,12,2024-09-08,2025-08-12,Monthly,3,3343.3,Expired
505819,10749,7,2025-06-28,,Monthly,2,225.12,Active
505820,16571,20,2025-04-11,,Monthly,1,248.89,Active
505821,17087,29,2026-08-31,,Monthly,3,921.86,Active
505822,14918,5,2025-11-07,,Monthly,1,236.96,Active
505823,19688,15,2026-05-18,2026-08-31,Monthly,1,766.25,Cancelled
505824,13280,11,2026-02-14,,Monthly,1,298.91,Active
505825,15763,23,2026-07-27,2026-08-31,Monthly,1,328.95,Cancelled
505826,10085,30,2025-08-29,2026-08-31,Monthly,2,1392.84,Cancelled
505827,13064,7,2024-05-28,2024-12-12,Monthly,3,329.63,Cancelled
505828,19685,11,2026-07-23,,Monthly,2,685.79,Active
505829,16607,26,2026-08-31,,Monthly,3,755.83,Active
505830,16769,30,2024-08-22,,Monthly,1,744.89,Active
505831,10233,13,2024-11-12,2026-01-21,Monthly,1,107.51,Expired
505832,10731,14,2026-08-31,2026-08-31,Monthly,2,607.66,Expired
505833,15536,13,2024-08-22,,Annual,1,104.35,Active
505834,11083,13,2026-08-31,,Annual,1,101.3,Active
505835,13900,6,2026-02-28,,Annual,1,828.41,Active
505836,13753,25,2026-08-31,,Annual,1,95.0,Active
505837,11148,26,2025-04-17,,Annual,1,244.39,Active
505838,19565,27,2026-02-19,2026-08-22,Annual,1,938.14,Cancelled
505839,19108,27,2025-05-17,2026-02-10,Annual,1,987.95,Expired
505840,18917,25,2025-12-05,,Monthly,2,208.65,Active
505841,14763,21,2025-08-10,,Monthly,2,1854.91,Active
505842,11147,22,2024-03-21,2024-09-25,Monthly,1,107.8,Cancelled
505843,18797,21,2025-04-22,,Monthly,1,800.77,Active
505844,19139,5,2024-10-06,,Annual,1,225.27,Active
505845,12581,18,2026-06-07,,Monthly,1,961.56,Active
505846,17129,9,2025-07-09,,Monthly,1,998.16,Active
505847,13130,14,2025-05-09,2026-02-09,Annual,1,278.59,Cancelled
505848,18484,30,2026-02-08,2026-08-31,Monthly,1,714.55,Expired
505849,19851,22,2024-08-01,,Monthly,1,98.97,Active
505850,13563,2,2025-01-12,,Monthly,1,368.05,Active
505851,15529,4,2026-08-31,,Monthly,2,244.21,Active
505852,16063,5,2024-11-03,,Monthly,1,246.29,Active
505853,13760,14,2024-05-13,,Monthly,1,273.72,Active
505854,19740,16,2025-01-03,,Monthly,3,296.48,Active
505855,17502,25,2025-08-02,,Monthly,2,196.87,Active
505856,14071,3,2025-07-17,2026-08-31,Monthly,5,3853.58,Expired
505857,10569,15,2025-05-02,,Monthly,3,2527.91,Active
505858,12346,5,2024-09-18,,Monthly,3,755.03,Active
505859,17685,28,2026-06-01,,Monthly,3,296.83,Active
505860,10166,13,2026-08-31,,Monthly,2,210.32,Active
505861,11510,22,2024-07-18,,Monthly,1,99.07,Active
505862,14620,7,2025-08-12,2025-12-29,Monthly,1,115.95,Cancelled
505863,10197,10,2026-06-01,,Annual,1,102.26,Active
505864,12162,21,2025-05-09,,Monthly,1,945.27,Active
505865,19939,16,2025-08-16,,Monthly,1,115.14,Active
505866,19545,7,2024-05-01,,Monthly,2,193.55,Active
505867,12016,17,2026-02-01,2026-08-01,Monthly,1,259.78,Cancelled
505868,14317,30,2025-11-05,2026-04-17,Monthly,1,689.46,Expired
505869,18985,10,2024-09-16,2024-12-31,Annual,2,229.8,Expired
505870,10670,25,2024-01-16,,Monthly,1,95.22,Active
505871,15036,22,2026-08-31,2026-08-31,Monthly,3,304.91,Expired
505872,18447,14,2026-05-04,,Monthly,3,926.84,Active
505873,11644,22,2025-12-22,2026-04-03,Monthly,3,338.28,Cancelled
505874,19626,8,2026-02-28,2026-08-31,Annual,3,795.04,Expired
505875,15213,22,2025-02-05,2026-04-15,Monthly,1,109.78,Cancelled
505876,10222,5,2025-01-05,2025-08-03,Annual,1,222.4,Expired
505877,11940,17,2025-02-25,,Annual,1,262.79,Active
505878,19007,1,2026-06-04,,Monthly,2,208.26,Active
505879,10752,25,2024-10-17,,Monthly,2,225.55,Active
505880,17377,23,2026-05-23,,Annual,2,673.55,Active
505881,13063,12,2026-05-17,2026-08-31,Annual,2,1930.65,Cancelled
505882,11670,16,2026-01-10,2026-06-03,Monthly,1,107.54,Expired
505883,14845,22,2026-08-31,,Monthly,3,287.59,Active
505884,17473,1,2025-09-16,,Monthly,1,114.02,Active
505885,16655,22,2026-07-16,2026-08-31,Monthly,1,99.71,Expired
505886,13124,3,2025-07-20,2026-08-31,Monthly,2,1591.07,Cancelled
505887,13406,9,2024-11-26,,Monthly,1,974.18,Active
505888,14920,2,2024-10-07,,Annual,2,728.96,Active
505889,12933,21,2026-06-24,2026-08-31,Annual,1,941.34,Expired
505890,16284,15,2026-08-31,2026-08-31,Monthly,3,2225.25,Cancelled
505891,14440,6,2026-01-09,,Monthly,2,1857.87,Active
505892,10926,21,2024-08-31,,Monthly,1,845.55,Active
505893,14473,10,2024-06-18,,Monthly,4,418.24,Active
505894,11419,28,2026-03-14,,Monthly,1,118.5,Active
505895,18275,18,2024-07-26,,Annual,1,825.2,Active
505896,14360,20,2025-06-28,,Monthly,1,233.82,Active
505897,11046,14,2024-07-19,,Monthly,1,317.17,Active
505898,12353,26,2025-06-05,,Monthly,4,946.19,Active
505899,10894,19,2024-12-12,2025-09-20,Monthly,2,178.36,Expired
505900,11592,17,2025-05-08,,Monthly,1,268.64,Active
505901,15180,24,2026-07-13,2026-08-31,Monthly,3,2730.73,Expired
505902,10969,23,2026-01-19,,Annual,2,644.87,Active
505903,15860,21,2025-12-26,,Annual,2,1822.51,Active
505904,19159,8,2026-08-27,,Monthly,1,291.46,Active
505905,12949,7,2024-09-07,2025-08-27,Monthly,1,93.08,Expired
505906,10391,1,2026-08-31,2026-08-31,Annual,1,120.32,Expired
505907,12145,10,2024-07-07,,Monthly,1,114.27,Active
505908,18022,15,2025-05-28,,Monthly,1,769.48,Active
505909,18600,17,2026-04-25,2026-08-31,Monthly,1,243.03,Expired
505910,14763,9,2025-07-04,2026-03-10,Monthly,2,1756.25,Cancelled
505911,12099,28,2025-03-09,2025-12-18,Monthly,2,204.66,Cancelled
505912,13909,23,2026-03-15,2026-08-31,Annual,1,305.37,Expired
505913,16478,2,2025-04-11,,Monthly,1,364.16,Active
505914,13306,10,2026-08-25,,Monthly,1,107.15,Active
505915,17061,14,2025-08-14,,Monthly,1,272.15,Active
505916,17365,10,2024-04-13,,Monthly,2,249.17,Active
505917,15829,4,2026-08-31,,Monthly,3,349.69,Active
505918,15258,10,2025-01-04,2025-11-24,Monthly,3,349.04,Cancelled
505919,13998,6,2024-07-18,2025-12-16,Monthly,1,851.45,Cancelled
505920,14811,23,2024-04-07,,Monthly,1,351.79,Active
505921,18228,21,2025-02-17,2026-01-23,Annual,2,1918.49,Cancelled
505922,11497,5,2026-03-27,2026-08-31,Monthly,1,264.35,Expired
505923,14362,17,2025-04-12,2025-10-01,Monthly,2,505.02,Expired
505924,13525,7,2026-08-31,,Annual,1,100.5,Active
505925,10887,19,2026-05-30,,Monthly,1,76.45,Active
505926,10534,20,2026-03-27,,Monthly,1,273.05,Active
505927,10080,5,2026-08-31,2026-08-31,Monthly,1,256.3,Cancelled
505928,16794,11,2026-08-31,,Monthly,1,335.6,Active
505929,19211,2,2024-09-20,2026-03-11,Annual,1,333.98,Cancelled
505930,10925,24,2026-04-28,,Monthly,1,926.9,Active
505931,18270,11,2024-11-04,,Monthly,2,715.23,Active
505932,12698,5,2026-05-13,,Monthly,3,657.38,Active
505933,18809,22,2026-03-16,,Monthly,1,96.41,Active
505934,10367,10,2025-05-07,2026-04-21,Monthly,3,313.45,Cancelled
505935,12547,2,2025-02-05,2026-04-12,Monthly,2,632.78,Cancelled
505936,14298,16,2024-11-05,,Monthly,1,106.87,Active
505937,12668,8,2024-06-15,2025-06-16,Annual,1,321.54,Cancelled
505938,19743,15,2026-08-15,,Monthly,1,740.06,Active
505939,15934,6,2024-10-21,,Monthly,1,787.12,Active
505940,13669,6,2026-08-31,,Monthly,4,3350.96,Active
505941,18966,18,2026-08-31,2026-08-31,Monthly,1,920.62,Cancelled
505942,19685,17,2026-08-31,2026-08-31,Monthly,2,570.74,Expired
505943,18909,27,2025-11-14,,Monthly,1,1050.65,Active
505944,17378,21,2025-01-02,,Monthly,2,1877.5,Active
505945,13250,16,2024-05-29,2024-12-01,Monthly,1,103.01,Expired
505946,17490,20,2024-07-13,2025-11-28,Monthly,1,234.79,Cancelled
505947,18667,22,2024-10-02,,Annual,1,111.94,Active
505948,14380,19,2024-12-25,,Monthly,3,232.55,Active
505949,13877,12,2024-04-23,,Monthly,1,1128.38,Active
505950,18186,24,2025-07-09,2026-08-13,Monthly,2,1635.36,Cancelled
505951,11800,30,2025-08-07,,Monthly,1,829.57,Active
505952,19496,9,2025-12-05,,Annual,1,940.54,Active
505953,11540,12,2024-10-22,,Monthly,1,1092.7,Active
505954,17270,9,2026-02-21,2026-08-31,Monthly,2,1944.35,Cancelled
505955,15833,1,2024-11-13,2026-01-12,Monthly,1,101.39,Cancelled
505956,11197,11,2025-12-18,,Annual,3,987.72,Active
505957,10748,26,2026-06-14,2026-08-31,Monthly,1,279.31,Cancelled
505958,12654,18,2025-11-29,2026-08-31,Monthly,6,5392.26,Expired
505959,15611,28,2026-06-26,2026-08-31,Monthly,1,98.21,Expired
505960,15698,16,2026-08-31,,Monthly,2,206.55,Active
505961,10209,16,2024-06-11,2025-10-14,Monthly,1,114.73,Expired
505962,15542,17,2024-09-10,,Monthly,4,998.01,Active
505963,12275,2,2025-09-11,,Annual,1,326.5,Active
505964,13920,24,2025-03-09,2025-05-04,Monthly,1,794.55,Cancelled
505965,18864,10,2026-04-16,,Monthly,1,113.26,Active
505966,17156,4,2024-10-04,,Monthly,1,102.14,Active
505967,19049,16,2026-03-13,,Monthly,1,112.48,Active
505968,16769,26,2024-06-16,,Monthly,1,258.24,Active
505969,16897,6,2025-09-12,,Annual,1,894.52,Active
505970,18836,6,2025-01-01,2025-09-03,Monthly,2,1659.24,Cancelled
505971,10951,16,2026-02-16,,Annual,1,101.81,Active
505972,14419,28,2026-08-07,2026-08-31,Monthly,3,355.01,Cancelled
505973,19100,16,2026-08-12,,Monthly,2,214.56,Active
505974,15919,5,2025-07-26,2025-11-24,Monthly,1,275.83,Cancelled
505975,12617,2,2025-07-16,2026-08-31,Monthly,1,310.2,Expired
505976,16672,21,2026-06-29,,Monthly,1,950.62,Active
505977,10782,4,2024-03-16,2024-08-06,Annual,1,104.89,Cancelled
505978,18005,22,2026-02-06,2026-04-12,Monthly,1,112.9,Cancelled
505979,13487,13,2025-03-01,2025-05-16,Annual,1,103.77,Cancelled
505980,14079,27,2026-08-31,,Monthly,1,997.11,Active
505981,11616,25,2026-02-21,,Monthly,2,227.77,Active
505982,12455,8,2026-04-27,,Monthly,1,259.64,Active
505983,17059,17,2025-03-06,,Monthly,2,557.76,Active
505984,10694,5,2024-11-06,,Monthly,1,274.06,Active
505985,13251,21,2026-08-31,2026-08-31,Monthly,1,768.43,Cancelled
505986,19357,2,2025-05-31,,Monthly,1,338.1,Active
505987,15976,5,2025-12-28,,Monthly,4,1009.18,Active
505988,19720,20,2025-04-02,2025-10-18,Monthly,1,239.09,Cancelled
505989,19657,10,2026-06-07,2026-08-31,Annual,1,120.41,Cancelled
505990,11250,9,2025-10-30,2026-08-31,Monthly,1,896.55,Expired
505991,14422,28,2025-09-13,2026-01-24,Monthly,1,105.41,Cancelled
505992,19579,14,2026-01-11,2026-04-07,Monthly,1,262.35,Cancelled
505993,13139,23,2025-07-11,2026-08-31,Monthly,3,990.08,Cancelled
505994,10025,9,2026-08-31,,Monthly,1,989.32,Active
505995,15935,27,2026-07-17,2026-08-31,Monthly,1,930.13,Cancelled
505996,14161,26,2025-06-29,2026-08-31,Annual,1,260.73,Cancelled
505997,16115,19,2026-07-10,,Annual,2,179.86,Active
505998,14182,15,2025-12-20,,Monthly,1,797.42,Active
505999,15645,7,2024-11-26,,Annual,1,105.8,Active
506000,11025,11,2024-12-24,2026-05-01,Monthly,2,593.98,Expired
506001,11034,24,2026-07-15,2026-08-31,Monthly,3,2489.49,Expired
506002,10973,11,2026-05-21,,Annual,2,642.67,Active
506003,10187,16,2025-04-12,2025-10-22,Monthly,1,98.37,Cancelled
506004,16704,13,2024-05-18,2024-08-07,Monthly,1,107.25,Cancelled
506005,18651,12,2025-11-01,2026-03-23,Monthly,1,956.19,Expired
506006,13824,25,2026-08-31,2026-08-31,Annual,2,192.1,Cancelled
506007,11924,24,2026-04-05,,Monthly,3,2688.88,Active
506008,17501,4,2026-08-31,2026-08-31,Annual,1,119.06,Cancelled
506009,10394,18,2026-06-15,,Monthly,3,2854.29,Active
506010,10470,18,2026-07-25,2026-08-31,Monthly,2,1958.19,Expired
506011,15752,12,2025-07-24,,Monthly,1,1170.15,Active
506012,10147,18,2025-04-19,2025-09-06,Monthly,1,814.72,Expired
506013,11540,11,2024-09-25,2025-12-26,Monthly,1,356.66,Cancelled
506014,12810,6,2025-12-24,2026-08-31,Annual,1,873.95,Cancelled
506015,19586,7,2026-04-24,2026-08-31,Monthly,3,318.21,Cancelled
506016,14978,8,2024-11-11,,Monthly,3,904.23,Active
506017,16863,9,2026-08-25,2026-08-31,Monthly,1,979.16,Expired
506018,13280,9,2026-04-01,2026-08-31,Annual,1,846.39,Expired
506019,19967,12,2025-08-16,2026-06-28,Monthly,1,1043.67,Cancelled
506020,18958,25,2024-09-07,2025-01-05,Monthly,1,107.3,Expired
506021,18172,26,2024-11-26,2026-03-09,Monthly,1,235.21,Expired
506022,12776,13,2025-06-07,2026-08-31,Monthly,1,99.89,Expired
506023,13189,24,2024-01-30,2024-06-28,Annual,1,861.0,Expired
506024,11450,10,2026-08-31,2026-08-31,Monthly,3,306.88,Cancelled
506025,16865,9,2026-08-31,,Monthly,1,925.46,Active
506026,17672,21,2025-12-05,,Monthly,1,832.72,Active
506027,14285,30,2024-10-28,2025-08-20,Annual,1,693.27,Cancelled
506028,10108,27,2025-12-03,,Monthly,1,966.11,Active
506029,12366,25,2025-05-25,,Monthly,1,96.78,Active
506030,15425,19,2025-01-02,2026-06-04,Monthly,2,171.85,Cancelled
506031,15448,25,2024-12-23,,Monthly,1,117.59,Active
506032,14013,18,2026-01-08,2026-08-31,Annual,1,938.01,Expired
506033,19352,10,2026-02-19,,Monthly,1,101.74,Active
506034,11116,16,2024-12-20,2026-04-15,Annual,5,543.02,Cancelled
506035,10088,11,2026-08-31,2026-08-31,Monthly,1,294.91,Cancelled
506036,13327,12,2024-12-10,,Annual,2,2315.57,Active
506037,19228,25,2025-01-01,,Monthly,1,115.43,Active
506038,19599,11,2025-07-12,,Monthly,3,1013.55,Active
506039,12538,5,2024-11-06,2025-11-10,Monthly,2,474.28,Expired
506040,15378,6,2025-06-17,,Monthly,1,929.23,Active
506041,10852,20,2025-06-16,,Monthly,1,269.55,Active
506042,13643,12,2025-08-09,,Monthly,1,1038.5,Active
506043,19943,14,2026-06-29,,Monthly,1,283.58,Active
506044,14694,15,2025-10-23,,Monthly,1,800.95,Active
506045,11091,27,2025-09-02,2026-08-31,Monthly,1,987.81,Cancelled
506046,17224,14,2025-10-23,2026-08-31,Monthly,2,579.15,Expired
506047,19685,23,2026-08-23,,Monthly,1,312.2,Active
506048,13178,26,2026-07-31,2026-08-31,Monthly,1,246.85,Cancelled
506049,16019,19,2024-03-16,,Annual,1,89.17,Active
506050,16666,26,2026-08-31,,Monthly,1,261.23,Active
506051,18552,27,2024-03-29,2025-01-03,Monthly,1,961.0,Expired
506052,19489,3,2025-08-01,,Monthly,1,751.6,Active
506053,16342,27,2025-07-11,2025-12-11,Monthly,1,1031.97,Expired
506054,17121,10,2025-06-03,,Monthly,2,238.63,Active
506055,10342,29,2024-09-21,,Monthly,1,303.21,Active
506056,13113,8,2025-11-22,,Monthly,2,604.38,Active
506057,17598,5,2026-01-27,,Monthly,1,259.47,Active
506058,19300,29,2024-12-17,2025-11-07,Monthly,1,276.06,Cancelled
506059,17339,16,2024-05-18,,Monthly,2,242.52,Active
506060,13165,16,2025-06-05,2026-04-15,Monthly,3,329.54,Expired
506061,11715,22,2025-02-08,,Annual,1,96.42,Active
506062,15963,26,2024-12-08,2026-04-03,Monthly,2,568.11,Cancelled
506063,10893,15,2025-01-06,,Monthly,2,1477.2,Active
506064,17682,30,2024-08-30,2025-07-12,Monthly,2,1403.58,Expired
506065,13808,23,2024-10-01,2025-05-02,Monthly,1,342.76,Cancelled
506066,16671,18,2026-06-18,2026-08-31,Annual,1,932.88,Cancelled
506067,10242,13,2026-08-31,,Monthly,2,208.72,Active
506068,12726,28,2025-06-22,2026-07-07,Annual,1,119.35,Expired
506069,10028,4,2024-09-03,2026-01-29,Monthly,1,110.44,Cancelled
506070,13068,28,2025-05-08,2026-04-03,Monthly,2,199.92,Cancelled
506071,18334,16,2025-08-19,2025-12-04,Monthly,3,361.93,Expired
506072,13471,7,2024-08-28,,Monthly,1,113.49,Active
506073,18175,2,2024-05-12,,Monthly,1,353.64,Active
506074,15145,17,2026-06-16,,Annual,1,262.46,Active
506075,14654,26,2026-08-31,,Monthly,1,265.11,Active
506076,16698,18,2025-07-02,2025-10-03,Monthly,3,2715.56,Cancelled
506077,14525,2,2024-02-23,,Monthly,1,360.78,Active
506078,15713,18,2026-03-14,2026-07-20,Monthly,1,803.82,Cancelled
506079,13740,28,2025-06-19,,Monthly,4,419.88,Active
506080,19871,7,2025-04-21,2025-09-19,Annual,3,299.58,Expired
506081,11483,7,2026-07-08,2026-08-31,Monthly,3,321.51,Expired
506082,18503,25,2026-06-02,2026-08-31,Annual,1,105.45,Cancelled
506083,16446,20,2025-02-12,,Monthly,1,279.61,Active
506084,15695,10,2026-01-13,,Monthly,3,373.31,Active
506085,13322,26,2024-01-24,2024-05-31,Annual,1,279.68,Expired
506086,12491,18,2026-08-31,,Monthly,1,802.67,Active
506087,12921,28,2025-05-12,,Monthly,2,194.35,Active
506088,13786,28,2026-06-15,2026-08-31,Monthly,1,117.99,Cancelled
506089,10793,15,2025-06-16,,Annual,2,1618.29,Active
506090,11134,2,2026-05-13,,Annual,1,344.29,Active
506091,15426,3,2026-08-04,,Annual,2,1473.13,Active
506092,17772,13,2026-06-26,2026-08-31,Monthly,1,108.76,Expired
506093,19802,18,2024-10-15,,Monthly,2,1823.5,Active
506094,13794,27,2025-08-08,,Monthly,1,1049.01,Active
506095,19202,17,2026-01-08,,Annual,2,562.07,Active
506096,17638,25,2024-07-12,,Annual,2,198.03,Active
506097,11887,5,2025-03-21,,Monthly,2,493.59,Active
506098,12416,22,2026-08-12,2026-08-31,Annual,1,109.08,Cancelled
506099,14643,8,2024-06-06,2024-12-07,Annual,1,298.31,Cancelled
506100,11757,25,2025-01-11,2025-10-12,Monthly,1,99.56,Expired
506101,14705,26,2025-09-03,,Monthly,2,499.81,Active
506102,11774,20,2026-03-28,2026-05-03,Annual,1,252.93,Expired
506103,13675,17,2026-06-03,2026-08-31,Annual,1,280.72,Expired
506104,13508,5,2024-12-28,,Monthly,4,1008.87,Active
506105,12456,12,2025-02-01,2025-04-23,Monthly,1,1110.61,Expired
506106,11090,14,2026-07-31,2026-08-31,Monthly,1,279.86,Cancelled
506107,17436,24,2024-03-27,2025-06-15,Annual,1,863.1,Cancelled
506108,10143,23,2025-03-11,,Monthly,1,369.11,Active
506109,13768,20,2024-11-25,,Monthly,2,550.51,Active
506110,17335,9,2025-10-30,2026-08-31,Monthly,1,825.18,Expired
506111,17839,8,2026-08-31,,Monthly,2,576.82,Active
506112,13892,22,2026-06-27,,Monthly,1,100.43,Active
506113,10747,19,2026-05-24,2026-08-31,Monthly,1,76.27,Cancelled
506114,17591,28,2024-09-24,,Monthly,1,97.78,Active
506115,18970,11,2025-02-16,,Annual,1,362.12,Active
506116,11800,24,2025-06-13,,Monthly,1,844.2,Active
506117,17577,24,2025-10-09,2026-08-31,Annual,1,829.26,Cancelled
506118,15643,12,2024-12-07,,Monthly,3,2879.23,Active
506119,13307,18,2025-09-16,2026-07-28,Monthly,1,813.25,Expired
506120,19633,26,2026-07-19,,Monthly,1,246.07,Active
506121,17238,1,2025-01-18,,Monthly,1,119.44,Active
506122,12269,11,2026-08-31,,Monthly,3,907.27,Active
506123,15806,9,2024-09-14,2025-03-06,Monthly,1,938.42,Cancelled
506124,12326,21,2026-08-31,,Monthly,2,1659.94,Active
506125,12724,22,2025-07-15,2026-02-08,Monthly,6,685.76,Expired
506126,17271,21,2026-08-23,2026-08-31,Monthly,1,890.54,Expired
506127,13532,10,2024-04-05,,Monthly,1,110.24,Active
506128,13045,30,2024-09-02,,Monthly,2,1422.31,Active
506129,15689,7,2025-10-10,,Monthly,1,95.02,Active
506130,12387,17,2025-05-31,2025-12-30,Annual,1,302.11,Cancelled
506131,15028,25,2026-08-24,,Monthly,2,212.54,Active
506132,11486,22,2026-06-22,,Monthly,1,96.65,Active
506133,12215,30,2025-11-15,2026-02-26,Monthly,1,696.27,Expired
506134,13138,21,2024-12-10,2026-03-17,Monthly,1,934.77,Expired
506135,18511,2,2025-08-16,2026-03-19,Monthly,2,716.76,Cancelled
506136,12952,10,2025-06-30,,Monthly,2,230.81,Active
506137,19419,4,2025-06-18,,Monthly,3,328.06,Active
506138,12712,14,2026-06-24,,Monthly,1,258.68,Active
506139,16763,5,2026-07-09,,Monthly,1,234.72,Active
506140,17766,10,2024-11-18,2026-04-12,Monthly,1,102.28,Expired
506141,16065,4,2024-09-08,,Monthly,1,110.94,Active
506142,14445,16,2026-05-29,,Monthly,2,218.06,Active
506143,17201,5,2024-08-07,2025-11-22,Monthly,1,239.85,Cancelled
506144,17497,11,2025-10-03,,Monthly,1,343.63,Active
506145,12225,1,2025-11-19,,Monthly,1,105.2,Active
506146,13839,29,2024-06-06,2025-05-19,Monthly,1,322.05,Cancelled
506147,12751,8,2024-10-20,2026-03-02,Monthly,3,764.41,Cancelled
506148,11344,1,2024-07-14,2025-11-29,Monthly,1,122.59,Cancelled
506149,10202,10,2024-06-04,2024-11-09,Monthly,4,442.24,Cancelled
506150,13054,7,2025-01-14,2025-03-05,Monthly,2,185.64,Cancelled
506151,10591,14,2025-12-20,,Monthly,3,891.27,Active
506152,14703,10,2026-06-16,2026-08-31,Annual,2,209.73,Expired
506153,12796,8,2025-08-09,,Monthly,2,568.07,Active
506154,11224,6,2025-11-18,,Monthly,1,789.62,Active
506155,11265,9,2025-05-13,,Monthly,1,884.39,Active
506156,12789,26,2024-10-22,,Monthly,1,278.26,Active
506157,13882,2,2026-08-31,,Monthly,1,329.75,Active
506158,14098,16,2025-01-16,,Monthly,2,230.57,Active
506159,12970,28,2025-04-04,,Monthly,1,112.13,Active
506160,18453,17,2026-07-19,,Monthly,4,1031.65,Active
506161,18485,4,2024-11-29,,Annual,1,100.81,Active
506162,12707,3,2025-03-28,,Monthly,1,712.74,Active
506163,19908,7,2026-01-08,2026-04-30,Monthly,1,107.84,Cancelled
506164,12545,3,2024-10-07,2025-10-29,Monthly,1,676.74,Expired
506165,12620,8,2025-01-27,,Annual,2,598.68,Active
506166,12409,25,2024-09-01,,Monthly,2,231.96,Active
506167,11846,26,2026-05-25,,Annual,1,281.2,Active
506168,13207,22,2024-06-14,2025-04-18,Monthly,2,204.85,Cancelled
506169,12464,15,2025-10-12,2026-08-31,Monthly,1,691.45,Cancelled
506170,10389,2,2025-01-13,2025-08-23,Monthly,1,328.16,Cancelled
506171,10747,11,2026-08-31,,Monthly,2,655.93,Active
506172,10667,25,2024-07-02,2025-12-20,Annual,3,329.12,Cancelled
506173,15339,10,2025-09-11,2026-08-31,Monthly,1,107.36,Cancelled
506174,16632,13,2025-06-30,,Monthly,1,121.19,Active
506175,18420,16,2026-04-02,2026-08-31,Monthly,2,203.36,Expired
506176,14439,20,2026-02-20,2026-08-31,Annual,2,465.7,Expired
506177,13188,4,2024-11-02,2025-11-17,Annual,1,111.77,Cancelled
506178,18116,16,2026-08-06,2026-08-31,Annual,2,223.64,Cancelled
506179,17589,28,2025-06-26,2026-08-31,Monthly,1,99.05,Cancelled
506180,17824,3,2024-10-05,,Annual,1,667.18,Active
506181,19186,12,2024-06-13,,Annual,1,1065.09,Active
506182,17615,6,2024-01-14,,Monthly,1,885.87,Active
506183,10174,11,2025-03-15,,Monthly,1,308.59,Active
506184,12521,10,2024-11-17,,Monthly,3,356.21,Active
506185,15851,20,2026-01-10,2026-03-26,Monthly,1,290.64,Cancelled
506186,13831,8,2025-06-06,,Monthly,1,275.41,Active
506187,12720,8,2026-08-31,2026-08-31,Monthly,1,300.26,Cancelled
506188,11406,20,2024-03-24,,Monthly,1,264.82,Active
506189,16094,19,2025-03-14,2025-05-30,Monthly,1,76.49,Cancelled
506190,19123,9,2026-03-20,,Monthly,1,1014.58,Active
506191,10429,24,2025-09-10,,Monthly,5,4301.01,Active
506192,12400,1,2026-08-31,,Annual,3,315.34,Active
506193,10111,23,2025-06-16,,Monthly,1,313.75,Active
506194,19306,16,2025-09-15,,Monthly,3,336.47,Active
506195,10846,15,2025-12-20,,Monthly,4,3021.99,Active
506196,13248,21,2025-02-03,2026-06-06,Monthly,1,777.9,Cancelled
506197,17733,11,2025-01-15,2026-04-04,Monthly,1,294.14,Cancelled
506198,12842,11,2025-07-29,,Monthly,1,330.27,Active
506199,13700,18,2026-08-31,,Annual,3,2727.12,Active
506200,13220,9,2026-08-31,,Monthly,1,974.12,Active
506201,18607,23,2026-08-14,,Monthly,1,304.18,Active
506202,19394,3,2025-04-23,2026-04-15,Annual,1,747.06,Cancelled
506203,12395,9,2024-06-25,,Monthly,2,2001.51,Active
506204,13978,12,2024-08-13,,Monthly,1,951.31,Active
506205,12494,4,2026-01-05,2026-06-18,Monthly,1,120.04,Cancelled
506206,11092,24,2026-07-19,,Monthly,1,937.68,Active
506207,11500,20,2026-08-31,,Monthly,1,243.34,Active
506208,19030,26,2026-06-13,,Annual,2,453.28,Active
506209,18891,6,2025-07-22,2025-10-23,Annual,1,786.52,Expired
506210,16201,10,2026-06-22,,Monthly,1,122.44,Active
506211,17582,12,2025-08-11,2026-08-31,Monthly,2,2366.51,Expired
506212,19388,23,2025-07-31,2026-08-31,Annual,1,313.0,Cancelled
506213,10482,7,2026-07-19,2026-08-31,Monthly,3,330.32,Expired
506214,17101,28,2025-03-16,,Annual,4,404.17,Active
506215,17801,14,2025-03-13,2025-04-15,Annual,1,277.51,Cancelled
506216,15077,1,2026-08-31,2026-08-31,Monthly,1,114.89,Cancelled
506217,17921,19,2026-08-16,,Monthly,1,82.82,Active
506218,12226,11,2024-12-26,,Monthly,2,669.53,Active
506219,10811,14,2025-09-08,,Monthly,1,264.99,Active
506220,12657,21,2025-09-17,,Monthly,1,947.81,Active
506221,11134,4,2026-04-28,,Monthly,2,223.3,Active
506222,19201,9,2024-11-13,,Monthly,1,879.9,Active
506223,16695,2,2025-05-24,,Monthly,1,348.47,Active
506224,11478,21,2025-12-13,2026-08-31,Monthly,1,883.74,Expired
506225,12044,8,2026-08-31,,Monthly,2,599.21,Active
506226,10536,25,2025-10-13,,Annual,1,109.54,Active
506227,10233,7,2025-02-02,,Monthly,2,217.62,Active
506228,10097,21,2024-07-22,2025-10-06,Monthly,2,1828.92,Expired
506229,17183,23,2026-08-31,,Monthly,1,376.97,Active
506230,19259,17,2026-03-05,,Annual,2,503.73,Active
506231,17017,9,2025-10-20,,Monthly,1,868.73,Active
506232,10836,21,2025-10-13,2026-08-31,Monthly,3,2519.52,Expired
506233,10836,11,2026-01-28,,Monthly,1,357.59,Active
506234,16401,11,2024-05-27,,Monthly,2,689.55,Active
506235,11675,12,2025-04-12,,Monthly,2,1908.29,Active
506236,10721,8,2025-03-08,,Monthly,1,320.56,Active
506237,11959,22,2024-12-14,,Monthly,1,106.79,Active
506238,17345,18,2025-04-03,2025-07-25,Monthly,1,799.49,Cancelled
506239,16734,15,2024-08-09,,Monthly,1,833.45,Active
506240,16262,13,2024-09-26,,Monthly,2,232.11,Active
506241,12922,6,2025-03-08,,Monthly,1,885.01,Active
506242,13179,28,2025-07-27,2025-09-20,Monthly,2,190.81,Expired
506243,12905,6,2025-03-24,,Monthly,1,740.97,Active
506244,19351,26,2025-04-18,,Annual,1,237.82,Active
506245,14733,10,2024-06-01,,Monthly,2,225.82,Active
506246,11904,30,2026-01-09,2026-08-31,Monthly,2,1401.4,Expired
506247,12839,13,2025-06-23,,Monthly,1,110.21,Active
506248,15554,24,2025-10-14,,Monthly,2,1500.34,Active
506249,16363,11,2026-08-31,2026-08-31,Annual,2,694.47,Cancelled
506250,11272,17,2025-08-14,,Monthly,2,588.53,Active
506251,10347,18,2024-11-21,2025-10-28,Monthly,2,1592.92,Cancelled
506252,13279,13,2024-06-04,,Monthly,1,96.81,Active
506253,15938,22,2025-11-15,,Monthly,1,109.73,Active
506254,18369,3,2025-10-21,,Monthly,2,1352.75,Active
506255,11478,23,2026-04-17,2026-08-31,Monthly,1,372.95,Cancelled
506256,17991,3,2024-11-07,,Monthly,2,1301.41,Active
506257,10274,12,2025-10-21,,Annual,2,2137.67,Active
506258,17596,27,2025-07-15,2025-08-17,Monthly,1,1116.19,Expired
506259,13519,14,2024-07-25,,Monthly,1,292.89,Active
506260,10985,26,2025-03-19,,Monthly,1,238.97,Active
506261,18404,29,2026-08-31,2026-08-31,Monthly,1,322.53,Expired
506262,17299,25,2026-08-31,,Monthly,3,292.27,Active
506263,12191,19,2025-01-11,,Annual,1,78.36,Active
506264,16634,7,2024-05-12,,Annual,1,108.02,Active
506265,11847,19,2025-06-17,2026-08-31,Annual,1,76.96,Cancelled
506266,19300,26,2025-01-22,,Annual,1,247.79,Active
506267,15309,18,2024-06-24,2025-07-27,Monthly,1,927.84,Expired
506268,19508,24,2026-08-31,,Monthly,1,849.8,Active
506269,15688,2,2026-08-31,,Monthly,2,657.29,Active
506270,14549,12,2026-02-18,,Monthly,2,2124.56,Active
506271,15921,4,2025-03-05,2025-08-20,Monthly,2,239.45,Expired
506272,11935,19,2025-12-29,,Monthly,3,262.64,Active
506273,16240,9,2025-10-14,,Monthly,1,989.31,Active
506274,11854,6,2025-01-18,,Monthly,2,1540.24,Active
506275,15789,25,2026-03-29,,Monthly,1,97.18,Active
506276,11246,6,2024-01-27,,Monthly,1,826.98,Active
506277,11484,14,2024-12-15,,Monthly,1,305.79,Active
506278,11432,3,2026-07-01,,Monthly,1,653.39,Active
506279,15092,21,2024-07-28,,Annual,2,1840.43,Active
506280,12382,13,2024-04-19,,Annual,3,321.84,Active
506281,12136,6,2026-02-28,2026-08-31,Annual,2,1763.48,Expired
506282,13836,15,2026-08-31,,Annual,1,667.2,Active
506283,14983,15,2024-10-14,,Monthly,1,699.41,Active
506284,19154,29,2025-01-19,,Monthly,3,768.33,Active
506285,11308,25,2026-08-31,,Annual,1,115.72,Active
506286,15971,21,2024-07-31,,Monthly,3,2747.77,Active
506287,15687,29,2025-03-23,,Monthly,1,282.74,Active
506288,14611,13,2026-07-19,,Monthly,1,114.91,Active
506289,17801,2,2025-05-09,,Monthly,1,328.44,Active
506290,17388,8,2026-01-26,2026-08-31,Monthly,1,306.47,Cancelled
506291,19016,11,2024-03-21,,Monthly,1,337.2,Active
506292,19757,10,2026-08-31,,Monthly,1,107.77,Active
506293,18615,10,2026-03-15,,Monthly,1,111.02,Active
506294,13543,18,2026-08-31,,Annual,3,2718.55,Active
506295,11795,13,2025-01-05,,Monthly,3,326.55,Active
506296,15246,23,2024-10-26,2025-03-05,Annual,1,300.66,Expired
506297,14508,23,2024-11-24,2025-10-05,Monthly,1,306.7,Cancelled
506298,14587,18,2025-05-24,2026-08-31,Monthly,1,902.83,Cancelled
506299,10062,2,2024-06-14,,Annual,2,733.54,Active
506300,18960,25,2025-04-17,,Annual,1,99.39,Active
506301,13790,28,2026-08-16,,Monthly,1,94.42,Active
506302,15500,13,2024-08-16,,Monthly,1,105.63,Active
506303,15347,26,2024-06-23,,Monthly,1,250.41,Active
506304,19546,12,2026-02-07,,Monthly,2,2109.8,Active
506305,17349,3,2026-06-05,,Monthly,1,715.73,Active
506306,12177,13,2024-10-04,2024-12-13,Monthly,1,112.79,Expired
506307,12763,11,2025-10-04,2026-08-05,Monthly,4,1313.33,Cancelled
506308,12973,13,2025-12-21,2026-08-31,Annual,4,419.4,Expired
506309,14074,16,2024-02-10,,Monthly,2,204.52,Active
506310,15006,6,2026-01-15,,Monthly,1,820.74,Active
506311,18661,18,2025-09-09,,Monthly,3,2799.28,Active
506312,12291,2,2025-11-26,,Monthly,2,611.06,Active
506313,16564,20,2026-07-28,,Annual,2,558.67,Active
506314,13835,14,2025-12-24,,Monthly,2,625.57,Active
506315,15632,16,2024-11-30,,Monthly,1,95.83,Active
506316,10974,10,2025-07-03,,Monthly,1,114.25,Active
506317,14969,24,2024-05-22,,Annual,2,1797.91,Active
506318,16523,15,2026-08-06,2026-08-31,Monthly,3,2164.7,Expired
506319,15123,29,2026-07-07,2026-08-31,Monthly,1,314.77,Cancelled
506320,10230,3,2024-10-30,,Monthly,1,667.26,Active
506321,13012,12,2025-04-13,,Monthly,1,1027.97,Active
506322,13329,18,2025-08-21,,Annual,5,4031.76,Active
506323,10647,18,2025-11-02,,Monthly,1,934.43,Active
506324,13634,27,2024-11-25,2025-06-12,Monthly,1,952.95,Cancelled
506325,15793,26,2026-02-05,,Annual,1,246.98,Active
506326,14024,8,2025-06-04,,Monthly,1,309.21,Active
506327,18739,24,2024-11-29,,Annual,4,3246.91,Active
506328,15170,16,2025-01-25,2026-03-11,Annual,1,105.4,Expired
506329,19974,8,2024-12-08,,Monthly,1,277.15,Active
506330,17514,27,2025-03-31,2026-03-21,Monthly,1,940.67,Cancelled
506331,10955,2,2025-04-04,,Monthly,3,911.27,Active
506332,16108,7,2025-10-01,,Monthly,3,300.17,Active
506333,12029,19,2026-04-25,,Monthly,3,241.56,Active
506334,13725,16,2026-08-31,2026-08-31,Annual,1,109.23,Cancelled
506335,17048,13,2025-12-19,,Monthly,2,194.8,Active
506336,18759,4,2024-12-14,,Monthly,3,316.27,Active
506337,15566,1,2025-06-16,,Monthly,1,97.22,Active
506338,14890,30,2025-02-21,2025-11-17,Monthly,6,4877.09,Cancelled
506339,18699,1,2026-01-12,2026-02-25,Monthly,1,119.25,Expired
506340,16758,16,2024-01-11,,Monthly,3,292.03,Active
506341,13600,28,2024-10-27,2026-04-10,Monthly,2,197.78,Expired
506342,12098,29,2026-08-31,2026-08-31,Monthly,1,275.74,Expired
506343,15763,3,2026-08-31,,Monthly,1,778.86,Active
506344,10040,2,2026-04-24,2026-06-14,Monthly,2,725.05,Cancelled
506345,19080,25,2025-03-17,,Monthly,3,336.02,Active
506346,19183,8,2025-06-27,,Monthly,3,762.53,Active
506347,16672,23,2026-08-04,,Monthly,3,965.93,Active
506348,12794,1,2024-10-07,,Monthly,1,121.64,Active
506349,12215,17,2025-09-29,,Monthly,4,1074.9,Active
506350,16600,14,2025-10-16,2026-08-31,Monthly,3,786.92,Cancelled
506351,17748,24,2024-02-06,,Monthly,1,818.78,Active
506352,16374,8,2024-12-16,,Annual,1,319.68,Active
506353,11465,19,2025-10-07,,Monthly,3,264.04,Active
506354,19391,5,2024-10-23,,Monthly,1,241.07,Active
506355,11062,16,2026-08-31,,Monthly,2,233.13,Active
506356,10382,15,2025-11-29,,Monthly,1,728.66,Active
506357,13397,2,2024-07-24,,Monthly,1,314.0,Active
506358,12211,20,2024-08-16,,Monthly,3,777.53,Active
506359,14911,5,2024-11-30,2026-01-14,Annual,1,235.66,Cancelled
506360,15965,3,2026-01-24,2026-08-31,Monthly,1,668.61,Expired
506361,16868,22,2025-09-01,,Monthly,1,104.4,Active
506362,12172,3,2025-03-02,2026-02-11,Annual,2,1601.51,Expired
506363,17889,21,2025-01-08,2026-02-21,Annual,1,936.09,Cancelled
506364,12306,18,2025-11-03,,Monthly,2,1799.51,Active
506365,16416,21,2026-06-24,,Annual,1,794.23,Active
506366,16500,12,2024-08-21,,Annual,1,1100.25,Active
506367,17494,21,2025-11-27,,Monthly,1,882.83,Active
506368,17059,25,2025-01-13,,Monthly,2,220.1,Active
506369,19986,17,2025-10-01,,Monthly,1,293.92,Active
506370,12041,26,2026-04-04,,Monthly,2,561.44,Active
506371,10273,22,2025-05-09,,Monthly,2,196.51,Active
506372,10245,1,2024-09-17,,Monthly,1,114.37,Active
506373,18612,15,2024-05-13,2025-02-14,Monthly,3,2364.16,Expired
506374,18173,6,2024-02-29,,Monthly,1,861.8,Active
506375,15561,13,2024-10-27,,Monthly,2,244.2,Active
506376,18727,18,2024-09-02,,Monthly,2,1667.58,Active
506377,13900,2,2025-11-13,2026-08-31,Monthly,1,322.74,Cancelled
506378,13125,17,2026-05-10,,Monthly,3,773.05,Active
506379,11712,23,2026-08-31,2026-08-31,Annual,1,334.32,Cancelled
506380,13951,30,2024-08-21,2025-05-23,Monthly,4,2779.51,Expired
506381,19911,12,2024-07-19,,Monthly,2,1896.31,Active
506382,18334,10,2025-11-08,,Monthly,1,108.98,Active
506383,16103,27,2025-11-27,,Monthly,1,1080.07,Active
506384,17000,23,2025-05-20,,Monthly,2,754.8,Active
506385,16212,11,2026-05-01,2026-08-31,Monthly,4,1251.24,Cancelled
506386,11135,19,2025-12-29,,Monthly,1,74.28,Active
506387,11546,16,2025-04-09,,Monthly,2,199.0,Active
506388,10176,26,2025-09-21,,Monthly,1,268.56,Active
506389,18219,25,2025-11-11,,Monthly,3,326.88,Active
506390,16109,11,2024-01-10,2024-12-28,Monthly,2,627.03,Cancelled
506391,14896,28,2026-08-31,2026-08-31,Monthly,2,236.74,Cancelled
506392,13206,29,2026-04-15,2026-06-24,Monthly,1,267.24,Expired
506393,11133,26,2024-03-27,,Monthly,2,504.22,Active
506394,11055,29,2024-03-17,,Monthly,4,1154.45,Active
506395,10690,24,2026-08-31,2026-08-31,Monthly,2,1705.85,Expired
506396,18836,25,2024-12-26,2026-01-12,Annual,1,100.6,Expired
506397,19822,8,2025-11-08,,Annual,2,598.04,Active
506398,10867,22,2025-09-28,2026-06-23,Monthly,1,118.2,Expired
506399,10140,2,2025-12-10,2026-07-26,Monthly,3,905.36,Expired
506400,10142,26,2024-08-08,2025-01-22,Monthly,1,227.07,Expired
506401,18704,10,2024-02-20,2024-05-27,Monthly,1,120.9,Expired
506402,19948,6,2025-07-19,,Monthly,2,1682.61,Active
506403,11256,7,2026-08-19,,Monthly,1,96.57,Active
506404,18393,4,2026-08-03,,Annual,1,117.63,Active
506405,16935,25,2026-07-18,,Monthly,2,190.58,Active
506406,16050,29,2026-02-12,,Monthly,2,530.56,Active
506407,12158,30,2024-05-12,2025-08-29,Annual,2,1623.15,Expired
506408,16572,4,2026-02-04,,Monthly,1,98.77,Active
506409,15374,3,2024-10-02,2025-03-06,Monthly,3,2408.26,Cancelled
506410,14278,12,2025-02-12,2025-04-04,Monthly,1,1017.55,Cancelled
506411,10314,22,2024-08-26,2025-07-13,Monthly,1,114.52,Expired
506412,12517,20,2025-05-16,,Monthly,1,244.71,Active
506413,18445,22,2024-07-01,,Monthly,1,111.5,Active
506414,13423,10,2024-06-26,2024-09-29,Monthly,1,99.06,Cancelled
506415,12555,3,2026-07-26,,Monthly,3,2080.8,Active
506416,19087,15,2025-06-20,,Monthly,4,2878.12,Active
506417,17795,23,2024-09-02,,Monthly,1,308.75,Active
506418,19401,7,2025-02-26,,Monthly,1,106.77,Active
506419,18753,30,2026-06-24,,Annual,1,764.27,Active
506420,10682,23,2025-04-05,,Annual,2,643.69,Active
506421,14725,8,2026-04-15,,Monthly,1,309.95,Active
506422,11740,29,2026-05-06,,Monthly,1,273.99,Active
506423,19622,14,2025-06-19,,Monthly,1,293.98,Active
506424,15470,24,2026-06-20,,Monthly,5,4685.55,Active
506425,16446,9,2024-12-04,2025-07-29,Monthly,2,1767.25,Cancelled
506426,18703,9,2026-01-31,,Monthly,1,867.53,Active
506427,12008,23,2025-09-26,2026-03-03,Monthly,1,322.88,Expired
506428,12706,18,2026-05-05,,Monthly,1,963.39,Active
506429,14361,21,2025-09-15,2025-10-21,Monthly,1,933.53,Cancelled
506430,17192,27,2024-04-10,,Monthly,1,899.73,Active
506431,12884,15,2026-08-10,2026-08-31,Annual,2,1372.94,Cancelled
506432,12612,4,2025-10-31,,Annual,1,100.01,Active
506433,17398,12,2026-08-31,2026-08-31,Monthly,2,2226.76,Expired
506434,10599,3,2025-01-24,2025-10-21,Monthly,1,769.03,Cancelled
506435,18161,25,2025-12-03,2026-08-31,Monthly,1,106.47,Cancelled
506436,18568,26,2024-12-24,,Monthly,3,848.31,Active
506437,11121,4,2025-08-11,,Monthly,1,108.66,Active
506438,16211,22,2024-08-10,2024-12-17,Monthly,2,220.21,Expired
506439,12108,28,2026-08-11,,Annual,1,104.27,Active
506440,12029,21,2026-08-31,,Monthly,2,1862.14,Active
506441,10408,13,2024-10-16,,Monthly,2,238.08,Active
506442,17055,20,2024-09-30,2026-03-19,Monthly,1,245.33,Cancelled
506443,16944,18,2024-06-13,,Annual,2,1722.19,Active
506444,12621,28,2024-07-26,2025-03-16,Monthly,2,188.62,Cancelled
506445,16330,18,2024-09-14,2025-10-19,Monthly,1,981.5,Expired
506446,10119,23,2025-03-12,2026-07-21,Monthly,2,743.87,Expired
506447,12348,25,2025-12-15,,Monthly,1,118.19,Active
506448,13560,2,2026-03-14,,Monthly,3,1044.14,Active
506449,16406,4,2024-05-04,2025-07-07,Monthly,1,111.73,Expired
506450,16658,14,2025-04-04,,Monthly,2,518.14,Active
506451,14374,6,2025-01-14,,Annual,2,1609.66,Active
506452,13330,4,2025-09-10,2026-08-31,Monthly,7,756.78,Cancelled
506453,16971,16,2025-10-01,2025-11-15,Monthly,3,325.35,Cancelled
506454,14523,12,2026-08-31,2026-08-31,Monthly,1,1097.05,Cancelled
506455,18176,20,2026-05-01,2026-08-31,Annual,2,471.37,Expired
506456,15178,24,2025-10-18,,Monthly,1,822.54,Active
506457,11829,5,2024-01-10,,Monthly,1,268.38,Active
506458,18306,6,2025-05-31,,Annual,1,823.0,Active
506459,16513,9,2024-09-29,2025-06-14,Monthly,1,891.52,Cancelled
506460,18121,6,2026-01-14,2026-07-31,Monthly,1,850.8,Expired
506461,15946,11,2025-02-01,,Monthly,2,630.97,Active
506462,18378,7,2024-09-07,,Monthly,1,112.33,Active
506463,14009,25,2025-10-01,2026-08-31,Monthly,2,229.63,Cancelled
506464,13108,10,2025-01-18,,Monthly,2,200.83,Active
506465,13593,12,2026-05-16,,Annual,1,1058.67,Active
506466,18068,1,2024-07-21,2024-09-12,Monthly,1,116.77,Expired
506467,19676,28,2025-07-11,,Monthly,1,112.62,Active
506468,12924,27,2025-07-27,,Monthly,5,4458.31,Active
506469,10490,10,2026-05-22,,Monthly,1,108.94,Active
506470,10508,19,2025-04-15,2025-07-26,Monthly,1,88.19,Cancelled
506471,16619,5,2025-05-15,,Monthly,1,239.78,Active
506472,15956,13,2024-04-29,,Annual,1,103.15,Active
506473,18702,4,2025-05-01,2026-08-13,Monthly,1,112.15,Expired
506474,19548,13,2026-04-30,2026-08-31,Annual,3,357.79,Expired
506475,19193,22,2025-06-29,,Monthly,2,192.65,Active
506476,17655,3,2024-04-18,,Monthly,1,773.02,Active
506477,17131,21,2025-04-14,,Monthly,1,905.2,Active
506478,15859,14,2024-08-13,2025-12-09,Monthly,1,297.7,Expired
506479,14015,22,2026-08-31,2026-08-31,Monthly,2,214.16,Cancelled
506480,10613,29,2026-08-31,2026-08-31,Monthly,1,305.59,Cancelled
506481,10550,12,2024-05-10,,Annual,1,1071.23,Active
506482,10720,11,2026-07-14,,Monthly,2,637.33,Active
506483,16595,12,2026-08-02,,Monthly,3,3597.17,Active
506484,16595,23,2026-08-31,,Monthly,1,325.2,Active
506485,17668,1,2025-05-27,,Monthly,1,115.28,Active
506486,14402,21,2026-02-17,,Monthly,1,925.87,Active
506487,13113,12,2026-03-28,,Monthly,1,1032.44,Active
506488,16822,9,2025-08-17,,Monthly,3,2430.0,Active
506489,14551,3,2024-06-04,2025-08-01,Monthly,2,1537.51,Cancelled
506490,19274,6,2025-02-14,2026-04-13,Annual,1,801.38,Expired
506491,11600,18,2025-11-03,,Monthly,2,1624.71,Active
506492,10414,24,2024-11-21,2026-01-26,Monthly,1,749.84,Expired
506493,11802,3,2025-06-29,2026-04-23,Monthly,2,1293.68,Expired
506494,17388,4,2026-02-12,,Annual,1,104.09,Active
506495,17775,27,2026-04-23,,Monthly,1,956.86,Active
506496,12737,27,2025-09-02,,Monthly,1,1064.28,Active
506497,12538,16,2024-10-05,2026-02-08,Monthly,1,109.85,Expired
506498,13339,17,2026-08-15,2026-08-31,Monthly,2,509.26,Cancelled
506499,16201,25,2026-06-01,,Monthly,1,114.05,Active
506500,12549,18,2024-05-26,,Monthly,1,966.1,Active
506501,13374,18,2025-12-28,2026-08-31,Monthly,1,942.55,Expired
506502,13135,1,2024-12-09,2026-04-07,Monthly,2,210.38,Expired
506503,14844,19,2024-08-31,,Monthly,3,264.45,Active
506504,11155,20,2026-02-05,,Monthly,1,245.18,Active
506505,15992,23,2025-06-13,,Monthly,2,653.6,Active
506506,19825,28,2024-06-29,,Monthly,2,228.17,Active
506507,17864,4,2025-05-28,,Monthly,2,220.27,Active
506508,16253,9,2026-08-31,,Monthly,1,853.92,Active
506509,13101,5,2026-02-11,,Annual,1,249.65,Active
506510,18024,4,2025-11-25,,Monthly,2,241.25,Active
506511,11579,28,2025-04-09,,Monthly,2,209.43,Active
506512,10795,27,2025-10-04,,Monthly,1,968.14,Active
506513,13979,5,2026-07-08,,Monthly,1,232.74,Active
506514,15598,22,2026-01-03,,Monthly,3,342.91,Active
506515,17460,28,2025-11-24,,Annual,3,330.27,Active
506516,16737,2,2026-01-12,,Annual,1,348.75,Active
506517,11526,4,2025-01-18,,Monthly,1,102.53,Active
506518,16461,21,2025-06-23,,Monthly,1,911.98,Active
506519,10387,19,2025-07-19,,Annual,2,163.3,Active
506520,12955,30,2025-12-05,2026-07-21,Monthly,2,1559.51,Expired
506521,11937,25,2026-03-15,2026-08-31,Monthly,3,334.99,Expired
506522,17094,19,2024-11-11,2025-11-18,Annual,2,179.04,Expired
506523,19890,22,2024-02-26,,Monthly,1,112.38,Active
506524,10301,28,2026-08-31,2026-08-31,Monthly,2,228.01,Expired
506525,12593,24,2026-08-31,2026-08-31,Monthly,1,832.08,Cancelled
506526,16995,4,2025-07-22,2026-01-01,Annual,1,104.85,Cancelled
506527,17245,11,2026-08-31,,Monthly,3,1009.89,Active
506528,12877,15,2025-02-19,,Monthly,1,679.33,Active
506529,19974,28,2025-01-23,,Monthly,1,117.88,Active
506530,10770,4,2025-02-10,,Monthly,2,214.08,Active
506531,14232,17,2025-07-21,,Monthly,6,1475.08,Active
506532,10356,21,2026-04-18,,Annual,2,1595.87,Active
506533,13005,7,2025-03-23,,Monthly,1,104.78,Active
506534,13390,14,2025-02-01,2026-06-26,Monthly,2,522.68,Expired
506535,15397,28,2025-08-15,2026-08-31,Monthly,1,117.36,Expired
506536,16323,14,2025-08-22,,Annual,1,271.17,Active
506537,19075,26,2025-01-15,2025-06-03,Monthly,1,268.19,Cancelled
506538,17754,1,2025-05-21,,Monthly,2,213.49,Active
506539,12797,19,2026-01-14,2026-05-21,Monthly,1,75.48,Cancelled
506540,16454,23,2025-09-09,,Monthly,1,368.68,Active
506541,17478,13,2025-04-06,,Monthly,4,419.7,Active
506542,10928,23,2025-08-21,,Monthly,1,360.57,Active
506543,13963,25,2026-05-27,,Monthly,1,96.31,Active
506544,17843,28,2025-09-18,,Annual,3,344.05,Active
506545,13917,24,2025-11-12,2026-06-02,Monthly,2,1560.89,Cancelled
506546,18815,4,2025-03-05,2026-05-20,Monthly,1,111.26,Cancelled
506547,11427,16,2026-04-25,,Monthly,2,214.87,Active
506548,10436,9,2025-06-18,,Monthly,1,885.09,Active
506549,15604,8,2025-06-27,,Annual,2,631.34,Active
506550,18137,12,2025-10-29,,Monthly,1,965.13,Active
506551,10644,22,2026-07-29,,Monthly,1,110.2,Active
506552,15093,4,2025-05-25,,Annual,1,117.5,Active
506553,16514,25,2025-12-21,,Monthly,4,462.1,Active
506554,17702,9,2025-09-11,,Monthly,1,988.77,Active
506555,18845,6,2026-06-17,,Monthly,1,870.07,Active
506556,10402,3,2024-09-29,,Annual,1,799.85,Active
506557,12854,5,2026-08-24,,Monthly,1,246.82,Active
506558,19957,2,2025-10-04,2026-08-31,Monthly,2,705.99,Expired
506559,14630,23,2025-06-06,2025-11-30,Monthly,5,1665.61,Cancelled
506560,15714,27,2025-01-05,,Monthly,2,2022.46,Active
506561,14060,26,2025-06-02,,Monthly,1,237.9,Active
506562,17359,3,2026-06-08,,Annual,2,1371.33,Active
506563,17272,10,2025-05-22,,Monthly,3,326.94,Active
506564,13930,15,2025-03-20,,Monthly,2,1583.94,Active
506565,18187,18,2025-05-20,2026-07-04,Monthly,2,1908.04,Expired
506566,14617,11,2024-03-31,2025-01-19,Monthly,1,354.12,Cancelled
506567,13672,4,2024-07-18,,Annual,1,107.01,Active
506568,19041,17,2025-12-07,2026-08-31,Monthly,1,288.43,Expired
506569,16831,24,2025-11-13,,Monthly,1,937.35,Active
506570,16348,28,2024-07-17,,Monthly,3,355.29,Active
506571,10640,25,2026-03-04,,Monthly,3,283.9,Active
506572,19803,13,2026-04-14,2026-08-31,Monthly,2,217.27,Cancelled
506573,15800,6,2026-08-08,,Annual,1,773.6,Active
506574,16069,29,2024-05-21,2024-09-02,Monthly,2,584.57,Cancelled
506575,14967,23,2026-06-26,,Annual,2,758.19,Active
506576,14721,23,2026-06-24,,Annual,1,377.14,Active
506577,10440,12,2026-08-31,,Annual,2,2140.09,Active
506578,17620,7,2025-09-02,,Monthly,1,102.71,Active
506579,18621,16,2024-07-29,,Monthly,1,112.62,Active
506580,14038,30,2025-03-10,,Monthly,2,1483.4,Active
506581,14362,28,2025-03-31,,Monthly,2,189.42,Active
506582,11264,15,2026-07-14,,Monthly,1,730.21,Active
506583,18203,26,2025-11-06,,Monthly,3,823.98,Active
506584,17098,22,2024-11-17,2025-03-23,Monthly,1,95.41,Expired
506585,14347,13,2026-02-27,2026-08-31,Monthly,2,205.42,Cancelled
506586,19741,1,2025-07-25,,Monthly,1,114.14,Active
506587,13258,26,2025-10-24,2026-08-31,Annual,1,237.0,Cancelled
506588,11054,5,2024-08-12,2025-07-04,Monthly,1,271.42,Cancelled
506589,14597,8,2026-08-31,2026-08-31,Monthly,2,528.33,Expired
506590,17831,26,2025-11-10,2026-08-16,Monthly,1,258.46,Cancelled
506591,13180,5,2026-03-13,2026-04-12,Monthly,1,271.94,Cancelled
506592,18757,1,2025-03-03,,Annual,1,121.17,Active
506593,11474,12,2024-05-26,,Annual,2,2299.09,Active
506594,14684,22,2026-03-09,,Monthly,4,386.88,Active
506595,15589,15,2025-06-15,,Monthly,1,670.9,Active
506596,19060,11,2026-08-31,2026-08-31,Monthly,1,328.3,Cancelled
506597,10472,17,2026-07-10,,Monthly,2,542.92,Active
506598,19744,15,2025-11-18,2026-01-05,Monthly,1,782.91,Expired
506599,10151,6,2025-04-02,2026-05-12,Monthly,1,826.57,Cancelled
506600,14258,5,2024-11-12,2025-10-26,Monthly,1,230.84,Cancelled
506601,14844,15,2024-12-29,,Monthly,4,3329.28,Active
506602,15773,19,2024-10-28,2026-01-25,Annual,1,74.82,Expired
506603,16822,6,2025-07-22,2026-02-13,Annual,1,759.1,Expired
506604,12326,6,2026-08-31,,Annual,1,756.18,Active
506605,18903,12,2026-07-06,,Annual,5,5681.18,Active
506606,14776,3,2025-07-01,2026-08-31,Annual,2,1626.18,Expired
506607,12752,18,2026-08-31,,Monthly,3,2662.07,Active
506608,18815,8,2025-01-15,2025-03-14,Monthly,1,265.65,Expired
506609,15449,11,2025-02-20,,Monthly,3,983.74,Active
506610,12944,14,2024-05-13,,Monthly,1,260.03,Active
506611,19201,1,2025-02-05,2025-06-07,Annual,2,201.4,Expired
506612,13173,19,2024-11-01,,Monthly,1,81.1,Active
506613,10922,21,2026-08-09,,Monthly,4,3849.9,Active
506614,14863,15,2024-08-27,,Annual,1,777.88,Active
506615,13178,16,2026-07-09,,Monthly,2,219.29,Active
506616,12342,16,2024-09-04,,Monthly,3,362.69,Active
506617,11742,5,2024-10-25,2025-12-05,Annual,3,725.73,Cancelled
506618,17230,3,2026-06-09,2026-08-31,Monthly,3,2317.33,Cancelled
506619,16249,3,2024-03-31,,Monthly,2,1433.96,Active
506620,13004,16,2026-01-29,,Monthly,1,107.54,Active
506621,19856,12,2024-12-14,2025-08-02,Monthly,1,980.71,Cancelled
506622,19379,9,2026-08-04,,Annual,1,825.32,Active
506623,16543,29,2025-08-07,,Monthly,1,300.46,Active
506624,12038,14,2025-09-11,2025-11-18,Monthly,1,305.82,Cancelled
506625,18849,11,2025-03-30,,Monthly,3,1008.78,Active
506626,18508,8,2026-05-10,2026-08-31,Monthly,1,298.51,Expired
506627,17018,30,2026-05-31,,Monthly,1,688.63,Active
506628,17805,24,2024-06-02,2024-08-29,Monthly,1,907.17,Cancelled
506629,16280,22,2026-08-31,,Monthly,1,114.45,Active
506630,16486,1,2024-09-11,,Monthly,1,97.23,Active
506631,13346,30,2026-06-20,,Monthly,1,670.84,Active
506632,17940,14,2026-08-31,,Monthly,1,275.37,Active
506633,17166,26,2026-04-26,,Monthly,1,274.18,Active
506634,19863,12,2024-12-07,,Monthly,2,2289.39,Active
506635,11055,25,2024-03-24,,Monthly,1,101.52,Active
506636,11936,10,2025-02-21,,Monthly,1,120.93,Active
506637,10249,6,2024-07-19,2025-09-14,Monthly,1,884.86,Expired
506638,10511,21,2026-06-11,,Monthly,1,907.87,Active
506639,16815,10,2025-04-21,2025-11-15,Monthly,2,246.58,Expired
506640,12417,8,2025-03-20,,Monthly,1,319.03,Active
506641,19080,21,2025-04-21,2026-03-24,Monthly,2,1702.26,Cancelled
506642,15838,17,2026-01-03,2026-08-31,Monthly,1,268.92,Cancelled
506643,17118,10,2025-03-06,,Monthly,1,103.13,Active
506644,12049,25,2026-08-31,,Monthly,1,103.45,Active
506645,12238,18,2024-12-15,,Annual,1,949.66,Active
506646,18595,25,2025-06-22,,Monthly,4,396.34,Active
506647,18396,3,2025-06-05,,Monthly,4,3196.53,Active
506648,11489,14,2024-08-28,2025-03-01,Monthly,1,275.97,Expired
506649,15259,15,2025-09-16,2026-03-16,Monthly,2,1535.93,Expired
506650,14954,5,2026-04-14,,Monthly,2,523.8,Active
506651,11683,23,2025-04-29,,Monthly,3,945.9,Active
506652,17561,30,2025-06-02,2026-07-28,Monthly,1,701.2,Cancelled
506653,16235,24,2026-01-01,,Monthly,3,2290.46,Active
506654,14487,8,2024-11-14,,Monthly,1,315.24,Active
506655,11208,12,2024-06-28,2025-01-19,Monthly,2,2070.95,Expired
506656,18270,3,2024-12-27,,Monthly,1,716.72,Active
506657,12347,22,2025-02-04,,Annual,1,116.71,Active
506658,18610,29,2026-04-20,2026-08-31,Monthly,1,314.3,Cancelled
506659,17352,17,2026-08-31,2026-08-31,Monthly,1,302.65,Cancelled
506660,10955,26,2025-08-18,,Annual,2,533.3,Active
506661,19652,11,2026-05-24,,Annual,1,300.61,Active
506662,15477,13,2025-09-06,,Monthly,2,200.94,Active
506663,13511,2,2025-06-19,2026-08-31,Monthly,1,328.46,Expired
506664,19008,28,2026-04-15,,Monthly,4,400.61,Active
506665,11956,2,2025-04-29,2025-10-11,Monthly,3,973.41,Cancelled
506666,16049,17,2026-08-25,2026-08-31,Monthly,1,258.24,Cancelled
506667,11511,5,2025-11-30,,Monthly,2,486.27,Active
506668,16553,23,2024-12-14,,Monthly,4,1322.46,Active
506669,15652,24,2024-11-26,,Annual,1,941.75,Active
506670,19597,2,2025-10-07,2026-08-13,Monthly,1,356.54,Cancelled
506671,10117,4,2026-03-07,,Monthly,2,214.38,Active
506672,14665,29,2026-08-04,,Monthly,1,302.54,Active
506673,17241,15,2024-07-02,,Monthly,5,3816.96,Active
506674,14581,20,2026-08-31,2026-08-31,Monthly,1,290.42,Expired
506675,16012,3,2025-04-19,,Monthly,7,5037.77,Active
506676,13765,29,2024-10-23,,Monthly,2,523.16,Active
506677,16895,22,2025-07-21,2026-08-31,Monthly,1,118.29,Expired
506678,10391,29,2026-08-31,,Monthly,1,286.48,Active
506679,13588,3,2026-02-16,,Monthly,1,785.85,Active
506680,15957,28,2025-01-30,2026-02-23,Monthly,2,208.85,Cancelled
506681,11061,19,2025-11-26,,Annual,2,180.9,Active
506682,19404,11,2025-07-13,,Monthly,1,350.58,Active
506683,19657,21,2026-05-13,,Monthly,1,868.66,Active
506684,12822,23,2026-08-31,,Monthly,1,350.15,Active
506685,18343,6,2026-02-03,,Annual,3,2265.7,Active
506686,18497,21,2026-03-11,,Monthly,1,946.38,Active
506687,15433,7,2025-12-08,2026-08-31,Monthly,5,520.73,Cancelled
506688,17982,19,2026-08-31,2026-08-31,Annual,1,79.36,Expired
506689,11829,29,2024-04-04,2025-07-13,Monthly,2,564.16,Cancelled
506690,17169,10,2025-08-17,,Monthly,3,315.97,Active
506691,19623,4,2025-08-28,2025-12-29,Monthly,1,118.36,Cancelled
506692,16157,16,2024-07-14,,Monthly,1,104.48,Active
506693,13150,25,2026-08-31,,Monthly,2,221.19,Active
506694,14539,8,2025-04-24,2026-03-02,Monthly,1,270.0,Expired
506695,18877,22,2024-12-20,,Monthly,2,200.08,Active
506696,14356,14,2024-12-04,2025-09-05,Monthly,1,272.13,Cancelled
506697,12181,7,2025-02-05,,Monthly,2,219.8,Active
506698,17210,15,2025-01-10,2025-06-20,Monthly,1,720.87,Cancelled
506699,12869,27,2026-08-12,,Monthly,1,899.88,Active
506700,12160,28,2026-01-24,,Monthly,1,106.76,Active
506701,13357,3,2025-11-17,2026-07-20,Annual,1,658.76,Expired
506702,11930,29,2026-03-17,2026-08-31,Annual,3,968.83,Cancelled
506703,14093,17,2025-04-15,,Monthly,1,272.54,Active
506704,19410,11,2025-08-26,2026-02-08,Monthly,2,649.65,Expired
506705,19063,5,2026-08-10,,Monthly,1,262.49,Active
506706,13652,22,2024-12-14,,Monthly,1,116.02,Active
506707,19344,17,2026-07-01,,Monthly,1,290.82,Active
506708,11530,28,2026-04-19,,Monthly,1,101.0,Active
506709,10773,18,2025-10-21,2026-08-09,Monthly,1,941.05,Expired
506710,17768,12,2025-12-14,2026-08-31,Monthly,2,2066.44,Expired
506711,18407,1,2025-06-11,,Annual,2,237.02,Active
506712,11920,6,2025-04-28,,Monthly,2,1806.12,Active
506713,13926,24,2024-05-05,2024-07-31,Annual,2,1727.3,Cancelled
506714,14148,1,2026-08-31,,Monthly,1,120.2,Active
506715,16017,6,2024-11-04,2026-04-01,Annual,1,808.14,Expired
506716,12181,24,2024-11-24,,Monthly,2,1746.38,Active
506717,11570,4,2024-06-01,,Monthly,1,104.25,Active
506718,11120,24,2024-02-27,2024-03-29,Annual,2,1584.01,Expired
506719,11165,24,2025-02-13,2026-01-25,Monthly,1,796.4,Expired
506720,18222,26,2026-08-31,,Monthly,2,486.94,Active
506721,14731,5,2026-08-31,2026-08-31,Monthly,1,256.72,Cancelled
506722,19515,3,2026-03-30,2026-08-31,Monthly,1,687.01,Cancelled
506723,16957,30,2026-08-01,2026-08-31,Monthly,2,1575.1,Expired
506724,15237,10,2025-12-28,,Monthly,3,355.44,Active
506725,19161,28,2025-11-23,2026-08-31,Monthly,1,101.44,Cancelled
506726,14251,3,2025-10-07,,Monthly,1,752.82,Active
506727,19864,3,2026-05-22,,Monthly,2,1399.96,Active
506728,14790,17,2026-01-31,2026-06-06,Monthly,2,493.48,Expired
506729,18267,17,2026-02-05,,Monthly,1,276.84,Active
506730,15491,16,2025-01-17,2025-08-12,Monthly,1,111.21,Expired
506731,18213,19,2026-03-10,,Monthly,1,77.71,Active
506732,10752,3,2024-10-03,,Monthly,2,1608.02,Active
506733,11222,3,2024-09-05,2025-05-08,Annual,3,2064.53,Cancelled
506734,15422,17,2024-11-17,,Monthly,1,284.86,Active
506735,14254,28,2026-04-20,,Monthly,2,225.56,Active
506736,18325,28,2026-05-04,,Annual,1,118.11,Active
506737,17097,10,2025-10-22,,Monthly,1,123.56,Active
506738,18842,9,2025-09-13,2026-08-15,Monthly,1,851.25,Expired
506739,15226,3,2025-02-11,2026-05-07,Monthly,1,747.76,Cancelled
506740,10905,23,2026-03-20,2026-08-31,Monthly,1,327.04,Cancelled
506741,12233,29,2026-04-09,2026-08-29,Monthly,1,312.18,Expired
506742,10717,6,2026-04-10,2026-08-31,Monthly,2,1828.65,Cancelled
506743,12050,7,2026-08-31,,Annual,2,209.92,Active
506744,10651,3,2025-11-07,2026-08-31,Monthly,1,676.91,Expired
506745,15441,11,2025-07-26,,Annual,1,367.58,Active
506746,10754,21,2024-07-21,2025-12-16,Monthly,1,790.56,Expired
506747,18722,16,2025-03-12,,Monthly,1,113.74,Active
506748,10140,23,2025-12-09,2026-08-15,Monthly,3,918.34,Cancelled
506749,12779,8,2026-06-02,,Monthly,2,565.84,Active
506750,18161,24,2025-11-13,2026-01-11,Monthly,1,839.68,Expired
506751,12740,26,2025-04-08,,Annual,1,239.95,Active
506752,14857,2,2025-12-23,,Annual,1,321.89,Active
506753,19488,16,2025-04-17,,Monthly,4,388.82,Active
506754,11074,25,2026-05-12,2026-08-31,Annual,1,114.63,Cancelled
506755,12768,18,2024-05-20,,Monthly,1,807.37,Active
506756,16889,11,2026-08-27,,Monthly,1,322.43,Active
506757,10890,21,2025-08-06,,Monthly,3,2736.37,Active
506758,18303,23,2024-09-09,,Monthly,1,342.85,Active
506759,14041,29,2025-03-27,2026-06-26,Monthly,1,323.33,Cancelled
506760,10214,26,2026-08-31,,Monthly,1,260.34,Active
506761,17155,23,2024-03-22,,Monthly,2,629.25,Active
506762,15086,8,2025-08-06,,Annual,2,536.13,Active
506763,19921,6,2025-09-04,2026-03-13,Monthly,1,903.78,Cancelled
506764,16438,3,2025-04-22,2026-08-24,Annual,2,1623.29,Expired
506765,13580,23,2026-04-15,2026-08-31,Monthly,1,312.88,Cancelled
506766,16587,11,2024-02-11,2024-04-05,Monthly,1,302.73,Cancelled
506767,10130,17,2024-07-29,,Annual,3,739.52,Active
506768,17340,6,2026-03-11,2026-08-31,Monthly,1,785.31,Cancelled
506769,13722,27,2025-06-05,2026-07-12,Annual,1,917.16,Expired
506770,14526,25,2025-05-22,,Annual,1,93.67,Active
506771,15533,29,2024-03-02,,Monthly,2,635.38,Active
506772,16933,18,2026-04-07,,Annual,2,1873.88,Active
506773,12266,29,2026-05-31,2026-08-31,Annual,1,279.09,Cancelled
506774,11739,14,2025-06-15,,Monthly,2,516.02,Active
506775,16300,20,2024-07-17,,Annual,1,249.39,Active
506776,17988,23,2025-08-27,,Annual,1,318.38,Active
506777,11846,22,2026-01-24,,Monthly,1,118.08,Active
506778,12145,23,2024-07-11,2025-01-18,Annual,1,336.72,Cancelled
506779,19708,13,2026-07-31,,Monthly,2,222.02,Active
506780,12881,23,2026-05-16,,Monthly,1,303.59,Active
506781,11563,25,2024-07-04,,Monthly,2,213.35,Active
506782,16167,9,2024-06-10,,Monthly,1,859.12,Active
506783,17268,1,2025-09-24,2026-01-09,Monthly,1,104.93,Cancelled
506784,14267,28,2024-12-05,,Monthly,2,237.23,Active
506785,17496,15,2026-02-21,,Monthly,2,1674.31,Active
506786,12145,2,2024-06-11,,Monthly,1,336.6,Active
506787,15494,27,2025-04-01,,Monthly,2,2041.96,Active
506788,15218,2,2025-12-03,2026-04-15,Monthly,1,351.0,Cancelled
506789,12646,29,2025-07-30,2026-04-18,Monthly,1,293.66,Cancelled
506790,10383,20,2026-08-31,,Annual,1,237.84,Active
506791,14091,26,2024-09-08,2025-10-19,Annual,1,278.41,Cancelled
506792,14278,7,2025-01-02,,Monthly,1,111.19,Active
506793,17517,1,2024-07-19,,Monthly,1,120.17,Active
506794,12026,9,2025-03-24,2025-09-23,Monthly,1,827.3,Expired
506795,13989,21,2025-05-17,,Monthly,1,888.61,Active
506796,14133,20,2026-08-31,2026-08-31,Monthly,1,250.73,Cancelled
506797,14136,18,2025-02-01,2026-06-09,Monthly,2,1698.33,Cancelled
506798,11944,19,2026-01-15,,Monthly,2,180.34,Active
506799,15319,1,2025-08-08,2026-04-01,Monthly,1,106.92,Cancelled
506800,19525,14,2025-06-07,,Monthly,3,963.55,Active
506801,16336,9,2024-11-28,,Monthly,2,1831.47,Active
506802,19582,27,2024-11-30,2026-03-21,Monthly,4,3879.85,Expired
506803,18120,2,2025-04-16,2026-08-31,Monthly,4,1525.4,Cancelled
506804,18983,8,2025-04-09,2026-08-07,Monthly,2,642.38,Cancelled
506805,19001,17,2025-11-24,2026-01-01,Annual,2,532.17,Expired
506806,17668,26,2025-07-20,,Monthly,1,257.85,Active
506807,10278,20,2024-11-10,,Monthly,1,238.44,Active
506808,12939,6,2025-02-23,2026-03-28,Monthly,2,1594.66,Expired
506809,17888,22,2024-12-22,2025-10-03,Monthly,1,111.16,Cancelled
506810,12499,25,2025-11-02,,Annual,1,99.98,Active
506811,16739,4,2025-04-04,,Monthly,1,99.53,Active
506812,18313,21,2024-07-24,2025-01-02,Monthly,1,840.8,Cancelled
506813,19453,16,2024-08-18,,Monthly,1,102.48,Active
506814,15550,23,2026-04-14,,Monthly,1,308.58,Active
506815,13582,12,2024-12-22,2025-11-20,Monthly,2,2345.08,Expired
506816,19219,11,2025-12-14,2026-08-02,Monthly,4,1458.34,Cancelled
506817,19145,16,2026-02-17,,Monthly,1,118.68,Active
506818,14060,29,2025-09-18,2025-11-22,Monthly,1,285.74,Expired
506819,11112,26,2026-02-11,,Monthly,2,455.28,Active
506820,19613,17,2026-01-13,2026-08-31,Monthly,2,487.88,Expired
506821,14013,29,2025-12-28,,Monthly,2,611.02,Active
506822,14919,16,2026-08-31,,Monthly,1,101.68,Active
506823,14227,2,2024-06-10,,Monthly,2,752.6,Active
506824,10567,25,2025-05-16,,Annual,1,106.6,Active
506825,10594,9,2026-03-30,,Monthly,1,1005.02,Active
506826,11454,16,2026-08-15,2026-08-31,Monthly,2,237.33,Cancelled
506827,13740,28,2025-06-14,,Monthly,1,108.34,Active
506828,15752,22,2025-06-22,2026-07-03,Annual,2,195.32,Expired
506829,13066,19,2026-08-31,,Monthly,1,89.85,Active
506830,12225,25,2025-08-31,2025-11-06,Monthly,1,99.47,Cancelled
506831,18416,22,2026-06-19,2026-08-31,Monthly,3,292.88,Cancelled
506832,16502,13,2026-07-29,,Annual,4,412.76,Active
506833,15404,13,2026-07-11,2026-08-31,Monthly,1,117.04,Cancelled
506834,13908,16,2025-07-10,2026-08-31,Monthly,4,425.31,Cancelled
506835,10675,4,2025-03-06,2025-11-30,Annual,2,201.56,Expired
506836,11310,22,2026-04-28,2026-08-31,Monthly,1,116.6,Expired
506837,14314,12,2024-09-22,2025-04-07,Monthly,1,1049.9,Cancelled
506838,17134,11,2026-08-31,,Monthly,1,337.57,Active
506839,12793,2,2025-04-09,,Monthly,3,988.91,Active
506840,17922,6,2024-08-09,2025-04-07,Monthly,1,901.96,Cancelled
506841,11981,5,2026-08-17,,Monthly,1,267.28,Active
506842,17791,27,2024-05-31,,Monthly,1,959.81,Active
506843,14690,17,2026-05-08,,Annual,3,885.88,Active
506844,12541,8,2025-05-27,,Monthly,2,533.03,Active
506845,13213,15,2024-11-21,2025-01-20,Monthly,3,2397.96,Cancelled
506846,12601,26,2025-12-26,2026-08-31,Annual,1,242.64,Cancelled
506847,14741,11,2024-08-14,,Monthly,1,301.54,Active
506848,15775,23,2025-10-15,,Monthly,2,704.29,Active
506849,14530,19,2024-11-20,,Monthly,2,169.21,Active
506850,10602,23,2026-08-31,2026-08-31,Annual,1,311.06,Expired
506851,12564,19,2026-06-22,,Monthly,2,177.29,Active
506852,10952,30,2024-12-24,,Annual,1,789.53,Active
506853,11894,22,2026-08-31,,Monthly,1,108.92,Active
506854,19853,10,2025-10-16,,Monthly,1,111.9,Active
506855,16273,12,2025-01-02,,Monthly,2,2014.81,Active
506856,15651,25,2025-01-30,2025-09-03,Annual,2,207.18,Cancelled
506857,16351,22,2024-07-09,2025-09-23,Annual,3,333.91,Expired
506858,11237,7,2024-12-15,2026-06-02,Monthly,5,482.91,Cancelled
506859,12236,25,2025-06-06,,Monthly,2,223.15,Active
506860,15779,15,2026-01-17,2026-08-31,Monthly,5,3464.91,Expired
506861,11145,29,2025-02-01,2026-05-31,Monthly,2,641.26,Cancelled
506862,11270,23,2026-08-31,,Monthly,2,652.09,Active
506863,17704,4,2025-08-29,,Monthly,2,218.88,Active
506864,14909,3,2026-01-10,,Monthly,1,692.38,Active
506865,17788,22,2026-03-21,2026-08-31,Monthly,2,220.16,Cancelled
506866,18436,17,2026-08-31,,Monthly,1,290.16,Active
506867,15417,4,2024-06-14,,Monthly,2,216.5,Active
506868,19163,7,2024-06-01,2025-03-31,Monthly,1,104.12,Expired
506869,15415,13,2024-07-11,,Monthly,2,220.95,Active
506870,11453,30,2026-04-27,,Monthly,2,1551.43,Active
506871,11396,14,2026-08-01,,Annual,1,262.54,Active
506872,19719,26,2024-07-15,2025-05-04,Annual,3,852.93,Expired
506873,18459,2,2026-08-31,,Monthly,1,320.77,Active
506874,16569,20,2026-02-09,,Monthly,1,235.57,Active
506875,13674,14,2026-02-01,2026-08-31,Monthly,1,312.7,Cancelled
506876,19205,11,2025-02-20,2026-02-03,Monthly,2,595.23,Cancelled
506877,12275,9,2025-08-04,2026-03-14,Monthly,1,838.25,Expired
506878,14831,27,2025-01-13,2025-12-17,Annual,1,895.77,Cancelled
506879,14272,10,2026-07-08,,Monthly,1,116.35,Active
506880,11621,30,2025-04-19,,Monthly,2,1588.57,Active
506881,11442,17,2025-01-10,2025-06-11,Annual,2,520.41,Cancelled
506882,16780,23,2026-07-23,,Monthly,1,318.11,Active
506883,12643,21,2025-01-18,2025-11-02,Annual,1,786.55,Expired
506884,17536,5,2025-04-20,,Monthly,5,1207.11,Active
506885,14078,27,2024-10-07,2025-03-29,Monthly,1,1052.68,Cancelled
506886,19100,20,2026-08-31,,Monthly,4,969.06,Active
506887,12237,22,2025-03-11,2025-04-28,Monthly,2,197.99,Cancelled
506888,13853,18,2024-09-21,,Monthly,6,4991.51,Active
506889,12572,24,2025-12-05,2026-01-07,Annual,1,930.82,Expired
506890,13833,14,2026-03-01,,Monthly,1,266.85,Active
506891,14947,23,2025-08-24,,Monthly,1,346.95,Active
506892,17644,29,2026-08-28,,Annual,1,273.68,Active
506893,17125,3,2026-01-17,2026-08-31,Annual,2,1289.81,Expired
506894,11150,1,2024-05-27,,Annual,1,96.66,Active
506895,14705,11,2025-10-11,,Monthly,1,316.39,Active
506896,11586,2,2026-06-22,,Monthly,1,353.68,Active
506897,19916,17,2025-06-28,2025-08-31,Monthly,1,244.82,Cancelled
506898,10906,29,2024-03-26,,Monthly,1,324.65,Active
506899,10892,13,2026-07-15,,Monthly,2,233.86,Active
506900,12574,20,2025-03-16,2025-11-17,Annual,1,285.14,Expired
506901,15117,25,2025-09-07,2026-05-24,Monthly,4,470.03,Cancelled
506902,15720,2,2026-03-09,,Monthly,1,303.86,Active
506903,14027,16,2025-07-22,2026-01-24,Monthly,1,108.53,Expired
506904,17326,18,2026-07-23,,Monthly,2,1937.31,Active
506905,11948,2,2026-06-07,,Monthly,2,681.05,Active
506906,12690,24,2024-08-17,,Monthly,1,914.63,Active
506907,10243,6,2025-01-13,2025-05-05,Annual,2,1760.92,Cancelled
506908,15840,12,2026-05-31,2026-08-31,Annual,1,1124.24,Expired
506909,10166,24,2026-08-31,,Monthly,2,1551.8,Active
506910,17731,22,2024-11-21,,Annual,2,219.8,Active
506911,17014,27,2026-08-31,,Monthly,2,1867.04,Active
506912,17011,22,2024-11-21,2026-01-25,Monthly,2,194.45,Expired
506913,15945,30,2025-04-09,2025-11-30,Monthly,1,831.17,Cancelled
506914,19135,12,2026-07-22,,Monthly,1,1136.83,Active
506915,16248,24,2024-12-12,,Monthly,2,1735.25,Active
506916,18052,10,2026-08-31,,Monthly,1,103.82,Active
506917,12594,24,2025-07-19,2026-07-31,Monthly,2,1826.97,Cancelled
506918,12792,29,2024-06-05,2024-10-09,Monthly,3,847.53,Cancelled
506919,15947,11,2025-05-10,2026-03-25,Annual,1,359.23,Cancelled
506920,17278,13,2024-02-28,,Monthly,1,106.85,Active
506921,13286,21,2025-03-20,,Monthly,1,917.34,Active
506922,14772,21,2025-09-05,2026-08-31,Monthly,2,1555.9,Expired
506923,19380,14,2024-05-17,2025-05-09,Monthly,1,275.58,Cancelled
506924,16234,3,2026-05-29,,Monthly,2,1411.96,Active
506925,10285,24,2025-08-14,,Annual,3,2254.12,Active
506926,10698,23,2024-08-15,,Monthly,3,1070.9,Active
506927,19708,1,2026-08-31,2026-08-31,Monthly,2,227.62,Expired
506928,17693,2,2024-08-10,2025-02-17,Annual,5,1688.11,Cancelled
506929,19799,19,2025-11-09,,Monthly,1,82.54,Active
506930,18656,1,2024-09-30,,Monthly,1,115.74,Active
506931,19652,9,2026-05-27,,Annual,5,4191.95,Active
506932,15677,29,2026-08-20,,Annual,1,285.19,Active
506933,18593,19,2026-04-16,,Monthly,1,88.45,Active
506934,12506,28,2025-11-27,,Monthly,1,115.62,Active
506935,13562,27,2024-07-26,,Monthly,1,1083.01,Active
506936,15991,9,2026-07-26,,Monthly,5,4918.45,Active
506937,18870,19,2024-09-24,2025-09-05,Monthly,1,83.28,Expired
506938,11565,10,2025-04-29,,Annual,3,298.04,Active
506939,12478,16,2026-02-25,2026-08-31,Monthly,1,96.46,Expired
506940,13495,11,2026-03-06,,Monthly,3,1007.15,Active
506941,13421,10,2025-12-21,,Monthly,1,111.44,Active
506942,16778,20,2025-04-17,,Monthly,2,523.61,Active
506943,19943,28,2026-06-25,2026-08-31,Monthly,1,96.2,Cancelled
506944,15327,24,2025-11-19,,Monthly,2,1714.33,Active
506945,12383,4,2026-05-05,,Monthly,2,200.01,Active
506946,11226,9,2026-08-31,,Monthly,1,863.38,Active
506947,13062,6,2024-10-22,,Monthly,1,748.02,Active
506948,10289,16,2026-07-13,,Monthly,1,108.7,Active
506949,17712,28,2025-01-25,2026-03-19,Annual,1,110.94,Expired
506950,11054,7,2024-10-18,,Monthly,2,226.83,Active
506951,17993,23,2024-07-22,,Monthly,1,370.42,Active
506952,15120,1,2026-08-31,,Monthly,1,112.77,Active
506953,13445,1,2026-04-29,,Monthly,1,97.16,Active
506954,16597,26,2025-09-23,,Monthly,4,1091.6,Active
506955,18219,13,2025-10-15,2025-12-26,Monthly,1,120.44,Cancelled
506956,15370,20,2025-02-27,,Monthly,1,236.25,Active
506957,15440,24,2024-08-13,2024-11-14,Monthly,2,1738.28,Expired
506958,10278,1,2024-12-13,2026-03-06,Monthly,2,203.38,Expired
506959,16450,29,2024-08-29,2025-03-02,Monthly,3,904.46,Expired
506960,19600,28,2025-01-11,2025-05-07,Annual,2,227.28,Cancelled
506961,18774,24,2025-03-31,2025-08-28,Monthly,1,871.72,Cancelled
506962,13455,28,2026-08-31,,Annual,2,218.86,Active
506963,14230,12,2025-01-08,2025-12-05,Monthly,1,1153.47,Cancelled
506964,18820,10,2025-01-31,,Monthly,2,241.81,Active
506965,11353,25,2025-05-02,,Monthly,1,102.46,Active
506966,11415,27,2026-06-04,,Monthly,1,1028.5,Active
506967,18628,26,2024-09-25,,Monthly,2,516.79,Active
506968,12063,11,2025-10-12,2026-08-31,Annual,1,303.14,Expired
506969,15735,7,2025-03-19,,Monthly,1,116.47,Active
506970,16520,8,2025-04-22,2026-08-30,Monthly,2,641.48,Expired
506971,19432,28,2024-06-13,2025-03-29,Monthly,3,331.31,Cancelled
506972,19163,12,2024-06-03,,Monthly,3,3211.92,Active
506973,16027,11,2025-11-18,2026-08-31,Monthly,1,291.03,Expired
506974,19195,12,2024-09-01,,Annual,3,3031.73,Active
506975,10995,8,2024-07-08,,Monthly,1,303.51,Active
506976,14321,13,2025-05-09,2026-04-13,Monthly,1,116.1,Cancelled
506977,13112,29,2024-12-01,2026-03-28,Monthly,2,614.98,Expired
506978,19410,11,2025-07-31,2025-09-05,Monthly,1,305.51,Cancelled
506979,17865,21,2026-03-21,2026-08-31,Annual,1,842.43,Cancelled
506980,13497,7,2024-07-19,2024-08-28,Monthly,1,102.08,Expired
506981,12905,26,2025-06-20,2026-02-09,Monthly,1,242.01,Expired
506982,18137,16,2025-09-28,2025-12-25,Monthly,1,109.78,Cancelled
506983,18323,14,2025-04-20,,Annual,1,325.79,Active
506984,15433,21,2025-10-02,,Monthly,2,1728.91,Active
506985,19184,18,2026-07-16,2026-08-31,Monthly,2,1956.3,Cancelled
506986,14016,9,2026-08-31,2026-08-31,Annual,1,843.07,Cancelled
506987,14414,30,2026-06-03,2026-08-31,Monthly,1,779.06,Cancelled
506988,16016,21,2024-10-07,,Monthly,1,772.01,Active
506989,18188,21,2025-07-20,,Monthly,1,937.78,Active
506990,14719,22,2026-08-31,2026-08-31,Monthly,1,108.0,Cancelled
506991,12419,27,2025-08-13,,Monthly,1,929.67,Active
506992,19371,5,2024-12-29,,Monthly,1,237.16,Active
506993,14203,28,2025-07-30,,Monthly,3,320.48,Active
506994,19760,5,2024-09-03,,Monthly,1,251.69,Active
506995,17589,18,2025-04-06,2025-10-19,Monthly,2,1663.07,Expired
506996,10144,16,2026-07-12,2026-08-31,Monthly,1,107.43,Expired
506997,11792,30,2026-08-31,,Monthly,1,803.99,Active
506998,10351,30,2026-01-21,2026-06-27,Annual,1,783.53,Expired
506999,13358,25,2025-09-14,2026-06-13,Annual,4,462.4,Cancelled
507000,13911,24,2025-07-22,2026-08-31,Monthly,1,753.74,Expired
507001,13156,10,2026-07-20,,Annual,1,121.92,Active
507002,14488,23,2025-05-11,2026-05-22,Monthly,1,373.92,Cancelled
507003,19550,17,2025-01-16,,Monthly,1,245.51,Active
507004,12677,29,2026-08-31,,Monthly,1,268.42,Active
507005,14950,16,2026-08-25,,Monthly,1,120.61,Active
507006,17354,30,2024-11-08,2025-04-09,Monthly,1,685.11,Expired
507007,13176,12,2026-03-13,2026-08-31,Annual,2,1990.38,Expired
507008,18006,14,2024-09-24,2026-03-10,Monthly,2,649.11,Cancelled
507009,13152,16,2025-04-16,2025-06-27,Monthly,1,105.17,Cancelled
507010,17807,20,2026-08-31,,Monthly,1,266.81,Active
507011,13784,24,2024-06-25,,Annual,2,1878.58,Active
507012,11672,15,2026-05-10,2026-08-07,Monthly,1,831.71,Cancelled
507013,12835,18,2024-10-30,,Monthly,5,4389.59,Active
507014,14683,21,2024-10-25,2026-01-08,Monthly,1,890.62,Expired
507015,13012,28,2025-04-11,,Monthly,1,116.89,Active
507016,10343,4,2026-06-27,,Annual,1,102.63,Active
507017,14270,18,2026-01-25,,Monthly,1,872.91,Active
507018,13248,26,2024-10-31,,Monthly,1,230.46,Active
507019,16889,12,2026-08-31,,Monthly,1,976.8,Active
507020,18340,29,2024-11-05,2026-01-04,Monthly,1,260.86,Expired
507021,12408,23,2026-08-31,2026-08-31,Monthly,1,366.95,Cancelled
507022,18585,29,2026-01-09,,Monthly,1,277.75,Active
507023,15806,7,2024-07-29,2025-01-29,Monthly,2,206.0,Cancelled
507024,14190,23,2025-11-08,,Monthly,3,1050.43,Active
507025,17438,17,2026-06-18,,Monthly,1,301.33,Active
507026,11807,30,2025-03-14,2025-06-20,Annual,2,1382.97,Expired
507027,11972,25,2025-04-09,2025-12-28,Monthly,3,324.11,Expired
507028,13797,21,2024-03-28,2025-06-03,Annual,3,2863.1,Cancelled
507029,17100,27,2024-09-15,2025-08-13,Monthly,1,953.3,Expired
507030,16087,24,2026-01-23,2026-04-12,Monthly,3,2749.39,Expired
507031,16271,6,2026-04-27,,Annual,1,850.87,Active
507032,13163,14,2026-08-31,,Monthly,1,296.35,Active
507033,13103,27,2026-04-11,2026-08-31,Monthly,3,3030.33,Cancelled
507034,10197,1,2026-03-18,,Monthly,2,229.11,Active
507035,15927,19,2024-08-11,,Monthly,2,169.9,Active
507036,13838,16,2026-01-05,2026-08-31,Annual,1,98.13,Cancelled
507037,19968,7,2025-02-13,,Monthly,1,107.52,Active
507038,16275,11,2025-12-13,,Monthly,1,368.17,Active
507039,15144,1,2025-09-25,2026-08-17,Annual,3,311.64,Expired
507040,17844,5,2025-06-24,2026-03-03,Annual,1,228.95,Cancelled
507041,18271,12,2026-08-31,,Monthly,1,1092.53,Active
507042,11863,4,2024-05-04,2025-03-06,Monthly,1,109.2,Expired
507043,16989,13,2025-01-18,,Monthly,1,117.03,Active
507044,10269,21,2026-08-31,,Monthly,3,2368.7,Active
507045,17685,8,2026-01-25,,Monthly,1,294.7,Active
507046,11252,10,2025-03-07,2026-05-27,Annual,3,325.79,Expired
507047,10885,1,2024-10-13,,Monthly,1,100.67,Active
507048,13961,4,2026-08-31,,Monthly,1,99.77,Active
507049,19052,14,2026-05-23,2026-08-31,Annual,1,287.96,Cancelled
507050,12645,24,2024-10-17,,Monthly,2,1527.53,Active
507051,11678,28,2024-08-22,,Monthly,3,300.7,Active
507052,12892,15,2025-07-09,2026-04-28,Monthly,2,1430.28,Expired
507053,13123,29,2026-08-31,,Monthly,1,284.44,Active
507054,11638,20,2025-12-26,,Monthly,2,516.92,Active
507055,16824,15,2025-06-02,2025-07-12,Annual,1,678.17,Expired
507056,12251,11,2024-05-11,,Annual,2,597.84,Active
507057,13343,28,2026-08-18,,Monthly,2,199.1,Active
507058,15702,6,2026-04-18,,Monthly,1,783.19,Active
507059,14508,3,2024-10-06,,Annual,5,3930.26,Active
507060,12422,25,2026-08-31,2026-08-31,Annual,1,105.15,Expired
507061,13892,26,2026-06-19,2026-08-31,Monthly,2,548.68,Expired
507062,19342,27,2025-03-11,,Annual,1,1048.06,Active
507063,19033,17,2025-01-16,,Monthly,1,277.42,Active
507064,13446,8,2025-02-22,2025-12-21,Monthly,1,305.95,Expired
507065,13204,3,2025-12-20,2026-08-31,Monthly,2,1298.45,Cancelled
507066,11555,18,2025-12-27,2026-05-07,Monthly,2,1822.4,Expired
507067,11756,2,2024-07-20,,Monthly,1,361.24,Active
507068,15975,8,2024-12-19,2025-07-28,Annual,1,264.66,Cancelled
507069,11366,1,2026-07-26,,Annual,1,99.28,Active
507070,18225,30,2025-03-23,,Monthly,1,823.23,Active
507071,10810,10,2025-07-23,2025-12-18,Monthly,1,120.45,Cancelled
507072,12196,16,2024-05-14,,Monthly,3,363.98,Active
507073,19128,17,2026-08-31,,Monthly,4,986.72,Active
507074,18298,17,2025-08-28,,Monthly,1,263.21,Active
507075,17421,24,2025-12-08,,Monthly,3,2572.67,Active
507076,18747,20,2024-09-26,,Monthly,1,254.4,Active
507077,16070,18,2025-07-26,,Monthly,1,792.36,Active
507078,16535,29,2024-08-05,2025-03-26,Monthly,4,1179.2,Cancelled
507079,17730,15,2024-11-02,,Monthly,1,696.21,Active
507080,15650,8,2025-08-16,2026-02-04,Monthly,1,275.31,Expired
507081,15892,8,2026-07-07,2026-08-31,Annual,2,611.01,Expired
507082,15072,30,2026-06-10,,Monthly,1,833.71,Active
507083,18850,19,2026-08-31,2026-08-31,Monthly,1,81.41,Cancelled
507084,16280,27,2026-08-31,,Monthly,2,2239.89,Active
507085,12594,30,2025-10-06,2026-01-23,Annual,3,2233.91,Cancelled
507086,15224,20,2025-06-29,2026-08-31,Monthly,3,773.09,Expired
507087,16350,29,2024-09-17,,Monthly,1,277.96,Active
507088,12811,29,2024-09-25,2025-10-31,Monthly,3,950.29,Expired
507089,18158,12,2026-02-21,2026-07-12,Monthly,1,988.73,Cancelled
507090,10837,12,2025-02-14,,Monthly,1,1142.84,Active
507091,10484,15,2024-07-12,2024-12-28,Monthly,1,694.83,Expired
507092,15498,19,2024-08-23,,Monthly,2,151.41,Active
507093,11517,13,2024-08-10,,Monthly,1,106.31,Active
507094,14159,17,2026-01-16,2026-08-31,Monthly,3,795.72,Cancelled
507095,18053,17,2024-11-14,2026-02-03,Annual,1,297.32,Cancelled
507096,17616,17,2025-01-24,,Monthly,1,256.88,Active
507097,10289,13,2026-08-31,2026-08-31,Monthly,1,97.37,Expired
507098,17783,10,2024-11-22,2026-03-11,Monthly,1,119.19,Expired
507099,18129,7,2025-07-05,,Monthly,1,100.17,Active
507100,13661,23,2024-04-29,,Monthly,2,679.43,Active
507101,15811,7,2026-08-31,2026-08-31,Annual,1,97.95,Cancelled
507102,10284,5,2026-08-31,,Monthly,1,227.82,Active
507103,15859,25,2024-10-13,2025-12-03,Annual,2,191.46,Cancelled
507104,10699,27,2026-04-01,,Monthly,1,1108.4,Active
507105,15629,16,2026-08-31,,Monthly,4,478.31,Active
507106,11863,20,2024-06-06,,Monthly,2,518.75,Active
507107,17775,4,2026-04-23,,Monthly,1,97.83,Active
507108,12367,4,2024-12-07,,Monthly,1,104.58,Active
507109,16939,17,2026-08-31,,Monthly,2,592.48,Active
507110,14236,14,2026-08-29,,Monthly,3,808.85,Active
507111,12425,21,2026-03-24,,Monthly,4,3740.11,Active
507112,10126,26,2024-09-16,2026-01-19,Monthly,1,266.36,Expired
507113,17797,6,2026-04-02,,Monthly,1,897.42,Active
507114,17096,4,2024-10-15,,Monthly,4,404.17,Active
507115,16939,30,2026-08-31,,Monthly,1,798.06,Active
507116,10095,6,2026-02-12,2026-06-02,Monthly,1,836.74,Expired
507117,18503,5,2026-08-31,2026-08-31,Monthly,1,224.04,Cancelled
507118,16480,20,2024-06-17,,Monthly,1,244.32,Active
507119,18383,16,2024-10-03,,Monthly,2,208.2,Active
507120,17034,18,2026-08-31,,Annual,1,930.16,Active
507121,13302,1,2026-06-26,,Annual,1,98.97,Active
507122,14861,30,2026-06-11,,Monthly,2,1325.46,Active
507123,15593,25,2025-08-01,2026-01-04,Annual,1,94.88,Expired
507124,10439,29,2026-03-23,,Monthly,2,604.31,Active
507125,17540,4,2025-12-23,,Monthly,2,243.68,Active
507126,14752,5,2026-07-26,2026-08-31,Monthly,1,272.25,Cancelled
507127,13612,22,2026-05-28,2026-08-31,Annual,2,212.61,Cancelled
507128,14806,5,2024-05-21,2024-12-22,Monthly,2,516.94,Cancelled
507129,19828,10,2026-08-31,,Monthly,1,120.84,Active
507130,14058,13,2026-05-25,,Annual,1,122.93,Active
507131,16094,16,2025-01-20,,Monthly,2,237.55,Active
507132,13328,7,2025-09-03,,Monthly,1,111.86,Active
507133,18745,24,2026-04-07,,Monthly,2,1832.93,Active
507134,17800,3,2025-06-21,,Annual,2,1426.13,Active
507135,16459,29,2024-06-03,,Monthly,3,864.62,Active
507136,19444,29,2026-08-31,2026-08-31,Monthly,4,1270.92,Cancelled
507137,10604,6,2024-08-03,,Monthly,1,912.72,Active
507138,12077,21,2024-12-23,,Monthly,1,859.33,Active
507139,17563,26,2026-08-31,2026-08-31,Monthly,1,267.37,Cancelled
507140,10159,8,2024-05-31,2025-05-02,Monthly,2,606.15,Cancelled
507141,12368,7,2024-03-27,,Monthly,4,414.71,Active
507142,10655,26,2026-08-29,2026-08-31,Monthly,1,280.87,Cancelled
507143,17808,2,2024-12-20,2025-12-19,Annual,2,625.96,Cancelled
507144,10885,28,2024-09-21,,Monthly,1,94.6,Active
507145,12460,26,2025-12-14,2026-05-04,Annual,2,515.42,Expired
507146,11811,21,2024-04-12,2025-03-08,Monthly,3,2893.04,Cancelled
507147,11140,10,2026-06-30,,Monthly,2,222.48,Active
507148,10995,22,2024-11-22,2025-02-22,Monthly,1,109.74,Cancelled
507149,16994,25,2025-06-13,,Monthly,2,220.62,Active
507150,17775,11,2026-01-07,,Monthly,3,1085.58,Active
507151,14041,27,2025-04-09,,Monthly,1,1016.81,Active
507152,15768,23,2024-08-10,,Annual,2,663.09,Active
507153,10175,19,2025-07-03,2025-12-02,Monthly,4,363.18,Expired
507154,12647,13,2025-01-12,,Monthly,1,117.83,Active
507155,19070,11,2024-08-06,,Monthly,1,291.37,Active
507156,17239,2,2026-08-31,,Annual,1,375.67,Active
507157,15580,5,2025-05-08,,Monthly,1,274.26,Active
507158,19195,14,2024-04-20,,Monthly,3,969.15,Active
507159,15959,6,2025-08-03,,Monthly,5,4323.61,Active
507160,19126,2,2026-01-11,2026-08-31,Monthly,1,335.14,Expired
507161,13791,19,2024-12-09,2025-05-23,Annual,4,317.4,Expired
507162,16857,4,2026-04-12,,Annual,2,212.72,Active
507163,13579,15,2025-03-15,2026-07-30,Monthly,1,776.81,Expired
507164,11659,17,2024-12-25,,Monthly,2,495.34,Active
507165,11530,21,2026-04-09,,Monthly,1,878.18,Active
507166,11177,17,2024-12-01,2025-01-27,Monthly,1,268.63,Cancelled
507167,10838,3,2025-10-19,,Annual,1,685.92,Active
507168,14948,30,2024-02-15,,Monthly,1,827.67,Active
507169,15179,8,2024-06-21,2025-05-31,Monthly,4,1288.74,Cancelled
507170,17681,5,2025-07-24,,Monthly,4,927.01,Active
507171,16610,6,2025-02-22,,Monthly,3,2695.27,Active
507172,11194,9,2026-06-13,2026-08-31,Monthly,1,904.12,Cancelled
507173,15667,28,2025-11-07,,Monthly,1,99.34,Active
507174,16168,23,2024-03-25,2025-05-03,Monthly,2,614.85,Cancelled
507175,19838,8,2026-06-14,,Monthly,2,521.41,Active
507176,10831,8,2024-08-10,,Annual,2,604.43,Active
507177,17268,2,2025-10-26,,Monthly,1,362.28,Active
507178,14580,1,2024-05-19,,Annual,1,118.72,Active
507179,18597,4,2026-01-17,2026-08-31,Monthly,2,196.16,Cancelled
507180,13399,29,2026-01-26,2026-08-31,Monthly,1,312.99,Cancelled
507181,10276,16,2026-05-29,,Monthly,1,119.34,Active
507182,16455,12,2024-05-28,2025-04-11,Monthly,2,2360.02,Cancelled
507183,10670,1,2024-01-25,2024-08-14,Annual,1,113.81,Cancelled
507184,14780,30,2025-07-27,,Monthly,2,1370.35,Active
507185,11167,9,2026-08-31,,Monthly,1,906.7,Active
507186,10847,14,2025-09-05,,Monthly,1,271.66,Active
507187,16555,18,2025-07-13,,Monthly,2,1843.39,Active
507188,12208,24,2024-11-01,2025-03-05,Monthly,1,774.54,Expired
507189,19113,3,2025-11-22,2026-08-31,Monthly,2,1504.5,Cancelled
507190,19623,13,2025-09-09,,Monthly,6,612.57,Active
507191,12022,15,2026-05-12,,Monthly,1,709.72,Active
507192,12287,11,2025-06-06,,Annual,2,689.97,Active
507193,18692,24,2025-09-22,,Monthly,2,1568.1,Active
507194,12445,2,2025-05-17,,Monthly,2,714.0,Active
507195,12122,24,2026-03-01,,Monthly,1,797.4,Active
507196,12949,4,2024-05-25,,Monthly,3,354.55,Active
507197,16767,7,2026-08-31,,Monthly,3,335.16,Active
507198,19675,3,2026-08-31,2026-08-31,Monthly,1,815.61,Expired
507199,10521,6,2025-12-05,,Monthly,3,2436.41,Active
507200,11820,19,2025-01-03,,Monthly,3,267.4,Active
507201,13285,26,2025-04-14,,Monthly,1,241.4,Active
507202,16288,27,2026-01-04,,Annual,1,1004.01,Active
507203,15163,22,2026-07-03,,Monthly,1,109.69,Active
507204,19666,21,2025-07-11,,Monthly,1,862.5,Active
507205,15811,12,2026-08-31,,Monthly,1,1114.15,Active
507206,14823,4,2026-08-31,,Annual,1,113.64,Active
507207,13235,25,2026-08-31,,Annual,2,233.84,Active
507208,13076,23,2024-10-30,2025-12-16,Monthly,1,324.78,Expired
507209,14523,2,2026-08-31,,Annual,1,305.39,Active
507210,11205,9,2026-07-05,2026-08-31,Monthly,3,2708.47,Cancelled
507211,10853,6,2025-07-28,,Monthly,2,1706.42,Active
507212,16805,21,2025-04-08,,Monthly,1,770.61,Active
507213,13867,19,2025-02-26,2025-07-03,Monthly,1,91.1,Cancelled
507214,10404,9,2026-07-28,2026-08-31,Monthly,1,937.67,Cancelled
507215,13627,18,2025-05-21,,Monthly,1,788.63,Active
507216,19227,29,2026-08-31,2026-08-31,Monthly,2,512.95,Cancelled
507217,10320,20,2025-06-22,,Monthly,1,277.93,Active
507218,19182,16,2026-08-31,2026-08-31,Monthly,3,318.03,Expired
507219,15471,22,2024-04-18,,Monthly,2,201.46,Active
507220,10463,18,2024-09-23,,Annual,1,784.55,Active
507221,19640,12,2025-04-26,,Monthly,1,958.68,Active
507222,17108,20,2026-08-31,2026-08-31,Monthly,1,249.46,Expired
507223,15353,8,2026-03-17,,Monthly,1,284.79,Active
507224,14951,11,2026-08-31,,Monthly,1,361.61,Active
507225,10452,19,2025-03-21,,Monthly,2,154.93,Active
507226,17824,12,2024-09-22,2025-02-13,Monthly,4,3803.3,Cancelled
507227,10691,29,2024-07-05,,Monthly,2,581.7,Active
507228,14960,3,2025-05-14,,Monthly,1,727.29,Active
507229,17788,13,2026-03-21,,Monthly,1,116.05,Active
507230,11409,16,2024-06-18,,Annual,3,315.16,Active
507231,16183,2,2024-09-29,2025-06-08,Annual,2,638.48,Expired
507232,11851,13,2026-08-31,2026-08-31,Annual,2,213.66,Cancelled
507233,16316,24,2024-03-17,2025-02-04,Monthly,1,798.3,Cancelled
507234,18603,23,2026-05-08,,Monthly,2,602.24,Active
507235,18361,13,2026-02-27,,Monthly,5,521.92,Active
507236,17060,7,2024-12-08,,Monthly,2,203.88,Active
507237,11463,7,2025-07-13,,Monthly,3,328.91,Active
507238,15757,6,2026-08-31,2026-08-31,Annual,1,769.42,Expired
507239,19915,3,2026-03-03,,Monthly,2,1440.76,Active
507240,18629,20,2026-08-31,2026-08-31,Monthly,1,274.83,Expired
507241,16331,27,2026-04-07,,Monthly,1,948.55,Active
507242,17348,9,2025-07-26,,Monthly,3,3013.4,Active
507243,19811,29,2024-12-25,2025-08-14,Monthly,1,266.13,Cancelled
507244,19499,29,2025-06-23,,Monthly,2,608.11,Active
507245,15690,23,2025-06-29,,Monthly,3,1008.42,Active
507246,13364,5,2024-10-17,,Monthly,3,775.38,Active
507247,18242,10,2026-05-22,,Monthly,2,229.18,Active
507248,14366,12,2025-04-06,,Monthly,3,3473.65,Active
507249,15474,21,2026-01-19,,Monthly,1,807.37,Active
507250,10094,3,2025-06-14,,Monthly,2,1420.4,Active
507251,12386,11,2024-08-31,2025-04-25,Monthly,2,732.85,Expired
507252,10408,29,2024-10-18,,Monthly,4,1147.08,Active
507253,19120,6,2025-05-28,2026-08-17,Annual,2,1638.45,Cancelled
507254,17195,1,2026-06-15,,Annual,2,201.93,Active
507255,14860,25,2025-10-23,,Annual,2,191.16,Active
507256,15068,17,2024-05-09,2024-11-17,Monthly,1,250.68,Cancelled
507257,13096,23,2024-11-05,2026-03-12,Monthly,1,344.94,Expired
507258,16809,29,2026-05-08,,Monthly,4,1198.28,Active
507259,18680,27,2026-02-12,,Monthly,1,1014.8,Active
507260,17940,10,2026-08-31,,Monthly,1,113.45,Active
507261,14388,27,2025-12-24,2026-03-18,Monthly,1,1103.1,Cancelled
507262,17469,27,2024-09-16,,Monthly,2,1831.46,Active
507263,13135,24,2025-02-01,,Monthly,3,2417.05,Active
507264,12341,1,2025-03-12,,Monthly,2,228.07,Active
507265,17681,21,2025-06-25,2026-01-20,Annual,1,884.0,Expired
507266,16185,2,2025-01-21,,Monthly,1,307.33,Active
507267,13608,2,2025-06-29,,Monthly,1,376.79,Active
507268,11082,13,2025-09-17,2026-06-25,Monthly,1,100.04,Cancelled
507269,13644,5,2026-02-14,2026-08-31,Annual,1,234.93,Expired
507270,12351,13,2026-08-31,2026-08-31,Annual,2,233.2,Expired
507271,18685,8,2025-09-19,2026-08-31,Annual,1,274.03,Expired
507272,16875,10,2026-04-24,2026-08-31,Monthly,2,199.57,Expired
507273,17401,3,2024-06-11,,Annual,1,685.36,Active
507274,18023,1,2025-03-09,,Annual,2,222.12,Active
507275,12231,7,2025-10-10,2026-08-31,Monthly,1,115.87,Cancelled
507276,11521,9,2026-01-09,,Monthly,1,963.68,Active
507277,10951,5,2025-11-03,2026-06-09,Monthly,1,272.73,Expired
507278,13491,9,2025-09-23,,Annual,2,1931.67,Active
507279,14290,30,2025-01-11,2025-06-07,Monthly,1,690.48,Cancelled
507280,13532,30,2024-06-05,,Monthly,4,2918.74,Active
507281,14941,24,2025-06-15,2026-08-31,Monthly,3,2718.63,Cancelled
507282,12999,1,2024-05-17,2025-09-07,Monthly,1,106.49,Expired
507283,12178,2,2025-09-06,,Annual,1,307.33,Active
507284,13484,20,2025-10-12,,Monthly,1,278.53,Active
507285,19976,2,2026-07-02,,Annual,2,747.71,Active
507286,12374,30,2025-09-12,2025-11-02,Monthly,1,834.78,Expired
507287,12866,22,2025-12-13,2026-08-31,Monthly,2,225.7,Cancelled
507288,12089,18,2025-02-06,2026-07-25,Monthly,1,833.71,Cancelled
507289,11457,8,2025-11-08,,Monthly,2,582.92,Active
507290,13857,6,2025-10-08,2026-03-07,Monthly,2,1768.11,Cancelled
507291,11172,28,2026-08-31,2026-08-31,Annual,2,221.29,Cancelled
507292,16372,9,2025-10-21,,Monthly,1,976.64,Active
507293,11147,29,2024-06-09,2024-09-28,Monthly,2,544.18,Cancelled
507294,18485,17,2024-12-24,,Annual,1,279.04,Active
507295,13116,22,2025-07-10,2025-08-28,Monthly,1,117.06,Expired
507296,13398,28,2026-06-27,,Monthly,2,190.73,Active
507297,11682,10,2025-09-27,,Monthly,1,109.75,Active
507298,15035,27,2026-05-16,,Monthly,5,4455.03,Active
507299,16616,26,2026-03-04,,Monthly,4,942.02,Active
507300,12255,12,2025-11-19,2026-04-28,Annual,1,1062.35,Expired
507301,16459,10,2024-08-02,2025-08-05,Monthly,1,98.73,Expired
507302,18719,27,2026-04-07,2026-08-31,Monthly,1,1079.76,Cancelled
507303,11102,16,2025-11-25,,Annual,3,329.12,Active
507304,17037,21,2026-05-27,,Monthly,2,1831.39,Active
507305,18286,2,2024-06-14,2025-10-12,Monthly,1,341.97,Expired
507306,19937,9,2026-03-24,,Monthly,1,821.9,Active
507307,17594,16,2026-03-28,,Monthly,1,109.38,Active
507308,15730,9,2024-03-09,,Monthly,3,2791.7,Active
507309,14070,9,2026-07-27,2026-08-31,Monthly,1,975.04,Expired
507310,19863,17,2025-04-10,,Monthly,1,278.81,Active
507311,13549,24,2025-07-11,2025-12-11,Monthly,3,2267.22,Cancelled
507312,18543,18,2025-10-24,,Monthly,1,881.25,Active
507313,11923,19,2026-01-03,2026-08-31,Monthly,3,274.68,Expired
507314,12165,9,2026-04-08,2026-08-31,Monthly,2,1764.89,Cancelled
507315,14431,15,2024-07-24,,Monthly,2,1618.22,Active
507316,14764,19,2024-06-26,,Monthly,1,83.48,Active
507317,14598,20,2026-08-31,,Monthly,1,238.16,Active
507318,13771,7,2025-12-08,,Monthly,3,309.72,Active
507319,14002,10,2026-07-28,,Annual,3,367.01,Active
507320,19781,9,2025-11-06,,Monthly,1,903.47,Active
507321,11530,4,2026-06-02,,Monthly,4,415.79,Active
507322,18583,21,2026-08-31,2026-08-31,Monthly,1,803.61,Cancelled
507323,11220,11,2025-06-23,2025-12-08,Monthly,1,332.7,Cancelled
507324,15918,10,2025-01-22,2026-05-14,Monthly,3,341.6,Cancelled
507325,18485,19,2024-12-22,,Monthly,1,78.71,Active
507326,13672,11,2024-07-09,,Monthly,2,671.67,Active
507327,11495,5,2024-07-23,2025-12-21,Monthly,2,516.8,Cancelled
507328,16278,6,2024-08-29,2025-02-21,Monthly,1,914.78,Cancelled
507329,18632,16,2024-07-12,2025-03-24,Monthly,4,456.13,Cancelled
507330,10863,12,2025-06-18,,Monthly,3,3104.3,Active
507331,16354,24,2026-08-31,,Monthly,1,871.44,Active
507332,19963,9,2024-12-19,2026-03-07,Monthly,1,825.16,Cancelled
507333,16764,28,2024-09-04,,Monthly,1,116.72,Active
507334,15882,25,2026-06-07,,Monthly,1,111.4,Active
507335,13772,11,2026-08-07,2026-08-31,Annual,1,346.73,Expired
507336,16275,19,2025-08-27,2026-08-31,Annual,1,82.52,Cancelled
507337,11479,17,2026-06-30,2026-08-22,Monthly,2,543.94,Expired
507338,15598,15,2026-05-16,2026-08-31,Monthly,1,722.49,Cancelled
507339,14294,11,2026-03-12,2026-08-31,Monthly,1,295.04,Expired
507340,17925,22,2025-02-28,,Monthly,1,103.32,Active
507341,16168,19,2024-06-24,,Monthly,3,262.99,Active
507342,13937,28,2026-07-23,2026-08-31,Monthly,3,288.49,Expired
507343,14971,3,2026-06-06,2026-07-28,Monthly,2,1494.73,Expired
507344,12281,7,2024-04-29,,Monthly,2,195.37,Active
507345,18849,2,2025-02-12,2026-06-08,Monthly,1,303.51,Expired
507346,16724,4,2025-04-06,2025-12-06,Annual,2,219.01,Cancelled
507347,11195,18,2026-08-31,2026-08-31,Monthly,1,851.3,Cancelled
507348,14459,19,2024-10-17,2024-12-20,Annual,1,81.2,Expired
507349,17294,11,2025-05-10,2026-06-20,Monthly,1,331.19,Expired
507350,15209,5,2024-08-09,2024-09-28,Annual,2,516.65,Expired
507351,15356,13,2025-08-24,,Monthly,1,96.96,Active
507352,12913,13,2025-09-09,,Monthly,2,235.57,Active
507353,15992,15,2025-09-19,2025-11-25,Monthly,1,688.87,Expired
507354,14849,2,2024-03-23,,Monthly,1,336.11,Active
507355,11780,14,2024-12-15,,Monthly,1,312.42,Active
507356,15408,30,2025-03-19,,Monthly,1,685.03,Active
507357,16504,5,2026-08-09,,Monthly,1,272.93,Active
507358,17216,19,2024-08-17,2025-04-20,Monthly,1,79.42,Cancelled
507359,15232,28,2025-10-16,2026-06-27,Monthly,2,236.96,Cancelled
507360,14242,14,2026-02-24,,Annual,1,276.56,Active
507361,19731,6,2024-12-04,,Annual,1,857.96,Active
507362,11868,20,2024-09-06,2025-07-09,Monthly,1,272.11,Expired
507363,16181,11,2025-02-11,2026-01-03,Monthly,1,344.27,Expired
507364,15350,3,2024-12-17,,Monthly,1,664.79,Active
507365,15254,14,2025-02-13,2025-07-08,Monthly,1,261.54,Expired
507366,13930,24,2025-06-09,2026-03-10,Annual,1,901.28,Cancelled
507367,11980,21,2025-01-20,,Monthly,2,1744.1,Active
507368,12047,8,2024-11-04,,Monthly,2,554.08,Active
507369,11585,4,2026-08-31,,Monthly,1,99.89,Active
507370,10279,24,2024-12-23,2025-02-11,Monthly,1,789.66,Cancelled
507371,14639,8,2025-04-24,2026-08-31,Monthly,1,322.54,Expired
507372,13319,20,2026-08-31,,Monthly,1,270.99,Active
507373,17000,26,2025-07-25,,Monthly,1,258.92,Active
507374,17296,28,2026-02-05,,Monthly,2,221.14,Active
507375,11208,20,2024-07-01,,Monthly,1,230.15,Active
507376,16253,1,2026-08-31,,Monthly,1,115.61,Active
507377,18956,1,2026-05-24,,Monthly,1,118.82,Active
507378,19091,27,2026-04-02,2026-08-31,Monthly,1,1020.43,Expired
507379,18510,22,2024-02-10,,Monthly,1,111.42,Active
507380,15811,16,2026-08-31,,Monthly,1,107.79,Active
507381,10142,11,2024-08-28,2025-09-16,Monthly,3,973.89,Expired
507382,16446,12,2024-11-04,2024-12-12,Monthly,1,1130.43,Expired
507383,17875,24,2026-05-21,2026-08-31,Monthly,1,779.84,Expired
507384,16895,8,2025-04-27,,Monthly,1,301.68,Active
507385,19316,4,2025-10-01,,Monthly,2,236.88,Active
507386,14204,15,2024-12-22,,Annual,2,1542.87,Active
507387,16169,12,2025-03-04,,Annual,1,1140.7,Active
507388,14618,23,2025-02-03,,Monthly,2,622.38,Active
507389,16813,15,2024-07-06,,Annual,2,1490.52,Active
507390,14880,10,2025-10-26,,Monthly,1,116.95,Active
507391,11832,28,2025-12-10,,Monthly,3,309.32,Active
507392,12188,18,2024-07-27,,Monthly,1,921.84,Active
507393,15292,29,2025-08-23,,Monthly,2,530.31,Active
507394,10293,18,2024-12-20,2025-06-10,Monthly,3,2444.02,Expired
507395,14469,13,2025-11-20,,Annual,1,115.24,Active
507396,11021,29,2026-08-31,,Monthly,1,302.21,Active
507397,13070,16,2026-06-20,,Annual,3,318.43,Active
507398,10498,21,2025-03-09,2025-05-12,Monthly,1,910.61,Expired
507399,14834,13,2024-06-28,2024-11-01,Annual,3,310.12,Cancelled
507400,18683,9,2026-05-08,2026-08-31,Monthly,1,920.7,Cancelled
507401,10216,8,2026-08-24,,Monthly,1,293.86,Active
507402,18073,12,2024-08-28,,Monthly,1,1038.31,Active
507403,12419,11,2025-10-09,2026-08-31,Annual,1,346.42,Expired
507404,17296,22,2025-11-06,,Monthly,1,94.95,Active
507405,13400,26,2026-08-31,,Monthly,1,263.28,Active
507406,12688,20,2025-03-15,,Monthly,1,273.64,Active
507407,11838,26,2025-08-01,,Monthly,1,254.23,Active
507408,15750,27,2025-11-17,,Monthly,4,3609.95,Active
507409,11547,25,2026-02-06,,Annual,1,108.16,Active
507410,14118,23,2024-09-16,,Monthly,1,340.01,Active
507411,15445,1,2024-08-03,2024-11-03,Monthly,1,102.63,Expired
507412,10228,14,2026-08-31,,Monthly,2,528.45,Active
507413,19477,11,2026-01-08,2026-02-21,Monthly,3,1020.96,Cancelled
507414,19970,6,2024-10-27,,Monthly,1,828.25,Active
507415,15377,21,2026-05-10,2026-07-17,Monthly,1,963.07,Cancelled
507416,11232,22,2025-07-04,2025-10-15,Monthly,2,205.3,Expired
507417,17474,30,2025-10-15,2026-08-31,Monthly,1,757.66,Expired
507418,17620,22,2025-06-23,,Monthly,1,115.01,Active
507419,13456,1,2026-03-31,2026-05-05,Monthly,3,331.77,Cancelled
507420,19385,6,2024-02-27,,Monthly,1,751.07,Active
507421,19775,2,2025-08-22,,Monthly,1,366.53,Active
507422,10321,6,2026-08-31,,Annual,3,2287.14,Active
507423,13552,5,2024-08-21,2025-07-11,Monthly,1,252.0,Expired
507424,14203,29,2025-07-15,2026-08-31,Monthly,1,310.03,Expired
507425,19405,29,2025-08-27,2026-08-31,Monthly,2,648.86,Expired
507426,11352,10,2026-02-15,,Monthly,3,353.85,Active
507427,18666,13,2025-06-30,,Monthly,3,321.41,Active
507428,12830,25,2025-10-04,,Monthly,3,301.03,Active
507429,18391,11,2025-10-23,2026-08-31,Monthly,2,687.94,Cancelled
507430,12317,11,2026-01-14,,Annual,2,615.1,Active
507431,19571,14,2024-04-21,,Annual,1,287.84,Active
507432,18280,4,2024-08-29,,Monthly,1,121.35,Active
507433,18699,4,2026-04-13,2026-07-25,Monthly,1,106.08,Expired
507434,11812,23,2025-04-20,2025-12-05,Monthly,2,698.83,Expired
507435,19310,26,2025-10-04,,Monthly,1,266.8,Active
507436,13160,4,2026-04-14,,Monthly,1,104.47,Active
507437,14944,15,2025-11-28,,Monthly,1,784.26,Active
507438,11820,12,2024-12-22,2025-12-21,Monthly,1,995.56,Expired
507439,12310,15,2025-01-07,,Monthly,2,1527.04,Active
507440,13619,20,2025-11-05,2026-01-28,Monthly,1,283.69,Expired
507441,16589,25,2024-10-18,2024-11-27,Monthly,1,101.44,Expired
507442,13466,16,2024-11-20,,Monthly,4,406.2,Active
507443,14594,6,2025-09-03,,Monthly,2,1585.82,Active
507444,11063,28,2025-12-24,,Annual,3,288.21,Active
507445,10860,8,2025-12-07,,Annual,2,562.4,Active
507446,18893,11,2026-07-08,,Monthly,1,295.68,Active
507447,18743,9,2026-03-25,2026-08-31,Monthly,2,1734.56,Expired
507448,10225,30,2026-08-31,,Annual,1,722.55,Active
507449,10001,9,2025-06-14,,Monthly,2,1814.85,Active
507450,17298,9,2025-08-21,2026-04-09,Monthly,2,1680.7,Cancelled
507451,13131,11,2025-02-27,,Monthly,1,350.47,Active
507452,17009,14,2024-11-26,,Annual,1,311.19,Active
507453,10296,23,2026-02-06,2026-07-12,Monthly,2,713.82,Cancelled
507454,19074,24,2025-05-22,2026-07-11,Annual,1,831.23,Expired
507455,13818,26,2025-05-07,2025-08-22,Monthly,1,278.04,Expired
507456,19980,8,2026-08-31,,Monthly,2,644.04,Active
507457,11016,3,2024-03-31,,Annual,5,3838.41,Active
507458,15472,27,2025-09-15,2026-01-18,Monthly,2,2186.0,Expired
507459,17471,2,2024-06-20,2025-11-11,Annual,1,346.26,Cancelled
507460,17060,10,2024-11-10,2025-02-09,Monthly,2,197.98,Expired
507461,16877,7,2025-02-21,2025-07-20,Monthly,1,110.72,Expired
507462,18803,28,2025-10-05,2026-08-31,Annual,1,94.87,Cancelled
507463,10227,27,2026-08-31,2026-08-31,Monthly,1,1061.11,Cancelled
507464,13476,5,2025-01-09,,Monthly,2,469.52,Active
507465,11564,8,2026-04-25,2026-08-31,Annual,1,285.82,Expired
507466,14863,22,2024-09-03,,Monthly,1,113.33,Active
507467,11411,25,2024-04-14,,Annual,1,104.8,Active
507468,17918,25,2024-05-11,2025-05-07,Annual,2,214.43,Expired
507469,17910,3,2025-10-07,2026-02-03,Annual,1,665.7,Expired
507470,14316,27,2026-08-31,,Monthly,1,1013.28,Active
507471,15933,6,2025-02-17,2025-06-24,Monthly,4,3526.99,Cancelled
507472,11431,10,2025-02-09,,Monthly,2,228.13,Active
507473,14934,13,2026-08-31,,Monthly,2,218.25,Active
507474,13978,4,2024-08-10,,Annual,1,111.97,Active
507475,18913,19,2025-12-25,,Annual,1,81.22,Active
507476,12020,4,2025-05-09,2026-05-03,Monthly,1,121.79,Expired
507477,12595,15,2025-07-03,2026-06-08,Monthly,2,1494.51,Expired
507478,13910,9,2025-07-06,,Monthly,1,944.03,Active
507479,12827,7,2025-09-22,,Monthly,1,113.34,Active
507480,13207,13,2024-09-04,2025-11-25,Monthly,1,101.17,Cancelled
507481,17961,5,2026-06-30,,Monthly,1,255.17,Active
507482,16391,30,2024-11-13,,Monthly,1,802.24,Active
507483,10405,10,2025-01-18,2025-09-08,Monthly,1,109.52,Cancelled
507484,13602,26,2025-12-29,,Monthly,2,527.27,Active
507485,16989,21,2025-03-03,2025-05-17,Monthly,1,937.54,Cancelled
507486,17327,5,2024-06-06,,Annual,1,253.36,Active
507487,15451,2,2026-04-04,2026-07-26,Monthly,1,361.42,Expired
507488,11845,12,2026-08-01,,Monthly,4,4319.4,Active
507489,14657,30,2025-03-15,2025-12-19,Annual,2,1363.34,Cancelled
507490,10609,17,2025-08-20,,Monthly,1,256.66,Active
507491,10400,6,2026-01-01,,Annual,3,2312.62,Active
507492,19341,2,2024-07-12,,Annual,2,648.48,Active
507493,11730,20,2024-10-06,2025-04-05,Monthly,2,532.31,Expired
507494,13139,14,2025-11-05,2025-12-28,Monthly,1,269.59,Cancelled
507495,13392,21,2025-07-28,,Annual,1,783.48,Active
507496,15520,5,2026-08-31,,Monthly,1,274.62,Active
507497,16391,19,2024-12-08,,Monthly,3,273.34,Active
507498,19890,26,2024-04-24,,Monthly,1,233.59,Active
507499,12081,13,2025-01-24,,Annual,1,110.25,Active
507500,11005,16,2026-08-08,2026-08-31,Monthly,2,236.41,Cancelled
507501,19998,11,2025-10-11,,Monthly,1,350.87,Active
507502,10333,28,2025-08-25,,Annual,1,99.67,Active
507503,19299,2,2024-07-01,2025-07-19,Monthly,1,310.29,Cancelled
507504,18393,13,2026-08-31,2026-08-31,Monthly,2,222.65,Cancelled
507505,17685,13,2026-02-06,2026-08-31,Monthly,2,206.91,Expired
507506,13269,25,2024-11-01,2026-03-22,Annual,2,187.48,Expired
507507,16910,9,2026-08-26,,Monthly,1,837.17,Active
507508,13972,28,2024-04-02,2025-09-17,Annual,3,314.92,Expired
507509,17679,13,2025-10-12,2026-08-31,Monthly,2,205.29,Expired
507510,17846,3,2025-08-13,,Monthly,1,767.97,Active
507511,17205,21,2025-07-01,2026-02-15,Monthly,1,937.28,Expired
507512,14563,2,2026-01-30,2026-04-06,Monthly,1,377.28,Expired
507513,14739,11,2025-01-08,,Annual,1,342.88,Active
507514,10634,13,2026-08-08,,Monthly,2,238.63,Active
507515,11045,16,2025-11-12,2026-04-26,Monthly,1,97.79,Cancelled
507516,18695,3,2025-05-25,,Monthly,1,802.88,Active
507517,11734,29,2024-07-27,,Monthly,2,539.66,Active
507518,18932,20,2025-09-01,,Monthly,1,249.22,Active
507519,18538,5,2026-08-30,2026-08-31,Monthly,1,238.42,Cancelled
507520,10283,5,2025-01-31,,Monthly,1,222.82,Active
507521,19124,26,2026-08-31,2026-08-31,Monthly,1,229.76,Cancelled
507522,16565,27,2025-04-15,,Monthly,1,916.09,Active
507523,14454,9,2026-08-31,,Monthly,2,1711.52,Active
507524,10547,9,2025-06-15,,Monthly,1,1000.85,Active
507525,17145,15,2025-10-18,2025-12-07,Monthly,1,706.5,Cancelled
507526,14898,13,2025-09-18,2026-08-31,Monthly,3,346.35,Cancelled
507527,17739,6,2024-08-10,2025-03-30,Monthly,2,1778.31,Cancelled
507528,14631,26,2024-04-06,2024-06-21,Monthly,4,996.0,Expired
507529,15878,7,2026-08-31,,Monthly,5,560.13,Active
507530,12957,20,2024-08-29,,Monthly,1,230.63,Active
507531,10855,4,2024-07-31,2025-12-18,Monthly,1,120.0,Cancelled
507532,19350,27,2026-08-24,,Annual,3,3210.79,Active
507533,10346,11,2026-08-31,,Monthly,1,350.34,Active
507534,11681,23,2024-06-21,2025-11-27,Monthly,4,1207.89,Cancelled
507535,12090,5,2024-09-29,,Monthly,1,266.72,Active
507536,14249,16,2026-08-31,,Annual,2,224.29,Active
507537,12749,15,2026-06-20,,Monthly,1,815.56,Active
507538,10080,18,2026-08-31,2026-08-31,Monthly,1,912.11,Expired
507539,11817,26,2025-06-13,,Annual,2,564.22,Active
507540,19943,13,2026-06-20,,Monthly,1,103.7,Active
507541,14473,27,2024-03-11,,Annual,1,933.9,Active
507542,12195,20,2024-09-10,,Annual,2,494.3,Active
507543,15769,28,2026-03-03,2026-08-13,Monthly,1,106.22,Cancelled
507544,11375,4,2025-06-14,,Monthly,2,235.04,Active
507545,11585,15,2026-08-31,,Annual,1,794.55,Active
507546,13421,7,2026-06-03,,Monthly,2,229.1,Active
507547,16616,2,2025-12-23,2026-04-30,Monthly,2,620.83,Cancelled
507548,12771,6,2024-07-12,,Annual,2,1633.85,Active
507549,17881,16,2026-02-26,,Monthly,1,117.82,Active
507550,13668,17,2024-05-20,2024-10-10,Annual,1,302.45,Cancelled
507551,19726,14,2024-10-02,,Annual,4,1086.2,Active
507552,18039,24,2026-07-17,2026-08-31,Monthly,1,795.68,Cancelled
507553,17851,30,2024-10-24,,Monthly,4,2919.31,Active
507554,14416,5,2025-05-11,,Annual,1,238.84,Active
507555,17161,15,2025-09-21,2026-07-13,Monthly,4,2900.04,Cancelled
507556,11330,27,2024-05-05,,Monthly,1,936.62,Active
507557,11100,22,2025-04-16,2025-06-13,Annual,1,115.92,Cancelled
507558,10726,14,2024-01-10,2024-03-07,Monthly,2,582.86,Cancelled
507559,17281,30,2026-05-15,,Monthly,1,766.2,Active
507560,13310,28,2024-11-16,,Monthly,1,112.28,Active
507561,16864,21,2024-03-12,2024-05-10,Monthly,1,818.85,Expired
507562,13412,4,2024-07-01,,Annual,1,107.97,Active
507563,14156,26,2026-04-01,,Monthly,4,911.73,Active
507564,11391,25,2024-12-08,,Monthly,3,340.03,Active
507565,19752,30,2024-08-14,,Monthly,1,664.09,Active
507566,11526,7,2025-01-31,,Monthly,1,107.37,Active
507567,12413,26,2026-08-31,,Annual,2,485.54,Active
507568,19253,12,2024-06-27,,Monthly,1,1033.2,Active
507569,18063,22,2026-04-18,2026-08-31,Monthly,1,106.46,Cancelled
507570,18759,4,2024-12-16,2025-10-05,Monthly,3,335.67,Cancelled
507571,16280,12,2026-08-31,2026-08-31,Monthly,2,1976.08,Cancelled
507572,12625,20,2024-08-02,,Annual,1,263.16,Active
507573,13227,20,2025-11-30,,Monthly,2,513.72,Active
507574,16393,10,2024-07-18,,Monthly,1,103.68,Active
507575,19041,30,2026-04-08,,Monthly,1,825.03,Active
507576,19957,1,2025-11-15,2026-07-21,Monthly,2,239.24,Cancelled
507577,12820,10,2024-11-09,2025-03-02,Monthly,2,248.38,Cancelled
507578,10153,27,2024-10-01,2024-11-04,Monthly,2,1956.32,Cancelled
507579,11199,8,2025-04-13,2025-12-06,Monthly,1,310.01,Expired
507580,13434,5,2026-05-08,,Monthly,1,246.32,Active
507581,19283,24,2026-08-31,,Monthly,1,855.09,Active
507582,16587,30,2024-05-14,,Monthly,1,823.4,Active
507583,13729,2,2025-12-30,,Monthly,3,1056.37,Active
507584,17328,3,2025-05-29,,Monthly,4,3193.63,Active
507585,12487,22,2025-10-20,,Monthly,2,222.21,Active
507586,10264,20,2025-01-29,2026-04-28,Monthly,2,518.41,Expired
507587,12750,19,2024-09-24,2025-02-24,Monthly,1,91.69,Expired
507588,17568,30,2026-01-15,2026-03-24,Monthly,3,2324.81,Cancelled
507589,11359,18,2025-01-02,2025-09-28,Monthly,1,981.52,Cancelled
507590,17956,3,2026-08-29,,Monthly,1,682.92,Active
507591,17627,12,2026-07-12,,Monthly,1,980.16,Active
507592,16819,15,2026-05-29,,Annual,1,698.4,Active
507593,12779,2,2026-07-15,,Monthly,2,661.54,Active
507594,17556,24,2024-03-14,2025-06-21,Monthly,2,1715.66,Cancelled
507595,10133,19,2024-09-28,,Monthly,2,182.67,Active
507596,11446,22,2025-08-21,,Monthly,2,220.01,Active
507597,19972,9,2026-08-31,,Monthly,1,984.78,Active
507598,19485,15,2025-03-10,,Monthly,1,665.02,Active
507599,17063,15,2024-08-14,,Monthly,2,1451.09,Active
507600,14044,9,2024-07-20,,Monthly,1,811.25,Active
507601,10349,20,2024-11-14,,Annual,1,272.45,Active
507602,15930,14,2024-12-23,,Monthly,1,319.83,Active
507603,19661,7,2024-12-10,,Monthly,3,325.27,Active
507604,19705,27,2024-07-17,,Monthly,1,1118.49,Active
507605,18954,5,2025-11-19,,Monthly,4,1057.9,Active
507606,19685,7,2026-08-31,2026-08-31,Monthly,3,279.51,Expired
507607,15805,9,2026-08-31,2026-08-31,Monthly,1,933.72,Expired
507608,10182,6,2026-04-26,,Monthly,1,742.5,Active
507609,15300,19,2025-12-14,2026-04-09,Monthly,3,264.34,Cancelled
507610,10761,1,2024-04-26,2025-05-01,Monthly,2,234.73,Expired
507611,14257,22,2025-03-06,2025-04-20,Monthly,5,476.97,Cancelled
507612,16498,21,2025-09-22,,Monthly,1,780.54,Active
507613,16491,2,2025-01-12,,Monthly,1,327.43,Active
507614,16361,19,2025-12-15,,Monthly,1,78.45,Active
507615,10744,9,2026-06-01,,Annual,1,987.58,Active
507616,11070,20,2024-05-29,,Monthly,4,1013.89,Active
507617,19221,29,2026-03-16,,Monthly,1,256.23,Active
507618,10555,20,2025-09-01,,Annual,1,242.25,Active
507619,10156,5,2025-08-26,2025-12-08,Monthly,1,230.51,Cancelled
507620,12173,15,2024-11-19,,Monthly,1,671.47,Active
507621,10522,28,2026-08-31,,Annual,1,114.42,Active
507622,11127,16,2026-07-01,2026-08-31,Monthly,1,111.45,Expired
507623,18498,1,2026-08-31,2026-08-31,Monthly,1,103.71,Cancelled
507624,17229,26,2026-08-31,2026-08-31,Annual,1,286.98,Cancelled
507625,16745,17,2026-08-31,,Monthly,1,300.15,Active
507626,14440,12,2026-03-05,,Monthly,3,3001.81,Active
507627,14362,26,2024-10-29,,Monthly,2,469.64,Active
507628,13433,11,2026-07-11,,Monthly,3,939.1,Active
507629,12233,29,2026-02-19,2026-07-24,Monthly,1,280.47,Expired
507630,14830,19,2025-05-19,,Annual,1,80.53,Active
507631,15481,14,2024-12-23,2025-06-24,Annual,2,527.6,Cancelled
507632,13636,5,2024-12-07,,Annual,3,738.46,Active
507633,16964,29,2025-12-04,,Monthly,2,540.59,Active
507634,19023,29,2024-04-08,2024-08-18,Monthly,4,1108.26,Cancelled
507635,11539,30,2026-05-18,,Monthly,1,809.52,Active
507636,14484,7,2026-02-15,2026-08-31,Monthly,3,333.28,Expired
507637,18331,7,2025-07-20,,Monthly,1,101.82,Active
507638,19012,26,2026-01-12,2026-03-29,Monthly,1,284.1,Expired
507639,10735,2,2025-02-07,,Monthly,1,330.39,Active
507640,15845,4,2026-05-30,,Monthly,1,120.32,Active
507641,18159,22,2024-08-14,,Monthly,1,119.17,Active
507642,18478,23,2025-11-11,2025-12-26,Monthly,2,755.53,Expired
507643,16378,13,2026-05-28,,Annual,2,200.9,Active
507644,13493,26,2025-08-17,2026-05-15,Monthly,1,228.41,Cancelled
507645,12306,21,2025-10-10,2026-08-09,Monthly,4,3399.81,Expired
507646,10025,7,2026-08-31,,Monthly,1,102.77,Active
507647,13783,1,2025-06-07,,Monthly,1,120.09,Active
507648,10415,11,2025-09-06,,Monthly,1,327.02,Active
507649,16043,4,2024-09-02,2025-09-14,Monthly,2,225.69,Cancelled
507650,10439,29,2026-08-04,,Monthly,1,257.82,Active
507651,12522,17,2025-06-17,,Monthly,1,253.3,Active
507652,15045,27,2025-03-04,,Monthly,1,1108.56,Active
507653,13326,9,2026-01-30,,Annual,1,953.55,Active
507654,12863,30,2026-06-25,,Monthly,2,1567.15,Active
507655,17535,13,2024-10-30,,Monthly,1,97.42,Active
507656,14495,22,2025-10-21,,Monthly,1,96.43,Active
507657,10511,14,2026-01-05,,Monthly,1,307.08,Active
507658,11226,4,2026-08-31,,Monthly,1,100.31,Active
507659,16855,20,2024-10-29,,Monthly,1,291.04,Active
507660,13044,15,2025-04-24,,Monthly,2,1424.51,Active
507661,13508,15,2024-12-26,,Monthly,3,2455.1,Active
507662,16211,23,2024-06-01,,Annual,2,642.61,Active
507663,12509,24,2025-12-25,2026-08-31,Annual,1,852.13,Cancelled
507664,10303,8,2026-06-06,2026-08-31,Monthly,1,304.23,Expired
507665,12947,3,2026-03-23,,Monthly,3,2115.4,Active
507666,16070,5,2025-04-13,2026-08-31,Monthly,1,258.29,Cancelled
507667,18946,3,2026-01-17,,Monthly,1,781.52,Active
507668,18510,30,2024-03-29,,Monthly,2,1573.96,Active
507669,18613,17,2025-06-14,2025-10-20,Annual,4,1164.51,Expired
507670,10270,1,2024-10-22,,Monthly,1,98.08,Active
507671,15058,26,2025-03-23,,Monthly,2,534.08,Active
507672,14924,5,2025-09-01,2026-06-23,Monthly,2,451.13,Expired
507673,12288,26,2026-04-02,,Monthly,1,227.13,Active
507674,17618,4,2025-10-30,,Monthly,1,121.85,Active
507675,18876,8,2025-10-13,,Annual,3,828.84,Active
507676,12139,29,2024-03-08,2024-07-25,Monthly,1,268.47,Expired
507677,12418,24,2025-10-03,,Monthly,2,1713.6,Active
507678,13356,20,2024-09-08,2025-08-01,Monthly,2,534.18,Cancelled
507679,14854,11,2026-03-13,,Monthly,1,341.98,Active
507680,18749,11,2026-01-14,,Monthly,1,314.05,Active
507681,14856,17,2026-06-18,,Monthly,1,279.5,Active
507682,17869,11,2024-01-30,2024-12-28,Monthly,1,350.91,Expired
507683,16075,3,2024-12-22,,Monthly,2,1327.82,Active
507684,13828,19,2025-06-18,,Monthly,1,82.04,Active
507685,16418,11,2026-08-31,2026-08-31,Annual,1,341.93,Cancelled
507686,10748,9,2026-05-13,2026-07-09,Monthly,1,898.7,Cancelled
507687,16854,28,2026-01-23,,Monthly,2,231.32,Active
507688,12005,17,2026-01-15,,Monthly,1,286.31,Active
507689,17539,19,2026-01-01,2026-02-16,Monthly,2,149.86,Expired
507690,14130,24,2025-02-24,,Monthly,1,768.44,Active
507691,13052,10,2026-08-28,,Annual,1,113.01,Active
507692,12260,4,2026-01-11,,Monthly,3,301.94,Active
507693,18381,12,2025-02-12,,Monthly,1,1037.65,Active
507694,13746,30,2026-07-06,,Annual,4,2960.12,Active
507695,16017,2,2024-06-15,,Monthly,2,682.39,Active
507696,17650,3,2026-08-31,,Monthly,1,680.93,Active
507697,19804,8,2024-10-09,,Monthly,3,773.92,Active
507698,14213,5,2026-06-07,,Monthly,2,497.09,Active
507699,15558,21,2025-05-05,,Monthly,1,840.49,Active
507700,15696,27,2024-04-13,,Annual,1,1014.24,Active
507701,18139,6,2025-06-14,,Monthly,1,801.55,Active
507702,13449,13,2026-01-25,,Monthly,2,226.48,Active
507703,11016,3,2024-05-08,2025-10-01,Monthly,1,779.67,Cancelled
507704,15951,1,2024-10-21,,Annual,1,103.02,Active
507705,10396,17,2024-09-03,2025-03-26,Monthly,1,295.04,Cancelled
507706,15259,4,2025-05-27,,Monthly,1,115.38,Active
507707,11906,15,2025-08-26,2026-05-02,Monthly,5,3493.32,Expired
507708,11393,21,2026-02-26,,Annual,3,2706.63,Active
507709,12457,2,2025-03-04,2026-02-09,Monthly,4,1221.06,Cancelled
507710,11094,14,2026-08-31,,Monthly,1,282.21,Active
507711,18489,29,2026-05-27,,Monthly,1,293.0,Active
507712,13444,24,2026-04-17,2026-08-31,Monthly,3,2792.7,Cancelled
507713,12635,23,2026-08-31,2026-08-31,Annual,2,622.61,Cancelled
507714,15829,3,2026-08-31,2026-08-31,Annual,1,663.67,Expired
507715,11288,20,2026-08-31,,Monthly,3,812.9,Active
507716,15704,28,2024-08-15,,Monthly,1,110.53,Active
507717,10912,15,2024-07-23,,Monthly,1,716.65,Active
507718,10500,20,2024-07-17,2025-12-12,Monthly,3,867.31,Cancelled
507719,11070,19,2024-01-08,,Monthly,1,78.22,Active
507720,16300,23,2024-09-20,,Monthly,1,373.97,Active
507721,16589,14,2024-11-23,,Monthly,4,1211.77,Active
507722,11188,29,2025-02-13,2025-10-05,Monthly,2,523.86,Cancelled
507723,13713,8,2026-03-03,2026-08-31,Monthly,1,314.48,Expired
507724,18421,13,2025-10-04,,Monthly,1,109.15,Active
507725,11883,22,2025-02-18,,Monthly,1,108.26,Active
507726,11450,27,2026-08-31,2026-08-31,Monthly,3,3146.01,Cancelled
507727,10352,30,2026-06-19,,Annual,3,2095.18,Active
507728,12411,12,2026-08-31,2026-08-31,Monthly,2,2222.66,Expired
507729,19466,15,2025-01-04,,Monthly,1,776.28,Active
507730,17880,25,2024-10-29,,Monthly,1,110.96,Active
507731,11404,29,2024-09-19,,Annual,4,1098.91,Active
507732,19266,18,2026-04-08,,Monthly,1,937.95,Active
507733,15418,11,2026-08-02,,Monthly,1,368.03,Active
507734,19332,10,2025-02-14,2025-12-27,Monthly,1,125.21,Expired
507735,15343,9,2026-04-27,,Monthly,1,847.66,Active
507736,17326,24,2026-08-03,2026-08-31,Monthly,2,1824.82,Cancelled
507737,14088,28,2026-08-31,,Monthly,2,215.25,Active
507738,10220,30,2026-08-31,,Annual,1,809.32,Active
507739,16235,19,2026-02-20,2026-04-15,Monthly,1,83.84,Cancelled
507740,11191,16,2025-10-21,,Monthly,1,106.7,Active
507741,13443,14,2025-06-18,,Monthly,4,1177.8,Active
507742,10433,16,2026-05-04,,Monthly,3,334.94,Active
507743,11227,2,2026-07-03,,Monthly,1,357.27,Active
507744,12072,11,2025-08-01,,Monthly,1,335.74,Active
507745,12999,17,2024-01-25,2025-02-02,Monthly,1,259.78,Expired
507746,19581,2,2024-06-25,,Annual,5,1673.07,Active
507747,19781,11,2025-08-27,,Monthly,3,1046.41,Active
507748,13910,5,2025-06-04,,Annual,1,268.29,Active
507749,16860,24,2025-08-13,2025-12-05,Monthly,1,793.6,Cancelled
507750,19560,1,2024-07-29,,Monthly,1,116.51,Active
507751,13133,11,2024-10-09,,Annual,1,322.73,Active
507752,11036,6,2025-09-07,,Annual,1,886.12,Active
507753,11583,28,2026-01-29,,Monthly,1,96.77,Active
507754,15552,27,2025-10-12,2026-08-31,Monthly,3,3091.57,Cancelled
507755,16456,27,2025-03-04,,Annual,1,1102.07,Active
507756,10236,23,2026-08-31,,Annual,1,312.57,Active
507757,13625,21,2024-12-19,,Monthly,1,936.36,Active
507758,11911,1,2025-11-19,,Monthly,1,107.58,Active
507759,12397,17,2026-01-15,2026-07-12,Monthly,1,264.53,Cancelled
507760,15763,22,2026-08-10,2026-08-31,Monthly,1,103.94,Expired
507761,14395,20,2026-07-18,,Monthly,1,250.56,Active
507762,18855,2,2024-07-13,,Monthly,1,303.93,Active
507763,12713,19,2024-12-25,2026-03-04,Monthly,3,262.05,Cancelled
507764,15735,25,2025-07-10,2026-08-31,Monthly,1,112.18,Cancelled
507765,13080,27,2025-01-15,2025-05-29,Monthly,1,1111.12,Expired
507766,12903,16,2025-05-12,,Monthly,2,192.09,Active
507767,12618,7,2024-10-12,,Monthly,1,113.88,Active
507768,17621,8,2024-11-06,2026-02-16,Monthly,1,261.17,Cancelled
507769,16267,7,2025-06-10,,Monthly,2,232.15,Active
507770,18902,17,2025-11-19,,Monthly,1,303.16,Active
507771,18418,21,2026-07-15,2026-08-31,Monthly,1,961.87,Expired
507772,15366,25,2024-07-13,,Monthly,1,102.8,Active
507773,15622,30,2026-01-22,2026-08-04,Monthly,3,2367.49,Expired
507774,18722,1,2025-02-09,2026-01-08,Monthly,3,326.05,Cancelled
507775,18413,6,2024-11-14,,Annual,2,1615.22,Active
507776,14577,17,2024-05-06,2025-04-05,Annual,1,270.02,Expired
507777,16499,26,2025-03-28,,Monthly,3,726.47,Active
507778,14237,13,2026-08-31,,Monthly,1,108.64,Active
507779,15845,27,2026-04-06,2026-08-31,Monthly,1,1005.37,Cancelled
507780,17712,27,2025-04-20,,Monthly,1,1116.26,Active
507781,19627,19,2024-09-04,2025-12-26,Monthly,1,83.24,Cancelled
507782,11801,19,2025-03-29,,Annual,1,75.45,Active
507783,17802,20,2025-01-25,2026-06-05,Annual,4,933.87,Expired
507784,10557,19,2025-12-24,2026-08-31,Monthly,1,82.95,Expired
507785,11893,22,2024-05-29,,Monthly,2,191.87,Active
507786,19108,7,2025-06-05,2025-07-30,Monthly,2,217.41,Expired
507787,15911,22,2026-08-31,,Monthly,1,95.06,Active
507788,18373,3,2025-04-30,,Annual,1,798.94,Active
507789,11207,2,2026-03-01,,Monthly,1,355.4,Active
507790,15586,1,2026-08-22,,Annual,1,111.82,Active
507791,10024,29,2025-07-09,,Monthly,2,644.41,Active
507792,16352,19,2024-08-13,,Monthly,2,151.85,Active
507793,14219,17,2026-03-24,,Monthly,2,601.91,Active
507794,11048,25,2025-04-07,2025-05-19,Monthly,1,94.46,Cancelled
507795,12676,10,2026-08-31,,Annual,2,200.21,Active
507796,11009,26,2025-09-16,,Annual,1,242.88,Active
507797,19223,13,2025-04-21,,Annual,2,239.95,Active
507798,14352,10,2026-08-31,,Monthly,1,103.92,Active
507799,18842,11,2025-07-13,,Monthly,1,327.94,Active
507800,11118,30,2024-06-03,2025-03-23,Monthly,3,2391.52,Expired
507801,16599,13,2024-07-08,2025-12-08,Monthly,2,222.88,Expired
507802,16529,5,2025-08-20,,Annual,1,258.39,Active
507803,10291,25,2024-11-25,2025-10-25,Monthly,1,101.56,Expired
507804,17759,29,2026-04-17,2026-08-31,Monthly,1,306.26,Cancelled
507805,11082,16,2025-04-26,,Annual,1,119.43,Active
507806,18952,11,2024-09-06,,Annual,1,322.43,Active
507807,12568,4,2025-10-14,2025-11-15,Monthly,2,210.84,Cancelled
507808,16486,16,2024-12-29,,Monthly,2,220.89,Active
507809,16492,14,2024-05-26,,Monthly,1,273.13,Active
507810,19293,17,2026-05-29,,Monthly,2,537.19,Active
507811,15456,5,2025-07-09,2026-03-06,Annual,3,746.76,Cancelled
507812,17806,28,2026-04-16,,Monthly,2,232.51,Active
507813,10849,2,2026-08-31,,Monthly,4,1371.09,Active
507814,19769,14,2026-08-31,,Monthly,2,570.9,Active
507815,17231,11,2026-04-18,2026-06-05,Monthly,2,610.36,Expired
507816,17048,17,2026-04-23,,Monthly,1,243.28,Active
507817,10443,29,2025-05-02,,Monthly,4,1200.57,Active
507818,12319,27,2026-07-12,2026-08-31,Annual,2,1779.07,Cancelled
507819,17197,7,2026-02-27,,Monthly,2,217.14,Active
507820,18836,11,2025-01-20,2025-05-25,Monthly,1,343.02,Expired
507821,19456,16,2026-02-28,,Monthly,2,200.86,Active
507822,19605,19,2025-03-01,,Monthly,1,84.11,Active
507823,13746,7,2026-02-23,,Monthly,4,455.98,Active
507824,10962,20,2026-08-31,2026-08-31,Monthly,2,509.4,Expired
507825,18282,6,2024-08-02,2025-08-23,Monthly,2,1823.46,Cancelled
507826,15218,24,2025-12-31,,Monthly,4,3186.39,Active
507827,19830,6,2025-11-21,,Monthly,4,3645.11,Active
507828,10534,13,2026-05-13,,Monthly,2,245.28,Active
507829,10990,25,2024-04-28,2024-12-29,Monthly,1,101.39,Cancelled
507830,19913,5,2026-07-13,,Annual,1,218.12,Active
507831,10929,20,2026-04-04,,Annual,4,1145.46,Active
507832,17943,13,2024-11-06,2025-10-03,Monthly,3,365.42,Expired
507833,15000,13,2024-07-21,,Monthly,1,117.91,Active
507834,11341,27,2026-07-26,,Monthly,3,2858.06,Active
507835,19705,2,2024-03-13,,Monthly,1,380.5,Active
507836,15330,5,2024-06-24,,Monthly,1,272.47,Active
507837,16622,6,2026-06-05,,Monthly,1,938.38,Active
507838,11037,25,2024-08-21,2025-08-18,Monthly,1,98.37,Cancelled
507839,12242,5,2026-04-01,,Monthly,1,237.89,Active
507840,19189,10,2025-12-13,2026-08-31,Monthly,1,116.71,Cancelled
507841,13198,30,2025-02-25,,Annual,1,719.57,Active
507842,13799,26,2024-07-08,,Monthly,1,262.91,Active
507843,10444,16,2024-09-14,,Annual,1,97.82,Active
507844,17606,1,2025-11-09,2026-08-31,Monthly,1,100.11,Cancelled
507845,11876,2,2024-01-25,2024-09-21,Monthly,1,377.83,Expired
507846,15890,18,2024-05-23,,Annual,1,868.2,Active
507847,17839,27,2026-08-31,,Monthly,2,1766.06,Active
507848,16266,4,2025-08-14,,Monthly,1,100.65,Active
507849,19857,20,2024-08-06,,Monthly,1,272.49,Active
507850,16909,1,2025-04-04,2026-07-03,Monthly,2,219.09,Cancelled
507851,19226,28,2024-07-30,,Annual,1,97.8,Active
507852,14552,14,2025-12-08,2026-06-18,Monthly,3,939.69,Cancelled
507853,12813,5,2024-06-30,,Monthly,1,234.25,Active
507854,19998,4,2025-08-13,,Annual,1,108.33,Active
507855,19275,8,2024-07-09,,Annual,1,270.95,Active
507856,12570,1,2026-08-31,2026-08-31,Monthly,1,109.89,Expired
507857,12096,27,2025-02-11,2026-02-01,Monthly,2,1997.85,Cancelled
507858,18639,2,2024-08-23,2024-10-13,Monthly,1,307.35,Cancelled
507859,12232,13,2026-03-05,2026-08-24,Monthly,1,102.92,Expired
507860,12247,9,2024-11-24,,Monthly,1,869.08,Active
507861,11287,19,2025-01-02,,Annual,2,173.26,Active
507862,16340,29,2025-07-21,,Monthly,1,273.35,Active
507863,17100,3,2024-10-26,,Monthly,3,1950.36,Active
507864,10303,22,2026-05-11,,Annual,3,324.58,Active
507865,12538,29,2024-12-03,,Monthly,1,289.41,Active
507866,17044,4,2026-05-06,,Monthly,1,104.32,Active
507867,14753,27,2024-07-11,2025-02-13,Monthly,2,1906.67,Cancelled
507868,10995,22,2024-10-02,,Monthly,1,110.76,Active
507869,13243,19,2024-06-21,2025-01-24,Monthly,1,82.15,Expired
507870,18605,19,2026-07-30,2026-08-31,Annual,3,239.1,Cancelled
507871,11228,20,2026-04-25,,Monthly,2,562.81,Active
507872,13297,13,2025-12-21,,Monthly,1,102.62,Active
507873,11862,14,2026-02-12,,Monthly,1,294.73,Active
507874,17829,19,2025-12-29,,Monthly,1,88.94,Active
507875,11588,12,2026-07-27,2026-08-31,Monthly,3,2873.4,Cancelled
507876,12603,23,2024-08-04,,Monthly,1,306.55,Active
507877,12247,10,2025-01-04,,Monthly,2,213.56,Active
507878,15555,25,2025-04-29,2025-11-17,Monthly,2,223.59,Cancelled
507879,13446,8,2025-02-03,,Annual,4,1073.63,Active
507880,11787,23,2025-02-07,2026-02-25,Monthly,1,339.18,Cancelled
507881,15080,10,2026-08-31,,Monthly,1,105.15,Active
507882,15452,17,2026-01-01,,Monthly,2,596.16,Active
507883,12167,13,2026-08-31,2026-08-31,Annual,1,115.24,Cancelled
507884,15778,19,2026-08-22,2026-08-31,Monthly,4,323.22,Cancelled
507885,16571,25,2025-09-06,,Monthly,1,118.22,Active
507886,11665,19,2025-12-29,,Monthly,1,91.64,Active
507887,12595,2,2025-07-26,2026-03-17,Monthly,1,355.83,Cancelled
507888,10537,18,2026-05-08,2026-08-31,Monthly,1,847.76,Expired
507889,12005,16,2026-06-02,,Monthly,1,109.84,Active
507890,10660,19,2026-07-05,,Monthly,1,91.53,Active
507891,18927,8,2026-08-31,,Monthly,3,963.21,Active
507892,12055,6,2024-09-15,,Monthly,1,884.87,Active
507893,12367,18,2024-11-23,2025-10-23,Monthly,3,2709.97,Cancelled
507894,10358,14,2024-05-24,,Monthly,1,257.09,Active
507895,13035,19,2024-07-27,2025-08-15,Monthly,1,74.25,Cancelled
507896,16939,14,2026-08-14,,Monthly,2,591.1,Active
507897,14773,15,2024-07-27,,Monthly,2,1680.91,Active
507898,19061,17,2026-04-18,2026-08-31,Monthly,2,573.65,Expired
507899,18971,4,2025-05-26,,Monthly,2,242.21,Active
507900,17614,14,2025-12-26,2026-07-15,Annual,1,268.52,Expired
507901,18318,12,2026-08-19,,Monthly,1,1104.59,Active
507902,14374,2,2024-10-10,,Monthly,2,760.44,Active
507903,12272,6,2024-11-10,,Monthly,1,749.44,Active
507904,13994,25,2026-08-31,2026-08-31,Monthly,1,107.39,Expired
507905,10104,24,2024-09-25,,Monthly,1,765.7,Active
507906,12839,12,2025-08-27,2026-08-21,Monthly,1,1001.1,Expired
507907,13854,21,2024-12-30,2026-05-01,Annual,1,846.77,Cancelled
507908,19718,25,2026-08-16,,Monthly,2,236.04,Active
507909,13759,23,2024-08-25,,Monthly,1,326.75,Active
507910,11218,17,2025-02-23,2025-10-10,Annual,1,304.83,Cancelled
507911,12074,8,2025-01-12,,Annual,1,317.22,Active
507912,16251,16,2026-08-31,,Monthly,2,214.48,Active
507913,15565,25,2025-09-21,,Annual,4,381.71,Active
507914,14795,25,2026-03-06,,Monthly,2,193.07,Active
507915,19160,8,2024-10-23,2025-03-16,Annual,2,535.65,Cancelled
507916,18426,27,2026-07-01,,Annual,2,2076.93,Active
507917,10505,25,2026-01-18,2026-03-22,Monthly,1,105.98,Expired
507918,17934,8,2025-11-20,,Annual,1,306.34,Active
507919,17615,7,2024-01-18,,Monthly,2,211.22,Active
507920,16674,25,2024-06-29,,Monthly,1,109.17,Active
507921,11241,8,2024-07-22,2025-02-10,Annual,2,583.77,Expired
507922,11398,29,2024-05-15,,Monthly,1,276.71,Active
507923,18483,18,2024-10-13,,Monthly,1,859.37,Active
507924,17989,22,2025-11-15,,Monthly,1,100.95,Active
507925,17629,12,2025-08-25,,Monthly,2,2066.98,Active
507926,17241,17,2024-06-20,2025-11-14,Annual,3,839.47,Cancelled
507927,16064,25,2026-08-31,2026-08-31,Monthly,4,382.27,Expired
507928,18715,10,2026-08-31,,Monthly,1,105.08,Active
507929,18682,11,2026-07-17,,Monthly,1,328.97,Active
507930,14071,16,2025-03-15,2026-05-06,Annual,3,316.66,Expired
507931,17133,25,2026-04-10,2026-08-31,Monthly,1,106.72,Cancelled
507932,12840,27,2025-04-27,,Monthly,1,1077.7,Active
507933,18975,28,2024-07-26,2025-06-08,Monthly,2,191.51,Expired
507934,10119,8,2024-11-03,,Monthly,2,623.14,Active
507935,15946,19,2024-11-30,2025-11-03,Monthly,1,72.93,Expired
507936,11213,26,2025-06-20,,Monthly,1,240.49,Active
507937,11892,17,2025-03-26,,Monthly,2,491.12,Active
507938,13439,15,2024-07-15,,Monthly,2,1374.05,Active
507939,14854,25,2026-05-10,2026-08-31,Monthly,1,108.09,Expired
507940,17402,24,2026-08-31,2026-08-31,Annual,2,1877.77,Expired
507941,12577,18,2024-07-25,2025-06-06,Monthly,1,901.27,Cancelled
507942,14548,28,2024-05-27,,Monthly,2,209.91,Active
507943,19264,19,2024-10-29,,Annual,2,155.74,Active
507944,16607,18,2026-06-17,2026-08-31,Monthly,1,977.61,Expired
507945,13071,19,2024-06-18,,Monthly,1,79.48,Active
507946,11292,8,2025-07-24,2025-10-21,Annual,3,832.19,Cancelled
507947,15916,8,2024-07-21,2025-04-21,Monthly,3,787.28,Expired
507948,10412,23,2024-11-18,,Annual,1,348.33,Active
507949,14135,4,2025-04-03,,Annual,1,122.13,Active
507950,17846,1,2026-01-08,2026-08-31,Monthly,1,110.57,Cancelled
507951,10891,6,2024-11-01,2025-03-19,Monthly,2,1671.46,Cancelled
507952,16424,8,2025-12-15,2026-08-17,Monthly,2,597.47,Cancelled
507953,12219,18,2024-05-11,,Annual,1,847.28,Active
507954,15581,1,2025-12-03,,Annual,1,100.6,Active
507955,11595,7,2025-11-03,2026-01-01,Monthly,1,101.66,Cancelled
507956,12344,2,2025-07-31,,Monthly,2,753.44,Active
507957,14103,30,2026-06-21,2026-08-31,Monthly,2,1422.35,Cancelled
507958,13143,22,2026-01-25,,Monthly,2,190.77,Active
507959,14740,5,2026-01-26,,Monthly,1,253.36,Active
507960,11035,1,2024-12-29,,Monthly,1,114.9,Active
507961,12712,25,2026-08-02,,Monthly,3,337.85,Active
507962,19830,17,2025-11-09,2026-08-31,Annual,2,502.09,Expired
507963,18890,22,2024-05-31,,Monthly,1,104.82,Active
507964,16426,28,2026-01-01,,Monthly,3,282.53,Active
507965,10865,29,2025-09-19,2026-08-31,Annual,1,284.93,Expired
507966,10972,14,2025-09-06,2026-08-31,Annual,2,604.01,Expired
507967,14319,8,2024-12-26,2025-09-15,Monthly,1,274.62,Expired
507968,18033,17,2025-06-10,2026-08-31,Monthly,4,1087.04,Expired
507969,10586,25,2025-08-26,2026-08-15,Annual,1,95.26,Cancelled
507970,10876,23,2025-09-03,2026-06-07,Monthly,1,367.6,Cancelled
507971,16778,16,2024-12-01,,Annual,4,433.25,Active
507972,12325,11,2025-09-19,,Annual,1,296.34,Active
507973,13517,10,2025-11-20,2026-04-22,Monthly,1,103.51,Cancelled
507974,10941,4,2026-05-08,2026-06-27,Monthly,3,320.32,Expired
507975,18451,16,2026-08-29,2026-08-31,Monthly,3,341.16,Cancelled
507976,15850,24,2024-06-13,,Monthly,2,1829.35,Active
507977,17390,17,2025-07-04,,Annual,1,253.86,Active
507978,10165,13,2025-08-02,,Monthly,1,118.02,Active
507979,13566,4,2024-09-13,,Monthly,1,100.29,Active
507980,19709,9,2026-06-09,2026-07-15,Monthly,1,893.76,Cancelled
507981,19521,21,2025-01-18,,Monthly,2,1888.39,Active
507982,14592,9,2026-04-18,,Monthly,4,3381.62,Active
507983,15781,6,2026-08-31,,Monthly,1,869.36,Active
507984,18261,18,2024-10-04,2025-01-13,Monthly,1,904.93,Cancelled
507985,13491,15,2025-12-06,,Monthly,1,700.2,Active
507986,16463,12,2026-02-08,2026-08-31,Monthly,1,947.55,Expired
507987,13897,17,2024-10-26,,Monthly,1,247.64,Active
507988,15930,17,2025-01-15,,Monthly,1,296.49,Active
507989,16928,2,2025-06-25,,Monthly,1,319.06,Active
507990,10372,22,2026-05-22,2026-08-31,Monthly,1,95.12,Expired
507991,14446,12,2025-05-16,2026-06-12,Monthly,2,2089.88,Cancelled
507992,15711,5,2025-04-14,2026-03-31,Monthly,3,745.59,Cancelled
507993,16481,20,2024-08-26,,Monthly,2,551.92,Active
507994,14666,27,2025-06-03,2026-04-29,Annual,1,1068.1,Cancelled
507995,12670,3,2026-04-08,,Monthly,1,814.55,Active
507996,10939,4,2025-04-30,,Monthly,2,237.41,Active
507997,12146,6,2024-04-07,2024-10-09,Monthly,1,798.11,Cancelled
507998,18101,16,2024-12-25,,Monthly,2,238.62,Active
507999,15981,29,2024-10-27,,Monthly,1,262.68,Active
508000,18735,3,2025-10-14,2026-08-31,Monthly,2,1347.38,Expired
508001,13242,19,2026-04-07,,Annual,2,162.09,Active
508002,11326,9,2024-02-10,,Annual,1,915.34,Active
508003,18434,26,2025-07-08,,Monthly,3,821.54,Active
508004,16707,22,2025-11-27,2026-02-16,Monthly,1,109.63,Cancelled
508005,18557,14,2026-06-24,2026-08-31,Monthly,1,288.04,Cancelled
508006,10475,30,2025-03-12,2026-05-14,Annual,2,1629.34,Expired
508007,13311,5,2024-11-10,,Annual,1,272.79,Active
508008,13508,5,2025-02-03,,Annual,1,241.96,Active
508009,10842,19,2025-06-15,2026-08-31,Monthly,1,84.08,Expired
508010,18757,12,2025-02-16,,Monthly,1,977.01,Active
508011,13825,3,2024-09-15,,Monthly,1,800.4,Active
508012,19433,13,2025-10-10,,Monthly,1,114.65,Active
508013,11488,5,2025-10-07,,Monthly,2,450.78,Active
508014,10905,27,2026-03-29,,Monthly,1,994.22,Active
508015,19138,9,2024-10-10,,Annual,2,1616.7,Active
508016,12436,20,2024-05-16,,Monthly,1,279.08,Active
508017,17619,17,2026-02-02,,Monthly,3,734.1,Active
508018,17505,18,2026-08-31,,Monthly,3,2333.54,Active
508019,12320,2,2024-04-17,2024-10-29,Annual,4,1481.6,Expired
508020,15101,29,2024-12-30,2025-09-03,Monthly,3,886.23,Cancelled
508021,15628,12,2024-10-15,,Monthly,2,2087.12,Active
508022,12605,5,2026-08-03,,Monthly,4,939.24,Active
508023,13039,18,2026-01-09,,Monthly,1,815.04,Active
508024,15310,17,2026-04-25,,Annual,2,534.0,Active
508025,18246,15,2026-04-16,,Monthly,2,1584.71,Active
508026,18912,16,2024-12-21,,Monthly,1,103.77,Active
508027,19945,17,2024-07-12,,Monthly,3,914.19,Active
508028,13720,10,2026-08-31,,Monthly,1,109.72,Active
508029,16386,29,2024-10-26,2026-03-06,Annual,1,261.23,Cancelled
508030,11875,16,2026-05-17,,Monthly,1,99.85,Active
508031,11753,30,2025-08-17,2026-08-31,Monthly,3,2009.91,Cancelled
508032,10471,17,2026-03-24,2026-07-19,Monthly,2,536.76,Expired
508033,11761,26,2025-06-26,2026-08-31,Monthly,2,553.23,Cancelled
508034,15008,22,2025-07-04,,Monthly,3,339.79,Active
508035,15647,19,2024-12-23,2025-09-09,Monthly,1,83.61,Cancelled
508036,12620,25,2025-02-27,,Annual,2,197.97,Active
508037,16685,10,2025-06-03,,Annual,3,351.52,Active
508038,16454,4,2025-11-07,2026-03-19,Monthly,3,338.73,Cancelled
508039,19548,18,2025-12-28,2026-08-31,Monthly,1,874.77,Expired
508040,12631,8,2024-10-16,2026-02-16,Monthly,1,289.1,Cancelled
508041,12972,22,2025-03-28,,Monthly,1,105.54,Active
508042,15981,10,2024-12-31,2025-06-17,Annual,2,204.77,Cancelled
508043,12317,12,2025-10-30,,Annual,1,1114.49,Active
508044,13152,17,2025-04-15,,Monthly,1,245.24,Active
508045,16368,16,2025-04-11,2026-03-19,Monthly,4,439.67,Cancelled
508046,18865,22,2024-10-01,,Monthly,1,113.87,Active
508047,16047,15,2024-12-22,,Monthly,1,730.94,Active
508048,18619,26,2025-12-17,2026-08-31,Annual,2,554.59,Expired
508049,15587,24,2025-03-06,2026-01-19,Monthly,1,804.36,Cancelled
508050,15450,4,2024-11-03,2025-03-10,Monthly,4,474.91,Expired
508051,17039,4,2024-10-05,2025-12-23,Annual,2,243.13,Cancelled
508052,15111,19,2024-05-29,,Monthly,1,83.49,Active
508053,15408,26,2025-01-11,,Monthly,1,282.34,Active
508054,11554,9,2026-01-12,,Annual,1,887.31,Active
508055,10354,12,2025-08-19,,Annual,2,2304.91,Active
508056,17834,7,2024-08-06,,Monthly,1,100.09,Active
508057,12759,18,2026-05-02,,Monthly,2,1935.96,Active
508058,19738,16,2025-12-30,,Annual,1,106.46,Active
508059,18880,1,2026-03-29,,Monthly,1,120.58,Active
508060,10951,13,2026-02-21,2026-08-31,Monthly,2,213.63,Expired
508061,16800,14,2026-02-13,,Monthly,1,293.77,Active
508062,18306,20,2025-05-27,,Monthly,2,476.21,Active
508063,17055,17,2024-04-28,2025-06-13,Annual,1,263.05,Expired
508064,17287,16,2026-08-31,,Monthly,1,98.58,Active
508065,14915,22,2024-03-18,,Monthly,3,325.47,Active
508066,16562,10,2025-03-04,2026-01-18,Monthly,1,116.2,Cancelled
508067,14342,15,2024-12-19,2026-02-03,Monthly,1,814.94,Cancelled
508068,16182,10,2024-02-14,2024-04-19,Monthly,2,205.54,Expired
508069,18067,17,2025-06-05,,Monthly,1,267.54,Active
508070,10749,16,2025-04-11,2025-09-15,Monthly,1,100.86,Cancelled
508071,19333,20,2026-05-17,2026-08-31,Monthly,2,507.54,Cancelled
508072,19475,24,2025-04-08,,Monthly,2,1697.74,Active
508073,11381,18,2025-11-08,,Monthly,2,1778.8,Active
508074,12448,13,2026-01-05,,Annual,1,98.02,Active
508075,11339,23,2024-12-11,,Monthly,1,331.62,Active
508076,17618,21,2026-01-18,2026-06-06,Monthly,1,766.65,Cancelled
508077,10488,24,2025-08-02,,Monthly,1,839.85,Active
508078,12381,18,2025-12-04,,Annual,2,1877.45,Active
508079,12036,15,2025-09-30,,Monthly,1,801.88,Active
508080,16578,23,2026-03-23,,Monthly,1,314.71,Active
508081,18153,24,2024-08-21,2024-11-08,Monthly,1,755.39,Expired
508082,11951,30,2024-09-12,,Annual,1,829.63,Active
508083,15587,12,2025-06-19,,Monthly,1,1037.51,Active
508084,18354,9,2025-06-18,2026-04-14,Monthly,4,3450.25,Expired
508085,14233,28,2025-09-25,,Monthly,4,409.73,Active
508086,11252,4,2025-02-16,,Monthly,4,425.57,Active
508087,14987,9,2026-02-17,2026-08-31,Monthly,3,2675.61,Cancelled
508088,17211,26,2024-12-22,2025-12-09,Monthly,1,271.12,Cancelled
508089,18743,5,2026-04-25,2026-08-31,Annual,1,245.83,Cancelled
508090,12491,2,2026-08-31,2026-08-31,Monthly,3,1118.19,Expired
508091,18166,14,2024-07-19,2025-01-29,Monthly,1,267.13,Cancelled
508092,13384,18,2024-12-06,2025-07-22,Monthly,1,873.36,Cancelled
508093,17702,3,2025-08-17,2026-08-31,Monthly,2,1616.32,Expired
508094,16316,3,2024-02-24,,Monthly,1,706.81,Active
508095,11967,24,2026-02-15,2026-08-31,Monthly,1,897.06,Expired
508096,17301,26,2025-12-01,2026-06-09,Monthly,1,248.4,Cancelled
508097,16705,21,2025-06-10,,Annual,1,946.28,Active
508098,18569,8,2025-07-14,,Annual,1,310.25,Active
508099,13211,29,2025-10-30,,Monthly,1,293.29,Active
508100,11141,25,2025-01-21,,Monthly,1,116.51,Active
508101,14704,11,2026-08-31,2026-08-31,Annual,2,614.02,Cancelled
508102,19027,13,2026-02-17,,Annual,1,106.73,Active
508103,11439,9,2026-08-31,2026-08-31,Monthly,1,928.76,Cancelled
508104,12739,17,2026-04-22,2026-08-31,Monthly,1,303.89,Cancelled
508105,14889,5,2026-02-23,2026-08-31,Monthly,4,1033.74,Expired
508106,18365,22,2024-08-30,2026-01-17,Monthly,1,98.8,Cancelled
508107,19396,12,2026-08-31,2026-08-31,Monthly,3,3303.26,Expired
508108,19921,28,2025-09-21,2026-08-31,Annual,2,190.92,Cancelled
508109,16708,1,2024-08-05,2025-11-27,Monthly,1,98.52,Cancelled
508110,10196,25,2025-12-01,,Monthly,2,225.68,Active
508111,10294,29,2024-08-18,,Monthly,1,281.69,Active
508112,19856,27,2024-10-26,2025-08-12,Monthly,1,888.64,Cancelled
508113,18484,17,2026-05-04,2026-08-31,Monthly,1,286.13,Cancelled
508114,16050,23,2026-02-13,,Monthly,5,1590.1,Active
508115,16642,9,2025-03-31,2025-09-04,Monthly,1,928.58,Cancelled
508116,13128,18,2024-04-13,,Monthly,1,852.0,Active
508117,14305,16,2024-11-09,2026-01-08,Monthly,1,111.57,Cancelled
508118,18140,11,2026-06-29,,Monthly,2,591.15,Active
508119,14364,20,2024-03-10,,Monthly,6,1466.63,Active
508120,11524,24,2025-12-15,2026-08-31,Monthly,3,2478.9,Cancelled
508121,17669,22,2026-08-31,2026-08-31,Monthly,1,105.15,Cancelled
508122,13702,7,2024-04-10,2025-04-13,Monthly,2,209.93,Cancelled
508123,12666,11,2024-05-06,,Monthly,1,294.69,Active
508124,13480,13,2025-09-30,2026-08-31,Monthly,1,112.95,Expired
508125,13912,24,2025-06-26,,Monthly,1,904.74,Active
508126,17201,16,2024-11-06,2025-06-26,Monthly,2,218.12,Expired
508127,17802,29,2024-11-29,,Monthly,1,278.45,Active
508128,17645,30,2025-08-15,,Annual,1,702.09,Active
508129,18820,30,2024-11-25,2026-01-13,Monthly,1,689.81,Expired
508130,12726,14,2025-07-31,2026-07-22,Monthly,1,297.2,Cancelled
508131,18416,20,2026-06-05,2026-08-31,Annual,2,486.2,Cancelled
508132,16825,20,2026-05-18,,Monthly,1,286.58,Active
508133,15927,6,2024-05-09,,Annual,1,859.86,Active
508134,11224,29,2025-10-10,2026-08-31,Monthly,4,1163.33,Cancelled
508135,18504,9,2026-06-07,2026-08-31,Monthly,2,1920.1,Expired
508136,19384,16,2025-08-06,2026-05-12,Annual,3,293.52,Expired
508137,17118,23,2024-11-10,,Monthly,1,373.48,Active
508138,12721,4,2025-06-21,,Monthly,1,111.42,Active
508139,18280,3,2024-09-08,2025-03-20,Monthly,1,727.36,Cancelled
508140,19762,3,2026-04-25,,Annual,3,2236.2,Active
508141,12743,26,2026-05-01,2026-08-31,Monthly,3,699.69,Cancelled
508142,15169,15,2024-12-30,,Monthly,1,808.5,Active
508143,10661,18,2026-06-14,,Monthly,2,1905.39,Active
508144,18479,29,2025-04-04,2025-07-22,Annual,1,271.01,Expired
508145,19705,24,2024-06-11,2025-03-08,Annual,1,756.44,Expired
508146,14854,2,2026-02-05,2026-08-31,Monthly,1,302.27,Expired
508147,17315,20,2025-05-11,,Monthly,1,274.9,Active
508148,19377,25,2025-06-27,,Monthly,1,96.29,Active
508149,18640,1,2024-05-24,2025-03-22,Monthly,1,113.25,Cancelled
508150,10802,22,2025-10-23,2026-08-31,Monthly,2,229.73,Expired
508151,16430,17,2025-12-14,,Monthly,1,248.46,Active
508152,12866,8,2025-11-27,,Monthly,1,292.46,Active
508153,13609,6,2025-01-30,,Monthly,1,742.84,Active
508154,16509,6,2025-04-02,,Monthly,1,892.96,Active
508155,14834,4,2024-07-17,,Monthly,2,195.78,Active
508156,10047,9,2025-03-26,,Monthly,1,913.02,Active
508157,17023,18,2026-08-31,2026-08-31,Annual,2,1879.37,Cancelled
508158,19227,11,2026-08-31,2026-08-31,Annual,1,363.49,Cancelled
508159,16212,17,2026-03-20,,Monthly,1,249.19,Active
508160,17321,20,2024-11-13,2025-01-30,Monthly,1,258.49,Cancelled
508161,10251,11,2025-05-12,,Monthly,1,324.68,Active
508162,10827,15,2026-08-31,2026-08-31,Monthly,2,1439.21,Expired
508163,16573,11,2026-07-02,2026-08-31,Monthly,1,302.09,Expired
508164,19422,5,2025-11-11,,Monthly,2,489.36,Active
508165,14297,3,2025-08-05,,Annual,2,1587.49,Active
508166,11000,4,2025-07-10,,Annual,2,205.07,Active
508167,18016,29,2025-12-22,,Monthly,1,258.83,Active
508168,13260,5,2025-04-09,,Monthly,1,223.38,Active
508169,18422,26,2026-08-31,,Monthly,1,272.57,Active
508170,17728,14,2026-08-31,,Annual,1,312.43,Active
508171,16708,10,2024-05-30,2024-06-29,Annual,2,220.55,Cancelled
508172,10568,6,2025-08-26,2026-01-18,Monthly,1,829.75,Cancelled
508173,13980,26,2025-04-02,,Monthly,1,233.28,Active
508174,10254,5,2025-01-01,2025-07-22,Annual,1,256.57,Cancelled
508175,17782,21,2025-06-14,2026-04-21,Annual,3,2636.98,Cancelled
508176,18083,25,2025-12-19,,Monthly,5,497.08,Active
508177,19467,5,2026-08-31,,Monthly,2,553.82,Active
508178,13555,17,2025-10-04,,Annual,1,273.78,Active
508179,12006,7,2024-11-09,,Monthly,1,103.04,Active
508180,17759,16,2026-05-28,2026-08-31,Monthly,3,352.15,Cancelled
508181,18225,12,2024-11-20,2025-10-15,Monthly,3,3195.29,Expired
508182,19779,21,2025-10-06,2025-11-16,Monthly,2,1689.78,Cancelled
508183,10429,20,2025-06-12,2026-02-03,Annual,1,229.48,Cancelled
508184,10014,9,2025-07-31,2026-08-31,Monthly,1,879.57,Expired
508185,12427,16,2026-02-19,,Monthly,1,121.02,Active
508186,11572,22,2026-07-07,,Monthly,5,534.75,Active
508187,18957,24,2026-02-21,2026-08-31,Annual,1,883.18,Cancelled
508188,12237,12,2025-03-18,2026-04-13,Monthly,3,3302.98,Cancelled
508189,10627,2,2025-07-31,2025-10-03,Monthly,1,373.41,Cancelled
508190,12223,22,2025-07-17,2026-08-27,Monthly,2,233.83,Cancelled
508191,10977,5,2026-06-10,,Monthly,2,513.1,Active
508192,12363,24,2024-07-23,2025-04-16,Monthly,1,754.99,Expired
508193,12250,20,2024-08-29,2026-02-03,Annual,2,566.78,Cancelled
508194,11050,25,2026-07-26,2026-08-31,Monthly,2,235.52,Cancelled
508195,15504,22,2026-08-04,2026-08-31,Monthly,3,316.44,Expired
508196,19010,17,2024-08-09,2025-02-24,Monthly,2,499.62,Cancelled
508197,15574,7,2024-10-29,,Annual,1,103.15,Active
508198,13647,30,2025-12-28,,Monthly,3,2296.21,Active
508199,14560,27,2024-07-25,,Monthly,2,1889.27,Active
508200,18477,9,2026-08-31,,Monthly,1,973.07,Active
508201,19437,22,2026-03-16,2026-08-31,Monthly,4,392.92,Expired
508202,14913,15,2025-05-05,2025-11-20,Monthly,1,827.38,Expired
508203,10702,6,2026-04-04,,Annual,5,4314.08,Active
508204,17167,18,2025-10-23,,Annual,3,2610.33,Active
508205,19159,22,2026-08-31,,Monthly,5,474.0,Active
508206,13873,28,2024-08-30,,Annual,4,462.73,Active
508207,10228,7,2026-08-17,,Monthly,3,322.55,Active
508208,19801,22,2024-10-13,,Monthly,1,101.53,Active
508209,10599,5,2025-01-08,2025-06-12,Monthly,1,251.51,Expired
508210,17512,6,2025-02-17,2026-07-26,Monthly,1,883.07,Expired
508211,10836,29,2025-10-18,2026-08-31,Monthly,3,841.27,Cancelled
508212,13963,28,2026-01-31,2026-08-31,Monthly,3,318.41,Expired
508213,18183,3,2025-07-15,2025-12-05,Monthly,4,3106.55,Cancelled
508214,10834,17,2025-03-28,2025-11-06,Annual,1,249.01,Cancelled
508215,15415,9,2024-05-14,,Monthly,1,988.36,Active
508216,10061,13,2026-08-06,,Monthly,3,309.38,Active
508217,15613,11,2026-08-21,,Monthly,1,321.32,Active
508218,11797,21,2024-11-26,2025-11-13,Monthly,3,2752.33,Cancelled
508219,14779,19,2026-04-18,,Monthly,4,304.13,Active
508220,12446,5,2025-06-03,2026-05-29,Monthly,3,706.69,Expired
508221,15322,28,2025-07-08,,Monthly,1,108.1,Active
508222,18599,23,2026-01-06,,Annual,3,1086.02,Active
508223,11011,12,2025-06-10,,Monthly,2,2107.57,Active
508224,16352,12,2024-07-09,,Annual,2,2336.25,Active
508225,18903,21,2026-03-02,2026-08-31,Monthly,2,1622.97,Cancelled
508226,18699,26,2026-02-26,2026-08-31,Monthly,3,840.4,Expired
508227,15813,12,2025-02-02,,Monthly,1,1141.9,Active
508228,15707,22,2024-07-26,,Monthly,1,99.14,Active
508229,14268,26,2024-04-24,,Annual,1,276.93,Active
508230,19350,5,2026-06-24,,Monthly,4,879.08,Active
508231,14803,26,2025-11-11,,Monthly,1,251.78,Active
508232,15090,26,2024-06-13,,Annual,2,518.11,Active
508233,19812,21,2024-05-20,,Monthly,2,1821.04,Active
508234,18560,27,2026-03-09,2026-08-31,Monthly,1,1026.45,Cancelled
508235,17085,10,2024-05-19,,Annual,1,120.55,Active
508236,18636,24,2024-09-27,,Monthly,1,786.1,Active
508237,17452,5,2026-07-02,,Monthly,1,241.63,Active
508238,13794,28,2025-07-19,2025-11-11,Monthly,1,104.04,Cancelled
508239,18725,12,2025-09-09,2026-08-31,Monthly,3,3505.86,Expired
508240,19752,11,2024-11-03,,Monthly,3,938.11,Active
508241,19363,16,2024-02-29,,Annual,1,101.43,Active
508242,13610,12,2025-12-02,,Monthly,1,1057.18,Active
508243,11746,11,2025-07-21,2026-03-17,Annual,3,879.12,Expired
508244,17907,1,2025-08-05,2025-09-25,Monthly,1,102.47,Expired
508245,19017,9,2025-12-14,,Annual,1,853.51,Active
508246,10327,30,2025-03-22,,Monthly,2,1474.71,Active
508247,18932,8,2025-12-04,,Annual,3,892.99,Active
508248,13246,26,2026-06-08,,Monthly,2,542.13,Active
508249,18822,21,2026-08-31,,Monthly,1,957.26,Active
508250,19703,19,2024-09-24,2025-05-09,Monthly,1,80.28,Expired
508251,15798,26,2024-10-24,,Monthly,1,281.15,Active
508252,10609,28,2025-08-12,,Annual,2,229.06,Active
508253,11327,16,2026-08-31,2026-08-31,Monthly,3,319.8,Expired
508254,19929,26,2025-04-30,2026-04-10,Monthly,1,268.46,Cancelled
508255,16744,22,2025-09-20,,Monthly,1,96.1,Active
508256,13621,8,2024-12-10,2025-07-07,Monthly,1,317.5,Expired
508257,17498,7,2026-06-30,,Monthly,1,109.35,Active
508258,14914,7,2024-09-16,,Monthly,1,115.31,Active
508259,10472,4,2026-08-05,,Monthly,2,194.54,Active
508260,18886,4,2026-01-18,,Annual,1,105.69,Active
508261,18354,9,2025-06-29,2025-11-12,Monthly,2,1867.12,Expired
508262,12782,28,2026-06-30,,Annual,2,200.09,Active
508263,17377,5,2026-01-18,,Monthly,1,267.01,Active
508264,18943,20,2026-02-07,,Annual,1,244.84,Active
508265,11390,4,2025-11-25,,Monthly,1,100.51,Active
508266,12549,19,2024-05-19,,Monthly,1,75.6,Active
508267,13141,18,2025-03-22,,Monthly,1,921.54,Active
508268,12150,17,2026-08-31,,Monthly,1,260.36,Active
508269,16736,6,2026-08-23,,Monthly,1,910.53,Active
508270,19996,2,2025-06-22,,Monthly,2,695.6,Active
508271,10051,19,2024-09-05,,Monthly,3,225.25,Active
508272,11510,3,2024-09-20,2025-11-28,Annual,1,695.86,Cancelled
508273,16784,19,2025-06-29,,Annual,2,182.26,Active
508274,18900,29,2025-02-10,2025-08-11,Monthly,1,271.52,Expired
508275,14719,1,2026-08-31,,Monthly,3,296.93,Active
508276,13143,25,2026-06-17,,Monthly,1,93.87,Active
508277,17169,28,2025-03-28,2025-06-02,Monthly,1,96.69,Expired
508278,11672,17,2026-07-11,,Monthly,3,782.98,Active
508279,19294,3,2024-05-30,,Monthly,2,1398.1,Active
508280,14123,17,2026-06-06,2026-08-11,Monthly,1,243.5,Cancelled
508281,19561,2,2024-05-27,2025-09-03,Monthly,2,676.85,Expired
508282,16432,17,2026-08-10,2026-08-31,Monthly,1,293.12,Expired
508283,16271,27,2026-06-26,2026-08-31,Monthly,1,914.28,Expired
508284,13162,11,2026-01-28,2026-08-31,Monthly,3,989.73,Cancelled
508285,19848,7,2024-11-25,,Monthly,1,116.37,Active
508286,12327,21,2026-06-15,,Monthly,1,787.19,Active
508287,13284,16,2026-08-31,,Monthly,1,109.33,Active
508288,11409,9,2024-02-02,2024-06-20,Monthly,3,2821.58,Cancelled
508289,19378,18,2026-08-31,,Monthly,1,855.77,Active
508290,10743,8,2024-07-10,,Monthly,1,272.42,Active
508291,14542,3,2025-12-12,,Annual,1,776.16,Active
508292,14922,2,2024-10-14,,Monthly,1,348.14,Active
508293,18811,5,2026-07-19,,Monthly,1,252.3,Active
508294,13874,30,2024-11-18,2025-04-24,Monthly,2,1539.43,Expired
508295,16429,12,2025-10-28,,Monthly,4,4500.37,Active
508296,11150,9,2024-06-09,2025-07-26,Monthly,2,1861.77,Cancelled
508297,17722,14,2024-11-20,,Monthly,2,540.9,Active
508298,15542,18,2024-11-28,,Monthly,1,927.53,Active
508299,16426,19,2026-02-23,,Monthly,2,180.6,Active
508300,14468,15,2024-12-16,,Monthly,1,690.03,Active
508301,18941,24,2025-12-28,,Monthly,2,1705.53,Active
508302,19871,25,2024-12-21,2026-03-31,Monthly,2,218.57,Expired
508303,18780,16,2024-06-20,2025-03-04,Monthly,3,355.72,Expired
508304,12707,25,2025-05-11,,Annual,5,538.17,Active
508305,11689,5,2024-08-16,,Monthly,1,235.72,Active
508306,19977,27,2026-08-31,,Annual,3,3007.01,Active
508307,15282,20,2025-11-27,2026-08-31,Monthly,1,274.55,Cancelled
508308,16894,27,2025-10-15,,Monthly,2,1900.81,Active
508309,14739,16,2024-12-07,2025-02-21,Monthly,3,355.65,Cancelled
508310,12592,7,2024-06-23,,Monthly,2,217.25,Active
508311,12166,17,2026-08-17,,Monthly,2,503.97,Active
508312,17870,20,2024-11-04,2025-02-19,Monthly,2,566.96,Cancelled
508313,12398,23,2025-11-17,,Monthly,1,356.89,Active
508314,16976,10,2026-08-31,,Monthly,1,108.94,Active
508315,19891,28,2025-10-12,,Monthly,2,210.99,Active
508316,11874,21,2026-01-14,,Monthly,2,1649.2,Active
508317,18212,11,2025-02-21,,Monthly,3,955.47,Active
508318,11086,15,2026-08-31,,Monthly,2,1661.48,Active
508319,13921,20,2025-04-22,2026-08-17,Monthly,3,727.48,Cancelled
508320,10028,7,2025-01-27,,Annual,2,200.18,Active
508321,12044,24,2026-08-31,2026-08-31,Annual,1,903.77,Expired
508322,16563,1,2026-02-18,,Monthly,1,117.88,Active
508323,13399,8,2025-12-28,2026-07-27,Monthly,2,547.79,Expired
508324,18923,28,2025-11-07,,Annual,3,289.85,Active
508325,13215,18,2024-08-18,,Monthly,1,978.66,Active
508326,15626,9,2024-04-21,,Annual,2,1867.37,Active
508327,18505,29,2024-10-01,2025-07-05,Monthly,1,300.71,Cancelled
508328,18439,8,2025-08-15,2026-03-17,Monthly,2,572.69,Cancelled
508329,13205,23,2025-03-17,,Monthly,1,351.35,Active
508330,19560,21,2024-07-26,,Monthly,1,915.94,Active
508331,15907,1,2025-03-13,,Monthly,1,107.52,Active
508332,14538,17,2025-12-14,2026-04-10,Monthly,1,278.75,Cancelled
508333,18922,13,2024-06-04,2025-03-24,Monthly,3,308.62,Cancelled
508334,18410,17,2026-01-13,2026-05-29,Monthly,1,260.26,Cancelled
508335,16209,11,2024-07-02,2024-08-24,Monthly,1,295.92,Cancelled
508336,11120,25,2024-06-16,,Monthly,1,95.52,Active
508337,19569,27,2024-10-31,,Annual,2,2143.08,Active
508338,14186,14,2026-02-02,2026-04-09,Monthly,1,313.01,Cancelled
508339,10337,14,2024-06-02,,Monthly,3,967.13,Active
508340,15914,11,2026-08-31,,Monthly,2,710.65,Active
508341,19568,4,2025-02-26,2025-08-23,Monthly,1,108.15,Cancelled
508342,12927,21,2026-04-22,2026-08-31,Annual,5,3906.6,Expired
508343,19505,20,2026-08-31,,Monthly,2,567.23,Active
508344,12361,23,2026-02-04,2026-07-22,Monthly,1,313.74,Cancelled
508345,15095,29,2026-05-01,2026-08-02,Monthly,2,593.7,Expired
508346,11276,7,2025-10-12,2026-08-13,Annual,1,114.36,Cancelled
508347,18741,18,2026-08-31,,Monthly,1,807.84,Active
508348,14330,12,2026-08-21,,Monthly,1,1086.53,Active
508349,19293,5,2026-04-29,,Monthly,1,240.96,Active
508350,14044,26,2024-08-29,2025-05-25,Monthly,2,462.22,Cancelled
508351,19285,26,2026-02-09,2026-08-31,Monthly,1,240.93,Cancelled
508352,11164,6,2026-03-13,,Annual,4,3150.6,Active
508353,16791,9,2025-09-24,,Monthly,1,988.06,Active
508354,12308,18,2025-01-15,,Monthly,3,2422.38,Active
508355,19082,7,2025-08-29,2026-08-31,Annual,3,346.58,Cancelled
508356,13782,12,2026-08-31,,Monthly,1,1122.44,Active
508357,11893,26,2024-08-18,2024-11-11,Monthly,2,522.99,Cancelled
508358,18315,26,2024-12-06,2025-10-27,Monthly,2,457.77,Expired
508359,15513,23,2025-06-10,,Monthly,1,365.89,Active
508360,13960,19,2026-05-11,,Monthly,1,72.29,Active
508361,19093,27,2026-08-31,2026-08-31,Monthly,1,1111.51,Expired
508362,18490,24,2024-02-15,2025-05-12,Monthly,1,786.16,Expired
508363,19996,21,2025-08-25,2026-07-10,Monthly,2,1581.22,Cancelled
508364,19489,2,2025-07-31,2026-08-31,Monthly,1,346.88,Cancelled
508365,18654,22,2025-03-30,2025-10-23,Annual,1,96.79,Cancelled
508366,18748,21,2025-06-22,,Monthly,1,771.01,Active
508367,10370,12,2025-08-27,2025-10-12,Monthly,1,1190.7,Cancelled
508368,15652,27,2025-01-01,,Monthly,1,1040.14,Active
508369,19994,5,2025-07-08,,Monthly,1,252.05,Active
508370,15384,25,2026-02-16,2026-08-31,Annual,2,189.83,Cancelled
508371,17884,3,2025-03-12,,Annual,1,732.31,Active
508372,16637,1,2025-06-11,,Annual,1,118.77,Active
508373,19636,7,2026-03-18,2026-08-31,Monthly,1,103.77,Cancelled
508374,10281,11,2026-08-31,2026-08-31,Monthly,1,361.41,Cancelled
508375,17216,4,2024-09-16,2025-08-04,Monthly,2,234.56,Expired
508376,13450,23,2024-12-16,,Monthly,1,363.14,Active
508377,11276,25,2025-09-07,,Monthly,1,105.57,Active
508378,17209,19,2025-05-20,,Monthly,2,166.54,Active
508379,18207,17,2025-01-13,,Monthly,1,248.85,Active
508380,13189,24,2024-04-19,,Monthly,2,1601.4,Active
508381,15148,15,2025-12-21,2026-08-31,Monthly,1,730.45,Cancelled
508382,14470,30,2025-01-06,,Monthly,1,832.09,Active
508383,13176,12,2026-04-09,,Monthly,1,1077.76,Active
508384,14351,6,2025-01-28,2025-07-24,Annual,1,902.25,Expired
508385,10460,23,2024-05-08,2025-04-04,Monthly,1,313.73,Cancelled
508386,19280,12,2026-04-28,,Monthly,3,3010.44,Active
508387,11987,2,2026-04-05,,Monthly,2,658.56,Active
508388,17090,24,2026-08-12,,Monthly,2,1707.02,Active
508389,11725,4,2026-03-18,,Monthly,4,388.96,Active
508390,11106,13,2026-08-31,,Monthly,3,294.84,Active
508391,10125,29,2025-10-13,,Annual,1,324.08,Active
508392,16697,20,2026-07-04,,Monthly,1,271.01,Active
508393,14909,4,2026-01-19,,Monthly,1,97.86,Active
508394,10994,16,2025-02-03,,Monthly,1,111.25,Active
508395,11907,7,2025-09-18,2025-10-21,Monthly,1,97.17,Cancelled
508396,18656,12,2024-10-21,2025-08-02,Monthly,1,988.02,Cancelled
508397,13494,5,2024-06-13,,Monthly,1,224.49,Active
508398,15834,14,2025-10-01,2026-06-16,Monthly,2,593.29,Cancelled
508399,17344,4,2026-08-31,,Monthly,1,114.73,Active
508400,16512,19,2024-04-12,,Monthly,1,86.4,Active
508401,11742,22,2024-11-25,2025-11-28,Monthly,1,94.12,Expired
508402,18718,28,2024-01-06,,Monthly,2,232.75,Active
508403,13017,25,2025-12-30,,Annual,2,214.66,Active
508404,19848,20,2024-11-16,,Annual,4,1028.91,Active
508405,13133,19,2024-06-22,2024-08-16,Monthly,1,86.54,Cancelled
508406,17382,1,2024-08-16,2025-09-30,Annual,1,109.41,Expired
508407,16175,13,2024-08-26,,Monthly,4,488.17,Active
508408,15371,25,2025-10-01,2025-12-06,Monthly,1,106.67,Expired
508409,19525,8,2025-09-24,2026-08-31,Monthly,1,273.68,Expired
508410,10998,27,2025-11-05,,Monthly,2,2070.88,Active
508411,18341,4,2026-04-05,2026-08-31,Monthly,2,196.35,Cancelled
508412,19953,11,2025-01-20,2025-08-03,Monthly,1,313.8,Cancelled
508413,11708,19,2026-08-31,,Monthly,2,158.09,Active
508414,15594,30,2025-12-08,2026-04-28,Monthly,1,681.65,Expired
508415,15912,22,2026-04-10,,Monthly,3,339.96,Active
508416,15862,14,2026-05-04,,Monthly,3,848.91,Active
508417,16701,28,2026-03-14,2026-08-31,Monthly,3,321.89,Cancelled
508418,17811,28,2025-02-15,,Monthly,1,98.79,Active
508419,12712,17,2026-04-14,2026-08-31,Monthly,2,572.58,Cancelled
508420,17707,1,2024-10-09,2025-08-26,Monthly,1,121.91,Expired
508421,10010,9,2025-11-08,,Monthly,1,862.54,Active
508422,15163,16,2026-08-04,,Monthly,2,227.3,Active
508423,15348,8,2025-01-14,,Annual,2,588.27,Active
508424,17186,6,2025-02-22,,Monthly,3,2472.86,Active
508425,18752,20,2025-08-28,,Monthly,1,258.68,Active
508426,10800,6,2025-10-23,,Monthly,1,881.87,Active
508427,10887,1,2026-08-06,,Monthly,4,471.73,Active
508428,11384,13,2025-01-11,,Monthly,2,227.89,Active
508429,13460,20,2024-05-23,,Monthly,3,769.74,Active
508430,15367,15,2024-10-23,2025-05-20,Monthly,2,1646.84,Expired
508431,13376,29,2025-07-24,,Annual,1,311.5,Active
508432,12737,26,2025-11-05,,Annual,1,229.55,Active
508433,15783,29,2024-08-10,2025-08-04,Monthly,1,265.51,Cancelled
508434,15051,29,2025-08-27,2026-04-03,Monthly,4,1232.99,Cancelled
508435,12637,17,2026-08-31,,Annual,2,537.4,Active
508436,14664,27,2026-05-16,,Annual,1,1028.06,Active
508437,17766,14,2024-07-28,,Monthly,2,621.43,Active
508438,12631,4,2024-09-16,,Monthly,1,119.35,Active
508439,14439,9,2026-03-27,,Monthly,1,870.97,Active
508440,11900,15,2025-08-25,2026-08-31,Monthly,3,2181.07,Cancelled
508441,18141,10,2025-11-06,,Monthly,2,197.43,Active
508442,18715,11,2026-08-31,,Monthly,2,678.38,Active
508443,17175,10,2024-11-30,2025-11-29,Monthly,2,215.26,Expired
508444,11601,5,2024-05-17,2025-05-21,Monthly,3,777.48,Cancelled
508445,14880,20,2025-07-16,2026-07-13,Monthly,1,233.05,Expired
508446,11918,23,2024-03-10,,Monthly,2,679.88,Active
508447,15587,5,2025-05-19,,Annual,2,450.4,Active
508448,17757,7,2025-03-24,2026-06-04,Annual,3,311.35,Expired
508449,15854,4,2024-07-19,2025-01-01,Monthly,5,526.86,Cancelled
508450,12081,2,2025-02-21,,Annual,1,307.42,Active
508451,17184,28,2024-10-04,2024-11-11,Annual,2,211.84,Expired
508452,15544,3,2025-06-09,,Monthly,1,657.09,Active
508453,18901,8,2026-04-01,,Monthly,3,803.45,Active
508454,10159,7,2024-05-15,2024-08-15,Monthly,1,106.02,Expired
508455,18589,17,2025-06-18,2026-05-25,Monthly,1,269.22,Cancelled
508456,10299,22,2024-12-19,2025-07-05,Monthly,1,114.91,Cancelled
508457,17583,4,2025-05-24,,Monthly,1,98.7,Active
508458,15617,19,2025-03-16,2025-06-07,Monthly,3,223.59,Cancelled
508459,13853,8,2024-06-12,,Monthly,1,292.91,Active
508460,15999,12,2025-05-18,,Annual,1,1082.95,Active
508461,18093,15,2026-08-31,2026-08-31,Monthly,2,1399.96,Cancelled
508462,12789,28,2024-09-16,2025-08-09,Annual,1,95.13,Cancelled
508463,19736,11,2025-07-13,2026-08-27,Annual,2,675.7,Cancelled
508464,17222,21,2025-04-12,2025-12-26,Monthly,1,919.02,Expired
508465,13233,6,2024-08-10,,Monthly,1,877.49,Active
508466,18387,20,2025-04-01,,Monthly,2,581.25,Active
508467,16577,15,2026-07-21,2026-08-31,Monthly,3,2473.54,Cancelled
508468,18998,15,2024-01-27,2024-06-29,Monthly,2,1603.93,Expired
508469,17499,6,2024-11-25,,Annual,1,818.21,Active
508470,17269,9,2024-09-04,,Monthly,1,987.08,Active
508471,17743,6,2026-05-16,,Monthly,4,3262.95,Active
508472,19458,4,2024-08-28,,Monthly,2,226.34,Active
508473,16530,16,2025-10-03,,Monthly,2,237.86,Active
508474,19846,8,2025-04-04,2025-11-02,Monthly,2,606.05,Expired
508475,13911,11,2025-11-02,,Monthly,1,323.43,Active
508476,13806,27,2025-09-04,2025-11-20,Monthly,2,1837.57,Cancelled
508477,16248,19,2024-09-11,,Monthly,1,79.28,Active
508478,10728,12,2024-03-14,,Annual,2,2052.8,Active
508479,13617,10,2025-03-27,,Monthly,1,114.1,Active
508480,19714,13,2026-03-31,,Monthly,1,116.47,Active
508481,19329,11,2026-05-01,,Annual,1,346.73,Active
508482,14859,20,2026-07-02,,Annual,1,251.74,Active
508483,18304,10,2025-02-16,2026-07-06,Monthly,1,117.34,Expired
508484,19200,24,2024-07-08,2025-01-22,Annual,1,931.66,Expired
508485,10111,19,2025-04-13,2025-09-12,Monthly,2,168.62,Cancelled
508486,10525,19,2026-05-23,2026-08-31,Monthly,1,91.05,Expired
508487,13736,10,2026-02-09,,Annual,1,104.45,Active
508488,14003,20,2026-08-31,2026-08-31,Monthly,3,851.25,Cancelled
508489,15055,25,2024-12-09,2025-09-27,Monthly,1,115.95,Cancelled
508490,13246,10,2026-04-13,,Monthly,1,124.93,Active
508491,17370,16,2024-09-21,2025-12-30,Annual,1,117.85,Expired
508492,14303,10,2026-06-23,,Monthly,1,106.55,Active
508493,16077,13,2026-01-20,,Monthly,1,112.65,Active
508494,18540,5,2026-08-31,2026-08-31,Annual,2,525.67,Expired
508495,19284,2,2025-04-23,,Monthly,1,367.59,Active
508496,16150,1,2026-04-14,2026-07-18,Monthly,2,203.87,Cancelled
508497,17474,21,2025-11-02,2026-08-31,Monthly,2,1914.13,Expired
508498,17757,6,2025-07-05,,Monthly,1,828.64,Active
508499,16418,24,2026-08-31,,Monthly,3,2823.93,Active
508500,17744,19,2026-01-16,2026-06-27,Monthly,2,151.98,Expired
508501,16881,28,2026-08-31,2026-08-31,Monthly,2,225.84,Expired
508502,16385,30,2025-02-28,,Monthly,1,760.26,Active
508503,19093,10,2026-08-31,2026-08-31,Monthly,2,213.32,Cancelled
508504,10954,7,2025-06-30,,Monthly,1,98.08,Active
508505,15060,15,2025-03-08,,Annual,2,1329.12,Active
508506,15669,20,2025-07-06,2026-08-31,Monthly,1,263.56,Cancelled
508507,15415,16,2024-05-11,,Monthly,2,200.68,Active
508508,12251,10,2024-05-24,,Annual,1,120.6,Active
508509,18045,13,2025-01-10,2026-05-29,Annual,1,100.67,Expired
508510,10259,14,2025-03-16,,Monthly,2,562.23,Active
508511,12372,5,2024-11-12,,Monthly,1,243.64,Active
508512,13097,4,2024-04-30,,Monthly,2,230.46,Active
508513,14915,25,2024-03-27,2025-05-28,Monthly,1,96.04,Expired
508514,15909,13,2025-05-31,,Monthly,4,412.46,Active
508515,17801,13,2025-05-23,2025-11-02,Annual,2,234.67,Cancelled
508516,17131,1,2025-01-05,,Annual,1,119.72,Active
508517,17431,29,2025-02-17,,Monthly,2,517.28,Active
508518,18282,1,2024-08-20,,Monthly,3,321.26,Active
508519,19271,24,2025-06-10,,Monthly,1,938.55,Active
508520,16815,28,2025-06-02,2026-07-30,Monthly,2,213.49,Expired
508521,18191,4,2024-07-17,,Annual,1,115.77,Active
508522,19993,26,2024-06-01,2025-11-09,Monthly,1,239.57,Expired
508523,11702,23,2026-04-14,,Monthly,2,749.72,Active
508524,18768,10,2026-08-04,,Monthly,1,125.28,Active
508525,18855,3,2024-12-09,2025-09-20,Monthly,1,651.52,Expired
508526,16090,11,2026-02-04,2026-08-06,Monthly,2,662.2,Cancelled
508527,16858,10,2024-09-30,,Monthly,1,123.13,Active
508528,17946,29,2025-10-17,,Monthly,6,1639.23,Active
508529,11718,16,2025-01-08,2025-09-10,Monthly,2,212.14,Cancelled
508530,12708,6,2026-07-09,2026-08-31,Monthly,1,794.28,Cancelled
508531,13405,5,2024-11-12,,Monthly,2,543.45,Active
508532,17388,11,2026-03-06,2026-08-31,Annual,1,361.61,Cancelled
508533,11217,29,2026-01-03,,Annual,2,554.59,Active
508534,15021,22,2025-01-12,,Monthly,1,108.43,Active
508535,19531,2,2024-12-04,,Monthly,1,304.17,Active
508536,15142,17,2024-05-11,,Monthly,5,1425.0,Active
508537,15049,29,2025-02-27,,Monthly,1,314.2,Active
508538,17415,21,2024-08-31,,Monthly,1,787.46,Active
508539,15396,3,2026-04-14,2026-08-31,Monthly,1,775.41,Cancelled
508540,13562,2,2024-05-29,,Annual,2,704.77,Active
508541,11221,13,2025-10-23,2026-08-31,Annual,1,100.72,Cancelled
508542,12221,3,2025-08-04,,Monthly,3,2107.45,Active
508543,14618,8,2025-01-11,2026-03-10,Monthly,1,277.55,Cancelled
508544,18759,16,2025-01-12,,Monthly,1,104.69,Active
508545,18647,24,2024-12-12,2025-06-28,Monthly,1,820.04,Expired
508546,10640,18,2026-03-23,2026-08-31,Monthly,2,1687.89,Expired
508547,18184,29,2025-09-30,2026-06-11,Annual,4,1073.91,Cancelled
508548,10525,28,2026-07-13,,Monthly,1,112.53,Active
508549,17875,14,2026-08-16,2026-08-31,Monthly,1,303.98,Cancelled
508550,10540,1,2024-10-15,,Monthly,1,109.67,Active
508551,17129,17,2025-02-02,,Monthly,4,977.48,Active
508552,11971,8,2026-05-20,2026-08-31,Monthly,1,284.45,Expired
508553,17910,27,2025-10-17,,Monthly,1,910.43,Active
508554,10201,16,2025-01-27,2025-05-15,Monthly,1,119.09,Expired
508555,18371,9,2025-03-05,,Monthly,1,936.57,Active
508556,15799,25,2025-11-15,,Monthly,1,99.01,Active
508557,16560,24,2025-09-23,2026-05-20,Annual,3,2373.43,Cancelled
508558,15880,20,2024-04-22,2025-04-19,Annual,2,510.19,Expired
508559,11474,1,2024-01-31,2024-05-29,Monthly,1,105.81,Expired
508560,19230,24,2025-11-15,2026-08-31,Monthly,2,1755.42,Cancelled
508561,15406,5,2024-04-27,,Annual,2,444.16,Active
508562,16674,22,2024-09-01,,Monthly,1,114.85,Active
508563,10516,19,2025-11-26,,Monthly,2,162.47,Active
508564,14183,14,2024-10-13,2026-02-05,Monthly,1,276.82,Cancelled
508565,16661,14,2026-08-21,2026-08-31,Annual,1,283.83,Cancelled
508566,15645,24,2025-04-16,2026-08-31,Monthly,1,902.72,Cancelled
508567,19192,7,2026-07-22,2026-08-31,Monthly,1,100.21,Expired
508568,10341,6,2026-02-12,2026-08-31,Annual,2,1555.68,Cancelled
508569,15092,7,2024-09-07,2025-06-01,Monthly,1,103.19,Expired
508570,17587,22,2026-04-24,2026-08-31,Annual,1,116.86,Expired
508571,13111,2,2026-06-05,,Annual,1,306.5,Active
508572,16322,14,2024-11-29,,Monthly,2,634.09,Active
508573,14178,5,2026-05-18,,Monthly,3,701.63,Active
508574,17906,25,2026-06-24,,Monthly,4,463.38,Active
508575,18005,24,2026-03-15,,Monthly,3,2242.24,Active
508576,10141,13,2026-07-30,,Annual,2,209.82,Active
508577,15321,30,2025-08-13,,Monthly,1,829.14,Active
508578,14961,16,2025-04-25,,Monthly,2,201.56,Active
508579,18724,5,2024-12-01,,Monthly,1,237.17,Active
508580,14997,28,2024-12-11,,Monthly,1,101.51,Active
508581,17559,11,2025-04-23,2025-12-14,Monthly,1,303.56,Expired
508582,15798,16,2025-02-23,2026-07-20,Monthly,1,101.35,Cancelled
508583,13688,9,2024-09-28,,Monthly,2,1884.93,Active
508584,10314,14,2024-08-17,2025-01-25,Monthly,1,271.23,Expired
508585,16561,24,2024-07-30,,Monthly,2,1688.97,Active
508586,13543,27,2026-08-31,2026-08-31,Monthly,3,2881.56,Expired
508587,12440,27,2025-12-13,,Annual,1,897.66,Active
508588,17115,3,2025-02-12,,Monthly,1,714.57,Active
508589,12022,5,2026-05-29,,Monthly,1,271.61,Active
508590,18484,20,2025-12-02,2026-08-31,Monthly,1,273.9,Expired
508591,10710,9,2024-06-26,,Monthly,2,2021.62,Active
508592,19425,29,2025-11-23,2026-08-27,Monthly,1,280.63,Cancelled
508593,12425,24,2026-03-02,,Monthly,1,844.81,Active
508594,17285,10,2025-02-21,2025-05-28,Monthly,1,104.14,Expired
508595,17965,25,2025-12-30,,Monthly,2,215.03,Active
508596,19449,11,2025-06-03,2026-05-06,Monthly,1,367.07,Cancelled
508597,10886,21,2026-08-31,2026-08-31,Annual,1,874.8,Expired
508598,17157,19,2024-11-03,,Monthly,3,266.03,Active
508599,16557,16,2026-03-13,,Monthly,1,107.2,Active
508600,17171,14,2026-02-03,,Monthly,2,575.63,Active
508601,13611,3,2026-05-17,2026-08-17,Monthly,1,739.97,Expired
508602,19680,16,2026-06-01,,Monthly,1,118.05,Active
508603,19849,25,2024-11-24,2025-07-03,Monthly,1,105.28,Cancelled
508604,13086,15,2026-01-29,,Monthly,1,721.16,Active
508605,15954,10,2025-11-07,,Monthly,2,222.24,Active
508606,13851,7,2025-05-25,,Monthly,1,106.1,Active
508607,17887,23,2025-05-18,,Monthly,2,674.86,Active
508608,17377,17,2026-07-06,2026-08-31,Monthly,3,865.8,Cancelled
508609,17933,21,2025-08-05,2026-08-31,Monthly,1,957.0,Expired
508610,14969,6,2024-07-23,2026-01-13,Monthly,1,844.46,Cancelled
508611,14446,29,2025-01-10,2025-08-27,Monthly,2,538.62,Cancelled
508612,12155,18,2024-09-20,2024-12-07,Monthly,2,1692.57,Cancelled
508613,10721,8,2024-12-27,2025-12-08,Monthly,2,624.47,Cancelled
508614,14164,24,2025-03-12,,Monthly,1,886.32,Active
508615,11208,12,2024-04-21,,Monthly,3,2895.85,Active
508616,12295,30,2025-06-01,2026-08-31,Monthly,1,828.43,Cancelled
508617,14328,17,2024-12-15,2026-02-08,Monthly,1,279.86,Cancelled
508618,19763,12,2025-06-07,,Monthly,3,3113.35,Active
508619,16457,8,2024-08-03,,Annual,2,564.81,Active
508620,19762,15,2026-06-25,,Annual,2,1686.56,Active
508621,15377,30,2026-03-24,,Monthly,2,1423.92,Active
508622,18850,6,2026-07-17,,Monthly,1,880.76,Active
508623,17660,10,2025-01-02,,Monthly,1,106.89,Active
508624,14331,20,2026-04-25,2026-05-30,Monthly,1,230.89,Cancelled
508625,18912,21,2025-02-23,2025-12-06,Monthly,1,962.7,Expired
508626,15599,27,2024-05-23,2025-10-17,Monthly,3,3162.3,Cancelled
508627,12216,1,2025-08-10,,Monthly,1,122.68,Active
508628,17683,17,2026-01-15,2026-02-28,Annual,2,610.16,Expired
508629,13584,16,2026-08-31,,Annual,1,109.13,Active
508630,10221,13,2026-02-16,,Monthly,3,334.98,Active
508631,13020,1,2025-07-24,,Monthly,1,105.36,Active
508632,14931,13,2025-04-23,,Monthly,3,343.51,Active
508633,11687,25,2024-06-08,,Annual,1,117.53,Active
508634,14440,17,2025-09-27,2026-07-19,Monthly,1,293.15,Cancelled
508635,15539,13,2025-08-26,2026-08-31,Monthly,4,403.36,Expired
508636,10972,27,2025-09-04,2025-10-23,Annual,1,1098.47,Cancelled
508637,11425,16,2024-12-18,2025-10-21,Monthly,1,101.82,Cancelled
508638,18223,5,2024-07-21,,Monthly,1,257.59,Active
508639,10417,17,2025-05-22,,Monthly,2,495.57,Active
508640,14463,22,2024-08-03,,Annual,2,231.67,Active
508641,10652,5,2026-08-31,2026-08-31,Monthly,1,222.97,Cancelled
508642,19425,27,2026-02-28,2026-06-11,Annual,1,992.77,Cancelled
508643,17527,3,2025-12-12,2026-08-23,Monthly,1,696.55,Cancelled
508644,12112,14,2024-04-12,2025-08-30,Monthly,1,261.89,Cancelled
508645,15759,19,2026-01-17,2026-08-31,Monthly,1,83.45,Expired
508646,14851,18,2026-06-18,,Monthly,1,915.96,Active
508647,19485,12,2025-04-21,,Monthly,1,1014.61,Active
508648,19206,6,2025-09-08,,Monthly,5,4218.04,Active
508649,19246,10,2026-05-16,2026-08-31,Monthly,3,324.55,Cancelled
508650,18715,11,2026-07-05,,Monthly,1,333.71,Active
508651,17287,29,2026-08-31,,Annual,1,298.48,Active
508652,15171,25,2026-07-08,2026-08-31,Annual,1,94.07,Expired
508653,18615,4,2026-07-06,2026-08-31,Monthly,2,198.71,Cancelled
508654,13729,24,2026-06-03,,Monthly,2,1722.63,Active
508655,11476,8,2024-09-28,,Monthly,1,255.91,Active
508656,13708,15,2025-07-21,2026-08-31,Monthly,2,1417.85,Expired
508657,18073,14,2024-09-20,2025-12-23,Monthly,1,274.21,Cancelled
508658,14504,9,2024-05-28,,Annual,3,2930.46,Active
508659,16700,2,2024-07-24,,Annual,1,305.37,Active
508660,12492,24,2026-08-31,,Annual,1,787.42,Active
508661,18628,16,2024-08-09,2025-03-04,Monthly,2,212.04,Cancelled
508662,19330,23,2024-03-19,,Monthly,2,672.92,Active
508663,12795,23,2025-04-30,,Monthly,6,2265.36,Active
508664,16714,16,2025-10-29,,Monthly,1,102.64,Active
508665,17550,23,2024-11-21,2025-07-29,Monthly,1,328.84,Expired
508666,14343,27,2025-10-31,2026-03-02,Monthly,1,975.54,Cancelled
508667,10569,17,2025-05-08,,Monthly,1,304.71,Active
508668,18604,11,2025-11-21,2026-08-31,Monthly,1,303.85,Cancelled
508669,17361,30,2026-02-10,,Annual,3,2273.09,Active
508670,11432,17,2026-08-31,2026-08-31,Annual,1,296.54,Cancelled
508671,11903,2,2026-01-10,2026-03-21,Monthly,1,366.01,Expired
508672,15900,9,2026-06-17,,Monthly,1,866.44,Active
508673,19529,27,2026-08-31,,Monthly,1,956.13,Active
508674,17449,28,2025-01-19,,Monthly,1,103.7,Active
508675,19847,11,2026-06-23,2026-08-31,Monthly,1,337.37,Cancelled
508676,17201,8,2025-01-12,,Monthly,3,804.39,Active
508677,14131,17,2025-04-10,2026-04-02,Monthly,1,260.49,Expired
508678,19394,11,2025-03-14,,Monthly,2,712.4,Active
508679,19244,5,2024-03-28,2025-05-05,Annual,2,534.06,Cancelled
508680,16513,9,2024-12-25,,Annual,1,971.59,Active
508681,12526,10,2024-02-02,,Annual,1,114.87,Active
508682,13032,23,2024-09-20,,Monthly,3,975.03,Active
508683,16171,15,2025-02-28,,Monthly,1,687.22,Active
508684,13976,3,2025-09-28,,Annual,3,2446.0,Active
508685,18677,7,2024-12-29,2026-04-10,Monthly,2,218.24,Cancelled
508686,11511,18,2025-08-18,,Monthly,2,1927.33,Active
508687,18303,10,2024-10-03,,Monthly,1,122.91,Active
508688,18030,1,2024-02-24,,Monthly,1,109.04,Active
508689,13532,5,2024-07-23,2025-03-01,Annual,1,275.29,Expired
508690,16958,11,2024-08-04,2025-01-14,Monthly,1,306.99,Expired
508691,11984,3,2024-06-23,2024-08-01,Annual,3,2279.2,Expired
508692,14809,15,2024-09-16,2026-02-26,Monthly,2,1383.67,Cancelled
508693,12944,16,2024-10-13,,Annual,1,110.89,Active
508694,12670,14,2026-04-13,,Monthly,1,289.05,Active
508695,10050,29,2024-03-31,,Monthly,3,836.57,Active
508696,13452,29,2026-08-12,2026-08-31,Monthly,2,546.22,Cancelled
508697,13377,19,2024-07-20,2025-03-21,Monthly,1,81.58,Cancelled
508698,13177,25,2024-11-12,2025-08-26,Monthly,1,94.57,Cancelled
508699,17222,3,2025-02-02,2026-01-31,Monthly,2,1584.91,Expired
508700,19886,3,2026-03-16,,Monthly,3,2401.33,Active
508701,14616,19,2025-05-12,,Monthly,2,149.42,Active
508702,15910,14,2024-11-07,,Monthly,2,561.06,Active
508703,11401,6,2026-04-29,2026-06-04,Annual,3,2383.09,Expired
508704,13387,29,2026-08-23,,Annual,1,316.74,Active
508705,13342,19,2026-07-30,,Monthly,1,74.69,Active
508706,13001,5,2025-11-26,,Annual,1,237.67,Active
508707,12604,5,2025-03-13,,Monthly,1,248.87,Active
508708,12418,1,2025-08-31,,Monthly,2,196.53,Active
508709,15894,12,2025-11-19,2026-05-20,Annual,2,2013.3,Expired
508710,15570,15,2024-12-14,2025-08-07,Monthly,2,1570.87,Cancelled
508711,10787,18,2025-07-16,,Monthly,3,2874.08,Active
508712,11456,30,2024-11-10,,Annual,1,826.38,Active
508713,17313,4,2025-05-25,2026-01-14,Monthly,1,121.56,Cancelled
508714,11325,6,2024-11-07,,Monthly,1,774.65,Active
508715,11361,21,2024-10-11,2026-01-16,Monthly,2,1900.7,Expired
508716,14548,7,2024-11-09,,Monthly,3,318.15,Active
508717,19702,9,2024-08-10,,Monthly,1,997.2,Active
508718,10274,12,2025-08-28,,Monthly,4,4162.27,Active
508719,17759,11,2026-05-03,2026-08-31,Monthly,1,306.6,Cancelled
508720,19944,16,2026-05-28,,Monthly,3,310.46,Active
508721,13576,22,2026-03-01,,Monthly,2,213.02,Active
508722,12134,1,2025-10-26,2026-04-07,Monthly,2,198.72,Cancelled
508723,11910,10,2024-12-05,,Monthly,1,120.3,Active
508724,19798,6,2025-02-09,,Monthly,2,1865.37,Active
508725,16396,1,2024-11-01,,Monthly,2,203.74,Active
508726,17529,17,2025-11-23,2026-03-24,Monthly,1,303.79,Expired
508727,19627,3,2025-01-26,2026-04-17,Annual,3,2005.24,Expired
508728,14894,30,2026-07-16,2026-08-31,Monthly,1,772.28,Cancelled
508729,14997,27,2025-02-10,2025-08-28,Monthly,2,1889.74,Expired
508730,19798,17,2024-12-29,2026-02-28,Monthly,1,263.34,Expired
508731,15051,20,2025-09-21,2026-08-31,Monthly,1,255.9,Expired
508732,14936,20,2026-07-09,2026-08-31,Monthly,1,268.09,Cancelled
508733,13514,18,2026-04-06,2026-08-31,Monthly,1,890.17,Expired
508734,19723,14,2026-02-01,,Annual,1,322.61,Active
508735,15989,26,2025-10-05,,Annual,1,278.1,Active
508736,19843,17,2026-07-09,,Monthly,3,915.45,Active
508737,19737,30,2025-01-23,2026-02-09,Monthly,1,689.62,Expired
508738,17523,5,2025-04-02,2026-04-12,Monthly,2,497.94,Cancelled
508739,14506,15,2025-04-14,,Monthly,1,782.13,Active
508740,10353,1,2025-03-14,,Monthly,3,342.32,Active
508741,10914,24,2025-03-28,2026-01-12,Monthly,2,1891.37,Expired
508742,19799,24,2026-01-24,,Monthly,4,3305.11,Active
508743,15079,5,2025-07-15,,Monthly,2,484.74,Active
508744,15620,12,2024-05-23,,Monthly,2,2189.26,Active
508745,17585,12,2026-08-31,,Monthly,1,1040.44,Active
508746,14917,14,2026-08-31,2026-08-31,Monthly,1,304.39,Expired
508747,19191,14,2026-02-24,2026-07-13,Monthly,2,534.36,Expired
508748,18921,16,2026-01-06,,Annual,1,120.08,Active
508749,17208,11,2026-04-20,2026-08-31,Annual,2,641.86,Cancelled
508750,15311,26,2026-08-31,,Annual,4,935.91,Active
508751,18301,12,2026-04-11,,Monthly,2,2062.54,Active
508752,17643,14,2025-05-31,,Annual,2,639.5,Active
508753,14627,12,2026-04-26,,Monthly,3,3373.59,Active
508754,18129,9,2025-06-11,,Monthly,3,2862.8,Active
508755,10951,20,2026-02-09,,Monthly,1,273.58,Active
508756,17099,5,2025-02-25,,Monthly,3,695.21,Active
508757,10555,1,2026-02-09,,Monthly,1,102.55,Active
508758,11992,19,2026-04-11,2026-08-31,Annual,2,176.91,Expired
508759,11794,11,2026-02-25,2026-08-31,Monthly,2,726.52,Expired
508760,18628,30,2024-08-10,2025-03-28,Monthly,1,697.94,Expired
508761,14191,21,2025-08-17,2026-05-19,Monthly,1,847.15,Cancelled
508762,14265,7,2025-04-07,2026-06-23,Monthly,1,114.62,Expired
508763,18419,18,2024-04-11,,Annual,4,3426.34,Active
508764,14060,9,2025-07-05,2026-08-31,Monthly,1,895.96,Cancelled
508765,14951,14,2026-08-31,2026-08-31,Monthly,2,553.82,Cancelled
508766,11323,6,2026-07-18,,Annual,2,1756.8,Active
508767,13499,5,2025-05-19,,Annual,1,251.46,Active
508768,15554,28,2026-02-03,2026-08-31,Monthly,1,102.11,Cancelled
508769,14015,14,2026-08-31,2026-08-31,Monthly,2,571.84,Cancelled
508770,19288,11,2025-02-28,,Monthly,1,341.56,Active
508771,19646,21,2025-11-21,2026-03-31,Annual,2,1716.69,Cancelled
508772,10311,22,2024-06-28,2024-09-15,Monthly,1,114.88,Expired
508773,14373,18,2025-12-11,2026-03-21,Monthly,2,1856.02,Expired
508774,19338,23,2025-10-18,2026-08-31,Monthly,2,684.89,Expired
508775,16846,8,2026-08-31,2026-08-31,Annual,4,1080.01,Cancelled
508776,17460,17,2026-01-26,,Monthly,3,903.51,Active
508777,19612,14,2024-07-13,,Annual,2,612.99,Active
508778,16162,1,2025-03-05,,Annual,4,483.42,Active
508779,16658,13,2025-05-26,2026-08-12,Monthly,3,335.02,Expired
508780,16124,7,2025-02-16,,Annual,2,207.96,Active
508781,15523,3,2026-04-02,,Monthly,2,1347.77,Active
508782,19642,23,2024-09-08,2026-02-04,Monthly,2,678.27,Expired
508783,15161,4,2025-12-27,,Monthly,3,346.34,Active
508784,11302,7,2026-08-31,2026-08-31,Monthly,1,95.25,Expired
508785,16549,6,2025-06-02,,Monthly,3,2661.44,Active
508786,19206,16,2025-06-20,,Annual,3,343.17,Active
508787,15598,28,2026-02-19,,Monthly,4,421.27,Active
508788,12089,22,2025-02-08,2026-05-29,Monthly,1,96.87,Expired
508789,16765,22,2024-07-24,2024-08-27,Annual,2,197.57,Expired
508790,16306,25,2026-04-16,,Monthly,1,104.98,Active
508791,15934,7,2024-11-20,2025-12-23,Monthly,1,113.42,Cancelled
508792,16392,6,2026-05-27,,Monthly,1,910.04,Active
508793,19749,29,2025-08-22,,Monthly,1,324.23,Active
508794,15668,1,2025-09-17,,Monthly,1,100.53,Active
508795,18569,22,2025-08-14,,Monthly,2,225.74,Active
508796,18570,27,2026-01-14,,Monthly,1,1114.27,Active
508797,10946,21,2025-06-15,,Monthly,3,2721.03,Active
508798,11957,5,2025-09-01,,Annual,1,251.37,Active
508799,18277,30,2026-02-03,2026-08-31,Monthly,3,2233.93,Expired
508800,15817,14,2024-08-25,,Monthly,3,875.44,Active
508801,11787,14,2024-10-19,2025-01-08,Monthly,1,274.37,Cancelled
508802,17260,22,2025-02-12,2026-05-11,Annual,2,234.13,Cancelled
508803,12715,16,2025-04-17,,Annual,1,120.79,Active
508804,14030,2,2025-04-19,2025-08-26,Monthly,4,1363.44,Expired
508805,12026,21,2025-03-30,,Monthly,6,5788.19,Active
508806,14969,13,2024-09-27,2025-02-23,Monthly,1,102.22,Cancelled
508807,13921,28,2025-02-03,,Monthly,2,236.99,Active
508808,14705,8,2025-08-21,2026-08-31,Monthly,2,598.64,Cancelled
508809,13521,27,2026-01-22,,Annual,1,982.58,Active
508810,11358,22,2025-04-23,,Monthly,3,341.67,Active
508811,19021,21,2025-10-25,,Monthly,2,1840.36,Active
508812,11089,13,2025-01-31,,Monthly,1,103.77,Active
508813,15458,27,2026-08-31,2026-08-31,Annual,1,945.31,Cancelled
508814,17432,23,2025-08-28,2025-10-23,Monthly,2,630.01,Expired
508815,13216,11,2024-09-12,,Monthly,1,294.1,Active
508816,15762,3,2026-08-31,,Monthly,2,1627.19,Active
508817,15779,16,2026-02-07,,Monthly,1,115.18,Active
508818,18396,20,2025-05-23,2026-08-31,Monthly,3,757.42,Cancelled
508819,15329,23,2025-03-18,,Annual,1,365.74,Active
508820,13585,30,2026-08-31,,Monthly,2,1419.17,Active
508821,19737,1,2025-03-03,2026-04-22,Monthly,2,216.31,Cancelled
508822,16940,20,2025-08-13,2026-06-04,Annual,2,535.05,Expired
508823,12025,24,2025-03-04,2026-06-11,Monthly,1,746.8,Cancelled
508824,12109,7,2024-10-24,2026-02-21,Monthly,2,221.28,Expired
508825,17644,18,2026-08-31,,Monthly,2,1857.72,Active
508826,14073,21,2026-03-21,2026-08-31,Monthly,5,4265.66,Expired
508827,10585,21,2024-10-11,,Monthly,1,808.28,Active
508828,17234,2,2024-11-30,,Monthly,3,1054.18,Active
508829,13789,27,2024-09-28,,Monthly,1,1087.22,Active
508830,11716,11,2024-08-14,,Monthly,1,366.72,Active
508831,14247,14,2024-07-16,,Monthly,1,259.4,Active
508832,18818,6,2026-08-31,,Monthly,1,801.67,Active
508833,19380,8,2024-07-18,2024-10-17,Monthly,1,278.05,Expired
508834,15757,20,2026-07-17,2026-08-31,Monthly,1,281.49,Expired
508835,11112,29,2026-03-31,,Monthly,1,305.12,Active
508836,14423,17,2026-08-31,2026-08-31,Monthly,3,899.94,Cancelled
508837,14718,28,2024-04-14,,Monthly,4,463.0,Active
508838,15511,30,2025-07-29,,Monthly,2,1513.35,Active
508839,12764,12,2024-03-13,,Annual,4,4569.95,Active
508840,12740,8,2025-06-29,2026-07-29,Annual,2,539.93,Cancelled
508841,10018,2,2024-06-10,,Monthly,1,331.55,Active
508842,10830,18,2025-02-06,2026-06-29,Monthly,1,790.47,Expired
508843,10894,12,2024-12-27,2025-08-22,Monthly,2,2249.87,Expired
508844,12107,30,2026-08-31,2026-08-31,Annual,2,1515.17,Cancelled
508845,13937,4,2026-07-30,2026-08-31,Annual,1,120.63,Expired
508846,19171,7,2025-12-10,,Monthly,1,103.54,Active
508847,17772,1,2026-07-02,,Monthly,1,112.11,Active
508848,11759,22,2026-03-18,2026-05-25,Monthly,1,108.13,Expired
508849,19655,15,2024-05-23,,Monthly,2,1379.76,Active
508850,15555,30,2025-09-17,,Monthly,1,679.94,Active
508851,14941,9,2025-06-27,2026-07-17,Annual,3,2797.62,Cancelled
508852,17207,30,2024-12-07,,Monthly,1,688.73,Active
508853,19999,15,2025-10-26,,Annual,1,707.49,Active
508854,16063,26,2024-07-31,,Annual,4,924.28,Active
508855,10427,16,2025-06-29,2026-08-31,Annual,1,113.98,Expired
508856,13714,23,2025-10-21,2026-01-05,Monthly,1,346.97,Cancelled
508857,10246,18,2025-06-06,2025-08-19,Monthly,1,964.95,Expired
508858,13350,23,2026-07-06,,Annual,4,1349.27,Active
508859,13795,6,2026-02-23,,Monthly,2,1554.56,Active
508860,17852,4,2024-04-01,,Annual,2,196.83,Active
508861,13295,19,2025-08-31,,Monthly,1,88.07,Active
508862,11736,4,2026-05-18,,Monthly,1,110.5,Active
508863,12993,24,2024-05-25,,Monthly,1,855.66,Active
508864,16515,29,2026-05-16,,Monthly,1,304.26,Active
508865,18810,17,2024-09-08,,Monthly,2,518.15,Active
508866,13996,23,2025-07-07,2026-03-22,Annual,1,378.6,Expired
508867,15577,29,2024-07-16,,Monthly,3,797.06,Active
508868,19995,14,2026-02-28,2026-08-31,Annual,1,294.84,Cancelled
508869,13759,16,2024-10-14,,Monthly,1,100.67,Active
508870,12813,1,2024-07-08,,Monthly,1,108.92,Active
508871,10251,30,2025-04-18,,Monthly,2,1662.95,Active
508872,15418,1,2026-05-01,,Monthly,1,115.87,Active
508873,10257,17,2026-02-15,,Annual,2,497.04,Active
508874,12226,16,2024-10-09,2025-03-20,Annual,1,97.67,Cancelled
508875,11253,25,2025-08-17,2025-09-23,Monthly,3,286.88,Cancelled
508876,11139,20,2025-10-05,,Monthly,1,260.39,Active
508877,12518,28,2026-04-18,,Monthly,2,219.99,Active
508878,13841,4,2026-08-25,,Monthly,4,441.37,Active
508879,10332,6,2026-07-29,,Monthly,2,1632.71,Active
508880,16710,2,2024-12-03,,Monthly,1,357.69,Active
508881,11841,24,2026-08-31,,Monthly,1,943.69,Active
508882,16071,29,2026-08-28,,Monthly,2,616.36,Active
508883,10513,25,2025-07-25,,Annual,1,108.99,Active
508884,12415,1,2026-07-09,,Monthly,2,240.51,Active
508885,18881,6,2025-03-22,2025-12-14,Monthly,3,2325.34,Cancelled
508886,15979,3,2026-06-07,,Monthly,1,682.98,Active
508887,15590,14,2026-05-04,,Monthly,1,319.08,Active
508888,15348,11,2024-12-22,,Monthly,2,700.47,Active
508889,14173,23,2025-07-25,,Monthly,1,341.59,Active
508890,10222,19,2024-12-18,,Monthly,1,88.79,Active
508891,13491,4,2025-12-09,,Annual,1,109.54,Active
508892,19521,16,2025-05-21,2026-08-07,Annual,1,116.87,Cancelled
508893,18813,9,2025-10-08,2026-02-03,Monthly,1,972.04,Expired
508894,17844,4,2025-03-27,2025-11-11,Annual,2,238.15,Expired
508895,13507,5,2026-03-19,2026-08-31,Monthly,1,257.69,Expired
508896,13534,6,2025-10-09,,Monthly,2,1782.56,Active
508897,14075,9,2025-07-04,2025-09-18,Monthly,3,3051.97,Expired
508898,14194,14,2024-05-23,2024-10-01,Monthly,2,589.0,Cancelled
508899,10756,16,2025-06-20,2026-01-01,Monthly,1,104.36,Expired
508900,12494,10,2025-11-27,2026-06-03,Monthly,1,124.66,Cancelled
508901,18495,6,2024-10-28,2025-08-06,Monthly,1,830.32,Cancelled
508902,13111,28,2026-04-28,2026-08-31,Monthly,2,228.4,Expired
508903,12984,7,2025-05-06,2026-01-10,Annual,2,216.19,Expired
508904,10085,6,2025-07-09,2026-08-31,Annual,3,2780.31,Cancelled
508905,16668,7,2024-07-25,2025-08-31,Monthly,1,98.68,Expired
508906,16550,14,2025-04-26,2025-10-15,Monthly,2,518.9,Cancelled
508907,10889,28,2026-06-05,2026-08-31,Annual,3,311.66,Cancelled
508908,15601,17,2026-08-31,,Monthly,1,266.31,Active
508909,13181,12,2026-01-18,2026-08-31,Monthly,1,998.12,Expired
508910,13547,15,2025-08-15,,Monthly,2,1482.45,Active
508911,11421,14,2025-07-08,2025-12-09,Monthly,1,293.05,Expired
508912,19004,19,2025-01-27,,Monthly,1,90.46,Active
508913,17497,4,2025-11-08,,Annual,1,115.46,Active
508914,10049,2,2025-03-07,2025-10-29,Annual,1,374.01,Cancelled
508915,17298,18,2025-05-20,,Monthly,1,862.52,Active
508916,14159,16,2025-12-28,,Monthly,1,107.65,Active
508917,17292,6,2024-10-10,,Monthly,1,918.97,Active
508918,19289,15,2025-02-10,,Annual,2,1591.87,Active
508919,12180,17,2026-07-23,2026-08-31,Monthly,2,581.88,Expired
508920,13244,19,2026-08-31,,Monthly,1,81.65,Active
508921,16043,17,2025-01-30,,Monthly,1,295.62,Active
508922,14536,15,2024-09-16,,Monthly,3,2160.66,Active
508923,10975,16,2025-03-09,,Monthly,1,107.96,Active
508924,10227,6,2026-08-31,,Monthly,1,847.99,Active
508925,11766,14,2024-10-29,2025-11-05,Monthly,2,637.7,Expired
508926,13681,4,2026-08-13,,Annual,2,208.0,Active
508927,19638,5,2025-06-21,,Monthly,3,796.03,Active
508928,13318,14,2025-12-17,,Monthly,2,644.61,Active
508929,15086,11,2025-08-22,2026-06-27,Annual,3,995.86,Expired
508930,17777,30,2026-08-25,2026-08-31,Monthly,2,1609.75,Expired
508931,16457,12,2024-05-30,,Monthly,1,1140.3,Active
508932,14667,24,2025-10-07,2026-08-31,Monthly,3,2409.05,Expired
508933,10749,22,2025-05-05,,Monthly,1,99.95,Active
508934,18829,26,2026-08-31,,Monthly,1,272.8,Active
508935,12027,30,2024-10-29,,Monthly,3,2417.64,Active
508936,18693,30,2025-07-27,,Annual,1,689.97,Active
508937,19136,22,2025-02-14,2026-01-08,Monthly,1,94.76,Cancelled
508938,17680,24,2024-12-15,2025-12-19,Monthly,1,919.05,Cancelled
508939,10713,14,2025-03-27,2025-10-16,Monthly,3,805.26,Expired
508940,16726,12,2026-01-01,,Monthly,1,1169.47,Active
508941,15334,9,2026-05-08,,Monthly,1,887.43,Active
508942,16126,13,2025-03-03,,Monthly,1,110.47,Active
508943,18312,6,2024-08-22,,Monthly,1,907.71,Active
508944,16781,24,2024-02-17,,Monthly,3,2764.09,Active
508945,18798,5,2024-03-08,,Monthly,1,260.7,Active
508946,15519,28,2024-07-31,2025-09-28,Monthly,1,111.22,Cancelled
508947,12666,5,2024-09-02,,Monthly,2,489.09,Active
508948,15649,15,2025-07-18,2026-08-31,Annual,1,709.27,Cancelled
508949,10791,18,2026-01-23,2026-08-31,Monthly,1,873.31,Cancelled
508950,14451,6,2025-12-31,2026-05-28,Monthly,4,3138.93,Cancelled
508951,12555,16,2026-08-31,2026-08-31,Monthly,1,108.62,Expired
508952,19652,27,2026-08-17,2026-08-31,Monthly,1,1002.85,Cancelled
508953,15898,26,2024-04-04,2025-05-31,Annual,1,274.88,Expired
508954,10040,29,2026-06-14,,Monthly,1,263.61,Active
508955,16253,13,2026-08-13,,Annual,1,115.18,Active
508956,13292,3,2026-08-31,,Monthly,1,672.97,Active
508957,16503,11,2026-03-02,2026-08-31,Monthly,1,367.43,Cancelled
508958,11680,1,2025-10-09,,Monthly,2,220.85,Active
508959,13289,1,2026-01-18,,Monthly,1,115.81,Active
508960,15740,1,2026-02-21,,Monthly,1,111.54,Active
508961,15066,8,2026-02-14,,Monthly,2,628.55,Active
508962,14126,1,2024-11-18,,Monthly,2,233.29,Active
508963,13117,28,2025-02-07,2026-06-14,Monthly,3,311.24,Cancelled
508964,17387,1,2024-09-09,,Monthly,1,120.13,Active
508965,18915,5,2026-07-24,,Monthly,1,236.99,Active
508966,12416,26,2026-08-31,,Monthly,1,276.32,Active
508967,10141,5,2026-03-29,2026-08-31,Monthly,2,466.84,Expired
508968,18477,27,2026-08-31,2026-08-31,Monthly,3,2835.98,Cancelled
508969,13256,15,2025-09-05,2026-07-10,Monthly,1,669.9,Cancelled
508970,15110,4,2025-02-06,2025-06-17,Annual,5,535.27,Cancelled
508971,17597,14,2026-02-08,,Monthly,1,272.47,Active
508972,12278,18,2024-12-27,,Monthly,4,3829.66,Active
508973,19987,7,2026-04-29,2026-08-31,Monthly,1,98.5,Cancelled
508974,10500,26,2024-06-25,,Monthly,1,270.8,Active
508975,13700,8,2026-06-13,,Monthly,1,295.74,Active
508976,10521,14,2026-01-17,,Annual,1,273.4,Active
508977,13292,27,2026-08-31,,Annual,2,2214.68,Active
508978,14090,22,2026-01-23,,Monthly,2,205.2,Active
508979,17417,29,2024-10-08,,Monthly,2,648.4,Active
508980,17595,18,2024-07-26,2025-07-17,Annual,1,884.8,Cancelled
508981,18611,8,2025-12-19,2026-08-31,Monthly,1,289.75,Expired
508982,10758,7,2026-02-21,,Monthly,3,334.71,Active
508983,15327,5,2025-12-03,,Annual,1,253.3,Active
508984,12999,24,2024-02-24,,Monthly,1,878.44,Active
508985,18266,2,2025-10-13,,Annual,2,735.95,Active
508986,11139,23,2025-08-20,2026-04-23,Monthly,1,302.67,Cancelled
508987,18832,30,2026-03-21,,Monthly,1,819.63,Active
508988,17788,9,2026-02-28,,Monthly,1,875.11,Active
508989,13300,12,2025-03-19,2026-03-20,Monthly,2,2173.84,Cancelled
508990,15825,11,2024-10-11,2024-12-06,Monthly,2,675.99,Expired
508991,12956,24,2026-02-25,,Monthly,3,2594.82,Active
508992,19992,27,2024-12-13,2025-04-09,Annual,1,1095.78,Expired
508993,11039,16,2025-03-13,,Monthly,1,118.92,Active
508994,18560,22,2026-04-25,,Monthly,2,202.2,Active
508995,11292,14,2025-12-22,2026-08-01,Monthly,1,282.7,Expired
508996,19500,29,2025-11-04,,Annual,1,275.72,Active
508997,15460,30,2025-04-22,,Monthly,1,818.4,Active
508998,19511,9,2024-06-14,,Monthly,1,1012.4,Active
508999,11063,9,2026-02-16,,Monthly,2,1814.12,Active
509000,10241,4,2026-07-16,,Monthly,2,241.41,Active
509001,17340,24,2026-03-28,,Monthly,1,925.27,Active
509002,17862,20,2026-08-29,2026-08-31,Monthly,1,233.46,Expired
509003,14664,24,2026-01-24,,Monthly,1,761.88,Active
509004,18551,7,2025-10-30,,Monthly,1,113.3,Active
509005,18633,14,2025-02-22,2025-07-15,Monthly,2,531.28,Expired
509006,16143,25,2025-01-18,2025-10-03,Monthly,1,115.6,Cancelled
509007,16664,23,2026-02-20,,Annual,1,362.64,Active
509008,10835,26,2026-07-02,2026-08-31,Monthly,2,564.95,Expired
509009,13691,24,2024-10-12,,Monthly,1,756.1,Active
509010,15919,9,2025-06-28,2025-12-07,Annual,1,848.92,Cancelled
509011,12313,6,2024-09-12,2025-08-10,Monthly,3,2299.4,Expired
509012,15112,25,2025-06-06,2025-08-28,Monthly,1,101.96,Expired
509013,13748,2,2026-08-13,,Monthly,1,374.44,Active
509014,19603,1,2024-08-02,,Monthly,2,205.56,Active
509015,14505,12,2025-07-01,,Monthly,2,2078.14,Active
509016,15727,14,2024-07-12,2025-09-04,Monthly,2,636.16,Cancelled
509017,17707,10,2024-11-14,,Monthly,1,123.13,Active
509018,19420,18,2026-05-17,,Monthly,1,978.74,Active
509019,13156,15,2026-08-31,2026-08-31,Monthly,1,809.11,Cancelled
509020,10227,29,2026-08-31,,Monthly,2,546.16,Active
509021,11667,6,2024-07-16,2025-01-12,Annual,2,1559.77,Cancelled
509022,16849,6,2025-08-07,,Monthly,1,851.81,Active
509023,15866,9,2025-03-02,2026-08-16,Monthly,2,1669.34,Expired
509024,17910,28,2025-09-19,2026-07-04,Annual,1,114.61,Cancelled
509025,13897,22,2024-11-03,2026-01-21,Monthly,1,100.62,Expired
509026,18892,16,2025-03-10,,Monthly,2,192.18,Active
509027,13823,13,2026-07-30,2026-08-31,Monthly,5,574.64,Cancelled
509028,16098,7,2024-10-02,2025-11-28,Monthly,1,116.26,Cancelled
509029,13503,26,2025-02-04,2025-10-08,Monthly,2,479.45,Cancelled
509030,14519,17,2025-11-19,,Monthly,2,535.83,Active
509031,15139,25,2025-11-15,,Monthly,1,112.17,Active
509032,15177,4,2024-06-28,2025-03-08,Monthly,1,106.86,Expired
509033,14590,1,2025-07-14,,Monthly,1,107.27,Active
509034,18089,7,2024-11-11,,Annual,1,92.14,Active
509035,19294,16,2024-05-01,2024-11-02,Monthly,2,199.89,Expired
509036,12160,18,2026-04-03,2026-07-10,Monthly,3,2350.17,Cancelled
509037,12758,3,2026-08-31,2026-08-31,Monthly,4,2730.4,Expired
509038,12923,27,2025-02-21,,Monthly,2,2157.57,Active
509039,13117,27,2025-04-29,,Annual,1,1009.34,Active
509040,17303,9,2024-08-25,2025-02-23,Monthly,1,829.8,Cancelled
509041,13143,5,2026-04-01,2026-08-31,Monthly,2,484.22,Expired
509042,17733,20,2025-01-31,2026-07-05,Monthly,2,510.75,Cancelled
509043,19287,1,2026-06-06,2026-08-31,Monthly,2,227.32,Cancelled
509044,11120,19,2024-03-29,2024-05-21,Annual,2,148.75,Cancelled
509045,10308,7,2026-07-13,,Monthly,1,116.49,Active
509046,14481,11,2026-08-31,,Monthly,1,350.89,Active
509047,10564,16,2026-08-31,2026-08-31,Monthly,6,641.39,Cancelled
509048,19099,4,2024-09-10,,Monthly,1,105.06,Active
509049,18882,12,2024-02-28,2025-05-21,Monthly,1,1079.94,Cancelled
509050,16527,6,2024-11-12,,Monthly,2,1712.17,Active
509051,12219,10,2024-03-04,2024-08-19,Monthly,1,123.19,Expired
509052,13968,18,2026-08-31,2026-08-31,Monthly,1,962.25,Expired
509053,16012,22,2025-09-03,2026-02-28,Monthly,4,467.52,Cancelled
509054,17590,30,2025-12-05,,Monthly,1,664.97,Active
509055,14061,16,2026-01-09,,Monthly,1,120.0,Active
509056,13417,17,2024-02-04,2025-02-02,Monthly,1,258.75,Cancelled
509057,11926,3,2026-08-31,,Monthly,1,658.7,Active
509058,13077,14,2024-09-06,2026-02-20,Monthly,1,303.16,Cancelled
509059,18661,23,2025-08-03,,Monthly,2,697.98,Active
509060,15595,11,2026-08-31,2026-08-31,Monthly,1,363.54,Expired
509061,15110,11,2024-11-07,2025-06-03,Monthly,2,680.41,Expired
509062,14972,3,2025-02-20,2025-09-16,Monthly,1,650.48,Cancelled
509063,15639,24,2025-08-08,,Annual,2,1561.25,Active
509064,19349,26,2026-05-23,2026-08-04,Monthly,1,274.57,Expired
509065,10134,26,2024-12-16,,Monthly,3,796.9,Active
509066,17914,3,2024-09-14,2025-10-19,Annual,1,663.27,Expired
509067,15746,11,2025-11-04,,Monthly,2,711.99,Active
509068,16497,5,2025-09-02,2026-08-03,Annual,3,795.18,Expired
509069,11272,23,2025-10-20,2026-08-31,Monthly,1,374.32,Cancelled
509070,18294,17,2024-08-20,2025-01-10,Monthly,1,273.32,Expired
509071,19132,11,2025-11-30,,Monthly,2,655.0,Active
509072,17994,5,2024-12-16,,Monthly,1,236.88,Active
509073,14511,9,2024-11-15,2025-02-26,Monthly,3,2864.42,Expired
509074,13692,12,2025-07-23,,Monthly,1,1176.55,Active
509075,19649,19,2026-02-22,2026-06-06,Monthly,2,149.32,Cancelled
509076,16554,20,2025-07-13,,Monthly,1,239.5,Active
509077,13527,11,2025-11-07,,Monthly,3,968.95,Active
509078,18653,5,2025-10-11,,Monthly,1,248.69,Active
509079,14636,7,2025-10-08,,Annual,1,98.35,Active
509080,19336,24,2024-12-23,,Monthly,1,765.92,Active
509081,10180,18,2024-04-21,,Annual,1,836.61,Active
509082,15044,25,2026-06-14,2026-08-31,Annual,1,101.32,Cancelled
509083,10148,5,2025-04-30,2026-08-31,Monthly,4,925.82,Expired
509084,17028,1,2025-08-24,2025-12-29,Monthly,1,97.52,Expired
509085,16696,1,2025-02-27,,Annual,1,111.4,Active
509086,14550,9,2025-04-19,2026-04-26,Annual,4,3925.15,Cancelled
509087,10030,7,2024-03-04,2024-12-30,Monthly,3,278.77,Cancelled
509088,17464,18,2025-02-19,,Monthly,1,825.83,Active
509089,19530,15,2025-05-04,2026-01-26,Monthly,1,756.48,Cancelled
509090,17793,19,2024-09-17,,Annual,1,90.52,Active
509091,19697,13,2024-09-15,,Monthly,2,243.83,Active
509092,14240,13,2026-08-03,,Annual,1,98.09,Active
509093,12361,21,2025-11-01,,Monthly,5,4165.34,Active
509094,10081,15,2025-03-10,2026-03-29,Annual,2,1355.82,Expired
509095,18115,29,2025-03-30,2025-09-05,Monthly,1,290.58,Expired
509096,19764,9,2024-05-15,,Monthly,1,810.05,Active
509097,18493,7,2025-01-27,2025-04-13,Monthly,1,106.03,Expired
509098,10841,21,2024-10-15,,Monthly,2,1865.0,Active
509099,11321,1,2026-05-19,2026-08-31,Annual,3,361.11,Cancelled
509100,10988,9,2026-08-31,,Monthly,1,822.05,Active
509101,18136,8,2025-09-04,2026-01-12,Monthly,2,638.93,Expired
509102,16163,1,2025-09-11,,Monthly,2,235.64,Active
509103,18633,12,2025-02-25,2025-12-09,Monthly,2,1930.67,Cancelled
509104,18801,29,2026-02-03,,Monthly,1,261.86,Active
509105,13716,18,2026-01-31,,Monthly,1,945.6,Active
509106,19566,21,2025-01-05,,Monthly,2,1701.82,Active
509107,16935,26,2026-08-30,,Annual,1,254.57,Active
509108,19616,23,2024-10-15,2025-02-15,Monthly,2,694.79,Cancelled
509109,12666,12,2024-06-02,,Annual,2,2279.44,Active
509110,15349,6,2025-09-16,,Monthly,4,3324.6,Active
509111,15751,13,2026-06-08,2026-08-31,Monthly,1,122.86,Cancelled
509112,18473,18,2024-11-08,,Monthly,1,952.84,Active
509113,15601,7,2026-08-31,,Monthly,2,188.55,Active
509114,13433,14,2026-08-31,2026-08-31,Annual,3,863.61,Cancelled
509115,11211,24,2025-05-26,2026-07-27,Monthly,3,2263.12,Expired
509116,19037,21,2026-04-16,,Annual,1,825.67,Active
509117,19309,30,2025-04-19,,Monthly,2,1362.73,Active
509118,19951,4,2024-12-23,,Monthly,1,99.34,Active
509119,19389,11,2026-05-11,,Monthly,2,651.08,Active
509120,19632,24,2025-08-31,,Monthly,4,3154.04,Active
509121,19477,12,2026-03-06,2026-08-31,Monthly,1,1003.05,Cancelled
509122,18837,29,2025-09-24,,Monthly,1,267.06,Active
509123,15361,3,2026-08-31,,Monthly,1,787.29,Active
509124,17055,21,2024-04-21,2025-07-30,Annual,1,778.11,Expired
509125,12509,14,2025-10-11,,Monthly,1,276.27,Active
509126,16988,14,2025-09-24,2025-12-01,Monthly,1,320.72,Expired
509127,17394,11,2025-02-25,,Monthly,1,317.17,Active
509128,14300,11,2024-08-11,,Monthly,5,1491.8,Active
509129,16616,24,2025-10-17,2026-08-31,Monthly,2,1889.44,Cancelled
509130,14219,30,2026-02-07,,Monthly,3,2078.18,Active
509131,18754,8,2026-04-11,2026-08-31,Monthly,5,1400.72,Cancelled
509132,11956,13,2025-04-14,,Monthly,1,97.31,Active
509133,18521,27,2025-11-27,,Annual,1,895.53,Active
509134,17691,3,2025-10-05,,Monthly,2,1311.02,Active
509135,12784,29,2025-10-28,,Monthly,1,311.59,Active
509136,11620,23,2024-12-25,,Monthly,1,347.3,Active
509137,15840,9,2026-06-20,,Annual,4,3710.2,Active
509138,19369,6,2025-10-23,,Monthly,2,1839.22,Active
509139,14389,24,2024-12-12,,Monthly,3,2663.32,Active
509140,12648,25,2026-08-31,,Annual,1,111.87,Active
509141,19293,6,2026-08-04,,Monthly,1,869.73,Active
509142,16310,3,2024-11-15,,Annual,1,697.23,Active
509143,14090,16,2026-01-01,2026-08-31,Monthly,2,215.66,Expired
509144,14193,21,2025-02-20,,Monthly,2,1856.87,Active
509145,10635,30,2025-11-09,2026-08-31,Monthly,1,678.95,Cancelled
509146,18348,4,2026-02-04,,Monthly,2,203.16,Active
509147,14898,17,2025-09-21,,Monthly,1,253.77,Active
509148,18040,4,2025-09-06,,Monthly,1,102.98,Active
509149,12304,12,2026-06-03,2026-07-27,Monthly,1,1043.79,Cancelled
509150,10809,17,2025-05-22,,Monthly,1,244.05,Active
509151,10107,9,2026-04-22,,Monthly,1,994.67,Active
509152,16138,1,2025-12-30,,Monthly,3,336.6,Active
509153,19121,6,2025-01-12,,Monthly,1,855.56,Active
509154,17312,26,2026-04-23,,Monthly,1,246.78,Active
509155,16727,29,2024-09-07,,Monthly,2,629.09,Active
509156,15145,9,2026-04-06,,Monthly,1,832.27,Active
509157,11172,13,2026-07-30,2026-08-31,Annual,1,104.71,Cancelled
509158,15615,25,2025-12-15,2026-08-31,Monthly,3,288.8,Cancelled
509159,13795,21,2026-02-14,,Monthly,2,1637.41,Active
509160,11091,16,2025-10-01,,Monthly,1,110.66,Active
509161,12787,10,2025-12-30,,Annual,1,119.36,Active
509162,16911,14,2026-06-22,,Monthly,5,1343.04,Active
509163,18163,29,2024-03-22,2025-08-21,Monthly,1,312.05,Expired
509164,13084,22,2024-07-19,,Monthly,1,108.06,Active
509165,16967,10,2025-07-06,,Monthly,1,119.82,Active
509166,19961,26,2024-08-16,2025-10-14,Monthly,1,230.02,Expired
509167,11099,20,2026-08-14,2026-08-31,Monthly,1,277.41,Expired
509168,13764,13,2025-08-19,2026-06-16,Annual,1,102.39,Expired
509169,10067,7,2024-10-30,,Monthly,3,282.04,Active
509170,11664,5,2026-08-31,,Monthly,1,234.79,Active
509171,18199,28,2024-09-14,,Monthly,1,114.81,Active
509172,18182,1,2024-09-24,,Annual,1,110.08,Active
509173,19333,11,2026-01-21,2026-05-08,Annual,1,322.06,Expired
509174,16249,5,2024-03-28,,Monthly,1,244.17,Active
509175,19619,6,2026-08-31,,Annual,4,3386.97,Active
509176,17320,27,2025-09-01,,Monthly,2,2153.97,Active
509177,11190,6,2026-04-20,2026-06-11,Monthly,2,1700.1,Cancelled
509178,14659,17,2024-10-03,,Annual,2,523.96,Active
509179,13911,21,2025-06-16,2025-10-06,Annual,1,917.45,Cancelled
509180,10953,19,2026-01-19,2026-08-31,Monthly,1,90.13,Expired
509181,11224,23,2025-07-23,,Monthly,1,299.72,Active
509182,19532,15,2025-03-08,,Monthly,1,775.0,Active
509183,19344,9,2026-08-31,2026-08-31,Monthly,3,2540.56,Cancelled
509184,19771,17,2025-09-18,,Monthly,3,914.61,Active
509185,14523,30,2026-08-31,,Monthly,1,697.96,Active
509186,13709,8,2025-12-30,2026-02-06,Monthly,1,296.47,Expired
509187,19099,27,2024-05-17,,Monthly,1,970.29,Active
509188,11891,17,2025-04-28,,Monthly,1,269.14,Active
509189,14541,11,2026-07-26,2026-08-31,Monthly,1,361.91,Expired
509190,17544,5,2025-12-09,,Monthly,4,896.06,Active
509191,10908,4,2025-02-16,,Monthly,2,193.93,Active
509192,12667,4,2024-10-28,2026-01-18,Monthly,1,114.2,Cancelled
509193,13574,6,2025-03-23,2026-02-28,Monthly,1,773.63,Expired
509194,19872,26,2024-12-07,2026-04-07,Monthly,2,478.06,Expired
509195,19715,26,2024-06-18,2025-01-01,Annual,3,776.36,Expired
509196,12332,24,2026-07-31,,Monthly,3,2786.63,Active
509197,18766,8,2026-06-20,2026-08-31,Monthly,1,314.36,Expired
509198,16121,23,2025-12-16,,Monthly,1,360.6,Active
509199,15139,10,2025-11-22,,Monthly,2,214.65,Active
509200,12067,16,2024-11-10,,Monthly,2,229.04,Active
509201,13289,11,2025-12-12,,Monthly,1,368.43,Active
509202,15480,2,2026-06-28,,Annual,1,359.74,Active
509203,11641,17,2025-01-23,2025-02-25,Annual,2,533.71,Cancelled
509204,14694,10,2025-10-21,2026-07-20,Monthly,2,240.9,Cancelled
509205,11379,23,2025-07-12,,Monthly,4,1388.17,Active
509206,10873,22,2024-08-24,,Monthly,1,104.01,Active
509207,11558,8,2025-03-27,,Monthly,3,829.69,Active
509208,17559,25,2025-06-17,,Monthly,2,216.3,Active
509209,15321,14,2025-08-23,,Monthly,1,309.9,Active
509210,18250,19,2026-08-31,2026-08-31,Annual,2,165.31,Cancelled
509211,16997,14,2025-05-17,,Monthly,2,633.68,Active
509212,10463,16,2024-08-09,,Annual,1,106.56,Active
509213,12965,4,2025-01-13,,Monthly,1,97.8,Active
509214,13414,8,2026-08-31,,Monthly,1,296.76,Active
509215,19843,18,2026-01-22,,Annual,2,1553.24,Active
509216,15986,28,2025-09-29,2026-07-31,Monthly,2,233.49,Cancelled
509217,14669,5,2024-12-18,,Annual,3,816.17,Active
509218,19347,10,2026-01-15,2026-08-19,Monthly,3,325.73,Cancelled
509219,15956,4,2024-03-07,,Monthly,1,121.93,Active
509220,17336,16,2025-02-04,2026-03-10,Monthly,1,98.96,Cancelled
509221,15360,29,2025-10-02,2026-08-31,Annual,2,542.98,Expired
509222,14059,30,2025-08-05,,Monthly,1,679.89,Active
509223,17711,11,2024-07-24,,Annual,3,961.78,Active
509224,13652,15,2025-03-05,2026-01-27,Monthly,1,735.44,Cancelled
509225,19357,27,2025-05-08,,Annual,3,3015.07,Active
509226,13328,18,2025-08-19,,Monthly,1,838.82,Active
509227,18474,18,2025-07-27,,Monthly,1,789.15,Active
509228,10740,30,2026-02-26,2026-08-31,Monthly,1,712.48,Expired
509229,15149,24,2026-04-09,,Monthly,2,1887.79,Active
509230,14810,4,2024-08-22,2025-11-06,Monthly,1,108.45,Cancelled
509231,19385,30,2024-05-06,2025-09-15,Monthly,1,664.75,Expired
509232,13729,25,2026-01-21,,Annual,1,102.94,Active
509233,14188,26,2026-06-09,,Annual,1,234.81,Active
509234,10620,22,2026-08-26,2026-08-31,Monthly,2,211.92,Cancelled
509235,10738,16,2024-04-16,,Monthly,1,117.72,Active
509236,15613,1,2026-06-08,,Monthly,1,111.62,Active
509237,11327,25,2026-08-31,,Annual,1,106.59,Active
509238,13349,1,2025-06-11,2026-08-31,Annual,1,108.74,Cancelled
509239,19522,25,2026-04-17,2026-08-31,Monthly,1,117.93,Cancelled
509240,12906,22,2025-10-29,2026-08-31,Monthly,2,234.91,Expired
509241,19401,17,2025-02-17,,Monthly,1,301.42,Active
509242,14189,9,2026-02-21,,Monthly,1,834.93,Active
509243,19138,11,2024-11-21,2026-01-01,Annual,1,361.8,Expired
509244,13499,14,2025-05-19,,Monthly,1,312.0,Active
509245,17515,8,2024-06-01,,Monthly,1,275.62,Active
509246,11496,12,2024-09-03,,Monthly,3,3144.94,Active
509247,16793,24,2025-04-09,,Monthly,1,822.47,Active
509248,13340,3,2025-04-21,2025-05-30,Monthly,2,1520.45,Cancelled
509249,18377,29,2026-08-31,2026-08-31,Monthly,1,321.67,Expired
509250,14552,1,2026-01-01,,Annual,1,116.84,Active
509251,14453,8,2025-09-22,2026-01-04,Monthly,1,266.85,Expired
509252,16516,23,2024-08-20,2025-03-27,Monthly,2,677.74,Expired
509253,15474,28,2025-10-02,,Annual,1,97.13,Active
509254,15522,15,2024-11-30,,Annual,4,3041.12,Active
509255,18984,20,2025-11-17,,Monthly,3,828.41,Active
509256,17418,27,2025-11-03,2025-12-15,Monthly,2,2209.01,Cancelled
509257,10568,14,2025-12-21,,Monthly,1,285.99,Active
509258,19537,29,2026-08-31,,Monthly,1,314.81,Active
509259,15633,2,2024-07-24,,Monthly,1,328.71,Active
509260,10701,23,2024-04-24,2025-06-12,Annual,1,328.36,Expired
509261,13812,3,2024-03-29,,Monthly,1,680.65,Active
509262,10199,11,2026-08-14,,Monthly,3,877.95,Active
509263,15556,22,2024-10-07,,Annual,4,406.09,Active
509264,16298,6,2024-09-13,,Monthly,2,1578.14,Active
509265,19573,9,2025-10-25,2026-08-31,Monthly,1,961.99,Expired
509266,16771,5,2024-06-22,,Monthly,1,233.84,Active
509267,17857,26,2024-07-15,2025-12-20,Monthly,1,258.67,Cancelled
509268,18079,7,2025-09-30,,Monthly,1,106.76,Active
509269,14766,14,2024-07-18,,Monthly,1,257.55,Active
509270,13913,27,2024-10-11,,Monthly,2,1783.42,Active
509271,16809,13,2026-02-19,,Monthly,1,109.48,Active
509272,10713,24,2025-09-07,,Monthly,4,3173.69,Active
509273,15630,15,2024-06-12,,Monthly,1,679.01,Active
509274,11735,9,2024-05-01,,Monthly,1,1017.71,Active
509275,11972,16,2025-02-11,2025-07-19,Monthly,3,361.45,Expired
509276,18779,19,2025-12-15,,Monthly,2,156.82,Active
509277,14561,30,2025-05-08,,Monthly,1,762.13,Active
509278,15501,19,2024-03-04,,Monthly,3,219.04,Active
509279,11109,2,2024-08-03,,Annual,2,759.88,Active
509280,12730,4,2025-03-14,2025-11-25,Monthly,2,212.03,Expired
509281,14564,26,2024-06-16,,Monthly,1,244.16,Active
509282,19061,20,2026-06-12,2026-08-31,Monthly,3,806.3,Expired
509283,14395,24,2026-08-31,2026-08-31,Monthly,2,1825.89,Expired
509284,16301,15,2026-02-28,2026-08-31,Monthly,1,824.18,Cancelled
509285,16984,14,2025-10-29,,Monthly,3,824.73,Active
509286,11983,23,2024-10-08,2025-10-10,Monthly,1,304.01,Cancelled
509287,12695,24,2024-11-28,2025-03-07,Monthly,2,1755.59,Cancelled
509288,15304,26,2024-10-24,2026-04-12,Monthly,1,246.53,Cancelled
509289,13931,12,2024-12-16,,Monthly,2,2050.01,Active
509290,18145,18,2024-06-12,,Monthly,3,2330.95,Active
509291,14116,6,2024-05-10,,Annual,5,4507.43,Active
509292,14488,11,2025-05-19,,Monthly,2,667.16,Active
509293,11718,1,2025-04-10,2026-01-24,Monthly,1,108.76,Cancelled
509294,17029,3,2024-10-20,,Annual,1,769.58,Active
509295,17326,17,2026-06-02,,Monthly,3,891.23,Active
509296,14623,24,2025-06-22,2026-03-09,Monthly,2,1876.48,Cancelled
509297,16693,19,2025-03-31,,Monthly,2,179.43,Active
509298,19732,17,2025-02-26,,Monthly,3,846.12,Active
509299,14008,5,2024-04-12,,Monthly,2,522.27,Active
509300,10176,7,2025-08-18,,Monthly,1,102.74,Active
509301,11585,3,2026-08-31,,Monthly,4,3079.52,Active
509302,16432,12,2026-07-23,,Monthly,1,1148.47,Active
509303,17874,30,2024-07-02,2025-03-19,Monthly,2,1408.84,Expired
509304,15383,12,2024-04-08,2025-05-05,Annual,1,1011.97,Cancelled
509305,16930,4,2025-10-11,,Monthly,1,100.51,Active
509306,10134,29,2025-05-13,,Annual,1,319.78,Active
509307,16642,5,2024-12-30,,Monthly,1,251.6,Active
509308,16368,1,2025-02-12,,Monthly,1,119.12,Active
509309,19456,9,2026-04-16,,Annual,3,2952.92,Active
509310,13937,13,2026-08-31,2026-08-31,Annual,1,112.33,Expired
509311,18036,16,2025-11-12,2026-08-31,Annual,1,114.08,Cancelled
509312,12428,15,2025-12-27,2026-04-01,Monthly,1,699.09,Expired
509313,18988,1,2026-02-22,,Monthly,1,111.41,Active
509314,15521,7,2026-01-07,2026-08-31,Monthly,3,330.92,Expired
509315,17605,3,2026-08-31,,Annual,1,686.05,Active
509316,15257,12,2024-06-15,,Monthly,1,1145.35,Active
509317,17455,25,2025-07-02,2025-10-17,Monthly,1,104.54,Cancelled
509318,18092,30,2024-09-02,,Monthly,1,738.5,Active
509319,17585,28,2026-08-25,,Monthly,3,322.89,Active
509320,19844,15,2024-10-06,,Monthly,1,723.88,Active
509321,19454,30,2025-03-15,2026-06-10,Monthly,1,811.89,Expired
509322,17960,19,2026-08-03,2026-08-31,Monthly,1,88.34,Cancelled
509323,15250,13,2025-01-10,,Annual,1,109.5,Active
509324,10925,17,2026-03-02,,Annual,5,1321.82,Active
509325,14105,19,2026-04-08,,Monthly,2,163.74,Active
509326,16065,9,2024-10-01,,Monthly,1,912.62,Active
509327,19612,2,2024-05-26,,Monthly,2,763.1,Active
509328,13163,9,2026-08-04,2026-08-31,Monthly,1,941.96,Cancelled
509329,19690,20,2026-01-19,2026-08-31,Monthly,1,284.25,Cancelled
509330,15797,10,2025-05-03,,Monthly,1,112.66,Active
509331,18725,21,2025-11-01,2026-08-31,Monthly,2,1627.63,Cancelled
509332,17093,14,2025-05-21,,Monthly,1,317.7,Active
509333,15747,17,2026-03-10,2026-07-02,Monthly,2,611.07,Expired
509334,18083,28,2026-01-20,,Annual,3,339.0,Active
509335,16268,9,2026-03-28,2026-08-31,Monthly,3,2460.45,Expired
509336,18132,12,2024-06-01,,Annual,1,1015.21,Active
509337,14488,24,2025-06-06,2026-03-25,Monthly,2,1880.58,Cancelled
509338,10363,3,2025-01-01,,Monthly,1,782.19,Active
509339,12106,28,2025-11-26,,Monthly,1,110.46,Active
509340,15280,2,2026-08-31,,Annual,1,346.52,Active
509341,11011,7,2025-03-05,2025-09-22,Monthly,1,113.69,Cancelled
509342,14574,4,2026-08-21,2026-08-31,Monthly,2,214.11,Cancelled
509343,10124,20,2026-01-03,,Monthly,3,752.65,Active
509344,15105,16,2025-11-11,2026-06-24,Monthly,1,106.81,Cancelled
509345,12130,8,2025-03-14,,Monthly,1,291.1,Active
509346,17458,12,2025-03-20,,Monthly,1,1070.23,Active
509347,15385,10,2025-10-30,2026-08-31,Annual,1,120.98,Cancelled
509348,19060,12,2026-08-31,2026-08-31,Monthly,2,2285.37,Expired
509349,19015,9,2024-08-17,2025-09-07,Monthly,3,2461.7,Cancelled
509350,13953,16,2026-06-28,,Monthly,1,114.88,Active
509351,14155,13,2024-06-26,,Monthly,4,393.47,Active
509352,15118,13,2026-08-09,,Monthly,3,339.75,Active
509353,16409,10,2026-04-10,,Annual,1,101.56,Active
509354,16568,17,2024-08-10,,Monthly,1,253.49,Active
509355,14626,9,2025-04-07,2026-08-28,Monthly,2,1974.23,Cancelled
509356,15225,8,2025-01-16,2025-04-14,Monthly,2,520.95,Expired
509357,10137,19,2026-03-22,,Monthly,1,80.86,Active
509358,10731,16,2026-08-31,,Monthly,1,114.17,Active
509359,14276,26,2025-09-15,,Monthly,1,270.54,Active
509360,19372,4,2024-06-03,2025-05-30,Monthly,1,103.29,Expired
509361,13709,3,2026-02-22,2026-08-31,Monthly,1,683.46,Cancelled
509362,19922,18,2026-08-31,2026-08-31,Monthly,1,814.95,Cancelled
509363,13166,9,2025-06-10,,Monthly,2,2025.43,Active
509364,10509,29,2025-08-26,,Annual,1,300.49,Active
509365,13058,11,2025-04-12,,Monthly,1,366.22,Active
509366,13871,11,2026-06-29,,Annual,2,593.48,Active
509367,11524,18,2025-08-02,,Monthly,3,2686.97,Active
509368,13994,23,2026-08-31,2026-08-31,Monthly,1,334.07,Cancelled
509369,15836,3,2025-11-30,2026-08-31,Monthly,2,1540.35,Cancelled
509370,11972,30,2025-03-14,,Monthly,2,1588.6,Active
509371,18033,2,2025-07-08,,Monthly,1,316.91,Active
509372,11700,21,2025-02-04,,Monthly,2,1544.83,Active
509373,18330,5,2024-11-15,,Monthly,1,228.38,Active
509374,11193,29,2026-02-15,2026-08-31,Monthly,3,849.58,Expired
509375,12685,9,2024-08-01,2025-09-14,Monthly,1,845.38,Cancelled
509376,13598,29,2024-10-04,,Monthly,3,795.05,Active
509377,12870,9,2025-05-01,,Monthly,1,903.61,Active
509378,16573,12,2026-07-04,,Monthly,1,1081.66,Active
509379,12842,11,2025-06-01,,Monthly,2,652.69,Active
509380,11296,17,2026-05-23,,Monthly,1,247.72,Active
509381,11609,29,2025-05-21,,Monthly,1,268.29,Active
509382,18970,13,2024-12-15,,Monthly,1,111.32,Active
509383,16242,7,2026-07-12,2026-08-31,Monthly,1,94.61,Expired
509384,19381,28,2026-06-24,2026-08-31,Monthly,2,214.28,Expired
509385,11465,13,2025-09-17,2026-08-31,Monthly,2,225.29,Expired
509386,16844,27,2026-01-06,,Monthly,1,1021.63,Active
509387,13982,19,2026-08-31,,Monthly,3,236.01,Active
509388,18692,30,2025-09-21,,Monthly,2,1447.1,Active
509389,15427,12,2024-08-23,,Monthly,1,969.07,Active
509390,11622,5,2026-06-17,2026-08-31,Monthly,1,232.31,Cancelled
509391,16773,13,2024-05-20,,Monthly,2,241.03,Active
509392,15793,11,2026-02-28,,Monthly,1,323.03,Active
509393,19674,13,2025-01-27,,Annual,2,194.03,Active
509394,18023,4,2025-04-27,,Annual,1,99.77,Active
509395,18172,29,2024-09-19,2025-07-03,Annual,1,281.65,Cancelled
509396,13734,29,2025-05-02,,Monthly,1,269.99,Active
509397,13939,4,2024-09-06,,Monthly,5,599.48,Active
509398,16044,6,2024-09-09,,Monthly,1,855.22,Active
509399,18288,11,2025-12-03,,Monthly,1,366.83,Active
509400,12404,21,2025-05-25,,Monthly,1,860.05,Active
509401,12807,23,2025-10-24,,Annual,1,372.62,Active
509402,19780,13,2025-11-30,,Monthly,2,242.2,Active
509403,16787,29,2024-03-23,,Monthly,1,303.76,Active
509404,14825,5,2024-07-02,2025-02-08,Monthly,1,260.72,Expired
509405,12062,8,2024-10-15,2024-11-26,Monthly,2,515.45,Expired
509406,13086,16,2025-11-14,,Monthly,2,227.7,Active
509407,14368,17,2024-10-12,,Monthly,3,857.83,Active
509408,18228,11,2025-03-08,,Monthly,1,340.28,Active
509409,16141,3,2024-08-19,,Monthly,3,2395.58,Active
509410,13354,3,2026-08-31,,Monthly,1,763.79,Active
509411,18119,26,2025-09-13,,Monthly,1,226.2,Active
509412,16585,22,2026-07-23,,Monthly,1,107.6,Active
509413,19312,10,2024-11-11,,Monthly,1,112.4,Active
509414,15068,3,2024-05-21,2025-07-23,Monthly,3,2403.96,Cancelled
509415,19798,12,2025-01-09,2025-07-08,Annual,1,1040.33,Cancelled
509416,17218,23,2025-05-21,2025-09-04,Monthly,1,362.82,Cancelled
509417,18465,2,2024-08-10,,Annual,1,352.64,Active
509418,14799,15,2026-06-18,2026-08-31,Annual,1,797.31,Cancelled
509419,11920,20,2025-09-08,2025-10-21,Annual,1,265.35,Expired
509420,14995,24,2025-01-25,,Monthly,1,842.4,Active
509421,18506,3,2024-10-22,2026-03-10,Monthly,1,750.86,Cancelled
509422,17924,11,2024-10-04,,Monthly,2,679.26,Active
509423,15856,14,2025-10-06,2026-04-29,Monthly,2,535.9,Cancelled
509424,10131,24,2024-10-28,,Monthly,1,760.14,Active
509425,13737,21,2024-12-30,2025-04-21,Monthly,1,801.75,Expired
509426,11323,18,2026-08-22,,Monthly,1,773.17,Active
509427,13030,26,2024-08-26,,Annual,1,285.66,Active
509428,19668,7,2024-10-08,,Monthly,1,93.51,Active
509429,17214,22,2024-08-17,2025-10-02,Monthly,2,229.6,Cancelled
509430,10906,30,2024-07-23,2025-05-11,Annual,2,1411.99,Cancelled
509431,14305,6,2025-01-12,2025-04-30,Monthly,1,875.94,Expired
509432,15784,22,2026-07-21,2026-08-31,Monthly,1,100.26,Cancelled
509433,18634,14,2026-01-13,,Monthly,2,631.94,Active
509434,13464,9,2025-01-09,,Monthly,1,886.25,Active
509435,19460,7,2026-01-12,2026-08-31,Monthly,1,111.13,Cancelled
509436,19047,24,2026-03-22,,Monthly,1,871.08,Active
509437,18905,14,2026-08-31,,Monthly,1,291.58,Active
509438,13389,29,2024-04-11,,Annual,1,300.65,Active
509439,14641,3,2026-08-31,,Monthly,1,659.6,Active
509440,13986,2,2025-05-29,,Monthly,1,312.19,Active
509441,18829,28,2026-08-01,2026-08-31,Monthly,1,116.47,Cancelled
509442,10801,29,2026-08-17,2026-08-31,Monthly,1,311.04,Expired
509443,15986,26,2025-10-06,,Annual,2,458.07,Active
509444,10194,7,2024-10-09,,Monthly,3,348.26,Active
509445,11842,16,2026-08-31,2026-08-31,Monthly,2,195.88,Expired
509446,10145,5,2026-08-31,,Monthly,2,477.47,Active
509447,10882,17,2026-05-07,,Monthly,1,277.92,Active
509448,19828,11,2026-06-20,,Monthly,3,891.33,Active
509449,10447,16,2024-09-16,2024-12-02,Monthly,2,205.25,Cancelled
509450,19108,21,2025-07-04,2026-08-31,Monthly,3,2577.5,Cancelled
509451,10415,20,2026-01-03,,Annual,3,858.12,Active
509452,15643,2,2024-08-11,2025-03-14,Monthly,1,356.92,Expired
509453,18170,23,2025-05-28,2025-10-08,Annual,1,368.09,Cancelled
509454,18045,20,2025-02-05,2026-03-24,Monthly,3,710.61,Expired
509455,11322,25,2025-06-27,2026-06-28,Monthly,1,111.64,Expired
509456,16417,12,2025-02-04,,Monthly,1,1159.12,Active
509457,18868,9,2024-09-09,,Monthly,1,957.47,Active
509458,17078,29,2026-08-31,,Monthly,1,269.99,Active
509459,12937,11,2026-06-08,,Monthly,2,580.63,Active
509460,14994,17,2024-04-14,,Annual,2,554.19,Active
509461,19927,26,2025-06-21,2026-08-31,Monthly,1,250.4,Cancelled
509462,10770,9,2025-02-27,2026-02-08,Monthly,1,856.83,Cancelled
509463,14377,4,2024-12-18,,Annual,1,113.99,Active
509464,13069,26,2024-05-13,2025-02-23,Annual,1,261.24,Cancelled
509465,11510,15,2024-09-07,2026-02-09,Monthly,3,2249.17,Cancelled
509466,14402,12,2026-01-23,,Monthly,1,987.29,Active
509467,12276,8,2026-01-21,,Monthly,2,554.7,Active
509468,16018,26,2026-02-26,,Monthly,1,252.15,Active
509469,12137,11,2026-08-03,,Monthly,1,356.16,Active
509470,13475,8,2024-10-23,2025-03-04,Annual,1,278.85,Cancelled
509471,11627,13,2026-08-31,2026-08-31,Monthly,1,119.43,Expired
509472,14731,7,2026-08-31,,Monthly,1,106.52,Active
509473,17960,22,2026-06-27,2026-08-31,Monthly,2,221.31,Expired
509474,16745,19,2026-07-14,,Monthly,2,173.92,Active
509475,11430,4,2024-02-24,,Monthly,1,97.08,Active
509476,15149,22,2026-03-20,,Monthly,1,96.26,Active
509477,14851,11,2026-08-31,,Monthly,1,350.96,Active
509478,13399,30,2026-01-31,2026-08-31,Monthly,3,2100.69,Cancelled
509479,18208,18,2025-02-21,,Monthly,4,3341.26,Active
509480,16219,21,2026-07-09,,Monthly,1,794.13,Active
509481,16032,25,2026-08-31,,Annual,1,101.55,Active
509482,13537,17,2025-10-24,,Monthly,1,302.79,Active
509483,17508,20,2024-04-01,2024-08-10,Monthly,1,271.81,Cancelled
509484,17987,23,2025-05-13,2025-11-06,Monthly,1,351.65,Expired
509485,11093,17,2025-06-15,,Monthly,4,1197.34,Active
509486,17137,25,2026-08-20,,Monthly,1,95.1,Active
509487,18283,9,2024-04-05,2025-08-20,Annual,2,1640.52,Expired
509488,14213,30,2026-08-07,2026-08-31,Monthly,1,836.46,Expired
509489,15979,30,2026-08-04,,Annual,1,829.94,Active
509490,19260,12,2026-04-13,,Monthly,1,994.05,Active
509491,10045,22,2025-03-13,,Monthly,1,116.02,Active
509492,16333,14,2026-08-31,,Monthly,1,315.4,Active
509493,18231,4,2024-08-21,,Monthly,2,235.33,Active
509494,12560,22,2025-05-21,,Monthly,3,284.42,Active
509495,16570,7,2025-06-25,,Monthly,1,104.79,Active
509496,15603,3,2026-02-06,2026-08-31,Monthly,1,805.65,Cancelled
509497,10158,20,2026-07-17,,Annual,1,266.19,Active
509498,10542,11,2026-02-13,,Monthly,3,987.74,Active
509499,17866,17,2024-08-30,2025-08-27,Monthly,1,288.05,Cancelled
509500,14448,12,2025-12-04,,Annual,1,1000.66,Active
509501,19875,18,2026-08-31,2026-08-31,Monthly,1,918.36,Expired
509502,18319,1,2024-11-22,2025-09-26,Monthly,1,102.51,Cancelled
509503,16498,12,2025-11-24,2026-08-31,Monthly,1,1098.73,Cancelled
509504,14100,21,2024-08-31,,Monthly,1,848.45,Active
509505,18467,29,2026-03-20,,Monthly,1,299.44,Active
509506,12105,19,2025-04-28,,Monthly,1,77.7,Active
509507,18601,6,2026-03-19,,Monthly,1,878.87,Active
509508,14460,10,2024-11-02,,Monthly,2,224.71,Active
509509,19955,7,2026-02-01,2026-07-30,Monthly,1,107.45,Expired
509510,16338,5,2025-11-20,2026-08-31,Monthly,2,523.29,Cancelled
509511,12539,10,2025-10-17,2026-01-26,Monthly,2,221.98,Cancelled
509512,15577,8,2024-09-06,,Monthly,1,259.57,Active
509513,14783,25,2025-11-23,,Monthly,2,218.9,Active
509514,13489,6,2025-09-28,2026-05-07,Monthly,1,851.02,Expired
509515,13996,28,2025-06-15,2025-09-13,Monthly,3,345.6,Expired
509516,15975,23,2025-04-02,,Monthly,1,344.52,Active
509517,17000,10,2025-10-17,2026-07-10,Monthly,1,119.32,Expired
509518,11834,21,2025-06-20,2026-04-11,Annual,1,868.96,Expired
509519,16345,7,2024-09-13,2025-06-08,Monthly,1,101.44,Cancelled
509520,13074,26,2024-10-29,,Monthly,1,270.62,Active
509521,14544,22,2025-06-14,,Monthly,2,230.85,Active
509522,11151,22,2025-06-06,2026-01-30,Monthly,1,118.6,Cancelled
509523,19299,24,2024-03-26,,Monthly,1,748.2,Active
509524,18864,4,2026-08-31,2026-08-31,Monthly,1,120.26,Expired
509525,19028,21,2025-04-27,2026-08-10,Monthly,1,791.65,Cancelled
509526,14407,5,2024-02-03,,Annual,1,265.21,Active
509527,11303,3,2025-10-31,2026-03-22,Monthly,1,785.35,Cancelled
509528,13209,23,2025-07-12,,Annual,1,341.86,Active
509529,14544,13,2025-01-01,,Annual,2,231.47,Active
509530,11205,6,2026-06-15,,Monthly,3,2530.47,Active
509531,10069,20,2024-08-29,,Monthly,1,288.91,Active
509532,18327,4,2025-08-11,,Monthly,2,200.61,Active
509533,15886,1,2025-02-18,2026-06-30,Monthly,1,111.19,Expired
509534,13146,27,2026-02-17,2026-08-31,Monthly,1,928.74,Cancelled
509535,18631,1,2024-09-05,,Annual,1,104.3,Active
509536,13753,16,2026-08-13,,Monthly,3,315.13,Active
509537,16252,14,2024-04-10,,Monthly,2,522.14,Active
509538,19887,27,2026-01-18,2026-08-31,Annual,2,1859.46,Expired
509539,13202,2,2024-09-18,,Monthly,1,339.94,Active
509540,15357,10,2025-02-24,,Monthly,1,102.82,Active
509541,19181,27,2024-08-05,,Monthly,1,913.08,Active
509542,10599,9,2024-10-23,,Monthly,2,1642.94,Active
509543,18553,13,2025-01-02,2025-10-26,Monthly,2,229.14,Cancelled
509544,12843,3,2026-08-31,2026-08-31,Monthly,3,2386.6,Expired
509545,18819,21,2026-07-27,,Monthly,2,1638.14,Active
509546,16247,27,2026-06-05,,Monthly,1,1059.98,Active
509547,17398,30,2026-08-31,2026-08-31,Monthly,1,761.0,Cancelled
509548,11918,12,2024-04-26,2025-02-01,Monthly,2,2372.48,Cancelled
509549,10866,4,2025-12-17,,Monthly,2,214.2,Active
509550,15214,16,2026-07-05,2026-08-31,Monthly,3,335.54,Expired
509551,15833,25,2024-11-24,,Monthly,2,230.04,Active
509552,12318,14,2026-02-12,2026-08-31,Monthly,4,1226.68,Expired
509553,15556,5,2025-01-09,,Monthly,2,445.0,Active
509554,13373,18,2025-01-27,2026-04-11,Monthly,1,865.27,Expired
509555,19314,29,2025-04-13,2026-02-02,Annual,1,256.15,Expired
509556,14032,18,2025-07-07,,Monthly,1,971.84,Active
509557,18017,22,2026-08-14,,Monthly,3,288.55,Active
509558,11644,13,2025-08-31,,Monthly,2,233.85,Active
509559,12450,8,2026-08-31,,Annual,3,831.48,Active
509560,17399,20,2024-09-13,2024-10-13,Monthly,1,288.93,Cancelled
509561,17576,6,2026-01-14,2026-08-31,Annual,1,891.51,Expired
509562,16708,11,2024-06-26,,Monthly,3,1104.56,Active
509563,13761,18,2026-08-15,,Annual,1,927.2,Active
509564,19914,20,2025-07-19,,Monthly,4,1031.38,Active
509565,13801,9,2026-08-24,,Monthly,2,1947.57,Active
509566,11137,12,2024-12-26,2026-03-15,Monthly,1,1091.62,Cancelled
509567,19127,30,2026-08-30,,Monthly,1,749.59,Active
509568,15471,23,2024-07-10,,Monthly,2,684.77,Active
509569,10802,23,2025-08-24,,Monthly,2,653.27,Active
509570,10738,28,2024-07-30,2025-04-20,Monthly,2,228.34,Cancelled
509571,11701,27,2025-02-14,,Monthly,1,984.04,Active
509572,17387,26,2024-10-04,,Monthly,1,266.97,Active
509573,14146,2,2026-08-31,2026-08-31,Monthly,1,321.67,Expired
509574,12278,24,2024-11-18,,Monthly,1,904.49,Active
509575,14438,24,2026-05-12,2026-06-14,Monthly,1,836.31,Expired
509576,16283,24,2024-12-15,2025-06-24,Monthly,4,3335.77,Expired
509577,19087,3,2025-04-14,2025-11-15,Monthly,2,1577.01,Cancelled
509578,18330,22,2024-09-09,2026-02-14,Monthly,1,114.39,Cancelled
509579,16332,13,2026-08-11,,Monthly,1,119.59,Active
509580,11037,13,2024-09-06,,Monthly,1,97.38,Active
509581,15724,12,2024-01-25,,Annual,2,1929.53,Active
509582,18364,8,2026-08-21,,Monthly,3,879.09,Active
509583,17172,25,2026-07-04,,Monthly,1,94.49,Active
509584,13943,1,2026-02-16,,Monthly,1,113.72,Active
509585,10662,29,2026-01-27,,Annual,1,312.4,Active
509586,19817,24,2025-08-26,2026-01-27,Monthly,2,1667.55,Cancelled
509587,15279,15,2026-08-31,2026-08-31,Monthly,2,1377.39,Expired
509588,11970,12,2024-06-22,,Monthly,2,2227.11,Active
509589,16856,8,2026-05-09,,Monthly,1,284.07,Active
509590,16488,30,2026-08-31,,Monthly,3,2260.28,Active
509591,18531,20,2026-08-31,,Monthly,2,568.03,Active
509592,11592,7,2025-06-09,,Monthly,1,101.31,Active
509593,10165,17,2025-05-27,,Monthly,1,300.83,Active
509594,17581,20,2025-07-10,2026-03-03,Monthly,1,273.39,Cancelled
509595,12647,24,2025-01-27,,Monthly,3,2419.56,Active
509596,15622,14,2025-12-15,,Monthly,1,311.59,Active
509597,12135,8,2024-11-03,,Monthly,1,264.1,Active
509598,13272,10,2025-07-31,,Monthly,1,102.91,Active
509599,18626,17,2025-10-22,2026-08-31,Annual,3,793.27,Expired
509600,10312,14,2026-01-27,2026-03-01,Annual,1,259.83,Cancelled
509601,13941,15,2024-10-30,,Monthly,3,2264.73,Active
509602,13425,30,2024-06-06,,Annual,1,739.07,Active
509603,19483,7,2024-10-01,2025-08-19,Monthly,1,105.84,Cancelled
509604,18472,14,2025-03-05,,Annual,1,291.52,Active
509605,17620,16,2025-09-06,2026-04-17,Monthly,1,97.27,Cancelled
509606,13894,6,2025-08-13,2025-11-03,Monthly,1,787.01,Expired
509607,18625,26,2025-07-18,,Monthly,1,237.92,Active
509608,12227,18,2025-04-04,2025-07-04,Monthly,2,1824.58,Expired
509609,18377,21,2026-08-31,,Monthly,2,1891.1,Active
509610,16069,14,2024-07-19,,Monthly,1,257.07,Active
509611,11580,25,2026-07-25,,Monthly,1,98.9,Active
509612,11762,26,2024-11-19,2025-02-02,Monthly,3,780.74,Expired
509613,10491,17,2026-05-19,2026-08-31,Monthly,2,597.54,Expired
509614,19623,24,2025-06-06,,Annual,1,747.23,Active
509615,15859,28,2024-08-24,,Monthly,1,103.84,Active
509616,11041,12,2025-12-01,,Monthly,1,1139.03,Active
509617,10720,12,2026-08-31,,Monthly,3,3147.88,Active
509618,11452,15,2025-04-11,,Monthly,2,1533.27,Active
509619,15711,18,2025-03-07,2025-11-08,Monthly,1,792.82,Expired
509620,10136,15,2024-07-08,2025-05-04,Monthly,1,702.49,Expired
509621,12363,18,2024-12-12,,Monthly,1,931.99,Active
509622,19525,1,2025-04-23,,Monthly,1,115.44,Active
509623,19483,5,2024-11-17,2025-08-05,Monthly,1,254.85,Cancelled
509624,18280,30,2024-08-17,2024-10-20,Monthly,1,791.9,Expired
509625,14457,25,2024-04-02,,Monthly,2,236.53,Active
509626,13704,28,2024-09-19,2025-04-18,Monthly,3,327.34,Cancelled
509627,16275,28,2025-11-29,,Annual,4,457.3,Active
509628,11115,13,2025-11-18,2026-03-08,Monthly,2,212.62,Expired
509629,15967,16,2025-05-31,2026-01-30,Monthly,1,108.22,Expired
509630,11039,17,2025-03-26,,Monthly,1,251.12,Active
509631,19232,15,2024-10-21,,Monthly,1,749.71,Active
509632,12089,26,2024-12-21,,Monthly,4,1113.32,Active
509633,18224,17,2025-11-20,2026-08-31,Monthly,2,555.85,Cancelled
509634,10778,5,2024-06-04,,Annual,3,819.73,Active
509635,17921,26,2026-08-16,,Annual,2,517.26,Active
509636,19471,6,2024-11-16,,Monthly,2,1609.58,Active
509637,13207,4,2024-08-07,2024-09-07,Annual,1,99.55,Expired
509638,11768,19,2025-03-21,,Annual,2,177.31,Active
509639,13487,5,2025-02-11,2026-06-08,Monthly,2,540.15,Cancelled
509640,15331,13,2025-01-23,,Annual,1,120.62,Active
509641,13760,10,2024-06-24,,Annual,2,197.41,Active
509642,11426,7,2025-10-15,,Monthly,2,230.68,Active
509643,13713,30,2026-07-04,,Monthly,1,752.01,Active
509644,17848,16,2024-12-14,,Monthly,2,210.62,Active
509645,18821,11,2024-05-12,,Monthly,1,349.61,Active
509646,19286,18,2025-05-02,2025-10-05,Annual,2,1709.8,Expired
509647,14846,19,2024-05-10,,Monthly,1,76.88,Active
509648,14403,15,2025-11-05,2026-08-31,Monthly,2,1565.83,Expired
509649,16655,26,2026-08-31,2026-08-31,Monthly,4,967.42,Cancelled
509650,15388,25,2024-07-19,,Annual,3,282.9,Active
509651,12263,17,2026-08-31,,Monthly,1,257.72,Active
509652,19344,15,2026-08-16,2026-08-31,Annual,1,762.85,Expired
509653,19869,3,2026-04-03,2026-08-31,Monthly,1,792.21,Cancelled
509654,15686,28,2024-06-11,2025-04-23,Monthly,2,193.36,Cancelled
509655,19615,21,2025-01-23,2026-05-06,Monthly,2,1636.6,Expired
509656,12875,15,2026-06-04,,Monthly,3,2425.25,Active
509657,16040,14,2024-11-08,,Monthly,1,307.99,Active
509658,18135,28,2026-03-12,,Monthly,1,112.86,Active
509659,19208,18,2024-08-17,,Monthly,2,1591.68,Active
509660,15910,8,2024-10-17,,Monthly,1,266.53,Active
509661,18342,21,2026-08-31,,Monthly,2,1896.39,Active
509662,15549,20,2026-02-03,2026-08-31,Monthly,1,245.39,Expired
509663,10933,7,2025-05-21,2026-07-29,Monthly,1,94.56,Expired
509664,17099,24,2024-12-12,,Monthly,1,934.52,Active
509665,19700,2,2024-09-07,,Monthly,2,613.66,Active
509666,15164,7,2026-02-23,2026-08-31,Monthly,2,223.24,Cancelled
509667,13014,28,2024-05-24,2025-10-25,Monthly,3,303.38,Expired
509668,10300,3,2025-06-24,,Monthly,2,1627.96,Active
509669,12047,23,2025-05-01,,Monthly,3,1098.0,Active
509670,14288,15,2024-09-09,2026-02-26,Monthly,1,781.1,Expired
509671,19906,22,2024-10-27,,Monthly,1,94.66,Active
509672,13995,5,2025-03-17,2025-07-30,Monthly,1,235.07,Cancelled
509673,11024,17,2026-06-15,2026-08-31,Annual,1,300.54,Expired
509674,18892,3,2025-07-13,,Monthly,2,1388.13,Active
509675,16416,16,2026-05-17,,Monthly,1,102.63,Active
509676,17473,11,2025-09-29,,Monthly,1,306.32,Active
509677,19327,23,2026-08-31,2026-08-31,Annual,2,686.62,Cancelled
509678,19664,19,2024-10-25,,Monthly,1,79.44,Active
509679,19912,2,2024-12-06,2025-10-31,Monthly,1,359.4,Cancelled
509680,17646,20,2026-02-26,,Monthly,1,230.34,Active
509681,18736,23,2024-06-06,,Monthly,4,1337.52,Active
509682,15147,15,2025-10-26,2026-06-22,Monthly,3,2288.51,Cancelled
509683,19005,29,2024-04-17,2025-05-10,Monthly,1,282.56,Expired
509684,19702,12,2024-09-08,,Monthly,1,1086.82,Active
509685,14790,24,2026-01-25,2026-08-31,Monthly,1,791.46,Expired
509686,12819,14,2026-08-31,2026-08-31,Monthly,1,293.75,Expired
509687,19567,30,2026-02-02,,Monthly,3,2507.83,Active
509688,18039,20,2026-08-31,,Monthly,1,263.03,Active
509689,11943,15,2024-11-19,,Annual,2,1396.56,Active
509690,12013,23,2025-07-03,2026-08-31,Annual,1,331.28,Cancelled
509691,12553,27,2026-08-01,2026-08-31,Monthly,1,969.29,Cancelled
509692,17872,18,2024-01-30,,Monthly,1,823.41,Active
509693,12106,21,2025-12-01,,Annual,1,764.59,Active
509694,13632,21,2026-08-11,,Monthly,2,1696.59,Active
509695,16952,26,2026-05-15,,Monthly,2,466.78,Active
509696,12917,7,2026-08-07,,Monthly,2,225.03,Active
509697,10343,2,2026-01-13,,Monthly,4,1444.19,Active
509698,18652,9,2026-06-25,,Monthly,1,826.32,Active
509699,12249,1,2024-11-30,,Annual,1,113.84,Active
509700,19019,30,2026-06-22,2026-08-31,Monthly,2,1445.69,Expired
509701,14522,24,2024-07-05,2025-09-16,Monthly,1,763.89,Cancelled
509702,14214,27,2026-08-03,,Monthly,1,936.43,Active
509703,13646,17,2025-02-28,,Monthly,1,264.85,Active
509704,10316,24,2024-08-11,,Monthly,1,854.7,Active
509705,10039,3,2025-10-29,2026-03-31,Annual,1,754.89,Cancelled
509706,15981,11,2024-12-15,2026-03-21,Monthly,2,640.55,Cancelled
509707,12313,6,2024-07-07,,Annual,1,844.68,Active
509708,13329,29,2025-10-04,,Monthly,1,272.2,Active
509709,10536,5,2025-06-14,2026-08-31,Monthly,2,539.22,Cancelled
509710,16783,3,2026-03-19,2026-08-31,Monthly,1,779.78,Cancelled
509711,12330,7,2024-09-08,2024-12-13,Monthly,2,190.62,Cancelled
509712,10289,10,2026-08-31,2026-08-31,Monthly,1,107.52,Cancelled
509713,15140,30,2024-10-02,,Monthly,1,708.05,Active
509714,12914,28,2024-06-06,2025-08-15,Annual,2,219.22,Cancelled
509715,13617,17,2025-01-19,,Monthly,1,302.92,Active
509716,17074,27,2026-08-31,,Annual,1,971.11,Active
509717,18250,30,2026-07-29,2026-08-31,Annual,1,834.94,Cancelled
509718,17684,16,2026-05-26,,Monthly,1,111.36,Active
509719,13784,6,2024-03-18,2024-10-23,Monthly,1,893.93,Cancelled
509720,11258,26,2026-02-05,,Monthly,1,279.08,Active
509721,13995,15,2025-01-14,,Monthly,2,1437.44,Active
509722,11853,25,2026-03-06,,Monthly,1,106.5,Active
509723,13151,16,2024-11-20,,Annual,1,106.45,Active
509724,19726,30,2024-10-19,,Annual,1,682.5,Active
509725,11566,25,2025-08-20,,Monthly,3,290.55,Active
509726,11129,12,2025-02-12,,Monthly,1,1170.95,Active
509727,12020,1,2025-07-22,,Monthly,1,106.51,Active
509728,13760,16,2024-04-29,,Annual,1,101.57,Active
509729,19271,14,2025-04-23,2025-06-20,Monthly,1,279.38,Expired
509730,14825,18,2024-07-07,2025-07-21,Monthly,3,2559.36,Cancelled
509731,15084,7,2026-03-13,2026-08-31,Monthly,1,97.9,Expired
509732,11488,12,2025-12-31,2026-06-26,Annual,1,1083.41,Expired
509733,19123,24,2025-12-26,,Monthly,1,822.51,Active
509734,18217,8,2025-04-03,,Monthly,1,314.12,Active
509735,15990,14,2025-10-14,,Monthly,1,260.88,Active
509736,12146,30,2024-09-06,,Monthly,1,828.69,Active
509737,13445,1,2026-07-29,2026-08-31,Monthly,3,292.0,Cancelled
509738,15689,20,2025-04-28,,Annual,2,552.54,Active
509739,19892,3,2025-07-02,2026-08-31,Monthly,1,762.07,Cancelled
509740,15989,22,2025-11-13,,Monthly,1,103.52,Active
509741,10674,6,2026-08-31,,Monthly,2,1583.74,Active
509742,10970,4,2024-07-30,,Annual,3,316.94,Active
509743,19244,1,2024-06-09,,Monthly,1,116.21,Active
509744,17094,11,2024-07-08,,Monthly,2,631.84,Active
509745,14191,10,2025-05-23,,Monthly,5,507.19,Active
509746,19643,9,2026-08-16,,Annual,1,924.6,Active
509747,17917,28,2026-08-31,,Monthly,2,236.79,Active
509748,14559,1,2025-11-14,2026-08-31,Monthly,1,114.94,Expired
509749,18038,20,2024-11-26,,Monthly,2,571.24,Active
509750,10162,5,2025-06-20,,Annual,1,254.98,Active
509751,13068,8,2025-05-17,2026-08-25,Monthly,1,277.27,Cancelled
509752,17571,25,2026-06-10,,Monthly,2,201.42,Active
509753,10791,3,2026-05-17,2026-08-29,Monthly,1,732.51,Cancelled
509754,10905,27,2026-03-13,,Monthly,1,982.23,Active
509755,17882,9,2026-01-05,,Monthly,1,875.58,Active
509756,16959,26,2024-10-11,,Monthly,1,252.72,Active
509757,17357,24,2026-08-31,2026-08-31,Monthly,2,1696.22,Expired
509758,19605,25,2025-02-04,,Monthly,1,110.6,Active
509759,12656,6,2024-10-20,,Monthly,1,781.26,Active
509760,10227,30,2026-08-31,,Annual,2,1457.36,Active
509761,18467,23,2026-05-28,,Monthly,1,340.88,Active
509762,15107,14,2024-12-09,,Monthly,2,604.44,Active
509763,15529,25,2026-08-31,2026-08-31,Monthly,3,343.53,Cancelled
509764,18101,29,2025-04-17,2026-05-20,Annual,2,575.03,Cancelled
509765,17636,22,2026-08-27,,Monthly,1,114.71,Active
509766,16956,12,2025-11-22,2026-01-01,Annual,1,979.84,Cancelled
509767,14752,16,2026-08-31,,Monthly,1,113.91,Active
509768,14025,23,2024-10-29,2025-12-04,Monthly,1,373.04,Expired
509769,10923,8,2025-04-09,2026-06-14,Monthly,1,320.63,Cancelled
509770,19270,17,2025-04-04,,Monthly,3,788.2,Active
509771,10858,20,2025-09-20,,Monthly,3,720.7,Active
509772,18537,20,2025-06-17,,Annual,1,244.9,Active
509773,16733,17,2025-12-29,,Monthly,1,271.98,Active
509774,13486,13,2024-08-22,,Monthly,1,104.5,Active
509775,19990,1,2026-06-27,,Annual,1,104.18,Active
509776,14467,25,2024-09-28,,Annual,3,332.1,Active
509777,17752,30,2025-02-21,,Monthly,2,1459.69,Active
509778,14074,23,2024-06-07,,Annual,1,326.06,Active
509779,14606,23,2025-09-05,,Monthly,1,341.49,Active
509780,19169,22,2025-03-15,2026-06-09,Monthly,1,97.39,Expired
509781,18758,1,2025-02-14,,Monthly,1,102.08,Active
509782,14411,25,2024-02-28,2025-03-05,Annual,1,100.99,Cancelled
509783,14858,13,2024-09-02,2025-08-31,Monthly,3,364.76,Cancelled
509784,10539,6,2024-07-23,,Monthly,2,1764.07,Active
509785,15678,19,2025-09-15,,Monthly,2,150.34,Active
509786,19690,5,2026-05-05,,Monthly,1,256.26,Active
509787,13341,27,2025-08-01,,Monthly,1,968.87,Active
509788,13460,20,2024-04-06,2024-05-25,Annual,2,533.01,Expired
509789,16788,19,2024-03-30,,Monthly,1,74.59,Active
509790,14717,20,2024-06-06,,Monthly,1,286.71,Active
509791,15699,6,2025-02-07,,Monthly,1,776.3,Active
509792,13094,15,2026-08-31,,Annual,1,727.14,Active
509793,19405,20,2025-09-24,,Monthly,2,472.48,Active
509794,13776,20,2026-08-31,,Monthly,1,252.74,Active
509795,13959,16,2024-10-13,,Annual,2,233.16,Active
509796,19919,1,2026-08-12,,Monthly,1,99.24,Active
509797,14927,14,2026-02-16,2026-08-10,Monthly,1,263.43,Expired
509798,17370,28,2024-04-18,,Monthly,1,116.52,Active
509799,11732,19,2025-02-28,2026-02-18,Monthly,4,354.61,Expired
509800,12812,20,2026-02-17,2026-08-31,Monthly,1,290.99,Cancelled
509801,17719,27,2026-01-25,,Monthly,1,965.12,Active
509802,12723,28,2026-01-25,2026-06-01,Monthly,2,193.37,Expired
509803,19832,3,2025-06-09,,Monthly,2,1579.06,Active
509804,10878,23,2025-06-06,,Monthly,1,361.9,Active
509805,19783,12,2024-12-13,2025-07-21,Annual,1,1120.59,Cancelled
509806,16811,6,2024-04-16,2025-06-15,Monthly,2,1607.96,Expired
509807,14775,17,2025-09-08,2026-08-31,Monthly,3,751.41,Expired
509808,11610,29,2024-09-26,,Monthly,1,290.39,Active
509809,15295,17,2024-11-09,,Monthly,1,250.35,Active
509810,13856,6,2026-03-30,,Monthly,1,849.28,Active
509811,12996,25,2025-06-25,,Annual,2,187.97,Active
509812,15834,23,2025-11-27,,Monthly,3,985.63,Active
509813,19707,19,2026-07-18,,Annual,3,249.2,Active
509814,16985,2,2024-12-12,,Monthly,3,1131.85,Active
509815,11155,3,2026-02-03,,Annual,1,774.54,Active
509816,19717,3,2025-08-16,,Monthly,1,678.97,Active
509817,17780,13,2025-01-26,,Monthly,2,194.86,Active
509818,17745,27,2025-01-25,2026-06-21,Monthly,2,2178.78,Cancelled
509819,15602,17,2025-04-05,2025-06-22,Monthly,1,267.37,Cancelled
509820,10653,16,2024-06-10,,Monthly,1,96.9,Active
509821,16454,18,2025-11-14,2026-06-18,Monthly,2,1705.71,Cancelled
509822,16153,18,2025-09-26,2026-05-10,Monthly,1,951.66,Expired
509823,16325,11,2024-05-30,2024-12-05,Monthly,1,311.34,Cancelled
509824,13764,27,2025-08-12,,Monthly,2,1818.44,Active
509825,14364,24,2024-03-13,2024-07-23,Monthly,2,1807.14,Expired
509826,15558,9,2025-01-18,,Monthly,3,2547.77,Active
509827,15204,25,2025-06-13,2026-06-29,Monthly,2,214.01,Cancelled
509828,18168,20,2025-03-22,,Annual,2,502.72,Active
509829,16975,24,2026-08-31,2026-08-31,Annual,3,2370.44,Cancelled
509830,15020,30,2026-08-31,,Annual,2,1462.2,Active
509831,19511,19,2024-03-16,,Monthly,1,86.31,Active
509832,11793,21,2024-05-22,2025-07-16,Monthly,3,2415.23,Expired
509833,14084,13,2024-09-30,2025-12-15,Monthly,1,121.79,Expired
509834,12814,1,2025-08-14,,Annual,1,122.23,Active
509835,14459,24,2024-11-06,2025-10-06,Monthly,1,831.53,Expired
509836,11758,28,2026-08-31,,Monthly,1,113.54,Active
509837,11757,9,2024-12-06,,Annual,1,832.09,Active
509838,16305,11,2026-08-31,2026-08-31,Monthly,1,300.39,Expired
509839,16733,10,2025-11-24,,Monthly,1,102.92,Active
509840,14867,29,2026-08-31,,Monthly,2,649.03,Active
509841,19183,7,2025-09-28,2026-08-31,Monthly,1,95.4,Cancelled
509842,14718,7,2024-06-05,,Monthly,3,319.53,Active
509843,15324,29,2026-05-08,,Monthly,3,862.45,Active
509844,12220,5,2024-07-12,,Monthly,2,549.55,Active
509845,12397,19,2026-04-08,2026-08-31,Monthly,1,75.87,Cancelled
509846,15200,24,2024-12-10,,Monthly,1,765.47,Active
509847,14631,4,2024-04-20,,Monthly,1,108.86,Active
509848,12892,5,2025-09-14,,Monthly,1,236.21,Active
509849,14744,30,2026-04-02,,Monthly,2,1395.15,Active
509850,12610,23,2025-05-19,2025-10-12,Annual,1,342.19,Cancelled
509851,12374,29,2026-02-09,2026-08-31,Monthly,5,1410.62,Cancelled
509852,13497,19,2024-03-13,2024-08-02,Monthly,1,80.63,Cancelled
509853,15574,11,2024-08-14,2025-10-15,Monthly,2,728.96,Cancelled
509854,16216,10,2024-10-04,,Annual,1,124.39,Active
509855,16164,12,2024-07-03,,Annual,1,1078.09,Active
509856,15580,27,2025-04-29,,Monthly,1,896.16,Active
509857,12546,3,2025-09-16,,Monthly,3,2329.39,Active
509858,15004,24,2025-12-16,2026-08-31,Monthly,3,2331.26,Expired
509859,14537,25,2024-06-22,,Monthly,3,313.14,Active
509860,18749,30,2026-06-08,,Monthly,1,717.21,Active
509861,16511,14,2025-04-18,,Monthly,1,282.76,Active
509862,14423,3,2026-08-31,2026-08-31,Annual,2,1475.75,Expired
509863,19079,18,2024-06-30,2025-02-01,Monthly,1,960.37,Expired
509864,17008,16,2024-11-12,,Monthly,2,221.15,Active
509865,10896,18,2026-05-16,,Monthly,1,962.76,Active
509866,10228,7,2026-08-31,,Monthly,1,95.69,Active
509867,18976,27,2025-02-28,,Monthly,3,2893.7,Active
509868,15120,7,2026-07-02,2026-08-31,Monthly,1,109.68,Cancelled
509869,11336,29,2024-04-10,,Monthly,1,314.48,Active
509870,11325,21,2024-06-05,2024-12-30,Annual,1,897.43,Cancelled
509871,14935,19,2024-08-02,2025-05-08,Annual,2,152.59,Cancelled
509872,13926,11,2024-06-17,,Monthly,3,905.47,Active
509873,18805,1,2024-12-14,2026-05-08,Monthly,2,228.61,Expired
509874,15337,5,2024-11-26,,Monthly,1,259.89,Active
509875,19202,18,2026-02-15,,Monthly,1,977.16,Active
509876,11926,19,2026-08-31,2026-08-31,Annual,1,74.78,Expired
509877,17908,16,2024-06-23,2025-05-07,Monthly,3,355.94,Expired
509878,10698,29,2024-06-18,,Monthly,1,269.88,Active
509879,10937,3,2025-07-15,,Annual,1,663.1,Active
509880,11545,12,2025-10-03,,Monthly,1,1128.61,Active
509881,13146,8,2026-02-05,,Monthly,1,317.67,Active
509882,13835,22,2025-08-21,2026-04-26,Monthly,3,289.05,Expired
509883,11931,22,2024-11-18,,Monthly,1,107.34,Active
509884,10571,30,2026-08-31,2026-08-31,Monthly,2,1611.86,Expired
509885,15209,7,2024-08-27,2025-03-16,Monthly,1,115.52,Expired
509886,10891,16,2024-11-06,2025-11-08,Monthly,1,120.33,Cancelled
509887,13909,24,2026-02-19,,Monthly,1,780.79,Active
509888,13090,27,2025-01-07,,Monthly,1,968.76,Active
509889,19186,7,2024-09-07,2025-01-25,Monthly,1,93.67,Cancelled
509890,11143,22,2025-05-30,2025-11-17,Annual,1,113.39,Expired
509891,12390,20,2024-09-29,,Monthly,2,516.29,Active
509892,19435,4,2025-09-17,,Annual,3,306.05,Active
509893,18478,16,2025-06-07,2026-05-06,Monthly,4,450.69,Cancelled
509894,18355,5,2026-06-14,,Monthly,1,229.48,Active
509895,13579,26,2024-10-13,,Monthly,1,276.58,Active
509896,14072,29,2025-03-18,,Monthly,2,630.4,Active
509897,18714,24,2025-11-29,,Annual,1,811.86,Active
509898,11589,29,2025-02-16,2025-05-14,Monthly,1,313.87,Expired
509899,12578,2,2025-03-04,,Monthly,1,358.59,Active
509900,11539,27,2026-05-25,,Monthly,1,1083.92,Active
509901,14184,6,2024-03-20,2024-08-15,Monthly,4,3254.06,Expired
509902,11391,19,2024-12-27,2025-04-07,Monthly,2,168.27,Cancelled
509903,13845,20,2024-09-01,,Monthly,2,557.32,Active
509904,13919,19,2024-12-17,,Monthly,1,77.13,Active
509905,17620,29,2025-06-12,2026-08-31,Annual,2,640.49,Cancelled
509906,12818,29,2026-04-12,2026-08-31,Monthly,1,296.69,Cancelled
509907,16207,5,2024-07-05,,Monthly,1,257.17,Active
509908,15775,10,2025-08-27,,Monthly,1,119.76,Active
509909,19425,11,2026-03-10,,Monthly,2,691.08,Active
509910,13350,4,2026-05-22,2026-08-31,Monthly,1,118.87,Expired
509911,11593,17,2026-08-13,,Monthly,1,297.04,Active
509912,10985,11,2025-04-05,,Monthly,1,343.26,Active
509913,20000,30,2024-06-06,,Monthly,1,757.43,Active
509914,13135,11,2024-12-02,,Monthly,1,362.25,Active
509915,10900,15,2024-07-02,2025-05-04,Annual,1,727.16,Expired
509916,11556,15,2026-08-31,,Annual,1,691.44,Active
509917,15354,23,2024-10-10,2025-02-22,Monthly,1,342.48,Expired
509918,15293,27,2025-10-30,2026-06-21,Annual,1,1035.31,Cancelled
509919,12074,14,2024-08-08,,Monthly,1,300.23,Active
509920,15285,12,2024-02-05,,Monthly,2,2387.74,Active
509921,14810,13,2024-11-07,,Monthly,2,230.42,Active
509922,11495,25,2024-07-02,,Monthly,1,98.26,Active
509923,17635,21,2024-11-14,,Monthly,1,808.52,Active
509924,10729,29,2026-08-09,,Monthly,2,518.28,Active
509925,14789,19,2026-07-06,2026-08-31,Monthly,2,156.75,Cancelled
509926,16458,29,2024-05-10,,Annual,1,289.19,Active
509927,18563,5,2024-03-27,,Monthly,2,513.78,Active
509928,12386,21,2024-04-23,2024-10-20,Monthly,2,1560.74,Expired
509929,17058,5,2026-06-19,,Annual,1,223.42,Active
509930,15552,13,2025-10-18,,Monthly,1,116.61,Active
509931,15114,29,2024-08-24,,Annual,2,628.6,Active
509932,17383,20,2026-04-05,2026-08-31,Annual,1,234.71,Cancelled
509933,19429,19,2026-08-31,,Monthly,1,91.19,Active
509934,15626,26,2024-06-04,,Annual,1,258.57,Active
509935,18091,7,2025-12-03,,Monthly,2,221.61,Active
509936,17547,20,2025-10-25,,Monthly,1,256.31,Active
509937,19505,2,2026-08-31,2026-08-31,Annual,1,315.2,Cancelled
509938,17481,19,2024-09-03,,Monthly,2,158.53,Active
509939,15404,26,2026-07-26,,Annual,2,465.97,Active
509940,15292,11,2025-09-07,,Monthly,1,311.8,Active
509941,19347,25,2025-11-13,2026-01-13,Monthly,2,217.47,Cancelled
509942,10496,30,2025-11-21,2026-05-02,Monthly,2,1374.91,Expired
509943,11428,15,2026-05-28,2026-08-31,Monthly,4,3165.19,Expired
509944,13904,28,2025-04-03,2026-01-14,Monthly,2,189.36,Cancelled
509945,19390,28,2026-08-31,,Monthly,1,97.18,Active
509946,19550,11,2025-03-21,,Monthly,1,313.91,Active
509947,15093,7,2025-08-19,,Monthly,1,97.98,Active
509948,17117,6,2026-08-31,2026-08-31,Annual,3,2242.77,Expired
509949,10047,30,2025-03-16,,Monthly,2,1330.35,Active
509950,11872,11,2025-03-18,2025-10-08,Monthly,1,345.98,Cancelled
509951,18106,17,2026-03-01,2026-08-31,Monthly,1,255.03,Expired
509952,16908,3,2026-08-31,2026-08-31,Monthly,1,678.04,Expired
509953,18929,12,2025-05-08,2025-12-27,Monthly,3,2862.37,Cancelled
509954,18501,29,2024-03-10,,Monthly,1,261.0,Active
509955,15587,2,2025-06-29,2025-09-24,Annual,1,323.21,Cancelled
509956,19611,1,2026-08-31,2026-08-31,Monthly,1,102.94,Expired
509957,14459,3,2025-01-06,2026-06-07,Annual,1,709.95,Cancelled
509958,16157,13,2024-06-22,,Annual,1,99.72,Active
509959,18787,7,2026-07-08,,Monthly,2,199.1,Active
509960,17742,20,2025-06-13,,Monthly,3,757.55,Active
509961,10514,15,2025-02-15,2025-06-02,Annual,1,679.0,Expired
509962,19697,9,2024-09-29,,Annual,2,1962.04,Active
509963,18482,1,2025-08-08,,Monthly,1,103.76,Active
509964,17100,28,2024-09-29,2025-11-08,Monthly,3,343.25,Cancelled
509965,17076,15,2026-08-31,,Monthly,2,1445.08,Active
509966,11660,14,2026-03-27,2026-06-15,Monthly,2,651.26,Expired
509967,16023,28,2025-06-11,2026-07-19,Annual,1,101.31,Cancelled
509968,10386,5,2025-08-17,2026-01-28,Monthly,3,818.44,Cancelled
509969,15866,24,2024-11-22,,Annual,2,1602.71,Active
509970,15628,1,2025-01-05,,Monthly,2,206.71,Active
509971,12755,30,2025-02-26,,Monthly,1,676.74,Active
509972,11880,7,2024-12-25,,Annual,1,116.03,Active
509973,11977,24,2026-08-31,,Monthly,2,1868.3,Active
509974,16279,19,2025-10-04,,Monthly,2,166.35,Active
509975,15828,14,2026-07-04,2026-08-31,Monthly,2,559.48,Expired
509976,12711,21,2026-07-16,2026-08-31,Monthly,3,2757.24,Expired
509977,13525,9,2026-08-31,,Monthly,1,901.96,Active
509978,14950,21,2026-08-31,,Monthly,2,1766.81,Active
509979,12577,30,2024-10-01,,Monthly,1,670.57,Active
509980,16127,10,2026-07-19,,Monthly,1,113.34,Active
509981,15745,17,2026-08-31,,Monthly,1,282.65,Active
509982,14451,18,2026-04-17,,Monthly,1,865.01,Active
509983,15425,12,2024-09-21,2025-01-25,Monthly,2,2331.78,Expired
509984,16804,28,2026-03-19,,Monthly,1,118.59,Active
509985,13253,25,2025-03-13,,Monthly,1,95.94,Active
509986,13383,8,2025-04-24,,Monthly,1,289.16,Active
509987,16405,26,2025-02-26,2025-08-25,Monthly,1,277.2,Cancelled
509988,15171,24,2026-04-05,,Monthly,1,781.34,Active
509989,10480,15,2026-01-21,,Monthly,1,737.8,Active
509990,19426,15,2024-03-29,,Annual,1,840.59,Active
509991,19116,14,2025-11-14,,Monthly,3,944.3,Active
509992,15602,7,2025-03-23,2026-04-11,Monthly,2,184.48,Cancelled
509993,11400,28,2025-08-24,,Monthly,2,218.74,Active
509994,19862,11,2024-03-29,2025-08-17,Annual,1,330.36,Cancelled
509995,18812,10,2024-09-12,,Monthly,1,114.47,Active
509996,15881,17,2025-11-03,,Annual,2,594.45,Active
509997,14558,27,2025-11-13,,Annual,2,2100.6,Active
509998,17045,18,2026-01-30,,Monthly,1,907.28,Active
509999,17693,25,2024-04-06,,Monthly,3,307.73,Active
510000,15419,8,2026-03-28,,Monthly,3,879.82,Active
510001,16410,6,2024-12-20,,Annual,1,844.48,Active
510002,16518,15,2024-07-06,,Monthly,2,1427.8,Active
510003,15415,5,2024-04-08,2025-04-20,Monthly,1,246.95,Expired
510004,15950,12,2026-08-18,,Monthly,3,3393.74,Active
510005,18681,4,2025-12-15,,Monthly,1,105.01,Active
510006,12182,16,2024-09-26,,Annual,1,109.97,Active
510007,11688,27,2025-05-24,,Monthly,1,987.17,Active
510008,12384,18,2024-08-26,,Monthly,3,2475.84,Active
510009,19877,21,2026-08-31,,Monthly,1,890.14,Active
510010,18288,22,2025-11-18,2026-02-25,Monthly,1,109.69,Cancelled
510011,18165,9,2026-04-05,2026-08-31,Monthly,3,2428.11,Cancelled
510012,17648,21,2025-07-17,,Monthly,1,930.28,Active
510013,19308,16,2026-06-14,2026-08-31,Annual,1,103.26,Cancelled
510014,15554,14,2025-12-26,,Monthly,1,308.05,Active
510015,19684,11,2024-12-15,,Monthly,1,316.95,Active
510016,10071,8,2025-10-29,,Annual,1,312.95,Active
510017,11960,29,2024-07-24,2025-12-06,Annual,1,308.95,Expired
510018,16979,15,2024-12-09,,Annual,1,778.66,Active
510019,19721,9,2026-08-31,,Monthly,1,917.35,Active
510020,12570,3,2026-08-31,2026-08-31,Monthly,1,813.45,Expired
510021,15721,7,2026-04-29,,Monthly,1,115.38,Active
510022,11075,25,2025-07-04,,Monthly,4,464.51,Active
510023,15978,14,2026-07-01,,Monthly,1,288.38,Active
510024,18151,23,2025-05-08,,Monthly,1,375.39,Active
510025,12841,1,2026-08-18,,Monthly,1,111.27,Active
510026,15936,4,2026-08-31,2026-08-31,Annual,3,324.06,Expired
510027,11908,26,2026-08-31,2026-08-31,Annual,1,232.63,Expired
510028,13729,22,2026-06-07,,Monthly,2,224.24,Active
510029,11733,20,2025-09-09,2026-08-31,Monthly,3,753.79,Cancelled
510030,13244,15,2026-05-19,,Monthly,1,766.23,Active
510031,10318,21,2026-08-31,,Monthly,2,1862.3,Active
510032,10960,26,2026-07-21,2026-08-31,Annual,2,492.82,Cancelled
510033,13642,10,2025-08-07,2026-08-31,Monthly,3,319.57,Cancelled
510034,10659,12,2025-02-15,,Annual,1,1194.73,Active
510035,18193,16,2025-03-09,2026-03-08,Monthly,1,118.52,Cancelled
510036,10144,15,2026-07-22,2026-08-31,Monthly,2,1338.68,Cancelled
510037,17380,8,2024-09-11,2025-03-21,Monthly,1,314.52,Expired
510038,14440,6,2025-09-28,,Monthly,3,2495.71,Active
510039,10322,28,2024-12-29,2026-01-24,Monthly,1,94.08,Cancelled
510040,11042,5,2025-07-10,,Monthly,1,236.6,Active
510041,18112,20,2024-11-21,2025-12-12,Monthly,2,571.25,Cancelled
510042,19193,25,2025-06-26,,Monthly,2,200.29,Active
510043,15574,27,2024-11-03,,Monthly,1,1034.08,Active
510044,11061,7,2026-02-08,,Monthly,4,427.65,Active
510045,12949,1,2024-06-27,2025-05-26,Monthly,1,98.27,Cancelled
510046,12632,23,2024-03-19,,Annual,3,940.29,Active
510047,14965,14,2025-10-09,,Monthly,1,324.59,Active
510048,12516,13,2024-05-30,,Monthly,1,121.85,Active
510049,10191,18,2026-01-31,,Monthly,3,2331.27,Active
510050,13171,30,2025-07-02,2026-08-02,Monthly,1,764.17,Expired
510051,14425,13,2025-06-18,,Monthly,1,113.11,Active
510052,17636,6,2026-08-31,,Monthly,1,807.57,Active
510053,12892,11,2025-06-09,,Monthly,2,631.46,Active
510054,11431,6,2024-12-02,2025-12-31,Monthly,1,846.42,Expired
510055,16138,21,2025-11-09,,Monthly,1,833.82,Active
510056,18231,11,2024-09-22,2026-01-25,Monthly,4,1359.4,Cancelled
510057,17983,30,2024-09-18,,Annual,2,1524.1,Active
510058,12948,29,2026-05-10,,Monthly,1,305.49,Active
510059,15338,6,2025-04-18,,Monthly,1,789.65,Active
510060,12262,28,2025-05-31,,Monthly,2,189.44,Active
510061,16236,15,2025-04-01,2026-08-31,Monthly,1,716.02,Expired
510062,19451,2,2026-08-31,,Monthly,1,332.99,Active
510063,19789,6,2025-09-20,,Monthly,1,925.11,Active
510064,10638,1,2025-06-15,,Monthly,1,105.11,Active
510065,17320,1,2025-04-08,,Monthly,2,234.09,Active
510066,17478,7,2025-06-10,2026-05-15,Monthly,1,102.66,Expired
510067,11980,6,2024-12-16,,Monthly,1,894.63,Active
510068,16881,23,2026-08-31,,Annual,1,367.12,Active
510069,19634,4,2025-01-14,,Annual,1,106.77,Active
510070,14122,1,2025-02-21,,Annual,1,104.9,Active
510071,12497,8,2026-08-31,2026-08-31,Monthly,1,262.7,Cancelled
510072,15916,7,2024-08-14,,Monthly,1,111.79,Active
510073,14911,13,2025-02-18,2026-02-10,Annual,1,100.05,Cancelled
510074,12831,20,2024-05-15,2025-04-17,Annual,2,477.95,Cancelled
510075,18277,27,2025-11-12,,Monthly,2,2164.73,Active
510076,16278,3,2024-08-12,2025-04-26,Monthly,1,711.72,Cancelled
510077,15185,28,2024-10-13,,Monthly,2,222.89,Active
510078,14331,13,2026-06-23,,Monthly,1,113.99,Active
510079,18053,7,2024-11-06,2024-12-16,Annual,2,185.61,Cancelled
510080,14758,3,2025-08-05,,Monthly,2,1332.07,Active
510081,16213,3,2024-09-29,2025-10-03,Annual,2,1316.37,Expired
510082,13179,21,2025-09-08,2026-08-31,Monthly,1,891.42,Expired
510083,17909,29,2025-06-15,,Monthly,1,308.02,Active
510084,12243,28,2026-08-31,,Monthly,3,325.81,Active
510085,13541,14,2025-07-27,2026-06-09,Monthly,2,526.14,Expired
510086,12288,8,2025-12-25,,Monthly,1,306.99,Active
510087,19772,17,2026-06-25,,Monthly,1,244.64,Active
510088,13920,24,2025-05-18,2026-08-07,Monthly,1,898.67,Expired
510089,14616,11,2025-04-10,2025-09-20,Monthly,1,363.85,Expired
510090,19307,25,2025-07-02,2026-07-05,Monthly,1,101.27,Cancelled
510091,15210,29,2025-09-19,,Annual,2,520.17,Active
510092,15859,21,2024-07-24,,Annual,1,880.53,Active
510093,14597,29,2026-07-26,,Monthly,1,271.08,Active
510094,12210,28,2024-06-14,,Monthly,1,108.87,Active
510095,11099,29,2026-06-30,,Annual,2,629.07,Active
510096,17298,9,2025-08-10,2025-12-06,Monthly,2,1663.24,Expired
510097,11162,21,2026-03-20,2026-08-31,Monthly,1,809.32,Cancelled
510098,14329,7,2025-07-06,2025-10-21,Monthly,3,332.15,Cancelled
510099,10483,22,2026-03-02,2026-08-31,Annual,3,330.47,Cancelled
510100,14128,1,2024-10-24,2025-12-11,Monthly,1,99.53,Expired
510101,17664,7,2025-10-22,,Monthly,3,275.52,Active
510102,13814,4,2026-03-12,,Monthly,2,225.41,Active
510103,11730,10,2024-07-24,,Monthly,1,109.81,Active
510104,17293,5,2025-12-18,2026-08-31,Monthly,4,914.33,Expired
510105,17898,8,2024-10-04,2025-10-25,Monthly,1,277.26,Expired
510106,19662,11,2024-12-01,2025-02-15,Monthly,1,361.4,Cancelled
510107,19184,15,2026-05-17,2026-08-31,Monthly,2,1630.38,Cancelled
510108,17204,11,2026-06-06,,Annual,2,667.26,Active
510109,12221,2,2025-07-27,,Monthly,1,337.49,Active
510110,18042,8,2025-03-10,,Monthly,1,309.84,Active
510111,11582,27,2024-11-03,,Monthly,1,1071.5,Active
510112,12557,14,2026-07-27,2026-08-31,Monthly,2,602.3,Cancelled
510113,18648,30,2025-04-07,2026-06-19,Monthly,2,1539.93,Cancelled
510114,12545,23,2024-10-12,,Monthly,1,354.24,Active
510115,19795,17,2025-09-09,,Monthly,2,566.52,Active
510116,14918,25,2025-10-24,,Monthly,1,108.66,Active
510117,18396,13,2025-03-31,2026-04-08,Monthly,2,222.53,Expired
510118,12909,8,2024-11-14,,Annual,2,578.22,Active
510119,13472,23,2025-04-03,,Monthly,2,641.35,Active
510120,16933,17,2026-04-04,2026-08-31,Monthly,1,294.84,Expired
510121,15301,15,2026-05-19,2026-08-31,Monthly,2,1358.25,Expired
510122,12762,5,2024-11-11,2025-05-30,Monthly,1,256.94,Expired
510123,12994,15,2026-08-31,,Monthly,1,800.13,Active
510124,12409,18,2024-03-26,,Monthly,1,803.42,Active
510125,15428,24,2024-04-16,,Monthly,3,2272.86,Active
510126,11927,20,2025-07-05,,Monthly,3,703.47,Active
510127,14320,1,2024-12-30,,Monthly,1,112.78,Active
510128,15974,5,2025-06-23,,Monthly,3,666.14,Active
510129,18396,22,2025-08-06,,Monthly,1,100.6,Active
510130,11666,26,2024-10-12,,Monthly,1,236.89,Active
510131,19362,5,2024-10-08,2026-02-24,Monthly,1,242.26,Cancelled
510132,19338,13,2026-01-04,2026-08-31,Monthly,1,119.93,Cancelled
510133,13362,13,2024-09-10,,Monthly,1,103.39,Active
510134,16417,17,2024-12-21,,Monthly,2,549.05,Active
510135,19759,12,2025-09-03,,Annual,1,1095.63,Active
510136,17875,18,2026-05-03,2026-07-20,Monthly,1,821.13,Expired
510137,18553,30,2024-09-20,2025-05-22,Monthly,2,1509.82,Cancelled
510138,19750,11,2026-01-22,,Annual,1,346.4,Active
510139,18119,25,2025-09-19,,Monthly,1,93.32,Active
510140,18137,17,2025-08-19,,Monthly,5,1204.88,Active
510141,19688,6,2026-07-11,,Annual,1,808.0,Active
510142,16909,10,2025-08-11,,Monthly,1,113.31,Active
510143,12360,5,2024-05-11,,Monthly,4,938.99,Active
510144,12702,24,2026-07-10,,Monthly,1,852.46,Active
510145,15386,8,2026-05-28,,Monthly,2,616.6,Active
510146,19789,5,2025-12-13,,Annual,3,722.32,Active
510147,19732,21,2025-05-15,2026-01-09,Monthly,1,957.47,Expired
510148,17011,12,2025-01-30,2026-03-28,Annual,1,1153.82,Expired
510149,15684,26,2026-08-31,2026-08-31,Monthly,1,227.19,Cancelled
510150,10205,5,2026-08-16,2026-08-31,Monthly,2,440.5,Expired
510151,10102,15,2025-07-04,,Monthly,3,2101.17,Active
510152,11653,26,2025-01-09,,Monthly,3,837.88,Active
510153,17954,24,2025-03-28,,Monthly,4,3004.48,Active
510154,19642,16,2024-06-17,,Annual,1,99.53,Active
510155,19241,7,2026-03-19,,Monthly,1,113.2,Active
510156,18760,13,2025-02-10,2026-01-02,Monthly,1,98.74,Expired
510157,15243,25,2025-10-23,,Monthly,1,113.78,Active
510158,10438,16,2026-08-31,2026-08-31,Annual,2,224.71,Expired
510159,17937,22,2026-01-16,2026-04-04,Annual,2,213.6,Cancelled
510160,19598,23,2024-06-25,,Monthly,1,343.5,Active
510161,13516,23,2025-04-11,,Monthly,2,705.62,Active
510162,18546,3,2024-05-24,,Monthly,2,1613.87,Active
510163,19349,4,2026-08-31,2026-08-31,Monthly,1,105.68,Expired
510164,19889,19,2026-08-31,,Monthly,2,145.2,Active
510165,10059,3,2026-08-31,,Monthly,1,811.86,Active
510166,18333,21,2026-02-21,,Annual,2,1697.97,Active
510167,13928,15,2024-09-03,,Monthly,1,753.01,Active
510168,15325,9,2024-09-29,,Monthly,3,2656.59,Active
510169,14581,23,2026-08-31,2026-08-31,Monthly,3,998.97,Expired
510170,16359,27,2026-01-12,2026-06-13,Monthly,1,906.74,Cancelled
510171,17474,9,2025-09-30,2026-06-14,Monthly,2,1996.6,Expired
510172,17790,18,2024-06-25,,Monthly,2,1583.67,Active
510173,12137,5,2026-03-25,2026-05-23,Monthly,1,241.07,Cancelled
510174,12080,7,2024-08-06,,Monthly,2,218.52,Active
510175,10721,5,2025-03-21,,Monthly,2,486.73,Active
510176,15768,11,2024-08-09,,Monthly,1,347.12,Active
510177,18738,10,2024-09-04,,Monthly,1,104.9,Active
510178,18538,11,2026-07-27,2026-08-31,Monthly,1,313.59,Expired
510179,12767,27,2026-07-14,,Monthly,1,1011.02,Active
510180,15199,8,2026-05-02,,Annual,2,576.67,Active
510181,16526,12,2026-04-10,2026-08-31,Annual,1,1199.77,Cancelled
510182,18975,23,2025-01-13,2026-02-04,Monthly,2,627.22,Cancelled
510183,16617,5,2025-07-17,,Monthly,3,758.92,Active
510184,13880,23,2025-11-12,,Monthly,3,1070.66,Active
510185,19674,11,2025-01-25,2025-10-18,Monthly,6,2047.4,Cancelled
510186,14031,23,2025-03-28,2026-03-03,Monthly,1,375.41,Cancelled
510187,19516,11,2025-05-07,,Monthly,1,294.56,Active
510188,10982,3,2025-07-31,,Monthly,1,669.39,Active
510189,10279,2,2025-02-04,,Annual,1,356.73,Active
510190,19656,12,2026-03-19,2026-08-31,Monthly,2,2358.67,Cancelled
510191,11394,9,2024-11-18,,Monthly,2,1780.93,Active
510192,17554,16,2026-04-24,2026-06-15,Annual,1,107.47,Expired
510193,11658,2,2024-10-12,,Annual,6,1997.35,Active
510194,13383,24,2024-11-30,,Monthly,2,1755.5,Active
510195,17576,7,2026-04-29,2026-07-08,Annual,2,211.76,Expired
510196,12552,1,2026-07-29,,Monthly,3,325.01,Active
510197,16559,6,2026-07-10,2026-08-31,Monthly,3,2282.65,Cancelled
510198,10380,18,2025-04-27,2026-04-11,Monthly,1,791.43,Cancelled
510199,12730,24,2025-02-28,,Monthly,2,1522.35,Active
510200,13716,4,2025-12-14,2026-08-31,Monthly,1,106.13,Expired
510201,15457,14,2025-08-22,2026-08-31,Monthly,1,313.74,Expired
510202,12494,21,2026-01-06,,Monthly,2,1627.5,Active
510203,16607,7,2026-05-24,,Annual,2,214.93,Active
510204,11443,6,2024-09-25,,Annual,1,936.28,Active
510205,13103,15,2026-07-08,2026-08-31,Annual,1,706.87,Cancelled
510206,10686,20,2026-02-05,2026-08-31,Annual,3,871.53,Expired
510207,16163,29,2025-08-30,2026-02-24,Monthly,2,562.88,Cancelled
510208,19853,17,2025-11-30,,Monthly,1,295.11,Active
510209,11718,1,2025-02-04,2025-09-24,Monthly,1,117.53,Cancelled
510210,15484,10,2025-07-01,2026-02-12,Monthly,4,477.31,Expired
510211,16063,13,2024-06-26,,Monthly,1,107.71,Active
510212,11250,23,2026-01-03,,Monthly,1,366.56,Active
510213,17529,12,2025-09-08,2026-01-24,Monthly,3,3220.87,Cancelled
510214,15837,20,2024-12-20,,Monthly,1,234.86,Active
510215,17080,10,2025-07-24,,Annual,2,240.79,Active
510216,17568,9,2026-02-05,2026-05-26,Monthly,3,2577.03,Cancelled
510217,10790,16,2024-04-14,,Monthly,1,98.33,Active
510218,16159,19,2024-04-13,,Annual,1,77.11,Active
510219,12753,24,2026-05-05,,Monthly,1,903.94,Active
510220,12575,29,2026-08-31,2026-08-31,Annual,1,320.8,Cancelled
510221,19531,26,2024-11-05,2026-01-05,Monthly,1,268.39,Cancelled
510222,16591,12,2025-04-08,,Monthly,1,1009.98,Active
510223,12824,12,2024-10-10,,Monthly,1,1184.1,Active
510224,12028,9,2026-08-05,,Monthly,2,1776.56,Active
510225,10952,20,2025-01-14,2025-02-13,Monthly,2,555.34,Cancelled
510226,11034,27,2026-08-31,,Monthly,1,885.92,Active
510227,12704,6,2026-08-31,,Monthly,1,812.95,Active
510228,14687,17,2025-06-26,,Monthly,2,540.19,Active
510229,16531,21,2024-08-03,,Annual,3,2447.75,Active
510230,12969,25,2024-11-08,,Monthly,1,109.65,Active
510231,19857,25,2024-08-19,,Monthly,4,412.47,Active
510232,12062,7,2024-09-25,,Monthly,1,93.71,Active
510233,18094,4,2025-12-03,2026-08-31,Annual,1,113.53,Cancelled
510234,11678,25,2024-09-09,,Annual,2,198.18,Active
510235,16471,19,2024-02-17,,Monthly,1,85.86,Active
510236,11056,7,2024-12-10,,Monthly,2,184.49,Active
510237,15054,6,2025-02-04,,Monthly,1,877.02,Active
510238,15302,21,2026-08-31,,Annual,1,785.48,Active
510239,10227,25,2026-08-31,2026-08-31,Monthly,2,192.88,Expired
510240,11764,4,2026-04-08,2026-08-31,Monthly,4,443.98,Cancelled
510241,14340,10,2025-09-29,2026-08-31,Monthly,1,103.71,Cancelled
510242,16596,18,2025-06-30,2025-10-08,Monthly,2,1867.83,Expired
510243,12791,4,2024-07-23,,Monthly,1,102.64,Active
510244,16235,17,2025-12-29,,Monthly,3,794.76,Active
510245,12541,29,2025-04-20,,Annual,1,319.02,Active
510246,11036,16,2025-08-14,,Monthly,1,118.4,Active
510247,13568,8,2026-08-31,,Monthly,1,291.86,Active
510248,12267,15,2026-08-31,,Monthly,1,721.98,Active
510249,19262,15,2025-07-06,2026-02-16,Monthly,2,1539.68,Cancelled
510250,12769,11,2024-08-10,2026-01-18,Annual,1,360.11,Expired
510251,14230,4,2025-03-02,2025-08-17,Annual,2,211.2,Cancelled
510252,17614,18,2025-12-13,,Monthly,1,917.66,Active
510253,12529,29,2026-08-31,2026-08-31,Monthly,1,259.77,Expired
510254,14512,3,2025-01-17,,Monthly,2,1411.74,Active
510255,16264,24,2024-03-19,,Monthly,3,2509.69,Active
510256,18219,4,2025-11-18,,Monthly,1,97.74,Active
510257,17889,5,2025-01-25,2025-11-27,Monthly,1,241.61,Expired
510258,18085,8,2025-07-03,2025-08-29,Monthly,2,521.83,Cancelled
510259,11160,23,2026-07-18,2026-08-31,Annual,1,361.47,Cancelled
510260,17333,17,2026-08-23,2026-08-31,Monthly,1,272.1,Cancelled
510261,15143,2,2025-08-09,,Annual,2,754.82,Active
510262,15173,3,2025-01-31,,Monthly,1,681.22,Active
510263,17935,10,2026-01-11,,Monthly,1,116.93,Active
510264,14262,20,2024-07-20,,Monthly,2,527.63,Active
510265,12319,25,2026-08-03,,Monthly,1,94.37,Active
510266,19081,21,2025-06-25,2026-05-28,Monthly,2,1749.54,Cancelled
510267,15576,12,2024-08-24,,Monthly,3,2898.17,Active
510268,14410,15,2025-09-04,,Monthly,5,3454.27,Active
510269,10228,7,2026-08-31,,Monthly,4,437.42,Active
510270,17845,12,2024-06-21,,Annual,1,947.71,Active
510271,13419,13,2025-06-04,2026-08-12,Monthly,1,100.91,Cancelled
510272,18298,1,2025-03-24,,Annual,1,104.99,Active
510273,14650,20,2024-05-10,,Annual,2,532.03,Active
510274,18100,6,2025-10-19,2026-05-29,Monthly,1,921.27,Cancelled
510275,15220,25,2025-05-04,,Monthly,2,198.93,Active
510276,15252,13,2026-04-04,2026-07-25,Monthly,2,238.24,Cancelled
510277,16771,11,2024-08-09,2026-01-10,Monthly,1,309.13,Cancelled
510278,17626,9,2024-07-04,,Monthly,1,888.71,Active
510279,18179,3,2024-08-31,,Annual,1,659.9,Active
510280,19566,7,2025-02-11,,Monthly,1,115.01,Active
510281,17149,27,2025-09-14,,Monthly,1,895.52,Active
510282,10702,17,2025-11-07,2026-08-31,Monthly,1,271.69,Cancelled
510283,10208,19,2024-04-09,,Monthly,1,86.07,Active
510284,12092,15,2026-07-13,2026-08-31,Monthly,2,1533.01,Expired
510285,12820,21,2024-11-22,,Monthly,1,859.92,Active
510286,15665,8,2025-09-16,,Monthly,1,255.22,Active
510287,18922,15,2024-04-01,,Monthly,1,782.8,Active
510288,13513,15,2024-02-16,2024-05-01,Monthly,2,1447.81,Cancelled
510289,17831,14,2026-02-08,,Monthly,3,843.25,Active
510290,13593,23,2026-07-06,,Monthly,1,318.1,Active
510291,19327,17,2026-08-31,,Monthly,1,276.21,Active
510292,15862,1,2026-08-06,,Annual,1,103.52,Active
510293,13797,5,2024-08-18,2024-11-19,Monthly,1,242.83,Cancelled
510294,18865,10,2024-12-05,,Monthly,1,112.09,Active
510295,18462,19,2024-05-29,2025-01-22,Monthly,2,147.8,Cancelled
510296,12700,22,2026-03-26,,Monthly,3,325.69,Active
510297,15750,18,2026-01-22,2026-08-31,Monthly,1,874.41,Cancelled
510298,15976,6,2025-12-08,2026-04-09,Monthly,1,880.07,Cancelled
510299,15218,23,2025-12-13,,Annual,2,620.5,Active
510300,15222,29,2025-12-20,,Monthly,1,318.68,Active
510301,19707,30,2026-08-31,,Annual,2,1531.0,Active
510302,16396,4,2024-11-22,,Monthly,1,98.46,Active
510303,14790,5,2025-10-11,2026-07-21,Monthly,1,247.56,Cancelled
510304,18596,8,2025-03-11,2026-06-24,Monthly,1,295.09,Expired
510305,15621,23,2026-05-03,,Monthly,1,323.12,Active
510306,19200,15,2024-11-21,2026-01-31,Monthly,2,1553.85,Expired
510307,17228,14,2025-01-04,,Monthly,1,282.8,Active
510308,12953,10,2024-08-22,,Monthly,1,108.65,Active
510309,16953,18,2025-09-21,,Monthly,1,875.59,Active
510310,17265,4,2026-01-11,,Monthly,1,116.79,Active
510311,12398,5,2025-06-22,2026-08-21,Annual,3,718.74,Expired
510312,15072,29,2026-08-31,2026-08-31,Monthly,1,295.56,Cancelled
510313,12792,23,2024-04-18,2025-06-08,Monthly,3,915.54,Expired
510314,16094,30,2025-05-13,,Annual,2,1420.46,Active
510315,10423,20,2024-09-07,2026-02-20,Monthly,1,241.14,Expired
510316,11240,23,2025-03-18,,Monthly,2,648.22,Active
510317,14347,22,2026-06-29,,Monthly,3,334.17,Active
510318,16571,15,2025-04-06,2025-05-25,Monthly,2,1566.83,Cancelled
510319,15933,27,2025-05-24,2026-02-25,Monthly,2,1798.31,Expired
510320,16274,12,2025-10-09,2026-08-31,Monthly,1,1152.79,Cancelled
510321,13696,4,2024-06-15,,Monthly,1,113.21,Active
510322,11469,24,2026-07-31,,Monthly,1,821.17,Active
510323,15616,16,2025-12-06,,Monthly,1,104.76,Active
510324,14555,26,2026-06-09,,Monthly,1,267.58,Active
510325,10806,14,2026-08-29,2026-08-31,Annual,1,284.59,Cancelled
510326,14021,10,2026-04-13,,Monthly,1,109.95,Active
510327,14814,24,2026-05-02,2026-08-31,Monthly,1,857.75,Cancelled
510328,14415,2,2024-02-14,,Monthly,1,316.84,Active
510329,16128,4,2025-07-31,,Annual,2,228.1,Active
510330,10931,22,2025-11-04,2026-04-12,Monthly,2,234.44,Cancelled
510331,17029,26,2025-02-06,,Annual,1,233.51,Active
510332,13255,29,2026-03-09,,Annual,1,299.03,Active
510333,16032,28,2026-07-31,2026-08-31,Monthly,1,97.37,Expired
510334,17408,30,2024-09-05,,Monthly,4,3102.78,Active
510335,13647,21,2026-04-04,2026-08-31,Monthly,5,4603.56,Expired
510336,18252,7,2026-04-09,,Monthly,1,95.28,Active
510337,18878,4,2026-08-31,2026-08-31,Annual,1,111.18,Expired
510338,13856,19,2026-02-22,2026-07-28,Monthly,1,87.83,Cancelled
510339,18303,30,2024-10-06,2025-09-27,Monthly,1,764.57,Cancelled
510340,14376,2,2025-10-01,,Annual,3,1115.28,Active
510341,19934,13,2025-05-20,,Monthly,1,117.68,Active
510342,17229,1,2026-08-31,,Monthly,1,111.02,Active
510343,10094,17,2025-04-29,,Monthly,1,301.22,Active
510344,12006,29,2024-11-25,2025-01-24,Monthly,3,836.92,Expired
510345,10608,6,2024-05-08,,Annual,2,1527.66,Active
510346,18590,5,2026-08-31,2026-08-31,Monthly,2,487.5,Expired
510347,16650,22,2024-12-27,,Annual,3,345.9,Active
510348,18736,27,2024-08-10,2025-11-23,Monthly,1,999.69,Expired
510349,15529,12,2026-08-31,,Monthly,1,1177.26,Active
510350,11822,2,2024-10-17,,Monthly,2,730.38,Active
510351,13020,9,2025-05-21,,Monthly,2,1731.61,Active
510352,12449,6,2025-04-05,2026-03-10,Monthly,2,1518.41,Cancelled
510353,10671,20,2024-04-22,,Monthly,2,472.02,Active
510354,14208,29,2025-08-06,2026-08-31,Annual,5,1527.18,Expired
510355,10575,9,2024-06-05,,Annual,2,1608.37,Active
510356,12932,7,2024-10-27,2024-12-25,Monthly,3,297.35,Cancelled
510357,17693,19,2024-06-05,,Annual,1,76.08,Active
510358,19639,16,2026-08-31,,Annual,1,102.63,Active
510359,14580,18,2024-07-13,,Monthly,1,960.24,Active
510360,17982,16,2026-07-28,,Monthly,1,106.81,Active
510361,15622,23,2026-01-21,,Monthly,4,1416.15,Active
510362,15636,23,2025-03-11,,Annual,2,740.39,Active
510363,12925,14,2024-12-27,,Annual,4,1027.64,Active
510364,19071,23,2024-06-22,,Annual,1,342.07,Active
510365,12141,24,2024-07-09,2025-05-30,Monthly,1,944.66,Expired
510366,18633,1,2025-04-20,2026-03-08,Monthly,2,193.9,Expired
510367,16688,13,2026-08-31,,Annual,1,96.83,Active
510368,18736,27,2024-08-17,,Monthly,1,941.95,Active
510369,11098,12,2026-03-30,,Monthly,1,984.26,Active
510370,14749,28,2026-08-09,2026-08-31,Annual,2,222.15,Cancelled
510371,19530,2,2025-04-15,2025-12-16,Monthly,1,312.59,Cancelled
510372,12818,30,2026-05-24,,Annual,1,698.34,Active
510373,13210,17,2026-08-31,,Monthly,1,268.54,Active
510374,17479,10,2024-05-12,,Monthly,1,120.65,Active
510375,18536,5,2026-01-29,2026-04-23,Annual,1,225.38,Expired
510376,13615,23,2025-03-14,,Annual,2,622.64,Active
510377,15248,22,2025-12-11,,Annual,1,114.73,Active
510378,17952,2,2025-06-13,,Monthly,1,369.97,Active
510379,18477,17,2026-08-31,,Annual,1,257.04,Active
510380,17333,24,2026-06-15,2026-08-31,Annual,2,1688.87,Expired
510381,18125,5,2025-12-17,,Monthly,3,726.1,Active
510382,12562,17,2024-07-29,,Annual,2,504.11,Active
510383,18493,12,2025-04-10,2026-07-29,Monthly,2,2157.59,Cancelled
510384,13841,28,2026-08-31,,Monthly,1,108.17,Active
510385,12851,18,2025-11-07,2026-05-31,Annual,1,813.45,Expired
510386,12241,14,2025-12-03,,Annual,2,533.6,Active
510387,11645,2,2025-12-23,2026-04-16,Monthly,1,356.15,Cancelled
510388,14486,16,2025-09-26,,Monthly,1,104.58,Active
510389,16991,17,2024-03-11,,Monthly,1,245.94,Active
510390,19989,12,2025-08-25,,Annual,1,1026.46,Active
510391,13048,29,2024-10-02,2025-03-27,Monthly,1,320.71,Expired
510392,16583,30,2025-08-30,,Monthly,2,1361.97,Active
510393,13133,13,2024-08-28,2025-06-10,Monthly,1,114.4,Expired
510394,12133,7,2024-11-08,,Monthly,2,230.13,Active
510395,12388,30,2025-09-17,,Monthly,1,789.83,Active
510396,13858,26,2026-08-31,2026-08-31,Annual,2,506.89,Expired
510397,17715,21,2026-08-31,,Monthly,1,824.82,Active
510398,12523,7,2024-10-11,,Annual,2,207.07,Active
510399,18325,8,2025-12-30,2026-01-30,Monthly,2,552.08,Cancelled
510400,16835,22,2025-07-16,2026-08-31,Monthly,1,96.69,Cancelled
510401,10226,10,2024-12-18,,Annual,1,119.16,Active
510402,16851,4,2024-09-11,,Monthly,1,99.74,Active
510403,19322,6,2025-06-18,,Monthly,1,742.52,Active
510404,12916,30,2026-07-23,,Monthly,1,772.18,Active
510405,17272,2,2025-02-28,,Monthly,1,362.63,Active
510406,17639,3,2026-08-12,2026-08-31,Monthly,1,704.6,Cancelled
510407,12172,9,2025-02-01,2026-03-11,Annual,1,932.99,Cancelled
510408,14453,30,2025-05-17,,Annual,1,735.99,Active
510409,16931,3,2026-08-31,2026-08-31,Monthly,1,713.3,Expired
510410,13530,16,2026-04-25,,Monthly,1,100.01,Active
510411,15702,12,2026-04-17,2026-08-31,Monthly,2,2147.21,Expired
510412,18124,8,2026-03-08,,Monthly,7,1900.17,Active
510413,19177,24,2026-03-16,,Monthly,2,1874.82,Active
510414,18449,28,2024-05-14,2025-08-10,Monthly,1,111.24,Expired
510415,16921,5,2025-07-12,2026-08-31,Monthly,3,725.7,Expired
510416,18516,17,2026-08-02,,Monthly,3,857.97,Active
510417,14291,28,2024-05-26,,Monthly,2,226.81,Active
510418,11734,12,2024-09-05,,Monthly,1,1062.44,Active
510419,11574,17,2025-06-18,,Monthly,1,298.02,Active
510420,18635,21,2026-03-16,,Monthly,1,930.42,Active
510421,17954,28,2024-12-02,,Monthly,2,226.75,Active
510422,15172,17,2026-07-19,2026-08-31,Monthly,2,537.39,Cancelled
510423,19712,11,2026-08-12,,Annual,2,689.34,Active
510424,17130,14,2025-10-19,2026-06-26,Monthly,3,899.05,Expired
510425,17951,9,2024-05-06,,Monthly,2,1910.19,Active
510426,13575,5,2025-03-09,2026-02-04,Monthly,3,733.95,Expired
510427,17121,24,2025-07-14,2025-08-27,Monthly,2,1781.43,Cancelled
510428,17765,24,2026-08-04,2026-08-31,Monthly,1,805.55,Cancelled
510429,18975,26,2024-11-18,,Monthly,1,256.99,Active
510430,12205,8,2026-04-06,,Monthly,1,292.17,Active
510431,17134,28,2026-05-15,,Monthly,1,104.43,Active
510432,14068,25,2024-09-06,,Monthly,1,95.07,Active
510433,19690,29,2026-01-15,,Monthly,1,323.06,Active
510434,19683,8,2026-02-28,,Monthly,2,564.01,Active
510435,14687,10,2025-08-07,,Monthly,1,118.35,Active
510436,14127,12,2025-03-07,2026-01-10,Annual,2,2206.38,Cancelled
510437,17330,12,2026-08-15,2026-08-31,Annual,1,1011.8,Expired
510438,14211,29,2024-10-17,2025-04-24,Monthly,1,263.06,Expired
510439,15820,27,2024-10-12,,Monthly,4,3974.83,Active
510440,15625,2,2024-06-06,2025-08-26,Monthly,2,692.29,Cancelled
510441,11368,30,2024-01-16,,Monthly,1,750.59,Active
510442,14995,27,2025-01-19,,Monthly,1,1070.59,Active
510443,12519,13,2024-11-02,2025-04-25,Annual,1,113.37,Expired
510444,10099,15,2025-06-07,,Annual,1,824.96,Active
510445,13705,16,2026-01-06,2026-08-31,Annual,4,410.58,Cancelled
510446,12683,27,2026-08-31,,Monthly,1,1011.82,Active
510447,12403,15,2024-12-13,,Monthly,1,706.57,Active
510448,15645,26,2025-04-21,,Monthly,1,270.54,Active
510449,10871,24,2025-02-10,,Monthly,1,766.51,Active
510450,12884,16,2026-08-29,,Monthly,2,230.9,Active
510451,10018,21,2024-04-30,2025-09-22,Monthly,3,2437.42,Cancelled
510452,18622,25,2025-03-26,,Monthly,2,195.66,Active
510453,13914,3,2024-11-27,,Monthly,1,731.76,Active
510454,11409,7,2024-07-11,2024-10-05,Monthly,1,104.04,Expired
510455,11603,11,2025-11-11,2026-08-31,Monthly,1,299.91,Cancelled
510456,15721,7,2026-05-30,2026-08-31,Annual,1,104.24,Cancelled
510457,19834,16,2025-07-16,,Monthly,1,107.36,Active
510458,12155,9,2024-10-03,2025-06-22,Monthly,1,834.92,Cancelled
510459,14799,22,2026-06-03,,Monthly,3,321.14,Active
510460,18612,14,2024-05-24,,Annual,1,263.04,Active
510461,18412,29,2025-06-01,,Monthly,1,281.05,Active
510462,12590,28,2026-07-27,2026-08-31,Monthly,1,97.4,Cancelled
510463,14898,5,2025-06-05,,Monthly,1,260.15,Active
510464,19743,8,2026-05-01,,Monthly,3,959.6,Active
510465,14569,7,2024-04-25,,Monthly,1,114.39,Active
510466,10634,8,2026-08-31,2026-08-31,Monthly,1,297.41,Expired
510467,17271,1,2026-08-31,2026-08-31,Monthly,1,101.28,Expired
510468,16315,10,2025-11-13,,Monthly,1,101.76,Active
510469,18940,4,2025-07-11,,Monthly,1,107.1,Active
510470,18748,6,2025-02-17,2026-05-09,Monthly,4,3591.63,Expired
510471,13088,9,2026-08-10,,Monthly,1,828.25,Active
510472,19988,21,2024-05-16,,Monthly,1,963.62,Active
510473,13478,6,2025-07-26,2026-08-31,Monthly,5,3963.04,Cancelled
510474,12653,9,2024-10-24,2024-12-12,Monthly,1,826.15,Expired
510475,17980,25,2026-02-11,,Monthly,1,118.17,Active
510476,15601,25,2026-08-31,2026-08-31,Monthly,1,95.58,Expired
510477,12266,25,2026-08-31,,Monthly,1,106.05,Active
510478,11347,29,2025-10-09,2025-11-18,Monthly,2,587.19,Cancelled
510479,19816,16,2024-12-27,2025-10-14,Monthly,1,98.38,Expired
510480,17104,5,2025-04-13,,Monthly,2,476.8,Active
510481,17669,6,2026-05-05,,Annual,1,810.73,Active
510482,12846,1,2025-08-01,2025-09-15,Monthly,1,115.31,Expired
510483,13865,12,2026-08-31,,Annual,2,2218.07,Active
510484,10145,21,2026-08-31,,Monthly,1,789.54,Active
510485,11371,4,2025-02-14,,Monthly,2,236.73,Active
510486,13813,30,2026-04-20,,Monthly,3,2422.14,Active
510487,17329,8,2026-02-12,,Monthly,1,311.72,Active
510488,11097,19,2025-08-13,,Monthly,2,145.69,Active
510489,14275,30,2025-10-03,,Monthly,1,692.89,Active
510490,18158,28,2026-04-05,,Monthly,1,99.99,Active
510491,16342,17,2025-08-01,,Monthly,2,563.25,Active
510492,14109,25,2024-12-09,2025-12-25,Annual,1,104.72,Expired
510493,11176,21,2025-05-23,,Monthly,1,941.28,Active
510494,11568,11,2025-03-28,,Monthly,2,679.19,Active
510495,10568,23,2025-12-10,,Annual,1,300.42,Active
510496,18036,9,2025-09-22,2026-08-31,Monthly,1,953.34,Cancelled
510497,12403,5,2024-12-05,2026-02-14,Monthly,2,439.79,Cancelled
510498,19188,20,2024-08-18,,Monthly,1,269.09,Active
510499,13834,27,2025-08-26,2026-02-22,Monthly,3,2849.7,Expired
510500,12972,28,2025-02-19,,Monthly,3,297.81,Active
510501,12275,30,2025-08-29,,Monthly,3,2369.4,Active
510502,17448,20,2024-11-12,,Annual,1,237.26,Active
510503,13082,18,2026-07-01,2026-08-31,Monthly,1,834.17,Cancelled
510504,17908,21,2024-04-12,,Monthly,2,1837.03,Active
510505,18156,12,2026-05-09,,Monthly,1,1086.03,Active
510506,10160,14,2024-05-23,2024-08-04,Monthly,3,911.34,Cancelled
510507,10840,27,2025-03-22,2026-03-07,Monthly,4,4426.08,Expired
510508,19682,6,2025-06-16,2026-03-29,Monthly,1,793.82,Cancelled
510509,15370,18,2025-04-15,2026-02-16,Monthly,1,795.4,Cancelled
510510,16704,21,2024-11-01,,Annual,1,788.41,Active
510511,13880,29,2025-10-10,,Monthly,3,821.2,Active
510512,14715,27,2026-08-31,,Monthly,1,1072.36,Active
510513,13309,16,2026-05-10,2026-08-31,Monthly,1,112.88,Cancelled
510514,15932,4,2024-09-16,2025-05-19,Monthly,1,103.88,Cancelled
510515,14921,9,2025-02-04,,Monthly,1,980.26,Active
510516,18771,30,2026-08-30,2026-08-31,Monthly,2,1568.12,Cancelled
510517,19403,3,2026-08-31,2026-08-31,Annual,1,646.01,Cancelled
510518,14830,13,2025-01-07,,Monthly,1,97.17,Active
510519,17464,5,2025-04-27,2025-08-27,Monthly,1,266.34,Cancelled
510520,19379,20,2026-08-07,,Annual,2,480.55,Active
510521,16435,10,2025-03-09,2026-01-19,Monthly,3,330.19,Cancelled
510522,12708,26,2026-08-31,2026-08-31,Monthly,1,282.53,Expired
510523,19575,24,2024-07-03,,Annual,1,945.31,Active
510524,16850,11,2026-03-22,2026-08-31,Monthly,1,333.96,Cancelled
510525,13635,13,2024-04-28,,Annual,1,118.69,Active
510526,19863,17,2025-04-07,2026-01-20,Monthly,1,256.42,Cancelled
510527,17435,21,2025-10-05,,Monthly,1,840.61,Active
510528,19971,26,2024-09-03,,Monthly,1,274.05,Active
510529,11746,22,2025-05-24,,Monthly,2,236.36,Active
510530,12021,6,2026-03-17,,Monthly,1,828.65,Active
510531,10630,1,2024-06-28,,Monthly,2,212.38,Active
510532,11107,1,2024-08-13,2025-08-23,Monthly,2,224.21,Cancelled
510533,15392,1,2026-08-03,,Annual,1,116.56,Active
510534,10903,8,2026-05-27,,Monthly,1,288.89,Active
510535,17583,25,2025-09-23,2026-01-02,Annual,4,398.77,Cancelled
510536,16655,30,2026-08-31,,Monthly,2,1657.52,Active
510537,16589,23,2024-10-13,,Monthly,1,367.01,Active
510538,14742,20,2026-04-25,2026-08-31,Monthly,3,860.91,Cancelled
510539,13704,21,2024-10-16,2024-11-30,Monthly,4,3743.77,Expired
510540,13059,14,2024-11-29,2025-01-19,Monthly,2,557.55,Cancelled
510541,19142,8,2024-10-18,2025-06-28,Monthly,1,271.62,Expired
510542,14313,10,2026-08-31,,Monthly,1,121.0,Active
510543,13528,8,2026-01-28,,Monthly,1,322.39,Active
510544,12880,29,2026-02-25,,Annual,1,284.62,Active
510545,13944,1,2025-10-11,,Monthly,1,105.24,Active
510546,12260,3,2025-12-25,2026-05-06,Monthly,2,1355.64,Cancelled
510547,11492,8,2024-09-01,2025-08-18,Monthly,1,308.18,Expired
510548,12897,1,2025-08-02,,Monthly,1,115.12,Active
510549,19156,30,2025-11-11,,Monthly,1,818.81,Active
510550,11265,25,2025-04-28,,Monthly,2,211.09,Active
510551,10864,14,2026-03-07,2026-07-01,Monthly,2,614.12,Expired
510552,11561,1,2026-08-31,2026-08-31,Monthly,1,114.03,Cancelled
510553,17022,4,2026-05-24,2026-08-20,Monthly,6,594.07,Cancelled
510554,17115,12,2024-12-14,,Monthly,1,1008.31,Active
510555,12762,17,2024-09-01,2025-05-08,Monthly,1,291.65,Expired
510556,13886,7,2026-08-08,2026-08-31,Monthly,1,115.89,Expired
510557,13596,19,2025-01-19,,Annual,2,164.1,Active
510558,10152,4,2024-03-20,,Monthly,1,118.81,Active
510559,12397,10,2025-11-29,,Monthly,1,117.63,Active
510560,17705,4,2026-06-05,,Monthly,1,97.33,Active
510561,13675,4,2026-06-08,2026-08-31,Monthly,1,111.66,Cancelled
510562,10536,27,2025-07-06,,Monthly,1,1037.02,Active
510563,13593,16,2026-05-29,2026-08-31,Monthly,1,102.14,Cancelled
510564,18758,8,2025-03-17,,Monthly,1,271.97,Active
510565,18026,25,2025-07-09,2026-05-19,Monthly,2,236.25,Expired
510566,18328,26,2024-06-10,,Monthly,2,458.46,Active
510567,19550,14,2025-03-08,,Monthly,1,279.63,Active
510568,12450,18,2026-08-31,2026-08-31,Monthly,1,930.36,Expired
510569,10959,20,2025-03-21,2026-02-15,Monthly,2,481.13,Expired
510570,12037,11,2025-05-18,,Annual,1,315.07,Active
510571,11782,6,2025-07-07,,Monthly,2,1798.2,Active
510572,10334,2,2024-02-21,2024-04-10,Monthly,2,753.56,Expired
510573,18291,7,2026-08-15,,Monthly,1,105.61,Active
510574,17181,20,2026-06-16,2026-08-31,Monthly,1,286.06,Cancelled
510575,17594,3,2026-05-11,2026-08-31,Monthly,2,1369.33,Cancelled
510576,12271,18,2025-04-11,2026-08-31,Monthly,1,894.83,Expired
510577,16188,23,2024-10-02,2025-08-06,Monthly,2,614.31,Cancelled
510578,19974,13,2024-12-08,,Monthly,3,350.77,Active
510579,12940,14,2025-02-13,,Monthly,5,1534.73,Active
510580,14316,5,2026-08-17,2026-08-31,Monthly,3,816.99,Expired
510581,12226,22,2024-11-17,,Monthly,1,115.63,Active
510582,19573,22,2025-08-17,,Monthly,1,116.79,Active
510583,19431,28,2026-06-25,2026-08-31,Annual,1,116.87,Expired
510584,15832,3,2026-05-18,,Monthly,1,758.96,Active
510585,12486,2,2026-06-09,2026-08-31,Monthly,1,375.39,Cancelled
510586,12114,11,2024-08-22,,Monthly,1,324.36,Active
510587,12768,14,2024-05-30,,Monthly,2,585.84,Active
510588,16734,20,2024-04-16,2025-05-02,Monthly,2,577.91,Expired
510589,13314,10,2025-04-10,2026-05-15,Annual,1,102.72,Cancelled
510590,16007,28,2024-11-28,2025-12-17,Annual,1,104.68,Cancelled
510591,16850,10,2026-01-06,,Monthly,2,225.93,Active
510592,15079,3,2025-12-18,,Monthly,1,674.86,Active
510593,15567,9,2026-01-30,,Annual,1,867.97,Active
510594,13688,5,2024-08-28,,Monthly,1,218.43,Active
510595,17386,18,2025-07-31,2026-08-31,Monthly,1,969.95,Cancelled
510596,15561,28,2024-08-04,,Annual,3,287.54,Active
510597,16134,22,2025-11-14,,Monthly,2,236.95,Active
510598,19481,6,2025-09-13,,Monthly,4,3667.88,Active
510599,17481,27,2024-05-15,,Monthly,1,985.98,Active
510600,15565,1,2025-06-18,,Monthly,5,520.07,Active
510601,18720,8,2025-09-05,2026-07-24,Monthly,2,628.06,Expired
510602,10631,16,2026-07-28,,Monthly,1,104.19,Active
510603,15460,27,2025-04-09,,Monthly,1,887.25,Active
510604,19883,30,2025-08-03,,Monthly,2,1495.24,Active
510605,12507,17,2026-08-31,2026-08-31,Monthly,3,891.2,Expired
510606,16273,29,2024-09-19,2026-01-20,Monthly,2,618.27,Cancelled
510607,14030,4,2025-03-03,2026-03-14,Monthly,3,348.07,Expired
510608,11152,6,2024-05-24,,Monthly,4,3169.54,Active
510609,11582,7,2024-12-01,,Monthly,1,94.99,Active
510610,10199,14,2026-08-31,,Annual,1,289.72,Active
510611,19233,28,2024-04-25,2025-03-16,Annual,2,209.11,Cancelled
510612,12463,2,2025-03-08,,Monthly,1,321.66,Active
510613,14379,17,2024-09-04,2025-04-16,Monthly,1,285.27,Expired
510614,15436,28,2025-08-24,2026-08-31,Monthly,1,110.44,Expired
510615,18357,12,2025-04-12,,Monthly,1,1045.47,Active
510616,17230,11,2026-03-19,,Monthly,1,335.07,Active
510617,19410,11,2025-08-28,2026-08-31,Monthly,2,674.77,Expired
510618,18864,16,2026-07-16,,Monthly,2,230.13,Active
510619,13595,25,2026-04-19,2026-06-13,Monthly,3,313.79,Cancelled
510620,12111,7,2026-02-04,,Monthly,3,326.25,Active
510621,11279,24,2024-01-26,,Monthly,1,827.67,Active
510622,11362,13,2024-06-08,2024-12-01,Monthly,1,120.54,Cancelled
510623,17810,1,2025-02-14,,Monthly,2,217.88,Active
510624,10392,18,2026-04-18,,Monthly,1,963.25,Active
510625,15927,23,2024-10-02,,Monthly,3,1098.43,Active
510626,16608,15,2025-09-21,2026-08-31,Annual,1,770.85,Expired
510627,17457,9,2026-08-31,2026-08-31,Monthly,1,941.59,Expired
510628,10347,10,2024-08-11,,Monthly,1,112.87,Active
510629,13823,3,2026-08-31,,Monthly,3,2154.4,Active
510630,18780,18,2024-03-17,2025-06-07,Annual,1,932.25,Cancelled
510631,10066,20,2025-03-11,2025-10-09,Annual,1,234.6,Cancelled
510632,18564,17,2024-08-08,,Monthly,1,279.25,Active
510633,17952,24,2025-06-17,,Annual,1,861.26,Active
510634,16105,12,2025-05-17,2026-04-24,Monthly,2,2270.97,Cancelled
510635,19382,28,2024-09-23,,Monthly,1,95.85,Active
510636,10555,15,2025-12-02,,Monthly,4,3056.18,Active
510637,18734,25,2024-12-10,,Monthly,3,285.49,Active
510638,10759,8,2025-07-16,2026-07-21,Monthly,1,278.49,Cancelled
510639,17613,7,2024-09-28,,Monthly,1,101.22,Active
510640,16663,15,2025-03-16,,Monthly,1,738.65,Active
510641,13176,11,2026-02-16,,Annual,1,318.39,Active
510642,14316,11,2026-07-28,2026-08-31,Monthly,1,329.16,Cancelled
510643,12763,26,2025-10-01,,Monthly,4,908.49,Active
510644,12326,19,2026-08-31,2026-08-31,Monthly,1,91.7,Cancelled
510645,13237,16,2024-03-18,,Monthly,1,99.16,Active
510646,15885,28,2025-08-23,,Monthly,2,192.96,Active
510647,16230,12,2026-02-25,,Monthly,1,1167.8,Active
510648,14605,19,2025-01-13,,Annual,1,80.43,Active
510649,17382,6,2024-04-10,,Monthly,2,1846.81,Active
510650,17804,13,2024-06-10,2025-10-12,Monthly,1,104.02,Cancelled
510651,14398,3,2024-03-01,,Monthly,2,1504.85,Active
510652,10848,2,2025-02-26,,Monthly,1,323.63,Active
510653,14652,24,2026-05-11,2026-08-31,Monthly,1,913.26,Cancelled
510654,16706,22,2025-09-12,,Annual,1,116.87,Active
510655,15891,8,2025-01-31,2026-04-02,Monthly,3,951.72,Expired
510656,13077,28,2024-09-12,,Monthly,1,98.04,Active
510657,12272,22,2024-08-20,,Monthly,2,210.2,Active
510658,19272,21,2025-11-14,,Monthly,3,2554.88,Active
510659,19695,15,2025-08-27,,Monthly,1,825.16,Active
510660,11986,3,2024-12-26,2026-01-16,Monthly,1,796.02,Cancelled
510661,12774,6,2026-08-12,2026-08-31,Monthly,1,914.97,Expired
510662,11169,25,2024-07-11,,Monthly,3,291.25,Active
510663,19796,5,2024-10-13,,Monthly,2,501.27,Active
510664,12389,27,2025-05-04,2025-11-04,Monthly,1,940.39,Cancelled
510665,11050,9,2026-08-31,,Monthly,1,850.16,Active
510666,11214,2,2026-04-29,,Monthly,2,667.83,Active
510667,15716,1,2026-07-12,2026-08-31,Monthly,1,109.0,Cancelled
510668,12483,9,2026-04-09,,Monthly,1,814.75,Active
510669,18532,25,2025-10-07,,Monthly,4,385.84,Active
510670,18489,5,2026-05-05,,Monthly,3,792.57,Active
510671,11081,7,2026-06-08,,Monthly,2,196.29,Active
510672,18533,13,2024-12-05,,Monthly,1,118.65,Active
510673,16019,28,2024-06-06,2025-02-01,Monthly,2,195.59,Cancelled
510674,11331,24,2024-12-08,2025-10-03,Annual,1,888.78,Expired
510675,11208,12,2024-09-16,,Monthly,2,2081.87,Active
510676,11146,7,2024-02-29,,Monthly,1,100.57,Active
510677,12076,17,2026-08-30,,Monthly,1,305.66,Active
510678,12839,16,2025-06-28,,Monthly,2,208.89,Active
510679,11308,12,2026-07-10,,Annual,1,1053.89,Active
510680,16806,20,2024-06-03,,Monthly,3,859.3,Active
510681,13673,6,2024-10-04,,Monthly,1,799.29,Active
510682,14459,28,2025-01-08,2025-11-08,Monthly,1,118.43,Expired
510683,12594,9,2025-10-06,,Monthly,2,1785.41,Active
510684,16133,1,2025-02-14,,Monthly,2,208.05,Active
510685,19249,20,2026-05-24,2026-08-31,Annual,2,473.81,Cancelled
510686,18498,2,2026-07-04,,Annual,1,339.47,Active
510687,19787,20,2026-06-03,,Monthly,1,249.36,Active
510688,14769,5,2024-11-28,,Monthly,3,736.77,Active
510689,12780,17,2024-12-27,,Monthly,3,890.61,Active
510690,10587,3,2024-03-07,,Monthly,1,817.28,Active
510691,17823,6,2025-12-17,,Monthly,2,1649.49,Active
510692,13282,12,2026-08-10,,Annual,2,2062.17,Active
510693,17785,7,2025-12-09,,Monthly,1,114.98,Active
510694,17696,24,2026-08-31,2026-08-31,Annual,2,1491.54,Cancelled
510695,13341,1,2025-07-01,2026-07-22,Monthly,1,107.1,Expired
510696,18915,26,2026-08-31,,Monthly,3,756.45,Active
510697,12268,29,2026-08-31,2026-08-31,Monthly,2,599.8,Cancelled
510698,19557,20,2026-05-10,,Monthly,5,1419.82,Active
510699,17711,16,2024-10-06,2024-11-23,Monthly,1,110.91,Expired
510700,14932,22,2024-08-02,,Monthly,1,111.84,Active
510701,13106,13,2026-04-14,,Monthly,2,239.27,Active
510702,13766,20,2025-02-08,2025-06-23,Monthly,2,470.93,Cancelled
510703,10061,6,2026-08-31,2026-08-31,Monthly,1,919.84,Cancelled
510704,17489,27,2024-11-25,,Monthly,2,2236.88,Active
510705,13313,22,2024-12-30,2026-06-05,Monthly,1,106.03,Cancelled
510706,15498,14,2024-08-27,,Monthly,2,539.64,Active
510707,16733,3,2026-03-08,,Annual,1,781.72,Active
510708,18672,2,2025-05-09,,Monthly,2,680.87,Active
510709,12911,9,2026-02-01,2026-07-20,Monthly,1,813.99,Expired
510710,17502,29,2025-12-15,,Annual,2,540.09,Active
510711,13055,9,2026-08-29,,Monthly,2,2021.01,Active
510712,10600,5,2025-12-04,2026-08-31,Annual,1,235.27,Cancelled
510713,11713,30,2026-01-14,2026-08-31,Monthly,3,2403.57,Expired
510714,10795,25,2025-11-25,2026-03-08,Monthly,1,101.44,Cancelled
510715,12322,18,2024-03-25,,Monthly,1,801.45,Active
510716,19884,24,2025-12-01,2026-08-31,Monthly,1,827.39,Cancelled
510717,17212,21,2025-03-13,,Monthly,1,844.23,Active
510718,15815,25,2026-05-03,2026-08-31,Annual,1,107.36,Expired
510719,17145,24,2025-10-06,2026-03-10,Monthly,1,804.28,Expired
510720,16113,21,2024-09-08,2026-02-15,Monthly,1,894.3,Expired
510721,18669,19,2024-07-12,2025-01-15,Annual,2,172.68,Cancelled
510722,16072,5,2024-07-13,,Monthly,6,1432.65,Active
510723,14865,9,2024-09-24,,Monthly,3,2772.77,Active
510724,10534,8,2026-07-14,,Monthly,1,320.45,Active
510725,14805,18,2025-04-20,2025-10-19,Annual,1,834.78,Cancelled
510726,13601,12,2026-01-08,2026-08-31,Monthly,2,2375.17,Expired
510727,14750,1,2026-03-26,,Monthly,2,207.13,Active
510728,19987,19,2026-06-23,2026-08-08,Monthly,2,163.96,Expired
510729,13061,12,2024-10-18,2025-04-13,Monthly,3,3465.72,Cancelled
510730,18820,14,2025-01-26,2025-03-05,Monthly,4,1077.25,Cancelled
510731,19628,4,2025-08-09,,Monthly,1,103.37,Active
510732,14516,21,2026-05-28,,Monthly,1,866.16,Active
510733,10809,2,2025-04-18,2025-10-20,Monthly,1,311.93,Expired
510734,11994,11,2026-08-31,2026-08-31,Monthly,1,353.68,Expired
510735,17298,19,2025-08-20,2026-07-19,Monthly,1,76.34,Expired
510736,18421,3,2025-06-20,2026-03-17,Monthly,1,726.99,Expired
510737,14779,21,2026-04-17,,Monthly,1,827.56,Active
510738,10643,1,2026-08-31,,Monthly,2,227.4,Active
510739,19245,22,2025-02-19,2025-12-28,Annual,1,110.43,Cancelled
510740,17943,16,2024-07-08,,Monthly,3,309.3,Active
510741,10455,10,2024-02-12,,Monthly,1,105.27,Active
510742,17339,14,2024-06-28,,Monthly,3,781.99,Active
510743,16860,7,2025-06-26,2026-07-13,Annual,1,104.24,Cancelled
510744,11434,14,2025-11-21,,Monthly,1,289.01,Active
510745,14383,27,2026-08-31,,Monthly,4,4417.23,Active
510746,19507,11,2025-05-20,2025-09-06,Monthly,1,330.22,Expired
510747,10095,30,2026-05-10,,Monthly,1,720.79,Active
510748,15529,22,2026-08-31,2026-08-31,Annual,1,100.09,Expired
510749,14231,25,2025-08-20,2026-08-31,Monthly,2,205.62,Expired
510750,15521,26,2026-05-12,2026-08-31,Monthly,3,759.17,Cancelled
510751,14573,29,2026-08-31,2026-08-31,Monthly,1,274.74,Cancelled
510752,10134,3,2025-03-15,2026-04-25,Annual,1,680.83,Expired
510753,17320,6,2025-08-23,,Monthly,1,911.9,Active
510754,19957,30,2025-09-25,,Monthly,2,1401.86,Active
510755,16556,24,2026-06-05,2026-08-31,Monthly,2,1731.69,Cancelled
510756,19665,13,2025-07-18,,Monthly,1,122.59,Active
510757,17164,5,2024-05-16,,Monthly,2,523.09,Active
510758,18053,5,2024-10-30,,Monthly,2,509.96,Active
510759,17393,7,2025-10-08,,Annual,4,369.58,Active
510760,10925,10,2026-01-26,,Annual,1,123.78,Active
510761,15560,3,2024-08-07,,Annual,1,647.2,Active
510762,10656,28,2026-08-31,2026-08-31,Annual,3,321.05,Cancelled
510763,16946,26,2025-08-15,,Monthly,1,285.06,Active
510764,12686,27,2026-08-31,2026-08-31,Monthly,3,3303.64,Expired
510765,15296,1,2025-02-02,,Monthly,1,105.31,Active
510766,19070,14,2024-09-02,2025-06-30,Monthly,1,306.69,Expired
510767,15280,3,2026-07-24,,Monthly,1,767.66,Active
510768,11789,19,2024-06-03,2024-12-08,Annual,1,75.59,Cancelled
510769,18966,11,2026-08-31,2026-08-31,Annual,3,1095.32,Cancelled
510770,18197,3,2025-11-04,,Annual,2,1396.46,Active
510771,10260,29,2024-12-09,,Monthly,1,274.6,Active
510772,14928,11,2025-09-09,,Monthly,1,298.24,Active
510773,19208,22,2024-08-21,,Monthly,2,229.36,Active
510774,15320,25,2025-08-10,,Monthly,2,209.57,Active
510775,18987,8,2025-06-01,,Monthly,2,643.45,Active
510776,13312,15,2026-06-12,,Monthly,1,815.35,Active
510777,17220,10,2025-08-09,,Monthly,2,217.67,Active
510778,16368,2,2025-03-15,2025-11-23,Monthly,2,727.21,Cancelled
510779,18370,8,2026-03-02,,Monthly,1,260.59,Active
510780,16968,8,2024-10-02,,Monthly,5,1549.06,Active
510781,10394,21,2026-05-10,,Monthly,1,926.51,Active
510782,15379,30,2026-08-31,2026-08-31,Monthly,1,718.64,Expired
510783,15553,30,2026-08-31,,Monthly,1,727.96,Active
510784,17922,18,2024-12-21,,Monthly,1,798.78,Active
510785,13887,10,2024-12-02,,Monthly,2,222.14,Active
510786,17486,8,2024-11-14,,Monthly,1,262.1,Active
510787,16102,4,2024-11-04,,Annual,3,317.05,Active
510788,15684,20,2026-08-31,,Monthly,1,265.38,Active
510789,13148,21,2026-03-11,2026-08-31,Monthly,2,1807.11,Cancelled
510790,13580,19,2026-02-05,,Annual,1,83.28,Active
510791,17111,15,2025-08-10,2026-07-29,Monthly,1,700.04,Cancelled
510792,10160,8,2024-09-06,2025-12-14,Monthly,1,320.54,Cancelled
510793,15284,21,2025-08-15,,Monthly,1,855.62,Active
510794,19031,27,2026-08-11,,Monthly,3,3348.83,Active
510795,10849,26,2026-08-02,2026-08-31,Monthly,1,277.87,Cancelled
510796,19416,11,2025-10-22,,Monthly,2,707.01,Active
510797,17455,23,2025-08-15,,Monthly,1,366.25,Active
510798,17077,28,2024-12-19,,Annual,2,203.09,Active
510799,13352,16,2026-06-15,,Monthly,1,98.17,Active
510800,16437,5,2024-10-07,,Monthly,1,245.27,Active
510801,17598,28,2026-02-16,,Annual,2,196.42,Active
510802,16089,13,2024-11-01,2025-11-21,Monthly,3,340.68,Cancelled
510803,16672,8,2026-08-09,,Monthly,2,601.34,Active
510804,12133,21,2024-11-20,2025-03-14,Monthly,1,791.63,Expired
510805,19401,21,2025-02-28,,Monthly,1,913.8,Active
510806,13236,10,2025-08-16,,Monthly,2,205.11,Active
510807,17384,14,2025-09-19,2026-06-13,Monthly,1,285.2,Expired
510808,18061,16,2025-08-27,,Monthly,1,96.69,Active
510809,12054,13,2026-07-10,2026-08-31,Annual,3,299.24,Expired
510810,15395,14,2025-09-03,,Monthly,1,266.36,Active
510811,12669,18,2024-02-02,2024-04-01,Monthly,1,824.63,Cancelled
510812,10659,11,2024-10-15,,Monthly,2,734.95,Active
510813,19086,5,2026-08-31,,Monthly,3,768.3,Active
510814,16708,19,2024-06-17,2025-10-27,Monthly,2,171.24,Cancelled
510815,12462,3,2025-07-17,2026-08-31,Monthly,2,1374.37,Expired
510816,14451,16,2025-11-10,2026-06-08,Monthly,1,100.22,Cancelled
510817,15576,11,2024-07-19,,Monthly,1,355.48,Active
510818,11591,10,2024-12-17,2025-07-14,Monthly,2,215.65,Cancelled
510819,16838,25,2026-08-31,,Monthly,3,353.5,Active
510820,14673,29,2026-08-31,,Annual,1,281.45,Active
510821,11027,18,2025-09-15,2025-12-11,Annual,4,3177.02,Expired
510822,15146,9,2026-06-20,,Monthly,1,1014.84,Active
510823,11686,28,2024-04-22,,Monthly,1,117.26,Active
510824,16158,25,2026-05-24,2026-08-31,Monthly,2,201.22,Expired
510825,16162,12,2025-04-06,2026-06-02,Monthly,1,961.56,Expired
510826,19078,23,2025-04-22,,Monthly,1,342.84,Active
510827,15489,11,2026-01-05,2026-08-31,Monthly,2,714.01,Expired
510828,14044,24,2024-10-16,,Monthly,3,2726.18,Active
510829,10303,21,2026-05-01,,Annual,1,817.8,Active
510830,15395,29,2025-07-30,2026-08-31,Monthly,1,283.1,Expired
510831,17139,24,2024-05-22,2025-04-08,Monthly,2,1554.3,Expired
510832,19053,13,2024-06-02,2025-08-18,Annual,2,241.29,Cancelled
510833,10612,6,2025-07-24,,Monthly,1,752.65,Active
510834,13274,20,2024-09-24,2025-04-05,Monthly,1,277.0,Expired
510835,17466,8,2024-01-29,2025-03-30,Monthly,1,284.19,Cancelled
510836,10964,22,2025-12-19,2026-08-31,Monthly,2,198.26,Expired
510837,11851,6,2026-08-21,2026-08-31,Monthly,1,768.31,Expired
510838,15557,9,2025-10-19,,Annual,3,2991.32,Active
510839,15264,10,2025-05-09,2025-12-23,Monthly,1,101.0,Cancelled
510840,11561,23,2026-08-31,2026-08-31,Monthly,1,340.84,Expired
510841,16352,4,2024-05-20,2025-10-02,Annual,4,429.22,Cancelled
510842,15678,26,2025-11-19,,Monthly,2,453.45,Active
510843,12646,29,2025-06-26,2026-02-13,Monthly,1,268.05,Cancelled
510844,13277,9,2025-07-03,,Annual,3,2662.84,Active
510845,13778,30,2024-07-13,,Monthly,1,729.04,Active
510846,14227,1,2024-05-01,,Annual,2,227.14,Active
510847,15520,23,2026-08-31,2026-08-31,Annual,2,736.54,Expired
510848,11979,15,2026-06-23,,Annual,1,815.94,Active
510849,18127,21,2025-04-17,,Monthly,4,3369.48,Active
510850,12272,27,2024-09-18,,Monthly,3,3287.17,Active
510851,16249,6,2024-03-03,,Monthly,2,1864.54,Active
510852,17155,13,2024-07-24,2025-10-25,Annual,2,245.79,Cancelled
510853,13140,5,2025-03-07,2026-05-04,Monthly,3,762.68,Cancelled
510854,10882,29,2026-01-20,,Monthly,2,617.24,Active
510855,13776,3,2026-06-25,,Monthly,2,1335.49,Active
510856,16428,7,2025-12-22,,Monthly,2,210.03,Active
510857,15917,3,2025-09-10,2026-07-11,Monthly,1,658.52,Expired
510858,10508,22,2025-03-01,2025-10-24,Annual,1,97.88,Cancelled
510859,15288,18,2026-07-01,,Monthly,1,907.49,Active
510860,14117,1,2026-08-31,2026-08-31,Monthly,1,107.6,Cancelled
510861,19700,5,2024-11-25,,Annual,3,690.7,Active
510862,17009,3,2024-10-14,2025-10-31,Monthly,1,726.5,Expired
510863,15496,28,2026-04-22,2026-08-31,Monthly,3,343.02,Expired
510864,11996,5,2024-12-27,,Monthly,2,540.22,Active
510865,13015,12,2026-03-29,,Annual,3,3555.9,Active
510866,14090,15,2025-08-18,,Monthly,1,738.26,Active
510867,19628,1,2025-10-14,2026-08-31,Monthly,1,97.0,Cancelled
510868,10934,24,2026-08-31,,Monthly,2,1617.14,Active
510869,19935,27,2025-08-10,,Monthly,1,1064.89,Active
510870,17294,22,2024-12-24,,Monthly,5,522.59,Active
510871,12695,27,2024-07-22,,Monthly,1,1048.38,Active
510872,15947,18,2025-02-12,,Monthly,1,920.14,Active
510873,16549,5,2025-06-21,,Monthly,2,446.76,Active
510874,10036,20,2025-10-11,,Monthly,1,258.87,Active
510875,10024,24,2025-07-03,,Monthly,1,825.16,Active
510876,15184,24,2025-04-27,,Monthly,1,822.86,Active
510877,19586,7,2026-04-28,,Monthly,1,112.99,Active
510878,13300,7,2024-11-11,,Annual,1,108.08,Active
510879,18938,8,2024-11-15,2025-08-07,Monthly,1,302.74,Expired
510880,10592,12,2025-07-08,,Annual,3,3089.26,Active
510881,12778,9,2026-01-05,2026-08-31,Monthly,4,3468.55,Expired
510882,16659,2,2024-07-26,,Monthly,1,314.82,Active
510883,10316,21,2024-09-26,,Monthly,1,764.78,Active
510884,17920,19,2026-01-12,2026-08-31,Annual,2,178.24,Expired
510885,11752,10,2024-08-30,,Monthly,1,103.62,Active
510886,12411,6,2026-08-31,,Monthly,3,2422.51,Active
510887,18964,4,2024-03-24,,Annual,2,209.76,Active
510888,10371,15,2026-08-06,,Monthly,3,2118.91,Active
510889,15513,7,2025-05-24,,Annual,2,218.46,Active
510890,12422,25,2026-08-31,2026-08-31,Annual,2,226.89,Cancelled
510891,14816,1,2025-12-20,,Monthly,1,102.46,Active
510892,18540,14,2026-08-31,,Annual,1,284.39,Active
510893,17536,2,2024-12-28,,Monthly,3,928.77,Active
510894,16970,30,2025-01-17,2025-07-07,Annual,2,1441.28,Cancelled
510895,15361,30,2026-08-31,,Monthly,1,786.59,Active
510896,13065,29,2025-10-27,,Annual,1,291.44,Active
510897,17868,11,2024-11-18,2025-06-15,Monthly,1,364.01,Cancelled
510898,14741,16,2024-06-24,,Monthly,2,236.56,Active
510899,18206,22,2026-07-08,,Monthly,3,290.73,Active
510900,13050,1,2025-10-17,,Monthly,1,109.86,Active
510901,12578,23,2025-07-21,2026-05-15,Monthly,3,999.31,Expired
510902,15115,2,2025-01-23,,Monthly,2,702.06,Active
510903,15308,15,2024-06-16,,Monthly,2,1605.39,Active
510904,18128,6,2025-06-13,,Monthly,1,865.59,Active
510905,14612,26,2026-03-25,,Monthly,1,254.1,Active
510906,16146,17,2024-05-07,2025-04-26,Monthly,2,493.97,Cancelled
510907,16776,19,2026-03-06,,Monthly,2,176.78,Active
510908,16910,18,2026-08-02,,Monthly,1,918.15,Active
510909,14114,28,2024-10-02,,Monthly,2,235.39,Active
510910,11013,12,2026-02-26,2026-04-15,Monthly,1,1072.43,Cancelled
510911,13906,18,2024-10-28,,Monthly,1,874.59,Active
510912,10833,9,2026-02-12,2026-03-31,Monthly,1,819.13,Expired
510913,18905,2,2026-08-31,2026-08-31,Annual,1,350.72,Expired
510914,19100,7,2026-08-20,2026-08-31,Monthly,2,219.79,Expired
510915,18051,6,2026-07-31,,Annual,1,774.13,Active
510916,18028,1,2024-06-21,,Monthly,2,228.06,Active
510917,19627,12,2025-01-09,,Monthly,3,2902.51,Active
510918,16539,19,2025-08-02,,Monthly,1,84.9,Active
510919,11157,28,2025-11-09,2026-02-26,Annual,3,307.45,Expired
510920,11360,2,2025-02-16,,Monthly,2,697.82,Active
510921,14418,27,2026-01-25,,Annual,1,897.19,Active
510922,18312,8,2024-12-10,,Monthly,2,523.8,Active
510923,18171,12,2025-07-09,,Monthly,1,1091.23,Active
510924,19357,17,2025-01-23,,Annual,1,244.14,Active
510925,17534,7,2024-09-23,2024-12-06,Monthly,1,94.17,Cancelled
510926,15824,7,2026-01-30,2026-08-31,Monthly,2,216.31,Cancelled
510927,14431,10,2024-02-16,,Monthly,1,108.24,Active
510928,16534,2,2025-05-18,,Monthly,1,338.83,Active
510929,14078,16,2024-08-11,2025-05-12,Monthly,1,119.59,Cancelled
510930,16483,11,2025-07-12,2026-08-30,Monthly,1,339.96,Cancelled
510931,16527,10,2024-10-15,,Annual,1,110.35,Active
510932,17357,26,2026-08-31,,Monthly,1,272.26,Active
510933,17291,3,2024-04-27,,Monthly,1,812.92,Active
510934,13036,30,2026-08-31,,Monthly,2,1541.21,Active
510935,17917,28,2026-08-09,,Monthly,1,115.21,Active
510936,16320,15,2025-03-28,,Monthly,2,1667.83,Active
510937,11622,20,2026-01-14,2026-08-31,Monthly,1,232.11,Expired
510938,15491,15,2025-01-23,,Monthly,1,774.92,Active
510939,14460,26,2025-01-10,2025-07-07,Monthly,5,1265.51,Expired
510940,10979,4,2024-04-20,,Monthly,2,234.6,Active
510941,16297,5,2024-07-25,,Monthly,1,270.7,Active
510942,13722,19,2025-06-27,,Monthly,1,76.1,Active
510943,17752,19,2025-02-26,2025-11-21,Monthly,3,257.18,Expired
510944,13279,29,2024-03-19,,Monthly,2,605.7,Active
510945,10648,14,2025-05-23,,Monthly,1,306.21,Active
510946,18627,17,2024-05-20,2025-01-12,Monthly,2,502.95,Cancelled
510947,16579,23,2025-04-30,,Annual,1,327.29,Active
510948,19297,13,2025-08-13,2026-08-31,Annual,4,465.45,Cancelled
510949,11100,26,2025-05-09,,Monthly,2,553.7,Active
510950,16485,6,2025-08-06,,Monthly,1,907.84,Active
510951,13848,4,2024-09-27,2025-06-02,Monthly,1,102.94,Expired
510952,10701,10,2024-01-31,2025-04-16,Monthly,2,235.87,Cancelled
510953,12290,20,2024-02-23,,Annual,1,233.21,Active
510954,17902,13,2025-01-15,,Annual,1,115.0,Active
510955,10918,14,2024-07-02,,Monthly,1,275.51,Active
510956,11293,2,2025-02-20,2025-03-28,Monthly,1,367.16,Cancelled
510957,11640,15,2025-11-20,2026-08-04,Monthly,3,2449.38,Expired
510958,12641,30,2024-06-16,,Annual,1,713.91,Active
510959,15976,13,2026-01-22,,Annual,1,118.49,Active
510960,14667,7,2025-08-12,,Monthly,1,100.51,Active
510961,15090,2,2024-03-08,,Annual,1,338.72,Active
510962,10424,30,2024-07-14,,Monthly,4,3305.69,Active
510963,18900,10,2025-03-02,2025-04-26,Monthly,1,121.76,Cancelled
510964,13335,6,2026-06-06,2026-08-16,Monthly,2,1820.1,Expired
510965,12288,26,2025-12-08,,Annual,1,262.19,Active
510966,16939,1,2026-08-31,2026-08-31,Monthly,2,205.52,Expired
510967,10779,21,2024-04-01,,Monthly,1,881.69,Active
510968,17530,10,2026-02-11,2026-08-31,Monthly,1,109.57,Expired
510969,14096,25,2026-08-29,,Monthly,1,106.93,Active
510970,11133,12,2024-03-22,2024-12-03,Monthly,1,1036.11,Expired
510971,17628,13,2024-08-13,2026-01-02,Annual,1,119.41,Cancelled
510972,14715,10,2026-08-31,,Monthly,3,309.07,Active
510973,11048,27,2025-07-02,,Monthly,1,1091.8,Active
510974,11285,27,2024-08-25,,Annual,4,4193.31,Active
510975,10094,20,2025-07-23,,Annual,1,253.3,Active
510976,12286,24,2026-04-09,2026-08-31,Annual,4,3696.17,Cancelled
510977,17360,27,2025-03-23,2026-06-20,Monthly,3,2746.61,Cancelled
510978,10380,4,2025-05-27,2025-08-27,Monthly,1,103.06,Cancelled
510979,10794,15,2026-08-25,2026-08-31,Monthly,2,1453.35,Cancelled
510980,16421,18,2026-08-31,,Annual,1,963.94,Active
510981,13697,21,2025-05-06,2026-04-06,Monthly,2,1912.02,Cancelled
510982,11998,24,2025-08-14,,Monthly,1,747.44,Active
510983,13464,6,2025-01-13,2026-05-30,Monthly,2,1769.55,Cancelled
510984,19210,1,2025-12-15,,Monthly,1,116.96,Active
510985,10039,11,2025-06-10,2026-08-31,Monthly,1,305.24,Expired
510986,12671,15,2026-08-22,,Monthly,1,798.1,Active
510987,19847,5,2026-02-22,,Annual,4,938.95,Active
510988,18884,26,2025-09-11,2026-01-09,Monthly,1,261.29,Expired
510989,16225,7,2024-11-03,2025-04-07,Monthly,1,98.82,Cancelled
510990,19736,4,2025-06-22,2025-12-27,Monthly,1,112.77,Expired
510991,12462,13,2025-08-15,2026-05-24,Monthly,2,227.28,Expired
510992,11698,7,2024-11-28,,Annual,1,92.46,Active
510993,13796,13,2024-05-30,2024-12-28,Annual,1,120.62,Expired
510994,12114,14,2024-06-17,2024-07-17,Monthly,1,272.4,Cancelled
510995,16656,26,2026-08-31,,Monthly,2,458.78,Active
510996,14279,4,2024-04-12,2025-06-10,Monthly,1,103.31,Expired
510997,17865,15,2025-12-13,2026-07-07,Monthly,1,705.48,Cancelled
510998,10762,3,2026-07-25,2026-08-31,Monthly,2,1403.16,Expired
510999,14041,5,2025-03-19,2025-06-07,Monthly,2,546.61,Cancelled
511000,13024,4,2025-10-23,2026-08-31,Monthly,2,206.16,Cancelled
511001,15583,29,2024-11-10,,Monthly,1,277.1,Active
511002,14207,2,2026-06-10,,Monthly,2,757.57,Active
511003,13386,9,2026-05-23,,Monthly,2,1795.0,Active
511004,18351,9,2025-09-25,,Monthly,5,5023.29,Active
511005,10184,7,2026-08-31,,Monthly,5,482.15,Active
511006,13034,29,2026-03-12,2026-07-27,Monthly,1,280.45,Expired
511007,12421,30,2025-01-08,,Monthly,1,690.77,Active
511008,13000,9,2026-05-28,2026-08-31,Monthly,1,867.34,Expired
511009,15207,18,2025-09-20,,Monthly,2,1553.64,Active
511010,11575,2,2024-10-15,2025-11-04,Monthly,2,610.29,Expired
511011,12911,6,2025-12-27,2026-08-31,Annual,4,3041.28,Expired
511012,17204,30,2026-06-13,,Annual,2,1472.78,Active
511013,11051,13,2025-12-20,2026-08-31,Annual,1,98.53,Expired
511014,13152,30,2025-02-23,2025-12-29,Annual,2,1643.29,Expired
511015,18972,8,2024-12-28,,Monthly,1,292.9,Active
511016,14399,26,2026-03-02,2026-08-31,Annual,3,699.54,Cancelled
511017,17107,13,2024-04-28,,Monthly,1,101.77,Active
511018,12111,4,2026-01-03,2026-08-31,Annual,1,118.32,Cancelled
511019,18681,16,2026-01-04,,Monthly,2,192.54,Active
511020,13066,18,2026-08-05,,Monthly,1,828.33,Active
511021,13890,19,2024-06-24,2025-03-31,Monthly,1,74.63,Cancelled
511022,19634,11,2024-10-12,,Monthly,4,1172.85,Active
511023,17206,8,2026-05-27,,Monthly,1,300.64,Active
511024,13503,5,2025-04-22,,Monthly,2,463.7,Active
511025,16345,5,2024-09-23,2025-10-01,Monthly,2,474.32,Cancelled
511026,13729,1,2026-05-05,2026-06-04,Monthly,1,105.19,Expired
511027,13467,16,2025-06-08,,Monthly,2,228.9,Active
511028,13537,15,2025-10-16,,Monthly,1,746.71,Active
511029,13394,19,2024-06-26,,Monthly,3,272.34,Active
511030,11202,3,2024-11-27,2025-09-18,Monthly,2,1512.37,Expired
511031,15863,5,2026-07-23,,Monthly,3,764.61,Active
511032,11347,21,2025-12-06,,Monthly,3,2508.12,Active
511033,10119,16,2024-12-22,,Monthly,1,118.71,Active
511034,19960,29,2026-02-22,2026-08-31,Monthly,1,273.0,Cancelled
511035,10915,29,2024-08-23,,Monthly,2,589.57,Active
511036,10867,28,2025-08-27,,Monthly,1,119.33,Active
511037,16504,10,2026-08-31,2026-08-31,Monthly,2,210.72,Cancelled
511038,18041,16,2024-09-24,2025-08-10,Monthly,3,318.9,Expired
511039,17753,5,2025-06-02,,Annual,1,231.89,Active
511040,19167,29,2025-05-22,2026-07-10,Monthly,1,310.11,Cancelled
511041,10664,14,2024-05-25,,Monthly,3,877.07,Active
511042,18967,30,2026-01-17,2026-08-31,Monthly,3,2384.92,Cancelled
511043,14675,14,2025-06-26,2026-08-31,Monthly,1,289.01,Cancelled
511044,13896,28,2024-05-17,,Annual,2,215.41,Active
511045,17318,15,2026-08-31,,Monthly,5,3559.66,Active
511046,13149,6,2024-08-02,,Monthly,1,813.2,Active
511047,14037,8,2025-12-05,2026-08-31,Monthly,1,314.63,Expired
511048,16622,3,2026-07-21,2026-08-31,Monthly,2,1466.78,Expired
511049,11227,21,2026-05-01,,Monthly,1,804.07,Active
511050,13441,22,2024-04-07,,Annual,1,95.0,Active
511051,16461,6,2025-05-23,,Annual,3,2514.68,Active
511052,14320,2,2024-12-31,2026-02-27,Annual,1,358.49,Expired
511053,19355,25,2024-08-02,,Monthly,3,311.39,Active
511054,13530,6,2026-03-25,,Monthly,1,748.8,Active
511055,19005,3,2024-04-05,2025-03-15,Annual,3,2212.1,Cancelled
511056,15628,11,2024-12-22,,Monthly,1,352.27,Active
511057,18691,30,2026-08-31,,Monthly,1,716.88,Active
511058,16999,24,2025-07-13,2026-03-18,Monthly,1,926.5,Cancelled
511059,19629,6,2026-04-19,2026-08-31,Monthly,3,2536.21,Cancelled
511060,15386,12,2026-07-18,2026-08-31,Monthly,1,1031.76,Expired
511061,18095,29,2024-04-14,,Monthly,1,286.46,Active
511062,15908,28,2025-12-29,2026-08-16,Monthly,3,337.59,Expired
511063,12611,12,2026-08-31,,Monthly,3,2906.7,Active
511064,13106,21,2026-03-24,,Monthly,1,857.92,Active
511065,18441,13,2026-08-31,,Monthly,1,114.21,Active
511066,14539,8,2025-07-24,,Monthly,3,877.82,Active
511067,17838,27,2025-10-13,,Monthly,2,2001.26,Active
511068,15210,9,2025-05-19,,Monthly,1,833.48,Active
511069,17168,1,2024-11-29,,Annual,2,244.45,Active
511070,19185,20,2025-06-16,,Monthly,1,238.06,Active
511071,18640,8,2024-03-05,,Monthly,3,809.02,Active
511072,17779,13,2026-08-31,2026-08-31,Monthly,1,102.61,Expired
511073,10074,3,2025-04-15,2025-11-02,Monthly,1,762.84,Expired
511074,19013,23,2026-08-31,2026-08-31,Monthly,4,1379.64,Expired
511075,15166,30,2025-08-05,2025-12-02,Monthly,1,793.67,Expired
511076,18934,9,2026-02-19,,Annual,2,1766.81,Active
511077,17891,19,2025-11-16,,Monthly,1,73.78,Active
511078,10679,10,2024-11-24,,Monthly,2,216.05,Active
511079,13088,15,2026-07-29,,Monthly,4,2680.02,Active
511080,13244,14,2026-06-15,,Monthly,1,271.64,Active
511081,11784,12,2024-10-11,2025-06-26,Monthly,3,3441.05,Cancelled
511082,11553,6,2024-09-18,2025-05-16,Monthly,1,842.71,Cancelled
511083,11397,27,2025-10-07,2026-08-31,Annual,2,1878.55,Expired
511084,15739,15,2025-05-08,,Annual,2,1387.55,Active
511085,15931,1,2025-07-07,2025-10-26,Annual,1,107.95,Expired
511086,14574,29,2026-08-31,,Monthly,2,591.64,Active
511087,15140,13,2024-11-20,,Annual,1,120.03,Active
511088,16531,5,2024-11-17,2025-04-30,Monthly,3,751.83,Cancelled
511089,13792,14,2026-08-20,,Monthly,1,309.23,Active
511090,16660,16,2025-01-24,2025-03-14,Annual,1,97.84,Expired
511091,19085,3,2025-11-28,,Monthly,2,1415.72,Active
511092,14946,9,2026-01-03,,Monthly,1,830.3,Active
511093,17331,16,2026-04-23,2026-07-13,Monthly,1,97.27,Expired
511094,12597,16,2025-07-17,,Monthly,1,121.02,Active
511095,15376,21,2024-11-27,,Monthly,1,855.32,Active
511096,14468,4,2024-12-13,2025-06-02,Monthly,2,199.39,Cancelled
511097,17793,21,2024-10-01,,Annual,1,853.77,Active
511098,18479,21,2024-12-21,,Monthly,1,777.73,Active
511099,13869,25,2025-02-10,2025-10-15,Monthly,1,101.31,Cancelled
511100,10424,5,2024-09-02,,Annual,2,489.67,Active
511101,14792,11,2025-08-11,,Monthly,2,586.3,Active
511102,13866,7,2025-05-22,,Annual,1,104.79,Active
511103,18729,28,2025-02-13,2025-12-14,Monthly,5,536.73,Expired
511104,13825,27,2024-08-01,,Monthly,3,3005.58,Active
511105,18358,30,2025-10-05,,Monthly,1,711.76,Active
511106,18478,21,2025-11-19,,Monthly,2,1779.81,Active
511107,16530,9,2025-09-23,,Monthly,1,976.06,Active
511108,17357,12,2026-08-31,,Monthly,3,2842.78,Active
511109,14320,27,2024-11-29,,Annual,1,980.13,Active
511110,13047,30,2026-03-06,,Annual,1,713.09,Active
511111,17641,17,2025-02-25,,Annual,1,255.64,Active
511112,15444,22,2024-08-09,,Annual,1,113.31,Active
511113,17443,20,2025-08-10,,Annual,1,264.24,Active
511114,15155,10,2026-02-11,2026-05-26,Monthly,1,99.91,Expired
511115,13900,30,2025-12-19,,Monthly,2,1566.05,Active
511116,16711,3,2025-12-26,,Monthly,1,688.75,Active
511117,13406,7,2024-10-12,,Annual,1,98.07,Active
511118,13953,27,2026-03-23,2026-08-31,Annual,1,913.35,Expired
511119,18211,27,2024-06-06,2025-08-18,Monthly,1,952.25,Cancelled
511120,17341,19,2025-10-15,,Monthly,1,78.95,Active
511121,18480,18,2026-02-21,,Monthly,1,960.72,Active
511122,19225,20,2026-08-30,,Monthly,3,722.61,Active
511123,11511,26,2025-07-11,2025-09-25,Monthly,1,278.89,Cancelled
511124,18908,24,2024-05-13,2025-02-10,Monthly,1,809.23,Cancelled
511125,18100,26,2025-05-31,,Monthly,2,488.91,Active
511126,16755,13,2025-03-09,,Monthly,1,121.34,Active
511127,14805,3,2025-02-11,,Annual,1,785.24,Active
511128,19921,13,2025-12-20,2026-02-14,Monthly,1,110.8,Cancelled
511129,14400,13,2025-03-07,,Monthly,1,104.37,Active
511130,14694,21,2025-09-16,2025-11-11,Annual,1,833.75,Expired
511131,13328,19,2025-11-25,,Monthly,1,78.69,Active
511132,15989,26,2025-09-17,,Monthly,3,779.77,Active
511133,13703,2,2025-10-04,2026-02-13,Monthly,2,713.73,Cancelled
511134,18550,30,2026-07-09,2026-08-31,Monthly,3,2441.78,Cancelled
511135,17960,5,2026-03-18,2026-08-31,Annual,2,479.96,Expired
511136,11088,4,2026-02-11,2026-08-31,Monthly,1,102.79,Expired
511137,16455,15,2024-08-17,,Monthly,2,1522.34,Active
511138,17883,4,2024-10-15,2025-07-26,Monthly,2,199.04,Expired
511139,13909,14,2026-01-07,2026-08-31,Monthly,3,857.1,Cancelled
511140,10202,12,2024-09-05,2024-11-06,Monthly,1,1141.13,Expired
511141,16720,21,2026-04-14,2026-08-31,Monthly,1,852.67,Expired
511142,19048,8,2026-08-31,2026-08-31,Monthly,2,546.16,Cancelled
511143,14728,20,2024-09-06,2025-12-15,Monthly,2,478.44,Cancelled
511144,13770,25,2026-08-16,2026-08-31,Monthly,3,299.69,Expired
511145,14756,27,2025-10-26,,Monthly,1,888.96,Active
511146,16285,9,2026-03-04,2026-08-31,Annual,1,905.3,Expired
511147,19475,23,2025-08-26,,Monthly,2,714.2,Active
511148,18324,4,2024-03-02,,Monthly,1,98.66,Active
511149,15097,10,2026-06-07,2026-08-31,Monthly,1,105.03,Expired
511150,10356,21,2026-02-28,2026-08-31,Monthly,1,963.68,Cancelled
511151,17202,3,2024-11-10,,Monthly,1,722.9,Active
511152,19710,13,2025-04-03,2025-11-03,Monthly,1,104.2,Expired
511153,16430,13,2026-03-07,2026-04-10,Annual,1,101.02,Expired
511154,13291,11,2024-03-26,,Monthly,3,1093.43,Active
511155,16607,3,2026-08-31,,Monthly,2,1379.75,Active
511156,12909,13,2024-08-30,2025-12-17,Monthly,1,113.48,Expired
511157,16141,27,2024-07-12,,Annual,3,3131.77,Active
511158,17120,15,2026-08-31,,Monthly,1,844.02,Active
511159,12921,22,2025-01-23,2026-01-25,Monthly,3,320.31,Expired
511160,10425,25,2026-03-25,,Annual,1,105.7,Active
511161,19400,26,2026-08-31,2026-08-31,Monthly,2,461.42,Expired
511162,17182,24,2025-02-11,,Annual,1,904.18,Active
511163,12609,2,2025-07-22,,Monthly,1,302.8,Active
511164,16910,5,2026-07-01,,Monthly,1,260.41,Active
511165,16832,2,2025-03-15,2026-05-18,Monthly,1,316.74,Expired
511166,10091,11,2024-09-11,2024-11-02,Monthly,1,320.66,Expired
511167,15557,13,2025-07-17,,Monthly,2,228.38,Active
511168,10941,26,2026-07-11,,Annual,2,535.85,Active
511169,14648,22,2024-06-18,2025-09-18,Annual,1,105.94,Cancelled
511170,16632,12,2025-05-16,,Annual,4,4134.97,Active
511171,12221,17,2025-02-16,,Monthly,1,286.26,Active
511172,17915,2,2026-06-07,,Annual,1,359.18,Active
511173,17151,2,2024-11-09,,Monthly,1,376.93,Active
511174,16993,6,2026-08-31,,Monthly,4,3272.4,Active
511175,10698,13,2024-07-29,,Monthly,1,104.31,Active
511176,15180,2,2026-08-16,2026-08-31,Monthly,1,361.1,Cancelled
511177,18622,15,2024-11-12,,Monthly,2,1586.19,Active
511178,18589,21,2025-07-11,2026-06-04,Monthly,1,777.58,Expired
511179,17833,25,2026-07-24,2026-08-31,Monthly,1,116.77,Expired
511180,17249,1,2024-07-08,2025-04-21,Monthly,3,339.01,Expired
511181,17526,20,2025-09-23,,Annual,2,541.16,Active
511182,12824,28,2024-10-03,2026-02-13,Monthly,1,94.22,Expired
511183,10366,16,2024-09-15,,Annual,2,194.46,Active
511184,17931,24,2024-11-27,,Monthly,1,796.61,Active
511185,19783,21,2025-02-04,,Monthly,1,885.91,Active
511186,13828,21,2025-05-08,2026-04-26,Annual,1,849.52,Cancelled
511187,11024,18,2026-07-15,2026-08-31,Monthly,1,827.28,Expired
511188,14773,3,2024-03-12,2024-05-06,Monthly,1,762.24,Cancelled
511189,13509,16,2026-06-29,,Monthly,2,198.99,Active
511190,13037,24,2026-06-01,2026-08-31,Monthly,1,752.09,Cancelled
511191,14798,30,2024-12-17,2025-06-03,Annual,1,696.01,Expired
511192,19963,11,2024-10-01,2025-08-17,Annual,1,329.67,Expired
511193,19134,3,2026-08-31,,Monthly,1,799.92,Active
511194,13627,29,2025-04-01,2025-08-15,Monthly,1,312.62,Cancelled
511195,17411,26,2025-04-23,,Monthly,2,516.0,Active
511196,12949,11,2024-10-28,,Annual,3,1061.86,Active
511197,12932,14,2024-09-08,,Annual,1,286.76,Active
511198,18192,1,2024-01-23,2025-01-09,Monthly,2,244.99,Cancelled
511199,17126,17,2025-04-30,,Annual,1,298.19,Active
511200,17046,25,2025-03-12,,Monthly,1,117.22,Active
511201,11969,22,2024-12-18,2025-07-21,Annual,2,224.21,Cancelled
511202,10965,26,2024-08-10,,Monthly,2,531.22,Active
511203,14937,15,2026-08-31,2026-08-31,Monthly,4,2911.81,Cancelled
511204,17143,2,2026-03-17,2026-08-31,Monthly,3,950.11,Expired
511205,11493,14,2026-02-10,,Monthly,1,324.16,Active
511206,19836,25,2024-12-04,2026-04-19,Monthly,2,193.73,Expired
511207,11269,25,2026-08-31,2026-08-31,Annual,4,388.83,Cancelled
511208,13768,10,2024-08-10,,Monthly,1,123.01,Active
511209,19294,17,2024-03-30,,Annual,1,250.91,Active
511210,17985,29,2024-10-26,2026-04-01,Monthly,2,525.74,Cancelled
511211,16707,30,2025-10-20,2025-12-01,Monthly,2,1528.15,Expired
511212,11905,17,2024-04-13,,Monthly,2,567.99,Active
511213,11030,28,2026-08-31,,Monthly,1,110.76,Active
511214,10679,18,2025-03-14,,Monthly,1,881.25,Active
511215,13922,17,2026-01-05,,Monthly,1,251.3,Active
511216,17729,6,2024-06-04,,Monthly,1,814.36,Active
511217,18668,26,2025-11-23,,Monthly,1,269.72,Active
511218,16906,30,2026-08-31,,Monthly,2,1425.55,Active
511219,12591,19,2024-06-26,2024-09-26,Monthly,2,150.46,Cancelled
511220,11304,27,2025-12-07,,Monthly,3,2868.47,Active
511221,18317,14,2024-07-24,2025-11-19,Monthly,3,793.71,Cancelled
511222,19141,26,2025-04-15,2025-05-27,Annual,1,241.78,Expired
511223,10619,8,2026-01-05,,Monthly,2,567.53,Active
511224,18428,30,2026-06-06,,Monthly,5,3820.96,Active
511225,12732,27,2025-07-09,,Monthly,2,2102.19,Active
511226,14236,30,2026-05-06,,Annual,1,778.75,Active
511227,15958,14,2024-11-17,,Annual,1,265.42,Active
511228,16204,20,2026-08-31,2026-08-31,Monthly,4,1039.59,Expired
511229,14184,15,2024-05-02,,Monthly,1,688.72,Active
511230,16463,29,2025-11-10,,Monthly,3,828.58,Active
511231,17643,5,2025-11-02,,Monthly,1,261.2,Active
511232,14477,26,2026-06-14,,Annual,2,500.11,Active
511233,18149,1,2024-07-16,,Monthly,1,122.67,Active
511234,14417,3,2024-04-28,2025-10-18,Monthly,2,1605.46,Cancelled
511235,10650,11,2025-06-26,,Monthly,2,632.39,Active
511236,10008,19,2026-03-30,2026-08-31,Annual,1,85.18,Expired
511237,13383,10,2024-11-10,,Monthly,1,109.24,Active
511238,12436,2,2024-07-12,,Monthly,2,709.13,Active
511239,18944,18,2025-02-25,2026-05-19,Monthly,1,807.56,Expired
511240,11957,30,2025-09-19,,Monthly,2,1319.47,Active
511241,16387,20,2026-07-15,,Annual,3,813.97,Active
511242,16585,17,2026-07-26,,Annual,3,772.47,Active
511243,13313,4,2024-11-13,2025-06-10,Monthly,1,101.08,Expired
511244,12854,3,2026-08-31,,Monthly,1,726.62,Active
511245,15882,20,2026-08-17,,Monthly,2,551.44,Active
511246,13085,30,2024-11-27,2025-06-17,Annual,1,687.69,Cancelled
511247,11958,15,2025-08-15,,Monthly,1,715.62,Active
511248,12948,27,2026-03-24,,Annual,2,1834.83,Active
511249,19650,7,2026-08-31,,Monthly,2,186.09,Active
511250,18081,18,2025-03-15,2026-07-12,Monthly,1,852.86,Cancelled
511251,17930,22,2026-07-17,,Annual,2,211.52,Active
511252,10906,27,2024-05-27,,Monthly,3,2851.74,Active
511253,13362,29,2025-01-16,2025-04-09,Monthly,1,310.46,Expired
511254,16731,23,2025-03-20,,Monthly,1,321.7,Active
511255,13944,14,2025-07-05,2026-03-24,Monthly,1,287.1,Expired
511256,12401,22,2025-06-02,2025-07-14,Monthly,1,98.64,Cancelled
511257,17684,23,2026-06-20,,Monthly,2,671.74,Active
511258,11845,2,2026-07-03,,Monthly,1,307.1,Active
511259,16163,30,2026-01-17,2026-08-31,Monthly,2,1588.96,Cancelled
511260,15693,25,2024-10-31,,Monthly,4,451.62,Active
511261,15446,29,2025-11-16,,Monthly,2,518.66,Active
511262,11244,29,2024-09-27,,Monthly,1,298.0,Active
511263,11995,13,2026-01-18,,Monthly,1,104.82,Active
511264,13013,19,2026-02-16,2026-08-31,Annual,2,158.34,Expired
511265,15630,1,2024-09-08,,Annual,1,115.17,Active
511266,18925,11,2026-08-31,2026-08-31,Monthly,1,318.46,Cancelled
511267,19397,12,2025-07-27,,Monthly,2,2195.52,Active
511268,12690,21,2024-12-08,2025-04-17,Monthly,1,933.13,Cancelled
511269,13644,18,2025-09-14,,Monthly,2,1768.08,Active
511270,12223,26,2025-08-25,,Monthly,1,278.86,Active
511271,17233,27,2025-03-27,2025-11-12,Monthly,1,983.65,Expired
511272,12031,10,2025-03-04,2026-06-13,Annual,1,110.96,Expired
511273,10214,26,2026-03-19,,Annual,2,553.62,Active
511274,11840,17,2024-10-13,2026-03-01,Annual,1,303.93,Expired
511275,17890,26,2025-09-22,,Monthly,1,273.51,Active
511276,14298,28,2024-08-29,2025-11-30,Monthly,1,103.54,Cancelled
511277,17047,4,2025-08-08,2026-05-11,Monthly,1,117.72,Cancelled
511278,14904,13,2025-04-03,,Monthly,1,105.75,Active
511279,10839,22,2026-08-31,2026-08-31,Monthly,1,113.53,Expired
511280,18966,25,2026-08-31,,Annual,1,111.11,Active
511281,19459,21,2024-06-23,,Monthly,2,1595.65,Active
511282,18417,14,2025-08-31,,Annual,3,942.88,Active
511283,19872,22,2024-12-23,2025-08-25,Monthly,2,237.1,Cancelled
511284,15656,26,2026-08-31,,Monthly,2,500.3,Active
511285,16770,8,2026-08-31,,Annual,1,303.03,Active
511286,17321,26,2024-08-27,,Monthly,1,251.4,Active
511287,17041,25,2024-08-02,,Annual,2,221.17,Active
511288,17858,30,2026-08-31,,Monthly,1,754.53,Active
511289,14989,9,2025-03-21,,Monthly,1,883.35,Active
511290,13346,8,2026-05-18,2026-08-31,Annual,2,532.98,Cancelled
511291,10085,6,2025-05-04,2026-06-03,Monthly,1,755.9,Cancelled
511292,19545,23,2024-04-26,,Monthly,2,752.16,Active
511293,15289,30,2025-08-27,,Monthly,1,774.55,Active
511294,11542,11,2025-12-15,2026-02-19,Monthly,1,332.4,Expired
511295,18957,26,2026-04-03,2026-08-31,Annual,1,244.86,Expired
511296,18804,16,2025-06-15,,Annual,1,112.1,Active
511297,16228,14,2026-08-31,,Annual,2,567.75,Active
511298,15229,11,2025-02-22,2026-07-27,Monthly,3,895.25,Cancelled
511299,19644,14,2025-12-18,,Annual,1,288.84,Active
511300,11663,8,2024-06-20,,Monthly,2,588.42,Active
511301,19394,4,2025-07-20,2026-03-30,Annual,1,100.7,Expired
511302,18564,20,2024-07-09,2025-02-06,Monthly,1,243.69,Cancelled
511303,12705,26,2025-12-27,,Monthly,1,282.32,Active
511304,12195,25,2024-08-13,2025-01-24,Monthly,1,101.71,Expired
511305,17235,17,2026-07-05,2026-08-31,Monthly,3,851.79,Expired
511306,16847,17,2026-08-31,,Monthly,2,584.84,Active
511307,16975,14,2026-08-31,,Monthly,1,292.94,Active
511308,11180,12,2024-06-01,2025-06-15,Monthly,1,1031.84,Cancelled
511309,19997,17,2026-08-31,2026-08-31,Annual,2,588.1,Expired
511310,19052,23,2026-07-16,2026-08-31,Monthly,5,1790.16,Expired
511311,13429,9,2024-11-20,,Annual,1,843.53,Active
511312,11352,7,2025-11-14,,Monthly,1,109.99,Active
511313,10934,16,2026-08-31,,Monthly,4,457.25,Active
511314,11062,11,2026-07-23,2026-08-31,Monthly,1,326.8,Cancelled
511315,10848,7,2024-12-26,,Monthly,3,330.72,Active
511316,11351,20,2026-08-31,,Monthly,4,1080.11,Active
511317,15086,26,2025-08-01,,Monthly,1,241.79,Active
511318,14911,3,2024-12-15,2025-06-28,Monthly,2,1549.34,Expired
511319,18025,5,2025-08-22,,Monthly,1,264.33,Active
511320,17655,14,2024-06-18,,Monthly,2,548.76,Active
511321,15491,19,2024-10-15,2025-11-27,Annual,1,78.44,Expired
511322,16632,17,2025-03-24,2026-04-14,Annual,1,287.11,Cancelled
511323,19909,19,2026-04-16,2026-08-31,Monthly,1,82.44,Cancelled
511324,13831,26,2025-01-31,,Monthly,4,954.52,Active
511325,18307,9,2025-01-23,,Monthly,1,992.27,Active
511326,10806,11,2026-08-31,2026-08-31,Monthly,2,717.57,Expired
511327,19685,29,2026-08-31,,Annual,1,271.89,Active
511328,14505,25,2025-06-10,,Monthly,1,117.97,Active
511329,10982,21,2025-08-24,2026-03-29,Monthly,2,1788.96,Cancelled
511330,10337,3,2024-11-09,,Monthly,1,714.49,Active
511331,10966,18,2026-05-12,2026-07-02,Monthly,2,1612.28,Cancelled
511332,10197,28,2026-03-28,,Monthly,1,118.28,Active
511333,19336,23,2024-12-15,,Annual,1,340.35,Active
511334,12530,10,2024-12-01,,Monthly,1,120.55,Active
511335,13504,24,2025-07-15,,Monthly,1,836.01,Active
511336,13577,18,2024-11-25,2026-02-15,Annual,1,785.17,Expired
511337,10633,1,2024-04-27,,Monthly,1,116.4,Active
511338,10259,5,2025-05-10,,Monthly,1,227.2,Active
511339,12833,16,2026-08-31,,Monthly,1,102.15,Active
511340,19735,19,2026-02-16,2026-03-23,Monthly,1,91.39,Expired
511341,11330,25,2024-07-16,,Monthly,1,116.06,Active
511342,19259,1,2026-04-02,,Monthly,1,105.57,Active
511343,18062,3,2024-09-28,2025-09-13,Monthly,1,653.03,Cancelled
511344,10935,1,2024-06-23,,Monthly,1,100.12,Active
511345,19436,16,2024-09-01,,Monthly,3,305.37,Active
511346,15855,8,2026-08-27,,Annual,1,312.12,Active
511347,17959,26,2024-02-15,2025-03-03,Monthly,2,566.97,Cancelled
511348,14790,9,2025-10-13,,Annual,1,920.92,Active
511349,11164,23,2026-04-25,,Monthly,1,346.58,Active
511350,16326,9,2026-03-27,,Monthly,1,830.31,Active
511351,17303,14,2024-10-18,,Monthly,1,264.57,Active
511352,14842,24,2025-10-19,,Monthly,1,764.7,Active
511353,10169,8,2025-11-08,,Monthly,3,807.53,Active
511354,12225,12,2025-10-22,2026-08-31,Monthly,3,3149.48,Cancelled
511355,12927,2,2026-05-24,,Monthly,1,320.07,Active
511356,10530,2,2026-08-31,2026-08-31,Monthly,1,364.12,Cancelled
511357,11085,25,2025-10-03,2026-08-26,Monthly,2,220.24,Cancelled
511358,12564,7,2026-03-23,2026-08-31,Monthly,1,115.18,Expired
511359,18670,30,2025-06-09,2026-05-14,Annual,1,799.42,Cancelled
511360,13818,18,2025-09-12,2026-08-31,Monthly,1,938.28,Expired
511361,12990,18,2024-11-30,,Annual,2,1816.51,Active
511362,17348,15,2025-11-28,,Monthly,2,1342.96,Active
511363,19127,28,2026-07-27,2026-08-31,Monthly,1,111.51,Expired
511364,11796,13,2025-10-15,,Monthly,2,231.99,Active
511365,10073,15,2026-01-05,,Annual,1,667.41,Active
511366,13069,3,2024-05-16,2025-05-17,Monthly,1,787.98,Cancelled
511367,14752,7,2026-08-03,,Monthly,1,95.7,Active
511368,15985,7,2026-06-02,,Monthly,4,433.67,Active
511369,19310,2,2025-11-11,,Monthly,4,1322.88,Active
511370,17322,18,2025-12-13,2026-08-31,Monthly,2,1953.87,Cancelled
511371,12605,22,2026-08-04,,Monthly,1,112.08,Active
511372,12517,16,2024-12-09,2026-02-15,Monthly,1,115.62,Cancelled
511373,15552,15,2026-03-10,2026-08-31,Monthly,1,719.04,Expired
511374,15849,14,2024-09-27,,Monthly,3,858.75,Active
511375,12777,27,2025-10-08,,Annual,1,1015.6,Active
511376,18405,1,2025-06-19,2025-10-25,Monthly,1,108.11,Cancelled
511377,11250,6,2025-11-29,,Monthly,1,926.04,Active
511378,13300,12,2024-12-28,,Monthly,1,1111.26,Active
511379,18610,27,2026-02-10,,Monthly,1,1064.59,Active
511380,14417,14,2024-05-25,,Annual,1,308.29,Active
511381,11667,24,2024-12-06,2026-05-25,Monthly,1,934.52,Expired
511382,14483,17,2025-02-09,2025-11-13,Monthly,2,492.58,Cancelled
511383,15464,29,2024-08-28,,Monthly,4,1110.73,Active
511384,13916,28,2024-03-15,,Monthly,2,195.25,Active
511385,15468,25,2026-08-31,2026-08-31,Monthly,3,294.73,Cancelled
511386,13590,9,2026-05-07,,Annual,2,1752.8,Active
511387,10142,13,2024-06-30,,Monthly,1,101.59,Active
511388,18884,19,2025-06-03,,Monthly,3,272.33,Active
511389,18725,24,2025-10-05,2026-08-05,Monthly,1,801.14,Cancelled
511390,19561,9,2024-05-07,,Annual,1,909.1,Active
511391,10865,20,2025-09-20,2026-08-29,Monthly,3,843.39,Expired
511392,19699,30,2025-03-24,,Monthly,1,681.51,Active
511393,13519,28,2024-08-09,,Monthly,1,97.71,Active
511394,12087,9,2024-08-26,2025-08-16,Annual,3,2537.44,Expired
511395,12423,24,2026-07-31,,Monthly,3,2269.09,Active
511396,15699,17,2025-05-28,2026-07-28,Annual,1,281.71,Cancelled
511397,11107,14,2024-06-12,,Annual,4,1272.87,Active
511398,13508,26,2024-08-18,2025-02-17,Monthly,1,267.06,Cancelled
511399,14674,28,2025-02-17,,Annual,1,105.44,Active
511400,16809,28,2026-01-03,,Monthly,1,117.95,Active
511401,18211,16,2024-02-26,2024-07-16,Monthly,1,112.71,Cancelled
511402,11022,12,2025-04-25,,Monthly,1,1136.97,Active
511403,19486,8,2024-07-25,,Monthly,1,295.67,Active
511404,14982,26,2025-07-23,,Monthly,2,467.69,Active
511405,10132,1,2025-10-01,,Monthly,1,107.02,Active
511406,13567,20,2024-06-25,2024-07-27,Annual,1,256.32,Expired
511407,19846,12,2024-12-06,,Monthly,1,995.4,Active
511408,14650,11,2024-07-23,,Monthly,1,298.59,Active
511409,16821,29,2026-05-07,2026-08-31,Monthly,3,834.39,Cancelled
511410,13410,13,2024-06-26,,Monthly,1,110.65,Active
511411,14011,26,2024-02-20,,Monthly,1,260.35,Active
511412,14790,15,2025-12-08,,Monthly,4,3342.27,Active
511413,15081,16,2025-08-10,,Monthly,1,116.88,Active
511414,19698,22,2026-03-19,,Monthly,4,415.56,Active
511415,14358,2,2025-06-10,,Annual,1,358.43,Active
511416,12013,24,2025-08-31,,Monthly,1,818.04,Active
511417,12479,20,2026-08-04,,Monthly,1,272.59,Active
511418,14690,12,2026-06-25,,Monthly,2,2304.64,Active
511419,19129,27,2025-10-03,,Monthly,1,964.92,Active
511420,15086,22,2025-04-03,,Monthly,1,110.39,Active
511421,10789,6,2025-05-24,,Monthly,1,849.71,Active
511422,18949,2,2025-06-15,,Monthly,2,663.74,Active
511423,14743,13,2026-07-18,2026-08-31,Monthly,2,239.67,Cancelled
511424,11463,2,2025-08-22,2025-11-05,Annual,1,345.49,Expired
511425,18605,29,2026-08-31,,Annual,1,296.77,Active
511426,16565,12,2025-05-28,,Monthly,3,3129.14,Active
511427,14063,13,2024-07-17,,Monthly,1,101.47,Active
511428,14089,14,2024-09-22,2025-04-19,Annual,1,314.02,Cancelled
511429,12739,24,2026-02-23,2026-08-29,Annual,1,843.6,Cancelled
511430,18680,19,2026-04-05,2026-08-31,Monthly,1,80.97,Cancelled
511431,14043,6,2025-08-01,2026-06-23,Annual,2,1703.87,Expired
511432,15008,13,2025-07-28,,Monthly,1,119.25,Active
511433,19411,16,2025-11-07,,Monthly,1,109.47,Active
511434,12321,2,2025-04-06,,Monthly,1,313.05,Active
511435,16152,9,2026-07-09,2026-08-31,Annual,1,1017.25,Expired
511436,13475,8,2024-09-16,2024-10-20,Monthly,1,259.53,Cancelled
511437,11493,7,2025-12-06,2026-08-31,Monthly,1,99.58,Cancelled
511438,19247,26,2025-05-16,2026-05-22,Monthly,2,555.77,Expired
511439,17632,25,2025-05-17,,Monthly,1,94.86,Active
511440,18364,25,2026-06-17,2026-08-31,Annual,2,207.0,Expired
511441,10182,30,2026-04-22,,Monthly,2,1656.61,Active
511442,15909,29,2025-06-10,2025-07-15,Monthly,1,284.9,Cancelled
511443,11890,16,2025-09-10,2026-08-31,Monthly,1,103.43,Cancelled
511444,13157,28,2024-03-18,2024-05-05,Monthly,2,193.59,Expired
511445,16109,12,2024-02-17,2025-01-06,Monthly,2,2384.32,Cancelled
511446,12214,14,2026-04-18,2026-07-26,Monthly,3,888.62,Expired
511447,10838,25,2026-01-28,2026-08-31,Monthly,3,285.02,Cancelled
511448,18391,27,2025-12-16,,Monthly,2,2107.27,Active
511449,10343,17,2026-04-05,2026-08-31,Annual,2,566.73,Cancelled
511450,14282,17,2024-09-29,2025-02-20,Monthly,1,287.89,Cancelled
511451,16243,16,2026-06-20,,Monthly,1,103.41,Active
511452,19245,18,2025-05-13,2026-08-31,Monthly,1,865.59,Expired
511453,19873,5,2026-08-31,,Monthly,1,262.81,Active
511454,11467,8,2026-03-29,,Monthly,1,289.63,Active
511455,11234,14,2026-08-31,,Monthly,2,609.04,Active
511456,19884,25,2025-11-19,,Monthly,1,111.09,Active
511457,19989,25,2025-10-19,,Monthly,2,216.96,Active
511458,12458,7,2025-08-09,2026-05-19,Monthly,1,112.42,Cancelled
511459,15024,13,2025-07-11,2026-01-26,Monthly,1,100.79,Expired
511460,14872,3,2025-08-28,,Annual,2,1526.87,Active
511461,18162,6,2025-03-29,,Monthly,1,932.56,Active
511462,18466,17,2024-09-01,,Annual,1,265.96,Active
511463,16087,2,2026-02-16,,Monthly,1,343.12,Active
511464,17780,4,2025-02-03,2026-03-02,Annual,2,231.13,Expired
511465,13871,23,2026-04-26,,Monthly,1,326.61,Active
511466,15854,14,2024-07-28,,Monthly,2,632.74,Active
511467,11276,19,2025-12-21,,Monthly,3,270.72,Active
511468,11762,21,2024-12-31,,Annual,4,3382.03,Active
511469,16357,10,2024-11-20,2025-04-28,Monthly,3,353.49,Expired
511470,10674,12,2026-04-08,2026-08-31,Monthly,1,1090.77,Expired
511471,19562,12,2026-08-21,2026-08-31,Monthly,3,3000.51,Expired
511472,10693,28,2025-12-31,,Annual,1,118.54,Active
511473,13012,10,2025-08-25,2026-08-31,Monthly,1,106.67,Cancelled
511474,14974,16,2026-08-10,,Monthly,1,104.1,Active
511475,14474,9,2025-12-28,,Monthly,1,985.85,Active
511476,16560,6,2025-10-10,,Monthly,1,905.19,Active
511477,14738,2,2025-10-15,,Monthly,1,320.89,Active
511478,14648,13,2024-04-24,2025-05-08,Monthly,4,441.36,Cancelled
511479,11114,14,2026-04-16,,Annual,2,637.7,Active
511480,12190,2,2025-08-03,,Monthly,3,1088.71,Active
511481,10200,26,2026-04-06,2026-06-27,Monthly,1,261.17,Expired
511482,16968,23,2024-09-24,,Annual,3,956.21,Active
511483,19072,30,2026-08-31,,Monthly,1,683.35,Active
511484,14807,21,2025-04-23,,Monthly,2,1562.73,Active
511485,17119,4,2024-12-25,2025-07-27,Monthly,1,108.08,Cancelled
511486,19458,20,2024-10-22,,Monthly,2,524.85,Active
511487,19873,6,2026-08-31,,Monthly,1,844.05,Active
511488,10407,3,2026-08-02,2026-08-31,Annual,3,2056.07,Cancelled
511489,19142,13,2024-12-11,,Monthly,1,109.21,Active
511490,15474,22,2025-09-09,,Monthly,3,343.87,Active
511491,19157,5,2024-07-03,,Monthly,3,723.45,Active
511492,17511,18,2024-11-29,2025-08-20,Annual,1,899.24,Expired
511493,11724,19,2026-06-26,2026-08-31,Monthly,1,81.03,Expired
511494,19258,23,2026-07-12,,Monthly,1,352.26,Active
511495,15387,21,2024-09-04,,Monthly,1,840.77,Active
511496,15645,17,2025-02-01,,Monthly,3,900.13,Active
511497,14003,21,2026-08-26,,Annual,1,775.34,Active
511498,18235,19,2025-07-27,,Annual,1,74.53,Active
511499,16359,28,2026-02-08,,Monthly,1,105.41,Active
511500,16464,1,2026-03-23,,Monthly,1,102.85,Active
511501,18100,5,2025-08-06,2026-03-20,Annual,2,444.58,Expired
511502,15883,27,2025-12-23,,Monthly,3,3350.29,Active
511503,19904,24,2025-11-19,2026-05-13,Monthly,1,884.47,Cancelled
511504,15719,10,2025-01-02,2025-03-05,Monthly,1,107.72,Cancelled
511505,10764,19,2024-06-16,,Monthly,1,90.3,Active
511506,11969,8,2025-03-13,,Monthly,1,256.36,Active
511507,17244,23,2024-07-12,,Monthly,1,316.34,Active
511508,18925,14,2026-08-31,,Monthly,1,315.41,Active
511509,17726,9,2025-02-28,2026-01-16,Monthly,2,1954.91,Cancelled
511510,13499,24,2025-02-27,,Monthly,2,1542.25,Active
511511,17958,6,2025-06-13,,Monthly,1,867.21,Active
511512,12340,22,2024-07-23,2025-01-04,Monthly,2,188.49,Cancelled
511513,12608,20,2024-04-28,2024-10-08,Annual,3,714.29,Cancelled
511514,16895,22,2025-02-28,2025-11-01,Monthly,1,105.52,Expired
511515,11429,9,2025-09-22,2025-10-24,Monthly,1,836.3,Expired
511516,17502,20,2025-09-14,2026-01-16,Monthly,2,483.39,Cancelled
511517,13760,26,2024-03-27,,Monthly,1,251.89,Active
511518,15129,11,2026-08-31,,Annual,1,300.2,Active
511519,14154,30,2024-12-03,,Monthly,1,687.0,Active
511520,18071,5,2024-12-12,,Monthly,1,258.06,Active
511521,18008,26,2025-12-25,2026-08-31,Monthly,3,769.23,Cancelled
511522,13499,29,2025-06-14,,Monthly,1,282.79,Active
511523,19944,22,2026-06-22,2026-08-31,Monthly,1,111.57,Expired
511524,14487,16,2024-09-19,,Annual,1,100.69,Active
511525,18689,28,2026-06-16,2026-08-31,Monthly,1,104.42,Cancelled
511526,13676,16,2024-10-04,,Monthly,1,108.07,Active
511527,12492,27,2026-08-31,,Monthly,1,925.28,Active
511528,18838,30,2026-08-07,,Monthly,1,689.8,Active
511529,14321,23,2025-01-17,2026-02-27,Monthly,1,345.38,Cancelled
511530,16329,12,2024-07-31,,Monthly,4,4491.99,Active
511531,18246,17,2025-11-15,2026-08-31,Monthly,1,273.35,Expired
511532,14086,30,2026-05-20,2026-08-31,Monthly,1,721.05,Cancelled
511533,14178,28,2026-06-12,,Monthly,2,196.3,Active
511534,19883,10,2025-06-28,,Monthly,4,466.64,Active
511535,11202,9,2024-11-26,,Annual,1,822.27,Active
511536,10496,20,2026-02-19,,Monthly,2,565.55,Active
511537,14815,15,2025-05-18,,Monthly,1,795.39,Active
511538,19566,28,2025-02-17,2025-03-27,Monthly,1,107.49,Cancelled
511539,17315,8,2025-05-10,,Monthly,1,274.15,Active
511540,10565,4,2024-10-30,,Monthly,1,101.67,Active
511541,17913,13,2026-01-27,2026-08-31,Monthly,2,212.56,Expired
511542,10687,15,2025-09-26,2025-12-15,Annual,2,1509.12,Cancelled
511543,17623,23,2026-06-30,,Annual,2,693.12,Active
511544,10207,28,2024-08-18,2025-12-01,Monthly,2,208.73,Cancelled
511545,12119,13,2025-06-22,,Monthly,1,110.61,Active
511546,15329,14,2025-07-25,,Monthly,1,319.11,Active
511547,15367,3,2024-10-22,,Monthly,1,656.85,Active
511548,14144,27,2026-05-25,,Annual,1,1111.53,Active
511549,11437,4,2026-08-31,,Annual,2,211.16,Active
511550,18488,20,2025-01-26,,Monthly,1,247.66,Active
511551,11021,6,2026-07-06,,Monthly,1,821.58,Active
511552,18606,24,2025-10-13,2026-05-17,Monthly,1,943.38,Cancelled
511553,18523,10,2026-08-31,,Annual,1,123.75,Active
511554,14814,13,2026-06-03,2026-08-31,Annual,1,118.4,Cancelled
511555,12656,7,2024-12-26,2025-12-23,Monthly,1,91.78,Cancelled
511556,14300,17,2024-04-21,,Monthly,1,271.35,Active
511557,17192,16,2024-08-12,,Monthly,1,107.08,Active
511558,17235,10,2026-08-04,,Monthly,2,222.95,Active
511559,17499,9,2024-10-13,2025-10-14,Monthly,4,3978.32,Expired
511560,11328,21,2026-08-31,2026-08-31,Monthly,4,3619.43,Expired
511561,12146,13,2024-04-12,,Annual,1,101.8,Active
511562,15423,16,2025-02-07,,Monthly,2,200.2,Active
511563,10424,17,2024-06-28,,Monthly,4,1025.13,Active
511564,15315,18,2025-11-19,2026-02-02,Annual,1,820.95,Expired
511565,13359,28,2025-04-20,,Monthly,2,195.15,Active
511566,14343,4,2025-09-28,,Monthly,1,97.01,Active
511567,15058,17,2025-09-09,,Annual,4,1118.57,Active
511568,13936,18,2025-03-02,2026-04-24,Annual,1,858.39,Cancelled
511569,13613,18,2025-07-13,,Annual,2,1554.3,Active
511570,14457,5,2024-06-21,2024-11-27,Monthly,1,249.3,Cancelled
511571,13058,16,2025-02-24,2026-05-01,Monthly,2,234.53,Expired
511572,15551,2,2025-03-28,2025-11-22,Annual,3,981.49,Cancelled
511573,10273,23,2024-12-29,,Monthly,2,737.14,Active
511574,10003,27,2025-12-12,2026-08-31,Monthly,3,2913.05,Expired
511575,15742,5,2026-01-27,2026-08-31,Monthly,1,256.42,Expired
511576,13365,13,2025-03-05,2025-12-15,Monthly,2,209.78,Cancelled
511577,14728,28,2024-07-20,,Monthly,2,209.52,Active
511578,13782,11,2026-08-31,,Monthly,1,308.78,Active
511579,18993,4,2026-07-02,,Monthly,3,310.61,Active
511580,14978,24,2025-01-18,2025-09-13,Monthly,3,2450.37,Expired
511581,11344,14,2024-06-08,,Monthly,1,307.51,Active
511582,13516,9,2025-04-12,,Annual,1,993.34,Active
511583,15025,21,2025-11-20,,Monthly,1,782.24,Active
511584,12503,19,2024-07-14,,Annual,1,73.45,Active
511585,15273,15,2026-06-07,2026-08-31,Annual,1,827.99,Cancelled
511586,19380,11,2024-09-24,2024-11-01,Monthly,1,340.07,Cancelled
511587,15073,1,2025-05-13,,Monthly,1,107.77,Active
511588,10259,2,2025-06-17,,Monthly,1,310.8,Active
511589,10719,17,2024-04-02,,Annual,1,299.38,Active
511590,17064,22,2024-12-16,,Monthly,1,98.9,Active
511591,11709,16,2026-01-09,,Monthly,1,111.31,Active
511592,16445,7,2024-05-19,,Monthly,2,191.22,Active
511593,10394,16,2026-04-17,2026-08-31,Monthly,1,119.34,Expired
511594,13297,29,2026-02-04,,Monthly,1,280.35,Active
511595,12091,3,2025-12-25,,Monthly,1,763.85,Active
511596,15817,29,2024-06-22,,Monthly,1,286.62,Active
511597,14777,13,2026-05-15,2026-08-31,Monthly,1,98.38,Cancelled
511598,15461,17,2025-11-25,,Monthly,3,832.78,Active
511599,17562,1,2026-01-03,2026-08-31,Annual,3,326.4,Cancelled
511600,11969,19,2025-01-03,,Monthly,1,78.07,Active
511601,13512,6,2025-10-23,2026-08-31,Monthly,2,1705.01,Cancelled
511602,16086,19,2026-08-31,2026-08-31,Monthly,1,83.85,Expired
511603,13331,18,2025-05-26,2025-11-07,Monthly,2,1742.8,Cancelled
511604,11319,27,2024-11-25,,Annual,1,988.3,Active
511605,14514,8,2024-09-05,,Monthly,1,260.94,Active
511606,15101,24,2025-03-11,,Monthly,2,1679.86,Active
511607,16014,3,2025-04-25,,Monthly,1,732.3,Active
511608,18574,24,2026-04-26,,Monthly,3,2490.76,Active
511609,16706,16,2025-08-05,2026-03-10,Monthly,1,119.56,Cancelled
511610,17533,1,2025-02-15,2026-03-10,Monthly,2,242.91,Expired
511611,13666,8,2025-09-09,,Monthly,2,597.05,Active
511612,18572,1,2026-07-19,,Annual,1,101.86,Active
511613,12430,10,2024-05-14,,Annual,2,250.41,Active
511614,10968,1,2026-08-31,,Monthly,1,118.89,Active
511615,15209,2,2024-10-05,2025-10-13,Annual,1,367.43,Expired
511616,15638,25,2025-08-09,,Monthly,1,117.04,Active
511617,16421,15,2026-08-27,,Monthly,1,769.07,Active
511618,15892,27,2026-05-02,,Monthly,3,2681.15,Active
511619,12792,21,2024-08-24,,Monthly,3,2501.16,Active
511620,12454,26,2025-01-25,,Annual,2,491.61,Active
511621,10537,10,2026-01-22,2026-08-07,Monthly,1,102.61,Expired
511622,15306,6,2025-01-30,,Monthly,2,1746.09,Active
511623,18394,14,2024-04-07,,Monthly,2,574.29,Active
511624,16514,16,2026-05-29,,Annual,2,236.13,Active
511625,18957,8,2025-12-21,2026-02-26,Monthly,1,291.81,Cancelled
511626,13728,7,2025-03-21,2025-09-19,Monthly,2,202.68,Expired
511627,17039,17,2024-08-26,,Annual,1,285.42,Active
511628,14528,8,2024-03-27,,Monthly,1,293.92,Active
511629,17862,10,2026-08-31,,Annual,1,111.98,Active
511630,11586,28,2026-08-31,,Annual,3,293.34,Active
511631,19987,25,2026-03-25,2026-08-31,Monthly,2,211.47,Cancelled
511632,17292,6,2024-07-10,2025-03-13,Monthly,3,2471.61,Expired
511633,11980,7,2024-09-11,2025-03-18,Monthly,1,107.15,Expired
511634,19388,19,2025-10-09,2026-04-26,Monthly,1,86.3,Expired
511635,11997,17,2026-08-15,2026-08-31,Monthly,4,1047.94,Expired
511636,19245,9,2024-12-09,,Monthly,1,856.0,Active
511637,16347,7,2025-02-06,,Monthly,1,95.49,Active
511638,14854,28,2026-01-26,2026-08-31,Monthly,2,217.09,Cancelled
511639,19880,2,2025-12-22,,Monthly,2,626.54,Active
511640,13015,3,2026-05-03,,Annual,1,696.68,Active
511641,15772,26,2025-04-15,2025-05-27,Annual,2,536.9,Cancelled
511642,13762,10,2024-11-14,,Monthly,1,113.59,Active
511643,19377,22,2025-04-20,2025-08-10,Monthly,1,100.19,Expired
511644,10546,23,2025-12-26,,Monthly,2,682.47,Active
511645,19543,2,2024-04-14,,Monthly,1,378.75,Active
511646,17668,24,2025-10-02,2026-08-31,Annual,1,759.48,Expired
511647,18465,2,2024-11-16,2025-01-16,Monthly,1,308.03,Cancelled
511648,14416,8,2025-06-07,,Annual,1,275.65,Active
511649,15643,30,2024-10-22,,Monthly,1,682.02,Active
511650,17850,1,2024-12-30,2025-02-03,Monthly,1,98.42,Cancelled
511651,17062,22,2026-07-11,2026-08-31,Monthly,2,205.87,Cancelled
511652,15261,10,2024-11-27,,Monthly,2,248.46,Active
511653,16729,3,2024-12-04,,Monthly,1,682.02,Active
511654,14028,27,2026-06-26,,Monthly,2,2034.96,Active
511655,14931,6,2025-06-28,2026-01-25,Annual,2,1739.19,Expired
511656,13255,19,2026-01-29,,Monthly,2,161.42,Active
511657,11423,15,2024-08-01,,Monthly,1,800.52,Active
511658,15783,17,2024-05-14,,Monthly,3,887.93,Active
511659,10643,13,2026-08-31,,Monthly,1,110.08,Active
511660,12074,15,2024-09-19,,Monthly,3,2524.43,Active
511661,10128,27,2025-06-18,,Monthly,1,1034.02,Active
511662,16249,9,2024-02-03,,Monthly,1,824.74,Active
511663,15549,20,2026-06-22,,Monthly,1,249.46,Active
511664,13788,25,2026-08-31,,Annual,3,324.07,Active
511665,13925,30,2025-03-26,2026-08-30,Monthly,1,673.04,Cancelled
511666,19609,15,2026-04-30,2026-08-31,Monthly,2,1614.83,Cancelled
511667,11022,9,2025-01-24,2025-11-04,Annual,2,2032.98,Cancelled
511668,18048,11,2024-11-22,2026-01-27,Monthly,1,299.51,Cancelled
511669,17424,9,2026-08-06,,Monthly,1,866.16,Active
511670,11510,24,2024-07-14,,Monthly,1,872.93,Active
511671,16231,20,2025-04-17,,Monthly,1,254.45,Active
511672,18952,22,2024-09-23,,Monthly,2,189.09,Active
511673,14623,27,2025-06-30,2026-08-31,Monthly,1,1056.19,Expired
511674,18293,23,2024-10-17,,Annual,3,1031.58,Active
511675,19499,27,2025-02-25,2026-07-02,Monthly,2,1837.37,Cancelled
511676,10275,13,2026-05-08,,Monthly,2,227.47,Active
511677,14183,16,2024-10-02,2024-11-07,Monthly,3,337.3,Cancelled
511678,18351,11,2025-10-22,2026-08-31,Monthly,1,365.05,Cancelled
511679,15059,11,2024-08-13,,Annual,1,299.38,Active
511680,13817,14,2025-06-14,2026-08-31,Monthly,6,1722.96,Expired
511681,18809,5,2026-01-18,,Monthly,1,239.99,Active
511682,19903,6,2025-09-18,2026-08-31,Monthly,2,1525.63,Cancelled
511683,19216,22,2025-05-12,,Monthly,1,96.71,Active
511684,16797,17,2024-03-19,2025-03-06,Monthly,1,244.74,Cancelled
511685,15832,20,2026-05-25,,Monthly,2,472.86,Active
511686,15488,3,2025-09-03,,Monthly,3,2122.95,Active
511687,15137,21,2024-05-14,,Monthly,3,2384.3,Active
511688,17326,10,2026-04-19,2026-08-31,Monthly,3,357.53,Expired
511689,11743,5,2026-06-30,2026-08-31,Annual,1,224.28,Expired
511690,14329,26,2025-10-15,,Monthly,3,830.79,Active
511691,10239,17,2024-06-27,,Monthly,6,1687.23,Active
511692,10427,19,2025-07-04,,Monthly,1,74.65,Active
511693,18358,26,2025-07-20,,Monthly,1,228.08,Active
511694,19292,30,2024-12-12,,Monthly,1,722.49,Active
511695,13386,22,2026-08-31,,Monthly,2,194.96,Active
511696,17121,3,2025-05-28,2025-12-27,Monthly,1,754.19,Cancelled
511697,19071,15,2024-06-28,2025-09-13,Monthly,1,787.93,Expired
511698,10454,20,2024-03-01,,Monthly,1,259.29,Active
511699,15100,24,2024-12-11,,Monthly,1,807.12,Active
511700,13964,26,2026-05-29,2026-08-31,Monthly,1,244.17,Cancelled
511701,12693,13,2024-11-04,,Monthly,1,116.92,Active
511702,13789,26,2024-12-18,2026-05-26,Annual,2,461.24,Expired
511703,10851,19,2025-03-27,,Monthly,1,76.24,Active
511704,15633,17,2024-06-26,2024-08-11,Annual,2,567.97,Cancelled
511705,14563,22,2026-04-17,2026-08-31,Monthly,1,116.94,Cancelled
511706,12170,20,2025-07-30,2026-08-31,Monthly,2,472.54,Cancelled
511707,19865,27,2024-09-30,2025-03-21,Monthly,1,1041.95,Cancelled
511708,19398,6,2024-07-26,2025-01-22,Monthly,3,2761.05,Cancelled
511709,17266,9,2024-08-21,,Monthly,3,2651.52,Active
511710,18071,12,2024-07-20,,Monthly,3,2964.79,Active
511711,14858,22,2024-06-10,2025-09-09,Monthly,1,105.28,Expired
511712,17117,16,2026-05-16,2026-08-31,Monthly,2,227.35,Expired
511713,10812,7,2025-12-12,2026-08-13,Monthly,2,207.48,Cancelled
511714,13370,15,2026-04-26,2026-08-31,Monthly,2,1426.23,Cancelled
511715,14757,16,2025-07-02,,Monthly,4,447.5,Active
511716,19052,29,2026-04-29,,Annual,1,295.2,Active
511717,11733,16,2025-04-09,,Monthly,3,323.77,Active
511718,15549,28,2026-01-09,2026-08-31,Monthly,1,97.99,Expired
511719,14904,30,2025-05-09,,Annual,2,1647.62,Active
511720,10171,22,2026-06-09,,Monthly,1,106.22,Active
511721,11641,8,2025-01-19,,Monthly,1,311.33,Active
511722,13243,11,2024-04-16,,Monthly,1,360.81,Active
511723,10307,10,2026-08-04,2026-08-31,Monthly,1,118.38,Cancelled
511724,18542,27,2024-06-01,2025-09-26,Monthly,3,3151.4,Expired
511725,19488,18,2025-04-12,2025-06-06,Monthly,3,2723.06,Expired
511726,18382,25,2024-11-29,,Monthly,1,107.04,Active
511727,17324,2,2025-05-23,,Annual,1,312.51,Active
511728,17107,8,2024-02-21,,Monthly,1,313.6,Active
511729,19003,3,2026-08-31,2026-08-31,Monthly,2,1543.01,Expired
511730,14355,13,2026-06-07,2026-08-31,Monthly,4,442.04,Cancelled
511731,12552,30,2026-08-31,,Monthly,1,757.79,Active
511732,13132,21,2026-05-19,2026-08-14,Monthly,2,1706.38,Cancelled
511733,15209,6,2024-10-18,,Monthly,1,784.72,Active
511734,12512,23,2026-03-02,,Annual,2,689.27,Active
511735,14239,19,2025-12-21,2026-08-31,Monthly,1,83.03,Cancelled
511736,12076,25,2026-07-08,2026-08-31,Monthly,5,501.21,Cancelled
511737,12990,18,2025-02-06,2026-01-15,Monthly,2,1857.96,Expired
511738,16699,8,2026-02-16,2026-08-31,Monthly,2,644.49,Cancelled
511739,15213,20,2025-04-19,2025-06-09,Annual,1,244.41,Cancelled
511740,14789,28,2026-02-16,2026-08-31,Annual,2,215.49,Cancelled
511741,19790,14,2024-10-19,,Annual,1,326.02,Active
511742,17637,11,2024-10-28,,Annual,1,294.19,Active
511743,13827,25,2024-06-15,,Monthly,2,232.02,Active
511744,12214,16,2026-04-10,,Annual,2,196.57,Active
511745,12828,3,2025-08-24,2026-05-01,Monthly,1,721.48,Cancelled
511746,10978,4,2026-06-10,,Monthly,2,241.13,Active
511747,10336,24,2025-12-04,2026-08-31,Monthly,1,890.11,Cancelled
511748,11860,13,2026-04-02,2026-05-14,Monthly,1,105.25,Expired
511749,10323,8,2024-10-05,,Monthly,1,280.9,Active
511750,17849,4,2024-05-21,2025-01-03,Monthly,2,230.95,Cancelled
511751,15000,18,2024-06-20,2025-01-22,Monthly,2,1745.66,Expired
511752,15557,23,2025-09-16,,Annual,6,2130.88,Active
511753,16113,5,2024-09-25,2025-03-09,Monthly,1,230.33,Cancelled
511754,13824,30,2026-08-31,2026-08-31,Monthly,3,2094.49,Cancelled
511755,18221,3,2026-08-31,,Monthly,1,646.18,Active
511756,10884,30,2026-08-31,2026-08-31,Monthly,2,1480.54,Cancelled
511757,13343,18,2026-08-31,2026-08-31,Monthly,1,946.55,Cancelled
511758,15381,25,2026-08-28,2026-08-31,Annual,2,216.49,Cancelled
511759,16608,4,2025-10-26,,Annual,1,96.95,Active
511760,15671,22,2026-03-10,,Monthly,2,198.96,Active
511761,10053,7,2026-04-14,2026-08-31,Monthly,3,329.13,Cancelled
511762,12407,27,2025-05-30,,Annual,1,903.14,Active
511763,10476,6,2026-06-19,2026-08-31,Monthly,1,757.61,Cancelled
511764,11618,9,2024-05-25,,Monthly,2,1874.23,Active
511765,18290,22,2026-02-15,2026-05-01,Annual,5,479.38,Cancelled
511766,13336,5,2026-06-01,2026-08-31,Monthly,1,220.19,Cancelled
511767,11807,24,2025-05-29,,Annual,1,803.01,Active
511768,10294,6,2024-07-13,2024-12-27,Monthly,3,2739.76,Cancelled
511769,17418,7,2026-01-29,,Monthly,2,194.06,Active
511770,16373,27,2025-03-24,,Monthly,1,949.82,Active
511771,18185,22,2024-12-10,,Annual,2,231.91,Active
511772,18165,2,2026-02-15,,Annual,1,324.24,Active
511773,19712,18,2026-08-10,2026-08-31,Monthly,2,1725.28,Expired
511774,12802,22,2026-06-12,2026-08-31,Monthly,4,377.07,Cancelled
511775,11975,7,2024-08-03,2024-12-10,Monthly,1,99.03,Expired
511776,12160,2,2026-02-06,2026-08-31,Monthly,2,659.8,Cancelled
511777,18323,26,2025-03-20,2026-07-13,Monthly,3,734.77,Cancelled
511778,17822,10,2026-08-28,2026-08-31,Annual,1,116.59,Cancelled
511779,12351,16,2026-06-22,2026-08-31,Monthly,2,204.02,Expired
511780,16961,21,2025-03-20,,Monthly,1,867.36,Active
511781,11847,11,2025-06-06,,Monthly,1,322.84,Active
511782,13843,2,2026-02-17,,Annual,2,653.2,Active
511783,16219,17,2026-03-02,2026-08-31,Monthly,2,482.59,Cancelled
511784,19823,23,2026-06-21,,Monthly,1,315.37,Active
511785,11466,24,2024-12-14,,Monthly,1,848.77,Active
511786,11935,18,2026-04-06,2026-08-31,Annual,1,868.09,Cancelled
511787,16741,5,2026-02-09,,Monthly,3,665.86,Active
511788,14024,22,2025-05-20,2025-12-04,Monthly,2,227.01,Cancelled
511789,17832,3,2024-12-27,,Monthly,1,758.99,Active
511790,11858,30,2025-02-21,,Monthly,3,2488.17,Active
511791,18719,2,2026-02-23,,Monthly,1,312.71,Active
511792,14122,3,2025-02-23,2026-05-14,Monthly,1,715.78,Cancelled
511793,11194,4,2026-05-13,,Annual,3,294.16,Active
511794,19449,4,2025-06-25,2026-01-20,Monthly,1,104.64,Cancelled
511795,11071,30,2025-08-04,,Annual,3,2170.31,Active
511796,14282,19,2024-09-16,2026-01-28,Monthly,3,225.29,Cancelled
511797,15566,22,2025-04-20,,Monthly,5,492.61,Active
511798,16159,11,2024-02-08,2024-11-18,Annual,1,318.78,Cancelled
511799,16690,21,2026-08-20,2026-08-31,Annual,1,957.11,Cancelled
511800,19395,1,2025-12-15,,Annual,1,99.6,Active
511801,17423,17,2025-01-05,,Monthly,1,296.2,Active
511802,11282,18,2024-09-17,2025-03-24,Monthly,1,773.13,Expired
511803,11346,11,2024-09-16,,Monthly,1,330.53,Active
511804,18240,18,2026-06-08,2026-08-31,Monthly,1,789.75,Cancelled
511805,16958,6,2024-10-30,,Monthly,2,1838.18,Active
511806,14319,18,2025-01-12,,Monthly,4,3179.34,Active
511807,15601,2,2026-08-31,,Monthly,3,1025.93,Active
511808,19511,6,2024-06-03,2025-06-21,Monthly,2,1500.66,Cancelled
511809,12412,19,2026-05-16,2026-08-31,Annual,1,90.52,Cancelled
511810,18625,29,2025-06-17,2025-11-24,Monthly,2,528.54,Cancelled
511811,12483,10,2026-06-24,2026-08-31,Monthly,2,218.78,Expired
511812,14943,11,2026-01-04,2026-03-07,Annual,2,723.3,Cancelled
511813,19727,22,2025-08-06,,Monthly,2,221.16,Active
511814,12461,2,2025-06-16,2026-04-12,Annual,3,1146.92,Cancelled
511815,17866,21,2024-08-04,2025-01-10,Annual,1,835.73,Cancelled
511816,10958,12,2024-11-09,2025-01-08,Monthly,1,1043.43,Cancelled
511817,12481,29,2026-08-31,,Monthly,2,537.53,Active
511818,12058,17,2025-08-02,,Monthly,4,998.95,Active
511819,11347,6,2026-01-02,,Monthly,3,2318.32,Active
511820,11157,15,2026-02-23,,Monthly,1,799.36,Active
511821,17547,29,2025-08-20,2025-11-10,Monthly,1,290.08,Cancelled
511822,16812,3,2026-04-04,,Annual,1,678.2,Active
511823,13036,15,2026-05-26,,Monthly,1,812.89,Active
511824,17658,16,2026-08-31,,Annual,2,213.96,Active
511825,10069,23,2024-11-14,,Annual,2,738.92,Active
511826,12300,21,2025-06-13,,Annual,1,838.26,Active
511827,16420,1,2024-10-07,,Monthly,1,115.64,Active
511828,18145,11,2024-03-17,,Monthly,3,1082.76,Active
511829,15120,22,2026-06-29,,Monthly,3,333.38,Active
511830,13483,26,2024-09-13,,Monthly,1,259.03,Active
511831,12083,11,2024-02-11,,Annual,1,334.67,Active
511832,15129,29,2026-08-31,,Monthly,1,297.02,Active
511833,19182,5,2026-08-31,,Monthly,1,266.42,Active
511834,19543,30,2024-08-20,,Monthly,1,667.11,Active
511835,17485,15,2024-05-27,,Monthly,1,721.56,Active
511836,10033,30,2026-08-31,,Annual,1,833.44,Active
511837,12138,12,2026-02-05,2026-08-31,Monthly,1,1022.03,Cancelled
511838,14015,17,2026-08-31,2026-08-31,Monthly,3,759.94,Cancelled
511839,19944,21,2026-07-25,,Monthly,3,2459.62,Active
511840,17252,4,2024-05-10,,Monthly,1,103.62,Active
511841,13424,7,2026-06-10,,Monthly,1,96.66,Active
511842,15079,11,2025-10-24,,Monthly,1,320.35,Active
511843,12540,19,2024-06-20,2025-08-04,Monthly,1,83.11,Expired
511844,17003,20,2025-12-30,,Monthly,2,491.53,Active
511845,10999,16,2026-04-23,2026-08-31,Monthly,2,231.51,Cancelled
511846,10527,29,2025-09-07,2026-08-15,Annual,1,285.16,Cancelled
511847,16528,16,2026-07-27,,Annual,1,114.1,Active
511848,15119,30,2026-07-12,2026-08-31,Monthly,1,771.95,Cancelled
511849,15972,20,2026-08-19,2026-08-31,Annual,2,495.07,Expired
511850,12871,21,2025-08-30,2026-08-31,Monthly,1,805.8,Cancelled
511851,14432,26,2024-05-02,,Monthly,1,256.37,Active
511852,16311,12,2026-08-31,,Monthly,2,2284.4,Active
511853,14441,21,2025-09-19,,Monthly,3,2801.45,Active
511854,18197,12,2026-01-17,2026-08-31,Annual,1,956.48,Expired
511855,15280,9,2026-08-16,,Annual,5,4336.48,Active
511856,12215,20,2025-07-30,2026-08-31,Monthly,1,244.5,Expired
511857,10807,3,2025-07-20,2026-08-31,Monthly,4,2636.9,Cancelled
511858,10174,19,2025-01-19,2026-02-11,Annual,1,77.66,Cancelled
511859,14672,20,2026-08-31,2026-08-31,Monthly,1,236.48,Expired
511860,18594,5,2026-07-16,,Monthly,1,233.37,Active
511861,19126,12,2025-11-01,,Monthly,2,2220.57,Active
511862,17880,26,2024-07-11,,Monthly,1,241.35,Active
511863,18364,19,2026-06-30,,Monthly,1,76.11,Active
511864,13185,22,2024-07-21,2024-11-12,Monthly,1,107.3,Cancelled
511865,16492,3,2024-06-27,,Monthly,1,727.47,Active
511866,15085,22,2025-11-10,2026-08-31,Monthly,1,96.4,Cancelled
511867,19245,5,2025-03-15,2025-07-11,Annual,3,781.23,Expired
511868,10247,16,2025-04-08,,Monthly,2,242.44,Active
511869,19758,4,2025-12-08,,Monthly,2,215.71,Active
511870,13683,8,2026-05-15,2026-08-16,Annual,6,1605.09,Cancelled
511871,17104,18,2025-01-20,,Monthly,1,930.05,Active
511872,14096,12,2026-08-31,,Monthly,2,2356.35,Active
511873,11128,29,2025-04-11,2025-11-30,Monthly,1,265.88,Expired
511874,18750,4,2025-09-08,2026-02-03,Annual,1,109.66,Cancelled
511875,10508,10,2025-05-28,2026-05-29,Monthly,3,370.15,Expired
511876,11104,11,2025-11-25,,Monthly,2,653.47,Active
511877,17911,12,2024-10-02,,Annual,1,1123.67,Active
511878,18592,15,2025-11-05,,Monthly,3,2083.77,Active
511879,15784,20,2026-05-02,,Annual,1,269.75,Active
511880,11726,10,2025-11-29,,Monthly,1,114.85,Active
511881,15815,28,2026-08-31,,Monthly,1,99.34,Active
511882,15275,29,2025-07-02,2026-01-28,Monthly,1,263.94,Expired
511883,15469,4,2026-03-17,,Monthly,1,112.56,Active
511884,11125,17,2026-05-10,,Monthly,4,1007.56,Active
511885,10430,7,2026-01-05,,Annual,1,110.49,Active
511886,15196,12,2025-09-19,2026-08-31,Monthly,1,1041.3,Cancelled
511887,10865,6,2025-08-15,2026-02-02,Monthly,5,4174.34,Expired
511888,19751,8,2026-02-21,,Monthly,3,872.58,Active
511889,12268,24,2026-08-31,,Monthly,1,825.45,Active
511890,18409,7,2026-08-17,,Annual,1,97.86,Active
511891,16101,29,2025-01-25,,Monthly,1,260.72,Active
511892,14575,25,2026-02-24,2026-04-08,Monthly,1,99.45,Cancelled
511893,15577,4,2024-05-23,,Monthly,1,102.5,Active
511894,10778,10,2024-07-31,,Monthly,2,243.86,Active
511895,10069,24,2025-01-08,,Monthly,1,936.3,Active
511896,13808,8,2024-07-28,2024-11-25,Annual,1,268.31,Expired
511897,13965,9,2025-10-24,,Monthly,1,871.17,Active
511898,13555,29,2025-12-18,2026-08-13,Monthly,2,587.46,Cancelled
511899,11470,27,2024-06-05,2025-10-30,Monthly,1,1116.64,Cancelled
511900,11917,22,2025-08-30,2026-03-26,Monthly,1,96.01,Cancelled
511901,13561,18,2026-05-16,,Monthly,1,969.6,Active
511902,18059,26,2025-12-25,,Annual,1,242.37,Active
511903,14935,26,2024-05-06,,Monthly,1,272.21,Active
511904,13764,11,2025-04-02,,Annual,3,1059.23,Active
511905,14506,24,2025-03-11,2025-10-12,Monthly,1,856.54,Cancelled
511906,12710,13,2024-05-16,,Monthly,1,99.22,Active
511907,18080,9,2026-07-05,,Monthly,1,928.88,Active
511908,17641,10,2025-02-12,2026-01-29,Annual,1,105.92,Cancelled
511909,10833,18,2025-12-29,,Monthly,1,805.29,Active
511910,12758,9,2026-08-31,2026-08-31,Monthly,1,839.21,Cancelled
511911,12168,20,2026-08-29,,Monthly,1,252.72,Active
511912,19539,30,2026-06-01,,Monthly,1,731.46,Active
511913,14987,13,2026-03-14,2026-08-31,Monthly,1,113.29,Cancelled
511914,13567,28,2024-05-19,,Monthly,1,108.72,Active
511915,17472,2,2025-11-29,2026-03-26,Monthly,2,683.73,Expired
511916,13519,14,2024-04-30,,Monthly,1,275.37,Active
511917,18783,18,2025-07-23,2026-01-29,Monthly,1,975.61,Cancelled
511918,12728,8,2025-01-11,,Annual,1,314.17,Active
511919,14877,11,2026-05-29,,Monthly,2,696.67,Active
511920,10077,2,2025-01-03,2025-03-25,Monthly,3,929.73,Cancelled
511921,19196,7,2024-06-03,,Monthly,1,101.84,Active
511922,16842,19,2025-06-27,2026-08-31,Annual,3,221.89,Cancelled
511923,15930,2,2024-11-08,,Annual,1,353.86,Active
511924,16228,6,2026-08-31,,Monthly,2,1775.26,Active
511925,18366,4,2025-06-24,,Monthly,3,318.32,Active
511926,15633,30,2024-09-26,2025-08-27,Monthly,2,1426.57,Cancelled
511927,13609,6,2025-02-21,,Monthly,2,1785.84,Active
511928,17374,25,2024-09-19,,Monthly,1,98.81,Active
511929,13035,2,2024-07-28,,Monthly,2,667.63,Active
511930,18064,7,2026-03-16,,Monthly,1,100.01,Active
511931,17522,5,2026-05-28,,Annual,1,265.8,Active
511932,12120,15,2026-08-13,2026-08-31,Annual,1,803.8,Expired
511933,15458,10,2026-08-31,2026-08-31,Annual,5,513.75,Expired
511934,13344,19,2024-06-27,2025-12-16,Monthly,2,151.21,Cancelled
511935,15614,5,2025-06-15,,Monthly,1,228.88,Active
511936,10663,30,2024-05-31,2024-09-25,Annual,2,1369.54,Cancelled
511937,17828,6,2024-07-19,,Monthly,1,877.57,Active
511938,19446,29,2026-08-31,,Monthly,1,313.14,Active
511939,16637,11,2025-10-17,,Annual,1,340.58,Active
511940,15645,24,2024-11-09,2025-10-14,Monthly,1,765.94,Expired
511941,12364,10,2025-03-09,2025-09-20,Annual,3,313.04,Expired
511942,18257,21,2024-11-01,2025-09-04,Monthly,1,820.69,Cancelled
511943,11358,23,2025-05-10,2025-10-13,Monthly,4,1505.6,Expired
511944,15195,19,2025-04-24,,Monthly,2,171.9,Active
511945,10154,6,2026-08-31,2026-08-31,Monthly,2,1568.68,Cancelled
511946,18190,23,2025-08-26,,Monthly,1,356.02,Active
511947,17279,14,2024-05-03,,Monthly,1,302.35,Active
511948,15901,25,2024-09-11,,Monthly,1,116.22,Active
511949,15575,8,2025-12-12,,Annual,2,583.23,Active
511950,10169,14,2025-11-03,,Monthly,1,309.24,Active
511951,13625,21,2024-10-13,2025-11-05,Monthly,1,828.04,Cancelled
511952,14119,25,2026-06-19,,Annual,2,215.68,Active
511953,11182,6,2025-03-20,2025-09-18,Monthly,1,753.69,Cancelled
511954,13595,29,2026-03-17,,Monthly,1,317.38,Active
511955,11929,16,2026-01-08,,Monthly,2,210.9,Active
511956,15406,25,2024-06-07,2025-10-08,Annual,1,113.49,Expired
511957,16426,30,2026-02-23,,Annual,1,685.63,Active
511958,14745,19,2026-08-31,,Monthly,2,148.94,Active
511959,11510,24,2024-06-16,2024-08-09,Monthly,1,855.06,Cancelled
511960,11980,6,2024-10-19,2025-08-14,Annual,2,1576.79,Cancelled
511961,15482,4,2026-08-31,,Monthly,2,234.11,Active
511962,12110,3,2026-08-31,,Annual,2,1471.55,Active
511963,14331,12,2026-08-31,,Monthly,1,1163.73,Active
511964,17251,3,2026-06-17,,Monthly,1,674.85,Active
511965,16824,19,2025-08-05,,Monthly,2,174.17,Active
511966,13156,9,2026-06-28,,Annual,1,969.03,Active
511967,18260,25,2025-05-18,,Monthly,2,231.41,Active
511968,17251,15,2026-06-28,,Annual,4,2697.39,Active
511969,19089,10,2025-04-09,,Monthly,3,358.74,Active
511970,14824,26,2026-05-03,2026-08-31,Monthly,3,713.43,Expired
511971,19468,28,2026-08-06,,Annual,1,102.09,Active
511972,16650,17,2024-10-09,2024-12-30,Monthly,3,866.55,Expired
511973,14615,4,2026-04-20,2026-08-31,Monthly,1,117.02,Cancelled
511974,13421,19,2026-06-08,,Annual,3,273.56,Active
511975,17003,6,2026-02-05,,Monthly,2,1521.95,Active
511976,16699,15,2026-01-18,,Monthly,1,664.73,Active
511977,16433,15,2024-08-10,2025-03-20,Monthly,1,782.49,Cancelled
511978,13815,8,2024-07-15,2025-03-11,Monthly,3,908.29,Cancelled
511979,15212,30,2026-06-30,2026-08-31,Annual,2,1554.22,Expired
511980,16485,10,2025-05-22,,Monthly,2,225.64,Active
511981,15873,27,2026-06-20,,Annual,2,2002.61,Active
511982,17239,15,2026-05-31,,Monthly,1,699.63,Active
511983,17662,24,2024-07-18,,Monthly,2,1776.6,Active
511984,19599,16,2025-09-15,,Monthly,1,114.77,Active
511985,18570,10,2026-05-19,,Monthly,3,361.43,Active
511986,11583,14,2026-02-20,2026-08-31,Monthly,2,581.56,Cancelled
511987,12266,23,2026-08-31,2026-08-31,Annual,1,322.46,Cancelled
511988,10346,24,2026-08-31,,Monthly,1,889.78,Active
511989,10797,3,2025-11-06,,Annual,1,758.4,Active
511990,10099,28,2025-06-18,2026-08-31,Monthly,1,109.64,Expired
511991,12159,23,2025-06-16,,Monthly,1,357.95,Active
511992,11964,5,2025-11-30,2026-08-31,Monthly,2,512.59,Cancelled
511993,17956,22,2026-06-17,,Monthly,4,460.57,Active
511994,16412,10,2024-11-04,2025-05-19,Monthly,2,237.62,Expired
511995,15632,15,2024-10-02,,Annual,1,804.58,Active
511996,11990,29,2024-10-23,,Monthly,3,868.21,Active
511997,16440,9,2024-09-06,,Monthly,1,1015.98,Active
511998,19885,23,2024-09-28,,Monthly,3,1018.65,Active
511999,17559,14,2025-05-23,2026-07-02,Monthly,1,308.42,Expired
512000,10558,6,2024-05-17,2025-09-23,Monthly,3,2445.58,Expired
512001,12037,24,2025-08-23,,Annual,1,911.06,Active
512002,10381,26,2024-09-04,2025-04-04,Annual,3,757.74,Cancelled
512003,16820,30,2026-08-01,,Monthly,2,1385.11,Active
512004,19719,3,2024-08-10,,Monthly,1,781.31,Active
512005,11656,26,2024-08-10,,Monthly,1,286.12,Active
512006,19422,24,2025-10-28,2026-08-31,Monthly,1,778.22,Cancelled
512007,15529,19,2026-08-21,,Monthly,2,164.79,Active
512008,15184,16,2025-04-26,,Monthly,1,117.96,Active
512009,11275,12,2025-01-15,2025-12-20,Monthly,1,1096.62,Cancelled
512010,10158,1,2026-05-10,2026-08-31,Annual,1,108.22,Cancelled
512011,12427,23,2026-04-27,2026-08-31,Monthly,1,376.27,Cancelled
512012,15232,15,2025-08-01,2026-05-24,Monthly,1,821.97,Expired
512013,15971,2,2024-12-28,2025-04-13,Monthly,3,968.48,Expired
512014,11177,4,2025-02-19,,Monthly,2,238.73,Active
512015,19508,23,2026-08-31,,Monthly,1,320.23,Active
512016,11820,6,2024-12-17,,Monthly,1,882.69,Active
512017,13806,11,2025-11-28,,Monthly,1,312.15,Active
512018,14097,8,2025-06-17,,Monthly,1,286.74,Active
512019,16385,20,2025-04-02,2026-08-08,Monthly,1,281.59,Cancelled
512020,18647,15,2024-12-04,,Monthly,1,830.71,Active
512021,18504,24,2026-04-12,,Monthly,1,889.25,Active
512022,18787,5,2026-06-28,,Monthly,2,509.39,Active
512023,12967,1,2024-11-16,,Monthly,1,103.85,Active
512024,15071,16,2026-01-27,,Monthly,1,102.83,Active
512025,18663,28,2024-05-04,,Monthly,2,202.43,Active
512026,16624,28,2024-07-18,,Monthly,1,114.95,Active
512027,16850,11,2025-12-19,,Monthly,2,629.96,Active
512028,14723,25,2024-07-28,,Monthly,1,117.74,Active
512029,12257,12,2026-05-07,2026-08-31,Monthly,2,1897.57,Cancelled
512030,11015,23,2026-01-11,,Monthly,2,703.28,Active
512031,14682,4,2025-12-03,2026-08-31,Monthly,1,97.91,Cancelled
512032,17212,7,2025-05-28,,Monthly,2,188.93,Active
512033,18039,20,2026-08-31,2026-08-31,Monthly,3,825.81,Cancelled
512034,19022,13,2024-11-18,2025-09-22,Monthly,1,115.3,Cancelled
512035,14708,13,2025-11-10,,Monthly,2,244.13,Active
512036,19173,4,2025-12-23,2026-02-02,Monthly,2,192.31,Cancelled
512037,17053,29,2026-08-31,,Monthly,2,516.94,Active
512038,18027,12,2026-08-31,,Monthly,1,1184.66,Active
512039,12648,10,2026-08-31,,Monthly,2,216.02,Active
512040,11688,7,2025-09-21,,Monthly,1,101.67,Active
512041,12522,1,2025-06-18,,Monthly,1,110.59,Active
512042,11739,18,2025-10-16,2026-08-10,Monthly,1,840.27,Expired
512043,17911,15,2024-11-29,,Monthly,1,694.52,Active
512044,16611,7,2026-04-05,2026-08-31,Monthly,1,105.83,Cancelled
512045,14423,24,2026-08-31,2026-08-31,Monthly,2,1824.94,Expired
512046,12091,13,2026-01-07,,Annual,2,204.33,Active
512047,16819,7,2026-06-20,2026-08-31,Monthly,1,98.1,Expired
512048,14724,28,2024-11-24,,Monthly,1,106.34,Active
512049,19873,10,2026-08-31,,Monthly,1,101.63,Active
512050,13231,10,2024-09-08,,Annual,1,102.78,Active
512051,19920,28,2025-05-04,2025-10-25,Monthly,2,191.88,Cancelled
512052,15042,1,2024-03-12,,Monthly,1,117.92,Active
512053,14823,6,2026-07-23,,Annual,1,814.88,Active
512054,17658,15,2026-07-03,2026-08-31,Monthly,1,781.79,Cancelled
512055,15637,29,2025-02-08,,Monthly,3,815.22,Active
512056,10340,10,2024-09-04,,Annual,1,102.53,Active
512057,13100,19,2025-07-13,,Monthly,1,81.11,Active
512058,11087,8,2025-07-15,2025-09-09,Annual,4,1020.0,Cancelled
512059,15922,22,2025-07-08,,Monthly,3,325.59,Active
512060,16321,6,2026-06-22,,Monthly,1,764.39,Active
512061,18349,29,2025-12-27,,Monthly,1,306.53,Active
512062,18050,21,2025-07-30,2026-02-10,Monthly,3,2759.25,Cancelled
512063,11613,26,2026-02-25,,Monthly,1,252.31,Active
512064,14710,20,2025-07-15,2026-08-19,Monthly,1,288.56,Expired
512065,10695,4,2026-07-08,,Monthly,1,120.09,Active
512066,15165,30,2026-08-31,,Monthly,1,740.82,Active
512067,14257,4,2025-03-04,,Monthly,1,112.83,Active
512068,15467,6,2025-01-17,,Monthly,2,1850.17,Active
512069,15022,24,2024-01-23,2024-06-04,Monthly,1,935.71,Cancelled
512070,19725,9,2026-03-25,2026-08-31,Monthly,1,878.16,Cancelled
512071,10284,13,2026-08-31,2026-08-31,Monthly,1,109.15,Expired
512072,16853,6,2024-08-24,,Annual,2,1728.63,Active
512073,13609,16,2025-01-24,,Monthly,1,112.94,Active
512074,17952,30,2025-03-11,,Annual,1,775.23,Active
512075,11436,21,2024-11-16,,Monthly,1,825.92,Active
512076,19909,2,2026-01-22,2026-07-21,Monthly,1,342.47,Expired
512077,19754,24,2025-03-27,,Monthly,1,778.06,Active
512078,18992,2,2026-06-15,,Monthly,1,334.8,Active
512079,16163,29,2025-09-05,,Annual,4,1245.71,Active
512080,16753,18,2026-08-31,,Monthly,1,928.19,Active
512081,16392,22,2026-05-21,2026-08-31,Annual,1,117.3,Cancelled
512082,16142,8,2025-04-14,2026-08-31,Monthly,1,261.75,Expired
512083,10108,30,2025-11-11,,Monthly,1,742.0,Active
512084,12300,27,2025-05-17,,Annual,2,2037.82,Active
512085,10589,1,2025-06-15,,Monthly,1,114.63,Active
512086,12096,28,2025-05-03,,Annual,1,114.12,Active
512087,13396,18,2026-08-31,,Annual,3,2583.27,Active
512088,18469,27,2025-06-17,,Annual,1,1093.75,Active
512089,11396,3,2026-08-31,,Annual,1,724.99,Active
512090,13136,6,2024-07-22,2025-11-26,Monthly,1,928.85,Expired
512091,10911,30,2025-05-09,2026-01-12,Monthly,2,1437.27,Expired
512092,13122,11,2024-10-12,2025-05-09,Monthly,1,356.38,Expired
512093,13070,13,2026-08-27,,Monthly,1,101.3,Active
512094,16275,17,2025-08-13,2026-08-31,Monthly,1,281.43,Expired
512095,19472,12,2024-10-08,,Monthly,1,1020.2,Active
512096,19542,18,2025-10-29,,Monthly,2,1961.46,Active
512097,19338,21,2025-08-25,,Monthly,2,1922.7,Active
512098,11292,23,2025-07-23,,Monthly,2,689.33,Active
512099,15733,25,2024-12-31,,Annual,1,117.14,Active
512100,13912,3,2025-06-18,,Monthly,1,814.57,Active
512101,14839,3,2026-08-31,,Monthly,2,1579.6,Active
512102,14854,19,2026-07-06,,Monthly,2,149.75,Active
512103,13686,18,2026-05-18,2026-08-31,Monthly,4,3560.05,Cancelled
512104,16202,15,2026-08-31,2026-08-31,Monthly,2,1402.37,Expired
512105,19873,28,2026-07-16,2026-08-31,Annual,1,116.99,Expired
512106,14128,29,2024-08-14,2025-03-08,Annual,1,295.35,Expired
512107,12209,20,2024-01-26,2024-09-01,Monthly,1,272.78,Expired
512108,12348,9,2026-04-20,2026-08-31,Monthly,1,860.99,Cancelled
512109,13304,6,2025-03-09,,Monthly,2,1798.96,Active
512110,16737,24,2026-04-16,,Monthly,1,836.46,Active
512111,16414,10,2024-12-11,2025-03-03,Monthly,1,106.47,Cancelled
512112,12350,29,2024-07-29,,Monthly,2,524.35,Active
512113,17362,3,2024-09-26,,Monthly,1,765.7,Active
512114,11368,4,2024-05-10,,Monthly,4,472.28,Active
512115,10092,11,2026-04-08,,Annual,1,302.1,Active
512116,11870,13,2026-08-31,,Monthly,1,105.3,Active
512117,12341,18,2024-12-02,,Monthly,1,816.49,Active
512118,19139,3,2024-08-14,,Monthly,4,3102.85,Active
512119,11584,17,2024-10-21,2026-01-17,Annual,1,301.85,Cancelled
512120,17027,8,2026-08-31,,Annual,1,263.36,Active
512121,10916,17,2026-05-06,2026-07-12,Monthly,2,553.37,Expired
512122,17837,3,2026-03-04,2026-08-31,Annual,1,703.27,Expired
512123,17507,27,2025-01-05,,Monthly,3,2972.0,Active
512124,12844,14,2024-04-21,,Annual,1,272.53,Active
512125,16311,4,2026-06-12,,Monthly,4,462.24,Active
512126,14854,6,2026-04-09,2026-07-07,Monthly,1,817.55,Expired
512127,16709,16,2025-05-17,2025-11-16,Monthly,3,317.74,Expired
512128,17838,11,2025-08-26,2026-08-31,Monthly,1,300.26,Cancelled
512129,12468,4,2025-01-15,,Annual,2,215.37,Active
512130,14902,23,2025-08-14,,Monthly,1,369.41,Active
512131,19955,4,2026-02-14,2026-08-07,Monthly,1,111.04,Cancelled
512132,12754,29,2024-09-26,,Annual,1,302.04,Active
512133,19483,20,2024-09-05,2025-10-05,Monthly,4,1164.87,Cancelled
512134,15871,19,2024-05-27,,Monthly,1,87.24,Active
512135,14311,2,2026-07-02,2026-08-16,Monthly,1,366.44,Cancelled
512136,17119,18,2024-12-10,,Monthly,4,3228.21,Active
512137,11621,8,2025-05-30,,Annual,2,612.16,Active
512138,13652,4,2025-02-14,,Monthly,1,99.48,Active
512139,12442,29,2025-02-23,,Monthly,1,289.73,Active
512140,10586,14,2025-08-26,2026-08-31,Annual,2,532.88,Cancelled
512141,15350,22,2025-03-02,,Annual,1,114.73,Active
512142,13434,14,2025-12-31,2026-08-31,Annual,1,323.22,Cancelled
512143,17328,27,2025-07-11,2026-04-20,Monthly,1,946.28,Expired
512144,17658,14,2026-06-26,,Monthly,2,619.99,Active
512145,10761,10,2024-04-16,,Monthly,1,102.59,Active
512146,16041,30,2024-09-06,,Monthly,2,1522.24,Active
512147,18521,28,2026-01-12,,Monthly,4,426.11,Active
512148,11382,8,2025-01-16,,Monthly,2,535.4,Active
512149,12267,22,2026-08-31,,Monthly,1,109.5,Active
512150,14187,25,2026-03-25,2026-08-31,Annual,1,104.82,Expired
512151,18549,2,2024-06-12,,Monthly,2,684.15,Active
512152,16156,30,2024-03-27,,Monthly,1,751.4,Active
512153,15626,19,2024-03-14,,Monthly,2,157.69,Active
512154,17059,15,2025-03-05,2026-03-02,Monthly,1,762.44,Expired
512155,15323,1,2026-08-31,,Monthly,1,97.36,Active
512156,16546,12,2024-04-21,,Monthly,1,1062.4,Active
512157,11990,15,2025-01-11,2025-05-19,Monthly,1,839.71,Expired
512158,13518,19,2025-05-31,,Monthly,1,83.26,Active
512159,15961,3,2026-06-02,,Annual,2,1613.45,Active
512160,16507,27,2026-07-24,2026-08-31,Monthly,1,922.6,Cancelled
512161,14867,1,2026-08-31,2026-08-31,Monthly,3,324.83,Expired
512162,16203,18,2024-09-27,2025-08-29,Monthly,1,780.13,Expired
512163,15907,27,2025-09-06,,Monthly,2,1936.86,Active
512164,19407,24,2026-06-10,2026-08-31,Monthly,3,2748.79,Expired
512165,19299,23,2024-05-03,2025-05-27,Monthly,1,337.59,Expired
512166,12760,7,2026-08-31,,Monthly,1,107.69,Active
512167,12005,8,2026-03-29,,Monthly,2,509.38,Active
512168,15371,3,2025-07-08,,Monthly,2,1486.95,Active
512169,17736,23,2026-08-05,2026-08-31,Monthly,1,369.54,Cancelled
512170,10797,30,2025-09-25,,Annual,2,1425.45,Active
512171,15950,1,2026-08-31,,Monthly,2,215.32,Active
512172,13941,17,2024-09-17,,Annual,1,302.91,Active
512173,19855,29,2025-06-23,,Monthly,1,306.71,Active
512174,16414,3,2024-08-23,,Monthly,3,2199.48,Active
512175,12890,11,2026-06-19,,Annual,1,325.72,Active
512176,18786,19,2026-01-20,2026-08-31,Monthly,5,412.06,Cancelled
512177,18830,21,2025-08-29,,Annual,1,852.64,Active
512178,13676,18,2024-11-07,,Monthly,1,792.84,Active
512179,12077,12,2025-01-21,,Monthly,2,2175.36,Active
512180,10994,29,2025-01-27,,Monthly,6,1933.35,Active
512181,16706,17,2025-07-15,2026-08-31,Monthly,1,254.13,Cancelled
512182,10071,27,2026-02-19,,Monthly,4,3964.56,Active
512183,16722,7,2026-07-21,,Monthly,1,107.43,Active
512184,10157,15,2025-09-24,,Monthly,1,767.76,Active
512185,14637,28,2025-09-15,,Monthly,1,106.6,Active
512186,19524,19,2024-10-16,2026-02-10,Monthly,1,84.75,Cancelled
512187,14076,21,2025-10-09,,Monthly,3,2840.22,Active
512188,13392,21,2025-09-23,,Monthly,3,2518.73,Active
512189,19652,3,2026-08-23,2026-08-31,Monthly,1,809.99,Expired
512190,14956,22,2025-05-26,,Monthly,1,116.57,Active
512191,17300,7,2026-04-04,,Annual,1,95.34,Active
512192,19645,15,2026-03-02,2026-08-31,Monthly,1,794.86,Expired
512193,17612,3,2025-01-17,2026-02-09,Monthly,1,728.7,Cancelled
512194,12480,10,2025-04-10,2025-09-03,Annual,1,106.54,Cancelled
512195,17733,5,2024-10-09,2025-05-23,Monthly,2,540.83,Cancelled
512196,14098,17,2024-12-03,,Annual,1,263.66,Active
512197,12926,2,2026-06-27,2026-08-31,Monthly,1,337.61,Cancelled
512198,10281,22,2026-08-31,2026-08-31,Monthly,1,97.31,Cancelled
512199,11699,30,2024-07-23,,Monthly,1,764.09,Active
512200,14210,18,2026-08-13,,Monthly,1,903.15,Active
512201,11688,20,2025-06-28,,Monthly,3,862.8,Active
512202,11888,22,2024-10-29,2025-10-17,Monthly,1,105.72,Cancelled
512203,16075,17,2024-12-27,,Annual,1,288.1,Active
512204,16696,3,2024-11-13,2024-12-19,Monthly,2,1445.78,Cancelled
512205,14506,20,2025-02-27,,Monthly,1,269.49,Active
512206,16223,30,2026-03-08,2026-08-31,Annual,1,708.49,Cancelled
512207,13302,21,2026-05-15,2026-08-31,Monthly,5,4607.21,Cancelled
512208,11328,5,2026-08-31,2026-08-31,Monthly,1,267.77,Expired
512209,11634,17,2025-06-05,2026-01-11,Monthly,1,289.43,Expired
512210,17846,28,2025-11-07,2026-03-12,Monthly,3,295.83,Expired
512211,12418,24,2025-06-19,,Annual,2,1573.79,Active
512212,14301,15,2026-02-17,,Monthly,4,2719.59,Active
512213,13056,18,2025-11-23,,Monthly,1,835.23,Active
512214,17788,28,2026-02-07,2026-08-31,Monthly,1,112.35,Cancelled
512215,16385,5,2025-05-25,2025-07-02,Monthly,1,220.56,Cancelled
512216,10855,7,2024-06-12,,Annual,3,330.06,Active
512217,16334,5,2026-01-06,,Monthly,2,446.35,Active
512218,17094,27,2024-09-07,,Monthly,1,1013.62,Active
512219,17102,3,2026-02-08,,Monthly,1,816.53,Active
512220,16098,6,2024-12-10,2025-05-12,Monthly,2,1806.19,Cancelled
512221,17461,6,2024-02-21,2024-06-09,Annual,1,805.13,Cancelled
512222,10416,22,2024-06-12,2025-01-24,Annual,2,192.91,Expired
512223,17239,2,2026-08-20,,Annual,1,357.8,Active
512224,17618,1,2025-08-30,,Annual,1,107.21,Active
512225,10605,13,2026-06-09,,Monthly,1,118.64,Active
512226,19347,10,2026-02-15,,Monthly,1,106.77,Active
512227,16400,6,2024-08-03,2025-09-13,Monthly,1,752.78,Cancelled
512228,18713,29,2026-08-22,2026-08-31,Monthly,4,1053.17,Expired
512229,18985,19,2024-11-14,,Monthly,2,155.54,Active
512230,10287,23,2025-04-20,2026-08-29,Monthly,2,610.19,Expired
512231,19910,30,2024-10-26,,Annual,1,749.1,Active
512232,16700,21,2024-07-19,2024-12-11,Annual,1,956.9,Cancelled
512233,10251,9,2025-03-21,2026-02-08,Monthly,1,1003.35,Expired
512234,10289,17,2026-08-31,,Monthly,1,299.34,Active
512235,14109,3,2024-12-25,,Monthly,1,692.67,Active
512236,12511,22,2026-07-26,,Monthly,2,211.83,Active
512237,12607,19,2024-10-24,2025-11-10,Monthly,3,243.43,Expired
512238,17422,28,2026-08-31,,Monthly,1,98.49,Active
512239,11988,10,2024-09-18,,Monthly,1,101.39,Active
512240,19225,2,2026-08-31,2026-08-31,Monthly,3,959.53,Expired
512241,16748,11,2024-11-14,,Monthly,1,365.82,Active
512242,18968,9,2025-07-14,,Monthly,3,2602.53,Active
512243,13929,30,2024-12-08,,Monthly,3,2220.25,Active
512244,16570,24,2025-10-26,,Monthly,1,834.34,Active
512245,18077,11,2025-02-13,2025-11-11,Monthly,1,307.27,Cancelled
512246,12678,30,2025-11-23,,Annual,1,808.8,Active
512247,16772,10,2025-03-27,,Monthly,1,105.29,Active
512248,19136,22,2025-02-04,2026-04-07,Monthly,2,196.78,Expired
512249,13424,7,2026-03-24,,Annual,3,327.02,Active
512250,15032,4,2025-12-21,2026-06-26,Monthly,1,119.17,Expired
512251,11600,23,2025-09-03,,Annual,3,940.17,Active
512252,18470,19,2026-03-07,2026-08-31,Annual,1,74.93,Cancelled
512253,10982,18,2025-05-14,,Monthly,3,2565.93,Active
512254,13990,4,2025-01-20,,Monthly,1,107.47,Active
512255,13364,4,2024-09-02,,Monthly,1,108.96,Active
512256,14770,23,2025-08-13,,Monthly,2,657.58,Active
512257,14077,24,2025-11-30,2026-03-19,Annual,1,848.53,Expired
512258,13655,24,2025-04-13,,Monthly,1,922.55,Active
512259,10926,26,2024-07-05,,Monthly,1,282.22,Active
512260,19191,5,2026-08-07,,Monthly,2,491.75,Active
512261,14838,15,2025-04-21,,Annual,1,816.45,Active
512262,13396,14,2026-08-31,2026-08-31,Monthly,2,593.67,Expired
512263,18058,5,2024-07-06,,Monthly,1,236.02,Active
512264,11611,29,2026-07-25,,Annual,1,295.67,Active
512265,12781,20,2025-10-08,,Monthly,2,576.16,Active
512266,19135,11,2026-07-20,,Monthly,1,335.24,Active
512267,10774,23,2026-08-31,2026-08-31,Monthly,2,686.76,Cancelled
512268,16997,4,2025-08-28,2026-08-31,Monthly,4,466.93,Expired
512269,19123,28,2025-11-10,2026-01-24,Monthly,1,112.96,Expired
512270,11625,18,2024-08-03,,Monthly,2,1597.56,Active
512271,13124,13,2025-06-05,2025-12-31,Monthly,1,119.2,Cancelled
512272,14502,16,2026-08-31,,Monthly,1,117.77,Active
512273,13339,12,2026-08-19,,Monthly,1,1189.67,Active
512274,10463,13,2024-05-14,,Annual,2,212.24,Active
512275,10980,15,2025-08-10,,Monthly,1,825.76,Active
512276,19761,7,2025-03-08,,Monthly,1,104.79,Active
512277,16089,19,2024-12-20,,Monthly,1,73.74,Active
512278,16796,4,2026-08-14,2026-08-31,Monthly,2,231.56,Cancelled
512279,17083,15,2024-11-05,,Monthly,2,1468.91,Active
512280,14172,26,2026-06-27,2026-08-31,Monthly,2,517.27,Cancelled
512281,12584,22,2026-05-12,,Monthly,1,118.63,Active
512282,19040,10,2024-06-30,,Monthly,1,122.97,Active
512283,13699,18,2026-02-12,2026-08-31,Annual,1,980.52,Cancelled
512284,12326,2,2026-08-06,,Monthly,1,355.8,Active
512285,19562,29,2026-07-15,,Monthly,1,307.87,Active
512286,11014,7,2026-07-08,2026-08-31,Monthly,2,204.64,Expired
512287,15700,5,2025-11-15,,Monthly,1,251.63,Active
512288,13707,29,2025-05-02,,Annual,1,282.16,Active
512289,18025,12,2025-11-28,,Annual,1,1198.76,Active
512290,14327,8,2025-01-16,2025-09-15,Monthly,3,862.7,Cancelled
512291,13575,1,2025-04-18,,Monthly,1,103.77,Active
512292,12759,14,2026-05-15,,Monthly,1,307.8,Active
512293,13216,25,2024-09-28,,Annual,2,209.62,Active
512294,19348,5,2024-10-27,2026-03-08,Monthly,3,720.41,Cancelled
512295,11456,22,2025-03-17,2026-04-13,Monthly,1,105.12,Expired
512296,10004,6,2025-08-05,2026-08-09,Monthly,3,2773.04,Cancelled
512297,12214,27,2026-05-29,2026-08-31,Monthly,2,1801.62,Cancelled
512298,18111,11,2025-03-05,,Monthly,2,645.35,Active
512299,14766,22,2024-08-09,,Monthly,3,283.81,Active
512300,16472,17,2026-08-26,,Monthly,1,262.37,Active
512301,12719,17,2024-10-16,,Monthly,2,576.98,Active
512302,18618,11,2024-06-26,,Monthly,1,337.55,Active
512303,13063,23,2026-06-07,,Monthly,2,667.77,Active
512304,16987,8,2024-07-02,2025-06-11,Monthly,1,298.29,Cancelled
512305,15686,12,2024-08-21,,Annual,1,1134.54,Active
512306,16936,17,2024-09-23,,Monthly,1,265.84,Active
512307,17484,10,2024-12-18,2026-04-05,Monthly,1,105.42,Cancelled
512308,15173,3,2024-12-03,,Monthly,2,1390.82,Active
512309,19986,29,2025-09-13,,Monthly,3,961.02,Active
512310,13533,6,2025-02-16,,Annual,1,886.3,Active
512311,10744,7,2026-01-26,2026-04-02,Monthly,4,458.54,Expired
512312,17297,21,2026-04-27,2026-08-31,Monthly,1,905.58,Cancelled
512313,13892,5,2026-08-06,,Monthly,3,695.26,Active
512314,14758,20,2025-04-19,,Monthly,1,256.36,Active
512315,13626,14,2026-08-21,2026-08-31,Monthly,1,267.46,Cancelled
512316,13330,22,2025-06-20,,Monthly,1,109.31,Active
512317,12601,3,2025-10-10,,Annual,2,1312.08,Active
512318,19000,4,2025-12-29,2026-08-31,Annual,1,99.0,Expired
512319,11160,13,2026-05-25,2026-08-31,Annual,2,222.4,Expired
512320,19239,5,2026-06-30,2026-08-31,Annual,1,230.27,Cancelled
512321,12251,23,2024-03-25,,Annual,1,303.15,Active
512322,12907,11,2024-09-02,,Monthly,1,303.62,Active
512323,12993,11,2024-04-09,,Monthly,1,312.07,Active
512324,17221,11,2026-08-31,2026-08-31,Monthly,1,355.26,Cancelled
512325,15179,10,2024-11-15,,Monthly,3,327.97,Active
512326,15593,27,2025-05-18,,Monthly,2,2215.5,Active
512327,10320,12,2025-03-31,2025-05-21,Monthly,5,4851.16,Expired
512328,11313,13,2024-07-21,2025-06-20,Monthly,1,104.94,Expired
512329,15012,17,2025-06-11,,Monthly,1,264.07,Active
512330,17287,18,2026-08-20,,Annual,2,1877.79,Active
512331,19462,30,2025-05-02,,Monthly,1,799.53,Active
512332,13790,3,2026-08-04,,Monthly,1,747.47,Active
512333,17925,7,2025-02-27,,Monthly,1,106.73,Active
512334,10845,30,2026-08-31,2026-08-31,Monthly,5,4083.12,Expired
512335,16454,19,2025-10-04,2026-08-31,Monthly,1,73.95,Cancelled
512336,14692,12,2025-02-09,,Monthly,1,979.82,Active
512337,15038,19,2024-06-22,,Monthly,2,173.16,Active
512338,19338,21,2025-09-17,,Monthly,2,1916.6,Active
512339,14299,20,2025-11-29,2026-08-31,Monthly,1,259.37,Cancelled
512340,10728,18,2024-03-09,,Monthly,1,827.1,Active
512341,12777,25,2025-10-08,,Monthly,1,103.31,Active
512342,10467,14,2025-11-03,2026-08-31,Monthly,2,573.07,Cancelled
512343,16011,10,2024-07-05,,Monthly,1,108.0,Active
512344,16639,2,2025-03-26,2025-05-23,Annual,2,645.25,Cancelled
512345,14763,5,2025-10-24,2026-08-31,Annual,1,247.63,Cancelled
512346,17183,8,2026-08-31,,Monthly,1,288.47,Active
512347,17903,15,2026-08-31,2026-08-31,Monthly,1,690.34,Cancelled
512348,19317,22,2024-08-16,,Monthly,1,99.95,Active
512349,13150,28,2026-08-31,,Monthly,1,110.78,Active
512350,12507,10,2026-08-31,,Monthly,1,104.1,Active
512351,12448,14,2025-09-16,,Monthly,1,322.86,Active
512352,17577,21,2025-08-30,2025-10-26,Monthly,1,936.93,Expired
512353,17612,15,2025-03-18,,Monthly,1,751.01,Active
512354,11045,18,2025-11-11,,Monthly,1,931.9,Active
512355,15483,10,2024-05-18,,Monthly,1,112.17,Active
512356,12465,10,2025-02-23,2026-01-11,Monthly,1,123.3,Expired
512357,17701,29,2024-08-15,,Monthly,1,268.32,Active
512358,14692,5,2024-10-01,2025-11-07,Monthly,1,268.45,Cancelled
512359,18187,15,2025-08-22,,Monthly,2,1569.59,Active
512360,15540,6,2026-03-11,,Annual,1,746.32,Active
512361,15759,30,2026-01-02,,Monthly,1,788.48,Active
512362,13566,21,2024-09-20,,Monthly,2,1770.46,Active
512363,14967,16,2026-03-25,,Annual,2,234.98,Active
512364,16337,16,2025-03-15,2025-07-30,Monthly,1,108.49,Expired
512365,19704,29,2025-03-30,,Annual,2,564.68,Active
512366,12306,16,2025-10-29,2026-08-31,Monthly,1,117.1,Cancelled
512367,18437,14,2026-06-05,2026-08-31,Monthly,1,269.75,Expired
512368,14963,27,2024-05-19,2024-10-18,Monthly,1,894.57,Expired
512369,16885,1,2025-02-01,2026-06-13,Monthly,1,102.06,Expired
512370,11572,1,2026-08-31,,Monthly,3,306.21,Active
512371,15676,11,2024-12-05,2025-06-19,Monthly,1,340.02,Expired
512372,12776,17,2025-07-01,,Monthly,3,789.58,Active
512373,11448,11,2026-01-26,2026-08-31,Monthly,3,947.68,Expired
512374,19569,18,2024-11-14,,Monthly,1,799.5,Active
512375,10094,25,2025-03-25,2025-08-17,Monthly,2,233.7,Expired
512376,18953,19,2024-03-09,,Monthly,2,144.5,Active
512377,17639,26,2026-07-05,,Monthly,1,235.47,Active
512378,10163,19,2026-01-14,2026-08-31,Monthly,3,275.35,Expired
512379,11745,27,2026-07-07,2026-08-31,Monthly,1,1102.39,Expired
512380,14567,9,2026-08-31,,Monthly,2,1843.75,Active
512381,15558,7,2025-01-14,,Monthly,2,219.26,Active
512382,12129,5,2024-10-31,2025-03-09,Monthly,1,261.46,Cancelled
512383,16083,22,2024-10-12,2026-02-11,Monthly,4,438.88,Cancelled
512384,16147,26,2026-03-13,,Annual,1,263.83,Active
512385,16799,15,2024-07-01,2025-08-01,Monthly,2,1491.97,Cancelled
512386,12964,24,2024-09-06,,Annual,3,2739.94,Active
512387,15192,4,2026-07-08,2026-08-31,Monthly,3,289.31,Expired
512388,16788,12,2024-02-21,,Monthly,1,1024.81,Active
512389,17933,17,2025-04-03,,Monthly,4,1065.34,Active
512390,19223,2,2025-05-29,,Annual,1,326.65,Active
512391,13898,1,2024-08-01,2025-02-22,Annual,2,213.77,Expired
512392,18723,11,2025-10-17,2026-08-31,Monthly,2,676.36,Cancelled
512393,10892,21,2026-02-20,,Monthly,1,842.19,Active
512394,12711,29,2026-08-04,,Monthly,1,299.58,Active
512395,18705,24,2026-03-23,,Monthly,1,776.21,Active
512396,17053,27,2026-08-31,2026-08-31,Annual,1,930.37,Cancelled
512397,11064,22,2025-05-02,2026-02-13,Monthly,3,320.64,Expired
512398,10214,20,2026-05-30,,Monthly,1,278.95,Active
512399,15552,11,2025-09-30,,Monthly,2,689.15,Active
512400,17677,26,2026-05-27,,Monthly,1,282.28,Active
512401,10386,13,2025-04-04,2026-01-28,Monthly,3,310.82,Expired
512402,13380,18,2025-08-16,,Monthly,1,844.01,Active
512403,16132,21,2024-08-15,2026-01-25,Monthly,1,922.9,Cancelled
512404,17210,19,2024-11-14,,Annual,1,88.57,Active
512405,13300,5,2024-12-09,,Annual,1,252.12,Active
512406,17653,9,2025-10-07,2026-08-31,Monthly,1,840.35,Expired
512407,16370,6,2024-08-10,,Annual,1,925.24,Active
512408,18778,16,2025-08-25,,Monthly,3,358.87,Active
512409,14348,22,2026-08-31,2026-08-31,Annual,1,105.41,Expired
512410,11530,29,2026-04-16,2026-08-31,Monthly,2,519.52,Cancelled
512411,19334,5,2026-08-11,,Annual,1,236.5,Active
512412,17669,10,2026-07-02,2026-08-31,Monthly,1,125.2,Expired
512413,12518,18,2026-04-28,,Monthly,3,2525.9,Active
512414,18110,30,2026-03-14,,Monthly,2,1335.1,Active
512415,12963,4,2025-01-11,,Monthly,3,364.3,Active
512416,16651,1,2025-08-26,,Monthly,2,225.33,Active
512417,13658,12,2026-04-13,,Monthly,1,1154.72,Active
512418,16240,5,2025-07-14,2026-05-01,Annual,1,253.08,Expired
512419,10770,14,2024-09-22,,Monthly,2,586.25,Active
512420,11466,27,2025-03-07,2025-11-25,Monthly,1,969.92,Cancelled
512421,18634,26,2025-12-30,,Monthly,1,246.19,Active
512422,14207,27,2026-08-16,,Monthly,2,2016.13,Active
512423,10958,13,2024-06-26,2024-08-18,Monthly,2,238.58,Cancelled
512424,16026,25,2026-04-20,,Monthly,2,214.07,Active
512425,12013,18,2025-08-11,2026-08-31,Monthly,1,812.15,Expired
512426,13452,25,2026-07-18,2026-08-31,Monthly,2,205.9,Cancelled
512427,11274,6,2026-03-17,,Monthly,4,3217.78,Active
512428,17666,22,2025-09-17,,Annual,1,111.76,Active
512429,11286,17,2024-11-26,2026-01-03,Monthly,1,254.56,Expired
512430,15651,17,2025-01-28,,Annual,4,980.67,Active
512431,14004,15,2025-02-28,2026-01-02,Annual,1,749.99,Expired
512432,17097,27,2025-11-13,2026-03-01,Monthly,1,984.46,Cancelled
512433,11756,15,2024-05-22,,Monthly,1,713.48,Active
512434,18185,20,2025-01-27,2026-02-15,Monthly,1,267.07,Cancelled
512435,18821,27,2024-09-14,,Monthly,2,1833.0,Active
512436,12092,26,2026-04-12,,Monthly,2,564.36,Active
512437,19332,25,2025-04-23,,Annual,2,236.34,Active
512438,14842,13,2025-07-04,,Annual,1,98.91,Active
512439,11798,20,2025-08-30,,Monthly,1,231.11,Active
512440,15202,12,2026-06-30,,Annual,2,2349.95,Active
512441,12177,29,2024-09-06,,Monthly,1,273.89,Active
512442,14966,30,2025-03-11,2026-03-10,Monthly,1,760.77,Cancelled
512443,13027,22,2026-03-04,,Annual,1,98.57,Active
512444,16839,18,2025-03-05,,Annual,1,950.4,Active
512445,15411,30,2025-09-01,,Annual,1,749.07,Active
512446,10197,19,2026-04-09,,Monthly,1,74.33,Active
512447,14850,24,2026-03-16,2026-08-31,Monthly,1,790.69,Cancelled
512448,19092,11,2025-03-24,,Monthly,2,699.55,Active
512449,13790,28,2026-08-31,2026-08-31,Annual,1,119.34,Expired
512450,11271,20,2024-11-27,,Monthly,2,576.8,Active
512451,12676,10,2026-08-31,2026-08-31,Annual,1,124.61,Cancelled
512452,15160,17,2024-09-08,,Annual,2,518.47,Active
512453,18524,8,2025-09-12,2026-01-08,Monthly,1,274.7,Cancelled
512454,12569,12,2025-12-05,,Monthly,1,964.62,Active
512455,14873,25,2026-08-31,2026-08-31,Monthly,1,103.18,Cancelled
512456,15912,24,2025-11-27,2026-03-21,Monthly,1,758.59,Cancelled
512457,11187,12,2025-03-03,2025-07-14,Monthly,1,1046.81,Expired
512458,18061,21,2025-06-06,,Annual,1,902.07,Active
512459,17632,10,2025-04-20,2025-12-03,Monthly,1,122.97,Cancelled
512460,10388,23,2024-10-15,,Monthly,1,299.71,Active
512461,13180,19,2026-04-01,,Monthly,1,89.57,Active
512462,14766,25,2024-11-07,,Monthly,1,99.05,Active
512463,18029,2,2024-06-21,,Monthly,1,323.34,Active
512464,17127,6,2024-07-23,,Monthly,2,1621.11,Active
512465,17365,23,2024-05-12,,Annual,3,1089.58,Active
512466,12771,13,2024-08-05,2025-04-21,Annual,1,112.8,Expired
512467,11208,3,2024-03-31,,Monthly,2,1537.38,Active
512468,17067,22,2025-09-11,,Annual,1,118.76,Active
512469,13254,4,2025-07-10,2026-04-04,Monthly,2,201.05,Cancelled
512470,19614,23,2025-02-15,,Annual,2,732.11,Active
512471,16310,5,2024-07-22,,Annual,1,229.3,Active
512472,18571,1,2024-12-05,2025-03-10,Monthly,1,115.03,Expired
512473,17465,30,2024-04-23,,Annual,3,2057.61,Active
512474,11641,17,2025-03-16,,Annual,1,259.84,Active
512475,14321,1,2025-03-01,,Monthly,2,206.28,Active
512476,14156,26,2026-04-24,,Monthly,1,230.72,Active
512477,15628,4,2024-11-11,,Annual,1,114.99,Active
512478,14610,14,2026-02-14,2026-08-31,Annual,1,283.49,Expired
512479,10900,8,2024-09-11,,Monthly,1,268.99,Active
512480,18166,8,2024-05-26,2024-07-18,Monthly,1,315.3,Cancelled
512481,10036,28,2026-02-08,2026-04-26,Monthly,1,97.49,Expired
512482,15790,16,2025-07-25,,Monthly,1,118.54,Active
512483,12344,11,2026-01-10,,Monthly,1,326.43,Active
512484,15398,19,2026-03-14,2026-07-16,Monthly,2,167.32,Expired
512485,14982,29,2025-10-17,,Monthly,1,311.94,Active
512486,10343,9,2026-06-07,,Annual,1,942.37,Active
512487,15543,6,2026-08-31,,Monthly,1,808.82,Active
512488,15097,15,2026-06-12,,Monthly,1,728.41,Active
512489,10540,6,2024-12-02,2025-05-25,Monthly,2,1876.34,Expired
512490,16038,12,2025-08-26,2025-12-08,Monthly,1,1058.97,Expired
512491,19260,2,2026-05-26,2026-08-31,Monthly,2,657.7,Expired
512492,11566,10,2025-10-22,2026-01-20,Annual,2,229.58,Cancelled
512493,11308,6,2026-08-31,2026-08-31,Monthly,2,1845.56,Cancelled
512494,16877,9,2024-12-31,2025-04-24,Monthly,2,1898.16,Cancelled
512495,18732,27,2025-03-02,,Monthly,4,3567.65,Active
512496,19503,1,2024-12-09,,Monthly,2,205.49,Active
512497,19470,13,2025-02-17,2026-05-06,Monthly,1,106.94,Cancelled
512498,12116,3,2026-03-13,,Monthly,1,713.92,Active
512499,14850,19,2026-08-20,,Monthly,1,82.22,Active
512500,18740,18,2024-06-22,2025-07-19,Monthly,3,2534.81,Expired
512501,18102,9,2025-03-23,,Monthly,1,841.71,Active
512502,16811,19,2024-05-08,2025-07-10,Monthly,2,177.01,Expired
512503,15477,6,2025-10-01,,Monthly,1,758.9,Active
512504,17852,30,2024-07-01,2025-08-08,Annual,2,1607.35,Cancelled
512505,10891,15,2025-02-15,,Monthly,3,2207.58,Active
512506,14989,23,2025-03-13,,Monthly,2,624.68,Active
512507,11593,2,2026-06-21,,Monthly,1,339.94,Active
512508,19681,24,2026-03-24,2026-08-31,Monthly,2,1740.18,Expired
512509,14942,28,2026-02-22,2026-08-31,Monthly,1,94.58,Cancelled
512510,15909,7,2025-11-03,,Monthly,1,105.88,Active
512511,13397,16,2024-06-16,2025-10-06,Monthly,1,104.17,Expired
512512,10428,26,2025-08-19,,Monthly,1,265.47,Active
512513,17350,9,2024-11-26,2025-07-05,Monthly,1,1003.02,Cancelled
512514,10847,11,2025-12-06,,Monthly,1,292.91,Active
512515,12944,1,2024-07-31,2025-07-10,Monthly,2,198.87,Cancelled
512516,15184,5,2025-06-13,,Monthly,1,224.3,Active
512517,10739,3,2026-04-03,,Annual,1,805.89,Active
512518,18208,10,2025-07-18,,Monthly,1,106.56,Active
512519,17969,9,2026-01-23,2026-08-31,Monthly,1,893.91,Expired
512520,12758,15,2026-07-09,2026-08-31,Monthly,3,2063.98,Expired
512521,15620,6,2024-07-14,,Monthly,1,867.59,Active
512522,17452,3,2026-07-10,,Annual,1,803.49,Active
512523,15588,15,2025-03-02,,Monthly,1,750.04,Active
512524,10062,29,2024-08-03,,Monthly,1,284.73,Active
512525,13712,16,2025-01-02,2025-12-08,Monthly,4,452.4,Expired
512526,13803,13,2025-05-13,,Monthly,2,222.1,Active
512527,14713,4,2025-01-15,2026-05-14,Monthly,1,112.27,Expired
512528,19245,15,2025-02-04,,Monthly,1,810.69,Active
512529,11119,20,2025-02-02,2025-06-11,Monthly,1,273.3,Expired
512530,17692,17,2026-03-06,2026-04-19,Annual,1,247.61,Cancelled
512531,17137,28,2026-08-31,2026-08-31,Monthly,1,102.7,Cancelled
512532,14275,22,2025-10-13,,Monthly,1,94.36,Active
512533,11256,20,2026-08-31,,Monthly,1,246.16,Active
512534,18434,18,2025-02-15,,Monthly,1,841.91,Active
512535,17936,15,2026-03-26,,Monthly,1,783.57,Active
512536,18751,19,2024-05-14,,Monthly,1,88.19,Active
512537,14391,6,2024-11-19,2026-02-27,Monthly,2,1600.38,Expired
512538,12659,13,2025-05-28,2025-11-12,Monthly,1,115.04,Cancelled
512539,10396,16,2024-07-13,,Annual,2,239.51,Active
512540,12104,15,2025-02-23,,Monthly,1,705.45,Active
512541,19125,27,2026-05-06,2026-08-27,Annual,1,923.06,Expired
512542,10999,19,2026-06-02,2026-08-31,Monthly,1,82.91,Expired
512543,18889,24,2024-03-27,2024-09-18,Monthly,1,867.47,Expired
512544,15869,16,2026-08-13,,Monthly,1,104.58,Active
512545,10963,15,2026-08-31,,Annual,4,2995.33,Active
512546,19223,9,2025-06-27,2026-06-22,Monthly,1,809.71,Cancelled
512547,10531,15,2025-07-16,,Monthly,2,1341.1,Active
512548,11721,27,2025-02-22,2025-11-27,Monthly,1,920.75,Expired
512549,12843,27,2026-08-31,2026-08-31,Monthly,2,2084.5,Expired
512550,12804,18,2025-09-24,,Monthly,1,836.99,Active
512551,14024,4,2025-08-07,2026-08-21,Monthly,1,114.71,Expired
512552,11507,23,2025-08-16,2026-08-31,Annual,1,367.06,Cancelled
512553,15527,8,2026-07-02,2026-08-31,Annual,1,287.99,Expired
512554,15926,21,2025-09-11,,Monthly,1,890.18,Active
512555,16859,4,2025-11-13,,Monthly,1,101.39,Active
512556,10988,28,2026-08-31,,Annual,1,98.53,Active
512557,19751,23,2025-10-26,2026-08-18,Monthly,1,350.22,Expired
512558,11327,19,2026-08-31,,Monthly,2,152.99,Active
512559,15594,21,2026-01-22,2026-08-31,Monthly,1,786.17,Cancelled
512560,16739,17,2025-03-28,,Monthly,2,602.04,Active
512561,15658,23,2024-07-27,,Monthly,1,350.35,Active
512562,18968,7,2025-09-23,,Annual,1,100.19,Active
512563,19545,19,2024-05-24,2025-07-29,Monthly,1,72.59,Expired
512564,13812,19,2024-05-28,2024-10-22,Monthly,3,235.29,Expired
512565,13715,24,2024-06-10,,Monthly,2,1508.67,Active
512566,17168,22,2024-09-18,,Monthly,1,109.55,Active
512567,19435,24,2025-07-09,2026-07-27,Annual,1,928.47,Cancelled
512568,19897,28,2026-06-22,,Monthly,1,116.21,Active
512569,13521,26,2026-04-20,2026-08-31,Annual,2,527.31,Cancelled
512570,10218,3,2025-03-31,,Monthly,1,662.36,Active
512571,17401,3,2024-07-04,,Monthly,1,799.1,Active
512572,18457,25,2025-08-24,2026-08-31,Annual,4,423.34,Cancelled
512573,17137,2,2026-07-15,2026-08-31,Monthly,1,335.02,Expired
512574,19226,30,2024-06-02,2025-03-21,Annual,1,671.43,Cancelled
512575,18475,15,2024-10-28,2025-11-07,Monthly,4,3220.95,Expired
512576,15773,13,2024-06-11,,Annual,1,122.16,Active
512577,11803,3,2026-08-15,2026-08-31,Monthly,2,1486.57,Expired
512578,12711,17,2026-08-31,,Monthly,1,255.37,Active
512579,15101,6,2025-03-11,,Monthly,1,811.39,Active
512580,15624,25,2025-08-29,,Annual,3,308.11,Active
512581,10020,14,2025-05-04,2026-06-20,Monthly,1,298.96,Expired
512582,18375,4,2024-12-12,,Monthly,2,234.59,Active
512583,18619,28,2026-02-13,,Monthly,4,380.34,Active
512584,18764,4,2025-02-05,,Monthly,2,216.75,Active
512585,12516,10,2024-04-28,,Monthly,1,120.94,Active
512586,17110,24,2025-09-26,,Monthly,2,1764.48,Active
512587,18652,30,2026-08-24,2026-08-31,Monthly,2,1570.25,Cancelled
512588,14606,21,2025-04-10,,Monthly,2,1633.23,Active
512589,15037,27,2026-06-26,,Monthly,2,1948.94,Active
512590,17677,10,2026-08-31,,Monthly,2,231.66,Active
512591,16685,17,2025-05-01,,Monthly,2,603.2,Active
512592,12391,10,2024-07-21,2025-09-16,Monthly,1,123.63,Expired
512593,12398,16,2025-10-18,,Annual,1,103.61,Active
512594,10040,2,2026-04-28,,Monthly,1,301.9,Active
512595,15434,25,2025-11-07,,Annual,3,300.28,Active
512596,12953,11,2025-02-14,2025-03-23,Monthly,1,321.08,Cancelled
512597,17634,2,2024-05-22,,Monthly,1,322.66,Active
512598,16834,10,2026-08-19,2026-08-31,Monthly,2,246.2,Expired
512599,16780,9,2026-08-10,,Monthly,1,806.9,Active
512600,18024,3,2025-11-03,,Monthly,2,1493.49,Active
512601,16629,9,2025-04-24,2026-07-10,Monthly,1,993.45,Cancelled
512602,19593,12,2025-10-30,2026-08-31,Monthly,1,1070.61,Expired
512603,16521,4,2025-02-24,,Annual,1,110.22,Active
512604,12607,30,2024-05-24,,Monthly,2,1566.06,Active
512605,10392,2,2026-04-07,,Monthly,1,353.35,Active
512606,19510,11,2025-04-05,,Monthly,2,735.51,Active
512607,10354,24,2025-06-05,,Annual,3,2262.39,Active
512608,19850,22,2025-02-20,,Monthly,1,106.29,Active
512609,18867,3,2026-03-31,,Monthly,1,697.95,Active
512610,14346,21,2024-05-30,,Monthly,1,829.77,Active
512611,16047,15,2024-12-13,,Monthly,3,2401.48,Active
512612,10889,25,2026-06-03,,Monthly,5,545.84,Active
512613,17668,19,2025-09-22,2026-08-31,Monthly,2,171.11,Expired
512614,10922,26,2026-07-16,,Monthly,1,236.59,Active
512615,17779,16,2026-07-14,2026-08-31,Monthly,1,111.72,Cancelled
512616,17703,1,2024-02-12,2024-10-25,Monthly,3,294.24,Cancelled
512617,18566,23,2025-11-09,,Monthly,1,324.93,Active
512618,15303,30,2024-05-10,,Annual,2,1414.76,Active
512619,18337,7,2026-08-31,2026-08-31,Monthly,2,213.67,Cancelled
512620,14263,10,2025-01-25,,Annual,4,487.64,Active
512621,11941,29,2026-08-31,,Annual,1,261.88,Active
512622,14563,18,2026-03-29,,Monthly,2,1775.55,Active
512623,15799,4,2025-11-22,,Monthly,4,474.3,Active
512624,12919,24,2025-01-29,,Monthly,1,885.0,Active
512625,14985,26,2024-07-20,2025-02-24,Annual,2,552.57,Cancelled
512626,18730,24,2025-08-27,2025-11-30,Monthly,1,873.7,Expired
512627,17269,14,2024-12-27,2025-06-02,Monthly,1,296.04,Cancelled
512628,15115,21,2025-04-23,2025-12-19,Annual,1,771.83,Cancelled
512629,18970,6,2025-03-19,2025-07-06,Monthly,4,3087.65,Cancelled
512630,19327,4,2026-08-19,2026-08-31,Monthly,1,108.69,Cancelled
512631,18810,23,2024-06-20,,Annual,1,330.34,Active
512632,10415,15,2025-08-27,2026-06-18,Monthly,1,791.26,Cancelled
512633,11436,12,2024-08-13,2025-07-13,Annual,2,1914.54,Expired
512634,17908,18,2024-03-03,,Annual,1,781.45,Active
512635,16761,6,2025-03-12,2025-10-05,Monthly,1,745.0,Cancelled
512636,12494,3,2025-09-18,,Monthly,2,1370.45,Active
512637,11728,26,2025-06-30,,Monthly,1,229.58,Active
512638,18754,25,2026-03-26,,Monthly,1,102.34,Active
512639,15931,5,2025-05-24,,Monthly,1,230.89,Active
512640,11579,20,2025-04-09,,Monthly,2,491.6,Active
512641,12297,30,2025-09-21,,Monthly,2,1328.68,Active
512642,11700,23,2025-01-15,,Monthly,1,347.71,Active
512643,10204,28,2026-08-31,,Annual,1,101.53,Active
512644,12327,27,2026-05-18,,Monthly,1,954.06,Active
512645,10583,2,2024-09-20,,Monthly,1,321.02,Active
512646,14809,6,2024-09-02,,Monthly,2,1488.34,Active
512647,14764,15,2024-11-22,,Monthly,2,1655.92,Active
512648,11912,3,2024-07-01,,Monthly,1,730.87,Active
512649,13215,21,2024-03-12,2025-05-27,Monthly,1,841.0,Expired
512650,17062,8,2026-07-18,,Annual,4,1030.71,Active
512651,19280,25,2026-03-26,,Annual,1,109.47,Active
512652,14705,2,2025-07-09,2025-09-24,Annual,1,361.45,Expired
512653,12331,25,2026-06-04,,Monthly,4,403.3,Active
512654,13131,5,2025-05-03,,Monthly,4,951.62,Active
512655,18839,1,2025-05-31,,Monthly,2,194.8,Active
512656,11520,5,2024-11-30,2026-01-23,Monthly,3,747.42,Cancelled
512657,16456,22,2025-08-03,2026-08-31,Monthly,2,209.63,Expired
512658,18045,29,2025-02-02,,Monthly,1,304.72,Active
512659,14776,1,2025-06-15,,Monthly,3,299.44,Active
512660,17356,3,2026-05-25,,Monthly,1,793.26,Active
512661,12239,27,2026-01-21,,Monthly,1,1058.04,Active
512662,10411,23,2026-01-11,,Annual,1,366.33,Active
512663,10144,26,2026-07-31,,Monthly,3,812.48,Active
512664,19340,26,2025-05-06,,Monthly,1,284.29,Active
512665,14260,14,2026-07-28,,Annual,1,320.42,Active
512666,12781,24,2025-05-15,,Monthly,1,791.3,Active
512667,14284,27,2026-08-31,,Annual,1,893.86,Active
512668,13608,18,2025-07-09,,Monthly,2,1782.59,Active
512669,12247,17,2025-01-17,,Annual,3,788.07,Active
512670,18937,12,2026-08-19,,Annual,1,1035.87,Active
512671,17183,27,2026-08-31,,Monthly,1,1071.55,Active
512672,11559,3,2026-08-18,,Monthly,1,799.17,Active
512673,16465,17,2026-03-03,2026-08-31,Monthly,1,281.15,Expired
512674,15343,23,2026-03-12,2026-08-31,Monthly,2,618.97,Expired
512675,13193,1,2026-08-31,,Monthly,1,113.63,Active
512676,12038,18,2026-02-01,2026-08-31,Monthly,1,894.83,Expired
512677,19402,15,2025-05-23,,Monthly,1,761.82,Active
512678,12800,7,2025-06-14,,Monthly,1,108.93,Active
512679,18105,10,2026-08-31,,Monthly,1,114.99,Active
512680,10816,19,2026-08-31,,Monthly,2,152.29,Active
512681,15563,3,2025-04-06,2026-05-07,Monthly,1,698.67,Cancelled
512682,18633,11,2025-07-25,,Annual,1,295.29,Active
512683,18135,29,2026-08-20,,Annual,1,316.86,Active
512684,15732,19,2025-09-06,2026-02-12,Annual,2,180.89,Expired
512685,18254,30,2024-07-07,,Annual,2,1609.89,Active
512686,15240,17,2025-01-20,,Monthly,4,1051.88,Active
512687,14853,14,2026-05-06,2026-08-31,Monthly,1,300.35,Expired
512688,14795,8,2026-02-27,,Monthly,2,547.02,Active
512689,19638,11,2025-02-10,,Annual,1,355.76,Active
512690,10120,6,2025-12-12,2026-07-15,Annual,1,891.01,Cancelled
512691,16552,28,2025-04-01,,Monthly,1,115.59,Active
512692,11549,8,2025-09-04,2026-04-05,Annual,1,313.66,Expired
512693,10258,8,2026-05-20,,Monthly,1,273.47,Active
512694,19800,16,2026-02-20,2026-08-31,Monthly,3,312.8,Expired
512695,14552,30,2026-04-16,2026-08-31,Annual,2,1546.18,Cancelled
512696,19344,29,2026-08-07,,Monthly,1,268.87,Active
512697,17847,15,2024-08-22,,Monthly,1,673.93,Active
512698,15991,20,2026-07-07,,Monthly,3,761.14,Active
512699,14396,11,2026-03-18,,Monthly,2,600.64,Active
512700,18178,26,2025-07-16,2026-02-10,Annual,2,517.84,Cancelled
512701,19083,23,2025-02-13,,Monthly,1,368.13,Active
512702,18841,7,2025-04-06,,Monthly,1,98.74,Active
512703,17869,28,2024-02-19,,Monthly,2,237.09,Active
512704,10997,1,2026-08-31,2026-08-31,Monthly,1,107.57,Cancelled
512705,15426,25,2026-08-31,,Monthly,2,213.25,Active
512706,14243,13,2025-06-20,,Monthly,2,201.39,Active
512707,13514,22,2026-03-09,2026-08-31,Monthly,1,94.75,Cancelled
512708,18669,15,2024-07-12,,Monthly,2,1568.31,Active
512709,11622,4,2026-03-10,2026-08-31,Monthly,2,234.97,Cancelled
512710,18935,5,2026-08-31,,Annual,3,707.81,Active
512711,19516,4,2025-05-03,,Monthly,1,105.57,Active
512712,16182,25,2024-02-01,,Annual,2,223.04,Active
512713,13065,26,2025-09-13,2025-12-28,Annual,1,248.94,Expired
512714,14089,29,2024-12-15,2025-10-06,Annual,1,257.77,Expired
512715,12542,20,2026-05-08,2026-08-31,Monthly,2,522.16,Expired
512716,15857,16,2026-08-31,2026-08-31,Monthly,1,118.02,Expired
512717,14600,21,2024-10-27,2025-12-30,Annual,3,2465.55,Expired
512718,14629,10,2026-07-24,,Monthly,3,335.09,Active
512719,14971,22,2026-08-02,2026-08-31,Monthly,2,222.73,Expired
512720,18399,12,2026-08-31,2026-08-31,Monthly,1,1031.05,Cancelled
512721,19977,4,2026-08-31,,Annual,3,326.59,Active
512722,15361,23,2026-08-31,2026-08-31,Annual,1,352.34,Expired
512723,11022,9,2024-12-02,,Annual,4,3903.0,Active
512724,19481,8,2025-11-07,2026-08-31,Annual,1,285.86,Expired
512725,18744,23,2026-08-31,2026-08-31,Monthly,2,694.81,Expired
512726,13838,6,2026-02-07,2026-08-31,Annual,2,1639.07,Expired
512727,11388,30,2025-07-26,,Monthly,1,729.49,Active
512728,15012,1,2025-04-07,,Monthly,2,200.43,Active
512729,14828,29,2025-07-21,,Monthly,1,272.6,Active
512730,18705,8,2025-12-16,,Monthly,2,538.99,Active
512731,18655,4,2025-06-03,2026-08-31,Monthly,1,113.54,Cancelled
512732,14882,8,2024-03-22,2025-06-27,Monthly,1,282.64,Cancelled
512733,18015,17,2026-01-30,,Monthly,3,762.36,Active
512734,18460,24,2026-01-17,,Annual,1,906.8,Active
512735,19949,4,2025-03-24,,Monthly,1,107.52,Active
512736,15873,1,2026-04-06,2026-08-31,Monthly,1,114.18,Expired
512737,16240,18,2025-11-02,,Monthly,1,937.3,Active
512738,10946,18,2025-06-21,2026-08-20,Annual,1,859.0,Expired
512739,17534,18,2024-10-02,,Annual,1,910.18,Active
512740,16064,2,2026-08-15,,Monthly,1,304.61,Active
512741,19535,6,2026-08-31,,Monthly,1,848.87,Active
512742,15333,16,2026-08-06,2026-08-31,Monthly,2,198.59,Cancelled
512743,14112,30,2026-08-27,,Monthly,1,709.89,Active
512744,11154,22,2025-11-23,,Monthly,1,117.25,Active
512745,14128,8,2024-12-28,,Monthly,2,577.86,Active
512746,11684,7,2024-11-06,,Annual,1,99.72,Active
512747,16354,27,2026-08-10,,Monthly,1,1098.52,Active
512748,17616,3,2024-11-01,,Monthly,1,707.34,Active
512749,18382,30,2025-05-14,,Monthly,1,688.05,Active
512750,13781,30,2025-06-16,2025-08-29,Monthly,2,1542.3,Expired
512751,12694,30,2026-08-31,2026-08-31,Monthly,2,1633.78,Cancelled
512752,19857,8,2024-08-22,2025-07-18,Monthly,1,291.69,Expired
512753,17615,22,2024-03-29,,Monthly,1,109.95,Active
512754,15771,3,2026-02-02,,Monthly,1,700.41,Active
512755,18198,24,2025-05-07,,Monthly,1,780.68,Active
512756,16625,30,2026-08-31,,Monthly,1,735.01,Active
512757,15913,11,2026-05-26,,Monthly,1,310.95,Active
512758,19539,14,2026-07-05,,Monthly,1,301.36,Active
512759,12088,12,2026-04-10,,Annual,2,1989.03,Active
512760,16115,23,2026-05-27,,Monthly,1,357.24,Active
512761,17962,29,2025-08-04,2026-06-22,Monthly,1,266.28,Cancelled
512762,15012,7,2025-05-23,,Monthly,3,329.7,Active
512763,19202,3,2026-01-27,,Annual,1,701.1,Active
512764,16313,16,2025-02-07,,Monthly,3,321.35,Active
512765,13430,16,2025-10-04,2026-03-09,Monthly,3,324.07,Expired
512766,15754,18,2025-02-14,,Monthly,1,933.76,Active
512767,11818,8,2025-08-10,,Monthly,1,318.99,Active
512768,19629,3,2026-02-08,,Monthly,2,1520.46,Active
512769,19276,6,2025-04-30,2025-05-31,Annual,1,786.59,Cancelled
512770,14569,5,2024-02-18,,Monthly,1,226.97,Active
512771,10280,9,2025-02-07,2025-10-03,Monthly,1,984.62,Cancelled
512772,13217,23,2025-08-12,,Monthly,1,338.19,Active
512773,19102,24,2026-08-31,,Monthly,1,778.9,Active
512774,17781,17,2024-09-16,,Monthly,1,246.66,Active
512775,14201,21,2025-11-17,,Annual,1,844.68,Active
512776,16505,21,2025-11-22,,Monthly,1,801.69,Active
512777,16694,15,2025-10-30,,Monthly,3,2280.78,Active
512778,17906,5,2026-07-05,,Monthly,1,266.14,Active
512779,13519,14,2024-05-05,,Monthly,2,519.34,Active
512780,17892,14,2024-11-10,,Monthly,1,323.2,Active
512781,13120,10,2024-03-07,,Monthly,8,799.03,Active
512782,17027,1,2026-08-31,,Monthly,1,97.02,Active
512783,11142,23,2026-08-31,2026-08-31,Monthly,1,305.69,Cancelled
512784,14685,4,2026-02-09,2026-08-31,Annual,3,334.57,Cancelled
512785,15975,5,2025-02-07,,Monthly,1,275.92,Active
512786,16290,26,2026-08-31,2026-08-31,Monthly,1,252.11,Cancelled
512787,17164,7,2024-04-01,,Monthly,1,95.09,Active
512788,19832,30,2025-06-02,2026-06-18,Monthly,1,671.91,Cancelled
512789,11285,14,2024-10-24,2026-03-26,Monthly,2,650.44,Cancelled
512790,18997,13,2025-03-03,,Monthly,2,198.86,Active
512791,17879,6,2024-07-29,,Annual,2,1789.94,Active
512792,11203,22,2025-08-30,,Monthly,1,99.02,Active
512793,12252,17,2026-03-24,2026-08-31,Monthly,3,776.58,Cancelled
512794,10543,12,2024-04-30,,Monthly,1,1191.12,Active
512795,13547,10,2025-11-23,,Monthly,4,469.92,Active
512796,11200,22,2025-04-25,,Monthly,3,308.85,Active
512797,11181,21,2026-05-11,,Monthly,1,787.31,Active
512798,18846,27,2026-04-15,,Monthly,1,1022.4,Active
512799,17884,1,2025-03-12,,Monthly,2,232.66,Active
512800,16603,2,2024-06-29,2024-10-30,Annual,1,353.41,Cancelled
512801,11645,16,2025-10-22,,Monthly,1,112.56,Active
512802,12849,6,2026-03-10,2026-08-31,Annual,1,756.95,Cancelled
512803,12464,30,2025-10-07,2026-08-31,Monthly,1,832.96,Cancelled
512804,19384,16,2025-08-01,2026-08-31,Annual,2,220.36,Cancelled
512805,10996,25,2025-06-10,,Monthly,4,402.65,Active
512806,10540,25,2025-03-28,,Monthly,3,329.96,Active
512807,19357,4,2025-01-07,,Annual,1,116.58,Active
512808,17381,15,2026-08-31,2026-08-31,Monthly,1,807.87,Cancelled
512809,16673,10,2026-08-31,2026-08-31,Monthly,3,375.82,Expired
512810,13320,20,2026-04-22,,Monthly,1,231.84,Active
512811,16811,27,2024-05-02,2024-09-11,Monthly,4,3919.29,Expired
512812,13299,13,2024-08-23,,Monthly,1,108.25,Active
512813,19616,3,2025-01-03,,Annual,1,655.03,Active
512814,14752,1,2026-08-31,2026-08-31,Monthly,1,108.71,Expired
512815,14306,22,2026-08-10,,Monthly,3,338.0,Active
512816,14774,5,2024-05-31,2025-08-16,Monthly,2,488.43,Expired
512817,15165,3,2026-08-31,,Annual,2,1484.35,Active
512818,17881,18,2025-12-31,,Monthly,1,907.9,Active
512819,11798,8,2025-09-02,,Monthly,2,546.93,Active
512820,15315,17,2025-11-18,,Monthly,2,558.24,Active
512821,14987,30,2026-03-29,,Monthly,1,836.55,Active
512822,13565,12,2026-08-31,,Monthly,1,1153.19,Active
512823,16874,27,2026-04-10,2026-08-31,Monthly,3,2816.76,Cancelled
512824,18232,6,2025-12-02,,Monthly,1,820.71,Active
512825,11931,12,2024-11-11,,Annual,1,1030.59,Active
512826,19214,6,2026-07-23,,Monthly,1,876.37,Active
512827,10425,21,2026-05-08,2026-08-31,Annual,1,767.53,Cancelled
512828,13024,7,2025-07-15,,Monthly,1,104.73,Active
512829,12566,14,2025-09-09,2026-08-31,Annual,1,261.82,Expired
512830,15620,6,2024-04-23,,Annual,1,924.18,Active
512831,10826,2,2024-07-22,,Monthly,4,1334.47,Active
512832,11930,30,2026-02-02,2026-08-21,Monthly,1,797.52,Cancelled
512833,18052,26,2026-08-31,,Monthly,1,271.32,Active
512834,12934,21,2025-06-07,,Monthly,1,886.29,Active
512835,18794,24,2024-11-14,2025-06-16,Monthly,1,824.69,Cancelled
512836,11859,3,2024-07-27,,Annual,2,1372.17,Active
512837,12755,29,2025-02-12,,Monthly,2,584.14,Active
512838,12181,20,2025-01-18,,Monthly,1,243.31,Active
512839,12426,3,2025-05-25,,Monthly,2,1619.75,Active
512840,14566,28,2026-03-08,,Monthly,1,108.85,Active
512841,16623,7,2025-11-18,,Annual,1,104.39,Active
512842,12950,9,2024-08-05,,Monthly,2,1752.22,Active
512843,17855,9,2024-05-27,,Monthly,1,896.9,Active
512844,11253,6,2025-05-22,,Monthly,2,1551.55,Active
512845,16954,19,2024-10-21,2025-11-26,Monthly,2,170.57,Cancelled
512846,10246,20,2025-06-26,,Monthly,2,488.97,Active
512847,16055,29,2025-05-04,,Monthly,1,291.1,Active
512848,12520,24,2026-08-31,2026-08-31,Monthly,1,909.81,Cancelled
512849,13483,25,2024-10-01,2025-04-01,Monthly,1,107.55,Expired
512850,19132,10,2025-12-04,2026-01-29,Monthly,3,296.81,Cancelled
512851,16659,27,2024-05-24,,Monthly,3,3086.42,Active
512852,19538,24,2026-07-18,2026-08-31,Monthly,1,876.27,Expired
512853,16572,30,2026-04-06,,Annual,2,1649.85,Active
512854,11001,6,2024-04-29,,Annual,1,758.81,Active
512855,12126,23,2026-04-24,2026-08-31,Monthly,3,1003.6,Cancelled
512856,14971,24,2026-08-31,,Monthly,2,1727.95,Active
512857,10268,16,2026-08-03,2026-08-31,Monthly,2,209.82,Cancelled
512858,12507,20,2026-08-31,2026-08-31,Monthly,1,251.11,Cancelled
512859,16524,7,2025-08-20,,Monthly,1,105.55,Active
512860,10509,22,2025-10-16,,Annual,2,194.75,Active
512861,13235,10,2026-08-31,2026-08-31,Annual,1,104.7,Cancelled
512862,14787,30,2024-12-24,,Monthly,1,763.71,Active
512863,10274,19,2025-11-21,2026-08-31,Monthly,1,72.95,Expired
512864,13626,1,2026-08-31,2026-08-31,Monthly,2,211.65,Cancelled
512865,10184,29,2026-08-31,2026-08-31,Monthly,4,1271.14,Cancelled
512866,15019,8,2024-08-23,2025-08-13,Monthly,2,512.47,Cancelled
512867,11428,15,2026-05-16,,Monthly,1,827.4,Active
512868,10940,24,2025-01-03,,Annual,1,885.37,Active
512869,10856,15,2024-12-07,,Annual,2,1370.09,Active
512870,15099,14,2024-08-06,2025-12-09,Monthly,1,307.79,Expired
512871,17083,16,2025-02-24,,Monthly,1,106.84,Active
512872,11881,11,2026-05-22,,Monthly,3,926.85,Active
512873,19307,25,2025-03-26,2025-05-04,Monthly,1,116.05,Expired
512874,11528,18,2026-02-15,2026-08-31,Monthly,2,1947.9,Cancelled
512875,11366,20,2026-08-03,2026-08-31,Monthly,1,276.95,Expired
512876,15692,28,2025-09-25,2026-03-28,Monthly,4,475.48,Cancelled
512877,16814,16,2026-02-05,,Monthly,1,109.9,Active
512878,14056,1,2025-01-15,,Monthly,1,104.93,Active
512879,15250,19,2025-04-01,,Monthly,3,234.33,Active
512880,19355,7,2024-08-22,2025-09-26,Monthly,1,99.27,Cancelled
512881,17007,5,2026-08-23,,Annual,1,252.63,Active
512882,16810,30,2026-03-24,2026-08-31,Monthly,3,2362.64,Cancelled
512883,11817,1,2025-03-26,2026-04-10,Monthly,2,207.11,Cancelled
512884,14941,22,2025-09-10,,Monthly,3,315.09,Active
512885,11271,11,2024-12-04,,Monthly,1,363.46,Active
512886,15052,27,2025-06-22,2025-07-24,Monthly,2,2155.21,Cancelled
512887,18290,30,2026-03-05,2026-08-31,Monthly,2,1429.32,Cancelled
512888,16426,4,2025-11-24,,Annual,1,102.66,Active
512889,18033,20,2025-07-12,,Monthly,2,555.43,Active
512890,11146,4,2024-05-05,,Monthly,1,119.51,Active
512891,19300,3,2025-03-18,2026-02-04,Annual,3,2152.91,Cancelled
512892,19190,23,2025-05-02,,Monthly,1,302.79,Active
512893,12141,16,2024-06-23,,Monthly,1,100.48,Active
512894,17409,12,2026-03-31,,Annual,1,1145.2,Active
512895,15325,5,2024-11-09,2025-09-19,Monthly,1,255.92,Expired
512896,11829,17,2024-03-23,,Annual,2,529.74,Active
512897,13803,22,2025-08-08,,Monthly,2,189.94,Active
512898,12829,29,2025-08-19,2026-08-27,Monthly,1,257.59,Expired
512899,18572,18,2026-08-17,2026-08-31,Monthly,1,810.87,Expired
512900,10224,29,2025-11-11,2026-01-05,Monthly,4,1138.43,Expired
512901,15278,21,2025-02-02,,Monthly,1,960.91,Active
512902,17349,13,2026-08-31,,Monthly,1,117.87,Active
512903,11684,23,2024-10-01,,Monthly,1,357.33,Active
512904,17750,17,2025-07-14,,Monthly,1,286.71,Active
512905,12983,13,2024-06-04,,Monthly,1,101.83,Active
512906,13864,2,2025-11-17,2026-08-31,Monthly,1,311.47,Cancelled
512907,15974,8,2025-09-17,2026-02-26,Annual,3,829.12,Cancelled
512908,17859,14,2025-08-21,2026-05-27,Monthly,1,269.15,Cancelled
512909,15524,3,2026-04-19,2026-08-31,Monthly,1,815.02,Cancelled
512910,17528,21,2024-03-19,,Annual,1,908.39,Active
512911,17548,29,2025-08-29,,Monthly,1,280.86,Active
512912,17578,26,2024-10-30,,Monthly,1,255.54,Active
512913,19991,1,2025-11-27,,Monthly,1,97.19,Active
512914,18627,17,2024-05-10,,Annual,1,297.23,Active
512915,14239,23,2026-02-13,,Monthly,1,331.71,Active
512916,11448,21,2025-08-31,,Monthly,1,941.66,Active
512917,14867,28,2026-08-31,,Monthly,1,99.85,Active
512918,19897,17,2026-06-05,2026-08-31,Monthly,2,576.39,Cancelled
512919,15560,15,2024-07-17,,Annual,1,804.35,Active
512920,15562,30,2026-05-28,2026-08-31,Annual,2,1541.4,Cancelled
512921,16956,1,2025-08-19,,Monthly,1,113.4,Active
512922,11573,22,2026-03-25,2026-06-25,Monthly,3,296.39,Cancelled
512923,12589,21,2026-01-12,,Monthly,3,2468.46,Active
512924,17752,4,2024-09-26,2026-02-21,Monthly,2,204.99,Expired
512925,15913,7,2026-04-06,2026-08-25,Monthly,1,109.95,Cancelled
512926,19455,26,2026-05-01,,Annual,1,275.74,Active
512927,12472,9,2025-05-05,,Monthly,5,4536.49,Active
512928,16150,13,2026-05-18,,Monthly,3,298.62,Active
512929,14283,17,2025-06-06,,Monthly,1,298.56,Active
512930,15560,11,2024-08-04,,Monthly,1,333.81,Active
512931,15073,5,2025-08-13,,Annual,4,1055.2,Active
512932,15250,3,2025-03-05,,Monthly,2,1569.05,Active
512933,14595,11,2024-05-10,2024-09-26,Monthly,1,307.43,Cancelled
512934,17820,11,2024-06-05,2025-08-31,Monthly,1,344.35,Expired
512935,15631,20,2026-07-23,2026-08-31,Annual,1,245.12,Expired
512936,13123,24,2026-07-02,,Monthly,1,839.69,Active
512937,13160,21,2026-03-02,,Monthly,1,930.48,Active
512938,15020,3,2026-08-31,2026-08-31,Annual,3,2180.55,Cancelled
512939,19882,28,2024-09-17,2025-04-04,Annual,2,217.55,Cancelled
512940,11762,15,2024-11-21,2025-03-12,Annual,3,2094.13,Cancelled
512941,16302,20,2025-04-19,,Annual,1,245.41,Active
512942,11237,20,2024-12-16,,Annual,2,542.84,Active
512943,11767,3,2025-10-05,2026-08-31,Monthly,1,790.99,Expired
512944,17055,16,2024-06-20,,Monthly,1,99.18,Active
512945,17748,4,2024-08-02,2025-12-03,Annual,1,118.66,Cancelled
512946,16059,30,2026-07-09,2026-08-31,Annual,1,734.94,Cancelled
512947,13762,24,2024-10-03,,Annual,4,3280.6,Active
512948,10121,24,2024-10-18,,Monthly,1,834.48,Active
512949,13104,17,2026-04-20,,Monthly,1,248.51,Active
512950,13152,30,2025-05-21,,Monthly,4,3196.97,Active
512951,18012,5,2026-05-11,2026-08-31,Monthly,1,249.87,Expired
512952,12820,21,2024-06-14,,Monthly,1,887.17,Active
512953,15278,19,2025-03-08,,Monthly,2,170.99,Active
512954,13882,5,2026-04-18,,Monthly,1,246.61,Active
512955,10503,7,2024-09-22,2025-03-18,Monthly,2,187.93,Expired
512956,18926,18,2026-04-06,2026-08-31,Monthly,3,2923.47,Expired
512957,16459,2,2024-10-25,2025-05-14,Monthly,4,1365.93,Expired
512958,17026,20,2024-12-16,,Annual,1,233.68,Active
512959,11618,9,2024-05-17,,Annual,1,895.02,Active
512960,17361,5,2025-10-09,2026-03-01,Monthly,1,262.85,Cancelled
512961,16750,10,2024-09-09,2025-10-02,Monthly,1,116.7,Expired
512962,14472,23,2024-02-11,,Monthly,2,709.85,Active
512963,15529,14,2026-08-31,,Monthly,1,271.85,Active
512964,12446,5,2025-06-11,,Monthly,2,473.06,Active
512965,13186,29,2024-09-05,,Monthly,2,613.02,Active
512966,17692,26,2025-11-30,,Monthly,3,714.06,Active
512967,18893,16,2026-03-21,,Monthly,2,199.58,Active
512968,14779,10,2026-03-27,,Monthly,1,109.69,Active
512969,12361,30,2025-12-31,2026-04-27,Monthly,1,819.83,Expired
512970,14434,17,2025-09-14,2026-06-01,Monthly,1,276.44,Cancelled
512971,12791,15,2024-06-09,,Monthly,1,758.94,Active
512972,14753,15,2024-04-23,,Monthly,1,777.41,Active
512973,12695,19,2024-11-04,,Monthly,3,219.2,Active
512974,18573,22,2026-08-31,2026-08-31,Monthly,1,98.82,Cancelled
512975,15225,22,2025-03-03,,Annual,1,98.86,Active
512976,12742,25,2026-06-26,,Monthly,1,115.86,Active
512977,13641,8,2024-07-22,,Monthly,1,322.21,Active
512978,10961,21,2026-08-31,,Annual,2,1881.03,Active
512979,13452,26,2026-08-31,,Annual,1,241.95,Active
512980,17240,6,2024-05-05,,Monthly,4,3000.18,Active
512981,17362,1,2024-09-15,,Monthly,1,121.17,Active
512982,10709,1,2026-08-09,,Monthly,2,232.14,Active
512983,19882,22,2025-01-04,2026-02-21,Monthly,2,224.5,Cancelled
512984,15373,12,2024-12-17,,Annual,1,992.71,Active
512985,14714,18,2024-11-13,,Annual,1,834.08,Active
512986,14544,11,2025-01-15,,Annual,2,716.06,Active
512987,16484,24,2024-12-16,2026-05-16,Monthly,1,879.5,Expired
512988,15552,15,2025-12-04,,Monthly,1,715.77,Active
512989,17360,29,2025-04-14,,Monthly,3,799.88,Active
512990,11248,17,2025-05-31,2026-01-22,Monthly,1,265.58,Cancelled
512991,16901,22,2025-06-09,,Annual,1,109.57,Active
512992,11726,14,2025-09-11,,Monthly,2,622.6,Active
512993,17801,10,2025-05-02,2025-08-14,Annual,1,110.96,Cancelled
512994,14451,5,2026-03-18,,Annual,1,264.73,Active
512995,17149,29,2025-05-26,2026-07-23,Monthly,1,268.76,Expired
512996,10605,19,2026-04-28,,Monthly,1,80.15,Active
512997,19649,5,2026-01-25,2026-02-28,Annual,2,506.43,Cancelled
512998,11861,1,2026-01-07,,Monthly,1,106.63,Active
512999,19086,15,2026-08-31,2026-08-31,Monthly,2,1390.86,Expired
513000,15867,22,2026-06-18,,Monthly,2,223.87,Active
513001,16091,2,2024-03-25,2025-05-25,Monthly,1,369.82,Cancelled
513002,15564,12,2025-06-06,,Monthly,2,2081.81,Active
513003,13872,16,2026-03-03,,Monthly,2,221.37,Active
513004,15402,11,2026-03-11,,Monthly,1,345.13,Active
513005,19849,19,2024-12-18,2025-05-16,Annual,4,366.49,Cancelled
513006,13477,26,2025-02-26,,Monthly,1,263.01,Active
513007,13665,23,2026-08-31,2026-08-31,Annual,3,956.01,Expired
513008,19458,14,2024-08-27,2025-05-03,Monthly,1,314.44,Expired
513009,13013,6,2026-02-14,,Monthly,1,829.35,Active
513010,18184,23,2025-08-24,2026-02-10,Monthly,2,718.29,Cancelled
513011,10400,30,2026-01-07,,Monthly,1,766.06,Active
513012,11616,10,2026-06-19,2026-08-31,Monthly,2,243.53,Cancelled
513013,19674,10,2024-10-06,,Monthly,1,116.73,Active
513014,13954,14,2026-08-03,2026-08-31,Monthly,2,600.63,Cancelled
513015,18623,17,2026-08-31,2026-08-31,Monthly,1,295.73,Cancelled
513016,11180,27,2024-06-26,,Monthly,1,965.09,Active
513017,12377,28,2026-03-12,2026-08-31,Monthly,2,193.02,Cancelled
513018,11736,7,2026-08-31,,Monthly,1,101.11,Active
513019,13884,17,2025-06-14,,Monthly,1,250.96,Active
513020,16202,11,2026-08-31,2026-08-31,Monthly,1,313.65,Expired
513021,12257,9,2026-08-31,2026-08-31,Monthly,1,989.73,Expired
513022,17455,16,2025-10-09,2026-03-25,Monthly,1,110.2,Expired
513023,19881,13,2025-02-26,,Monthly,1,115.18,Active
513024,17352,29,2026-08-31,,Monthly,2,557.56,Active
513025,10268,8,2026-06-10,,Monthly,2,614.59,Active
513026,18917,26,2026-02-14,,Annual,1,235.01,Active
513027,10217,1,2026-08-31,,Monthly,1,111.94,Active
513028,16093,21,2025-07-28,2026-08-31,Annual,1,853.33,Expired
513029,17034,8,2026-05-05,2026-08-31,Monthly,1,301.5,Cancelled
513030,16061,13,2025-05-28,2026-06-12,Monthly,2,230.36,Cancelled
513031,11982,22,2025-11-09,,Monthly,1,97.08,Active
513032,18264,16,2026-02-25,,Monthly,1,114.16,Active
513033,10020,2,2025-06-15,2025-11-02,Monthly,2,629.31,Cancelled
513034,19469,12,2025-07-09,2026-07-12,Monthly,1,977.15,Expired
513035,16112,23,2025-12-28,,Monthly,1,376.47,Active
513036,11344,21,2024-05-27,,Monthly,1,794.39,Active
513037,14665,20,2026-04-17,,Monthly,1,274.68,Active
513038,11151,8,2025-05-29,,Monthly,2,538.7,Active
513039,13712,23,2024-10-09,,Monthly,5,1692.87,Active
513040,13319,11,2026-07-23,2026-08-31,Monthly,1,324.28,Expired
513041,10123,11,2024-04-25,,Monthly,1,356.61,Active
513042,14426,30,2026-03-16,,Monthly,3,2173.34,Active
513043,10834,18,2025-07-06,,Monthly,1,804.36,Active
513044,12717,29,2026-08-31,2026-08-31,Monthly,2,641.64,Cancelled
513045,18456,27,2024-11-21,,Monthly,1,908.02,Active
513046,13636,13,2025-05-06,,Monthly,1,102.29,Active
513047,19404,14,2025-10-11,,Monthly,1,312.06,Active
513048,11413,17,2026-07-18,,Monthly,2,551.08,Active
513049,13357,24,2025-10-28,,Monthly,1,744.76,Active
513050,16328,11,2026-02-09,,Monthly,1,310.27,Active
513051,18294,26,2024-10-31,2025-07-09,Monthly,1,239.15,Expired
513052,15851,14,2026-05-29,,Monthly,7,2004.31,Active
513053,18706,21,2026-04-15,,Monthly,2,1785.46,Active
513054,15429,4,2024-11-27,2025-03-12,Monthly,2,212.58,Expired
513055,18035,18,2025-05-30,,Monthly,1,852.71,Active
513056,15402,25,2025-11-22,2026-01-03,Annual,1,106.86,Cancelled
513057,19249,3,2026-06-25,,Monthly,1,772.45,Active
513058,10719,3,2024-01-21,,Annual,1,781.16,Active
513059,19958,21,2026-07-29,,Annual,1,796.5,Active
513060,11803,28,2026-07-13,,Monthly,1,105.01,Active
513061,12822,17,2026-08-31,,Annual,1,293.41,Active
513062,16983,25,2026-01-14,,Monthly,1,110.29,Active
513063,10066,8,2025-07-31,2025-10-30,Monthly,1,256.53,Cancelled
513064,16388,5,2025-07-06,,Annual,1,218.98,Active
513065,14056,16,2025-05-03,,Monthly,1,116.33,Active
513066,12041,15,2026-06-12,,Monthly,3,2280.56,Active
513067,17101,18,2025-03-09,2026-08-17,Monthly,1,944.15,Cancelled
513068,16272,30,2025-02-28,,Monthly,2,1465.28,Active
513069,13417,11,2024-07-01,,Monthly,1,307.54,Active
513070,16991,27,2024-06-13,,Monthly,1,984.23,Active
513071,15176,8,2026-05-27,2026-08-31,Annual,1,277.81,Expired
513072,13694,5,2025-08-04,2026-08-31,Monthly,1,222.99,Cancelled
513073,13425,26,2024-04-18,,Annual,2,539.42,Active
513074,16922,7,2025-08-30,2026-06-17,Monthly,1,108.97,Cancelled
513075,14046,10,2026-04-15,,Monthly,4,427.26,Active
513076,14130,4,2025-06-23,2026-08-31,Monthly,1,107.38,Cancelled
513077,14734,22,2024-07-10,,Monthly,1,117.48,Active
513078,14482,12,2026-08-31,,Monthly,1,980.74,Active
513079,18704,20,2024-04-20,,Annual,1,260.14,Active
513080,17262,12,2024-07-08,2025-05-15,Monthly,1,1079.54,Expired
513081,18143,3,2026-04-02,,Annual,1,670.28,Active
513082,17448,2,2024-10-18,2026-03-20,Monthly,2,612.34,Expired
513083,19516,30,2025-10-15,2026-08-31,Annual,1,740.61,Cancelled
513084,13925,28,2025-07-14,,Monthly,2,221.15,Active
513085,12498,11,2024-04-20,2024-10-02,Monthly,1,314.32,Cancelled
513086,16987,11,2024-09-23,,Annual,1,358.21,Active
513087,14633,16,2026-06-05,,Monthly,1,113.12,Active
513088,12770,4,2024-12-17,,Monthly,1,99.69,Active
513089,16829,10,2025-02-18,,Monthly,2,228.65,Active
513090,10646,20,2026-05-31,2026-08-31,Monthly,1,261.6,Expired
513091,15105,15,2025-09-29,,Monthly,2,1353.25,Active
513092,11786,19,2025-01-08,2025-12-06,Monthly,1,89.38,Cancelled
513093,14098,24,2025-03-04,2025-12-13,Monthly,1,907.6,Cancelled
513094,11687,16,2024-06-12,2025-11-23,Monthly,5,497.12,Cancelled
513095,11583,27,2026-01-09,,Monthly,1,988.84,Active
513096,15170,27,2025-03-17,,Annual,1,1120.13,Active
513097,15699,15,2025-06-02,2025-08-04,Annual,1,787.4,Cancelled
513098,17782,27,2025-06-09,,Monthly,1,1064.22,Active
513099,19427,26,2024-02-23,,Monthly,1,258.09,Active
513100,10782,13,2024-05-06,2025-02-18,Monthly,2,195.62,Expired
513101,17536,16,2025-04-17,2025-07-20,Monthly,1,108.63,Cancelled
513102,16141,20,2024-08-05,,Monthly,2,532.31,Active
513103,14809,16,2024-07-08,,Monthly,1,105.99,Active
513104,14231,8,2025-12-20,,Monthly,2,559.01,Active
513105,15930,11,2024-11-26,,Monthly,1,290.25,Active
513106,15560,7,2024-03-14,,Monthly,2,188.39,Active
513107,11461,18,2025-01-22,2025-04-17,Annual,2,1942.79,Expired
513108,14377,15,2024-11-24,,Monthly,1,787.5,Active
513109,16885,27,2025-04-05,,Monthly,2,1779.41,Active
513110,19575,27,2024-06-25,2024-11-01,Monthly,2,2048.74,Cancelled
513111,16208,1,2026-02-14,,Annual,3,345.14,Active
513112,19414,8,2025-10-25,,Monthly,1,293.3,Active
513113,12932,3,2024-12-12,2025-12-10,Monthly,3,2412.35,Cancelled
513114,11308,14,2026-06-11,,Monthly,3,829.98,Active
513115,19760,3,2024-08-17,,Annual,2,1550.83,Active
513116,13096,4,2025-02-07,,Monthly,3,315.07,Active
513117,12387,30,2025-07-15,,Monthly,2,1416.59,Active
513118,10930,25,2024-06-30,,Monthly,2,220.99,Active
513119,13680,7,2024-06-06,2024-12-30,Monthly,2,200.2,Cancelled
513120,12734,27,2024-06-26,2025-07-28,Monthly,3,2731.77,Cancelled
513121,14869,30,2026-08-07,2026-08-31,Monthly,1,812.51,Cancelled
513122,10358,1,2024-04-05,2025-05-18,Annual,3,335.11,Cancelled
513123,19353,29,2026-04-17,2026-08-31,Monthly,2,579.28,Expired
513124,14715,14,2026-08-31,,Monthly,1,264.63,Active
513125,13535,26,2026-04-09,,Monthly,1,271.2,Active
513126,18814,15,2024-07-17,2025-05-09,Annual,1,765.05,Cancelled
513127,15746,14,2025-08-01,2026-08-31,Monthly,1,256.74,Cancelled
513128,18732,26,2025-03-09,,Monthly,1,253.7,Active
513129,13059,19,2024-08-29,2025-04-14,Annual,1,79.69,Expired
513130,13253,11,2024-12-06,,Monthly,2,706.13,Active
513131,11017,6,2026-01-26,,Monthly,1,811.21,Active
513132,10050,7,2024-02-29,,Monthly,2,197.55,Active
513133,13744,12,2025-11-22,2026-01-17,Monthly,2,2170.17,Expired
513134,17979,2,2024-08-30,,Monthly,1,347.16,Active
513135,18197,12,2026-01-15,,Monthly,1,1016.78,Active
513136,19703,9,2024-10-16,2026-03-17,Monthly,1,940.25,Cancelled
513137,13869,8,2025-06-25,,Monthly,1,289.74,Active
513138,15517,26,2024-12-25,,Monthly,1,278.36,Active
513139,15876,15,2025-01-04,,Monthly,2,1407.45,Active
513140,19024,21,2026-08-18,2026-08-31,Monthly,2,1879.29,Expired
513141,17216,13,2024-09-08,,Monthly,2,209.3,Active
513142,14225,8,2025-05-09,2025-12-06,Monthly,2,621.59,Cancelled
513143,15280,22,2026-08-06,2026-08-31,Monthly,1,118.25,Cancelled
513144,19905,16,2024-05-10,,Monthly,1,107.28,Active
513145,12961,29,2025-03-24,,Annual,2,591.89,Active
513146,11169,1,2024-04-14,,Monthly,1,114.78,Active
513147,19908,16,2026-01-14,2026-07-01,Annual,1,101.74,Expired
513148,19899,6,2026-03-30,,Annual,1,897.24,Active
513149,12678,5,2025-11-18,2026-08-31,Monthly,1,274.63,Cancelled
513150,15146,16,2026-08-31,,Monthly,1,117.1,Active
513151,11740,6,2026-04-04,,Annual,3,2533.57,Active
513152,18787,11,2026-06-17,,Monthly,1,324.1,Active
513153,17762,25,2024-03-14,,Monthly,2,224.44,Active
513154,11345,16,2026-08-31,,Monthly,1,109.91,Active
513155,10021,1,2026-08-31,2026-08-31,Annual,1,109.77,Expired
513156,19619,23,2026-08-31,,Annual,2,616.79,Active
513157,14796,4,2024-06-24,,Monthly,1,98.3,Active
513158,12117,27,2025-01-06,,Monthly,1,906.58,Active
513159,13710,19,2024-10-22,,Monthly,2,169.97,Active
513160,13039,4,2025-12-19,2026-05-01,Monthly,2,228.09,Cancelled
513161,12589,26,2026-02-21,2026-08-31,Monthly,1,261.34,Cancelled
513162,18187,3,2025-07-25,2025-11-03,Monthly,1,727.97,Cancelled
513163,14549,22,2026-03-17,,Monthly,1,95.47,Active
513164,11679,24,2025-06-08,,Monthly,2,1717.59,Active
513165,15069,5,2026-06-26,2026-08-31,Monthly,2,445.45,Expired
513166,18610,7,2026-06-06,2026-08-31,Annual,1,109.79,Cancelled
513167,14231,28,2025-12-05,2026-08-31,Monthly,1,97.12,Cancelled
513168,17148,11,2025-06-14,,Monthly,4,1238.45,Active
513169,19110,17,2025-04-30,,Monthly,1,263.12,Active
513170,15939,27,2026-02-24,,Monthly,1,909.93,Active
513171,19821,18,2025-10-04,2026-02-03,Monthly,4,3803.41,Cancelled
513172,16127,15,2026-03-27,,Annual,2,1401.22,Active
513173,10720,23,2026-08-31,2026-08-31,Monthly,1,325.1,Expired
513174,16854,20,2026-01-28,2026-06-18,Monthly,1,247.66,Expired
513175,18729,17,2025-05-05,,Annual,2,517.46,Active
513176,13532,7,2024-07-12,,Monthly,1,93.85,Active
513177,15507,26,2025-07-04,,Monthly,1,279.86,Active
513178,13134,11,2025-05-24,2026-08-31,Monthly,1,316.32,Cancelled
513179,14574,9,2026-04-28,,Monthly,4,3341.13,Active
513180,14863,9,2024-08-31,2025-06-08,Monthly,1,810.48,Expired
513181,17520,3,2026-06-20,,Monthly,2,1326.48,Active
513182,16351,6,2024-02-15,,Monthly,1,772.25,Active
513183,17304,8,2026-05-21,2026-08-31,Monthly,1,277.04,Cancelled
513184,14262,24,2024-09-27,2025-08-23,Annual,1,754.0,Cancelled
513185,18106,16,2026-04-10,,Annual,2,202.72,Active
513186,11870,26,2026-08-31,2026-08-31,Monthly,3,719.91,Expired
513187,11047,22,2024-05-02,,Annual,1,94.84,Active
513188,12720,18,2026-08-31,,Annual,6,5037.11,Active
513189,10526,29,2025-05-03,,Annual,1,301.7,Active
513190,12219,6,2024-04-15,,Monthly,3,2243.54,Active
513191,16907,6,2024-12-23,2025-05-05,Monthly,3,2531.0,Expired
513192,13349,10,2025-10-27,,Monthly,1,120.3,Active
513193,16507,15,2026-07-12,2026-08-31,Annual,2,1537.18,Cancelled
513194,10695,27,2026-02-25,2026-08-31,Annual,1,1096.66,Cancelled
513195,18423,27,2025-07-10,2026-08-31,Monthly,1,1014.54,Expired
513196,16225,12,2024-09-21,2025-07-29,Monthly,2,2051.97,Expired
513197,18318,24,2026-08-25,2026-08-31,Annual,4,3662.41,Expired
513198,17413,13,2026-07-16,,Monthly,1,107.29,Active
513199,14789,20,2026-06-18,,Annual,2,512.4,Active
513200,14591,18,2025-01-07,2025-02-24,Annual,1,773.74,Expired
513201,13586,5,2025-08-02,,Monthly,1,221.14,Active
513202,14865,22,2024-10-07,,Annual,3,342.87,Active
513203,14765,17,2024-05-07,,Monthly,1,280.33,Active
513204,13224,2,2025-10-28,,Monthly,1,360.14,Active
513205,12331,8,2026-07-31,2026-08-31,Monthly,1,255.45,Cancelled
513206,11234,17,2026-08-06,,Annual,1,276.43,Active
513207,11718,13,2025-02-23,,Monthly,1,104.73,Active
513208,11657,30,2025-05-16,2026-05-21,Monthly,1,776.44,Expired
513209,18070,5,2024-12-20,2025-05-21,Monthly,6,1527.78,Expired
513210,14883,15,2026-01-19,2026-08-31,Monthly,1,754.0,Expired
513211,12000,17,2026-04-27,,Monthly,2,548.21,Active
513212,18974,23,2026-08-31,,Monthly,3,969.79,Active
513213,12044,16,2026-08-31,,Monthly,2,199.38,Active
513214,11814,22,2026-08-01,,Monthly,3,288.17,Active
513215,11138,6,2025-09-20,2026-04-16,Monthly,3,2781.89,Cancelled
513216,14196,1,2025-03-10,,Monthly,1,105.16,Active
513217,12723,1,2026-05-03,2026-08-31,Monthly,1,106.56,Cancelled
513218,19867,17,2025-10-07,2026-08-31,Monthly,4,1108.24,Cancelled
513219,10298,13,2024-08-20,,Monthly,1,98.76,Active
513220,14905,1,2026-06-19,,Monthly,1,100.93,Active
513221,11207,9,2025-12-07,2026-05-05,Annual,1,834.01,Expired
513222,14770,4,2025-08-26,2026-08-31,Monthly,1,98.46,Cancelled
513223,15169,10,2024-12-22,2025-11-15,Annual,1,116.34,Cancelled
513224,11455,11,2024-09-12,2024-12-20,Annual,1,333.6,Expired
513225,18646,24,2025-01-03,2025-07-06,Monthly,2,1681.98,Cancelled
513226,19726,6,2025-01-05,2025-09-30,Monthly,2,1790.09,Expired
513227,19661,6,2024-12-10,2026-02-10,Monthly,1,864.39,Cancelled
513228,19064,3,2025-07-04,2026-02-16,Monthly,1,669.03,Expired
513229,13000,6,2026-05-21,,Monthly,1,863.03,Active
513230,14372,14,2024-10-03,2026-02-01,Annual,1,315.55,Cancelled
513231,13962,15,2025-02-17,2026-05-05,Monthly,1,681.72,Cancelled
513232,11516,29,2025-10-28,,Monthly,2,599.24,Active
513233,12216,23,2025-11-29,,Monthly,2,603.27,Active
513234,16339,24,2025-01-22,2025-12-26,Monthly,1,863.35,Expired
513235,14914,18,2024-09-03,,Monthly,1,785.31,Active
513236,10719,23,2024-05-05,,Monthly,1,329.08,Active
513237,16470,28,2025-06-13,,Monthly,1,99.3,Active
513238,19468,27,2026-08-31,,Monthly,1,895.01,Active
513239,18398,23,2026-08-31,,Monthly,1,361.68,Active
513240,13631,30,2025-09-12,,Monthly,3,2160.99,Active
513241,12771,13,2024-10-19,,Monthly,2,199.41,Active
513242,17109,29,2026-08-15,2026-08-31,Monthly,4,1084.62,Expired
513243,18599,11,2025-09-25,,Annual,1,355.78,Active
513244,15751,6,2026-05-26,2026-08-31,Monthly,2,1802.17,Cancelled
513245,16450,27,2024-09-20,2025-09-09,Monthly,2,2153.97,Cancelled
513246,14596,27,2025-09-29,2026-08-31,Monthly,3,2703.91,Cancelled
513247,18921,30,2026-05-02,2026-08-31,Annual,2,1624.79,Cancelled
513248,13765,4,2024-06-15,2024-12-06,Monthly,2,215.49,Cancelled
513249,12393,19,2026-08-31,2026-08-31,Monthly,3,222.07,Cancelled
513250,10142,17,2024-09-16,,Monthly,3,894.28,Active
513251,13293,22,2025-01-06,2025-03-08,Monthly,2,216.18,Cancelled
513252,10787,10,2025-03-19,2025-08-28,Monthly,1,101.87,Expired
513253,10187,14,2024-11-28,,Monthly,1,288.81,Active
513254,15082,30,2025-02-24,,Monthly,1,670.95,Active
513255,14791,18,2026-08-31,,Annual,1,969.18,Active
513256,13386,13,2026-08-31,,Monthly,1,113.15,Active
513257,13768,20,2024-10-04,2025-09-28,Monthly,1,284.75,Cancelled
513258,15133,18,2026-02-09,,Monthly,2,1898.1,Active
513259,19480,30,2026-02-25,2026-05-27,Monthly,1,696.52,Cancelled
513260,11916,30,2026-06-14,,Monthly,1,736.59,Active
513261,17831,11,2026-01-08,2026-08-31,Monthly,1,324.31,Expired
513262,10670,15,2024-04-18,,Monthly,3,2061.45,Active
513263,19358,18,2024-09-19,,Monthly,1,936.81,Active
513264,13386,11,2026-08-31,,Monthly,1,321.32,Active
513265,17722,1,2024-10-05,2025-04-19,Monthly,2,214.28,Expired
513266,16063,7,2024-11-23,2026-02-21,Monthly,1,98.78,Cancelled
513267,13346,28,2026-03-30,,Monthly,1,111.98,Active
513268,12428,7,2025-11-15,,Monthly,3,307.04,Active
513269,15800,30,2026-08-31,,Monthly,1,799.6,Active
513270,11275,18,2024-10-28,,Monthly,3,2608.15,Active
513271,16833,18,2026-08-13,2026-08-31,Monthly,2,1647.2,Expired
513272,10487,9,2025-03-20,,Monthly,1,936.18,Active
513273,17424,13,2026-08-31,,Monthly,1,109.46,Active
513274,17213,20,2025-01-08,,Monthly,2,577.16,Active
513275,16969,25,2024-06-21,,Monthly,5,568.0,Active
513276,18955,28,2025-04-14,2026-01-13,Monthly,1,115.7,Cancelled
513277,11458,2,2026-08-14,,Annual,2,627.14,Active
513278,12656,28,2024-12-02,,Monthly,1,101.68,Active
513279,13882,19,2026-08-31,2026-08-31,Annual,3,231.34,Cancelled
513280,19171,6,2025-10-05,2026-05-29,Monthly,1,828.38,Cancelled
513281,10355,11,2025-11-04,,Monthly,1,290.17,Active
513282,11719,25,2024-09-09,,Monthly,1,101.25,Active
513283,13043,6,2024-06-30,,Monthly,1,758.04,Active
513284,13534,17,2025-05-21,,Monthly,5,1328.14,Active
513285,17707,5,2025-03-04,,Annual,1,226.92,Active
513286,12020,29,2025-07-01,2026-07-04,Monthly,2,529.77,Cancelled
513287,13665,23,2026-08-31,,Monthly,3,941.56,Active
513288,13697,4,2025-04-24,,Monthly,2,240.15,Active
513289,10479,17,2025-11-06,2026-04-20,Annual,1,246.43,Cancelled
513290,14531,24,2025-05-06,2026-02-13,Monthly,1,791.98,Cancelled
513291,19898,28,2026-05-05,2026-08-31,Monthly,1,106.91,Expired
513292,13020,3,2025-06-14,,Monthly,1,740.72,Active
513293,11865,17,2025-10-11,2026-02-08,Monthly,5,1341.91,Expired
513294,12585,10,2024-03-20,,Monthly,1,105.76,Active
513295,13253,4,2025-02-20,2026-02-09,Annual,2,239.49,Expired
513296,13481,3,2025-03-11,,Monthly,3,1981.06,Active
513297,10733,11,2026-08-31,2026-08-31,Monthly,2,705.17,Cancelled
513298,19544,12,2025-01-14,,Annual,3,2941.03,Active
513299,18770,11,2024-08-11,,Annual,1,292.05,Active
513300,11278,20,2025-10-28,2026-03-28,Monthly,1,236.8,Cancelled
513301,13240,14,2025-08-11,,Monthly,3,805.83,Active
513302,14665,3,2026-06-25,,Monthly,1,707.12,Active
513303,12508,13,2024-06-17,,Annual,1,120.51,Active
513304,17218,2,2025-03-15,2026-03-15,Annual,3,1007.46,Expired
513305,18071,3,2024-12-19,2026-01-03,Annual,2,1494.58,Cancelled
513306,12353,10,2025-02-15,,Monthly,3,298.88,Active
513307,15633,15,2024-06-04,2024-11-20,Monthly,1,768.55,Cancelled
513308,12541,25,2025-05-31,,Monthly,2,200.24,Active
513309,19300,20,2025-05-29,,Monthly,2,516.45,Active
513310,12960,19,2025-07-20,,Monthly,2,145.17,Active
513311,17580,1,2025-01-28,,Monthly,1,111.5,Active
513312,15907,22,2025-03-21,2026-02-05,Monthly,3,323.19,Expired
513313,12268,1,2026-08-31,2026-08-31,Monthly,1,116.37,Expired
513314,10142,9,2024-11-20,,Monthly,1,911.09,Active
513315,12501,19,2026-04-29,,Monthly,1,91.46,Active
513316,19708,28,2026-08-31,2026-08-31,Monthly,1,95.99,Expired
513317,14900,18,2026-01-08,2026-08-31,Monthly,1,782.47,Expired
513318,16312,23,2026-02-06,,Monthly,1,346.6,Active
513319,15520,20,2026-08-31,,Monthly,3,741.79,Active
513320,14365,2,2025-06-03,,Monthly,1,331.48,Active
513321,14727,21,2026-08-28,,Monthly,1,801.48,Active
513322,12651,11,2025-12-16,2026-04-15,Monthly,3,1059.51,Expired
513323,15364,26,2026-07-18,2026-08-31,Monthly,2,569.06,Cancelled
513324,14086,24,2026-04-19,,Monthly,1,824.0,Active
513325,19933,14,2026-04-28,2026-08-05,Monthly,1,263.18,Expired
513326,13849,27,2025-11-15,2026-01-14,Annual,2,2235.06,Cancelled
513327,14167,23,2026-05-01,,Monthly,1,356.82,Active
513328,16358,17,2025-05-09,2026-05-05,Annual,1,271.82,Expired
513329,13982,5,2026-08-31,,Monthly,4,1101.15,Active
513330,14137,2,2024-12-13,,Monthly,1,327.53,Active
513331,17827,1,2026-01-27,,Monthly,1,120.31,Active
513332,13613,12,2025-05-25,,Monthly,2,2197.0,Active
513333,18779,6,2026-03-07,,Monthly,2,1666.64,Active
513334,11117,6,2024-02-01,2025-04-29,Monthly,2,1788.65,Cancelled
513335,12980,22,2024-11-27,2025-02-08,Monthly,1,117.77,Cancelled
513336,12683,23,2026-08-31,,Monthly,1,351.03,Active
513337,18790,27,2025-08-22,2026-03-02,Annual,3,3210.12,Cancelled
513338,15713,13,2026-05-16,,Monthly,1,109.43,Active
513339,18479,4,2025-01-02,,Monthly,2,195.35,Active
513340,13169,4,2024-10-21,,Monthly,1,110.89,Active
513341,12845,14,2026-02-27,2026-08-31,Monthly,1,276.59,Expired
513342,18107,24,2025-12-03,,Monthly,1,772.98,Active
513343,12430,18,2024-09-02,,Monthly,2,1868.92,Active
513344,11699,5,2024-08-21,,Monthly,1,232.78,Active
513345,16996,27,2026-08-31,,Annual,1,981.38,Active
513346,18466,27,2024-04-26,2025-07-26,Monthly,1,1079.32,Expired
513347,17334,7,2026-08-28,2026-08-31,Monthly,1,104.92,Expired
513348,10235,26,2026-08-31,2026-08-31,Annual,3,850.88,Expired
513349,17266,20,2024-08-18,,Annual,2,559.04,Active
513350,12983,9,2024-05-08,,Annual,2,1609.44,Active
513351,10350,26,2026-08-31,2026-08-31,Monthly,1,282.76,Expired
513352,19984,20,2025-05-29,,Monthly,2,498.45,Active
513353,16914,2,2025-08-29,2025-10-17,Monthly,1,356.99,Cancelled
513354,18720,12,2025-10-08,,Monthly,1,1006.58,Active
513355,19426,7,2024-07-01,,Monthly,1,96.51,Active
513356,16779,15,2026-08-31,,Monthly,1,709.11,Active
513357,13560,5,2026-05-03,,Annual,2,486.2,Active
513358,12236,11,2025-06-03,2026-08-31,Monthly,2,705.24,Expired
513359,11494,22,2026-01-24,,Annual,1,116.09,Active
513360,16619,9,2024-12-28,2025-09-18,Monthly,1,823.25,Expired
513361,16166,9,2026-08-31,2026-08-31,Monthly,2,1641.69,Expired
513362,19921,13,2025-10-22,2026-08-31,Monthly,2,242.64,Expired
513363,11678,3,2024-08-17,2025-01-31,Monthly,1,765.95,Cancelled
513364,19817,21,2025-11-06,,Monthly,2,1759.56,Active
513365,12154,3,2025-05-01,,Monthly,1,728.91,Active
513366,14712,30,2024-10-03,2025-04-07,Monthly,2,1625.66,Expired
513367,10578,21,2025-08-09,,Monthly,2,1852.03,Active
513368,11380,16,2026-06-27,2026-08-31,Monthly,1,113.62,Cancelled
513369,12633,18,2025-11-30,,Monthly,2,1922.06,Active
513370,18466,10,2024-04-24,2024-10-21,Monthly,1,123.27,Cancelled
513371,16306,10,2026-06-18,,Monthly,1,125.28,Active
513372,10313,25,2026-03-26,,Monthly,1,112.43,Active
513373,12286,28,2026-04-09,2026-08-31,Monthly,2,192.94,Expired
513374,15006,5,2026-04-07,2026-08-31,Monthly,1,241.48,Cancelled
513375,15490,1,2024-06-23,2024-08-19,Monthly,1,111.24,Cancelled
513376,14957,12,2025-01-23,2026-05-05,Monthly,1,1073.24,Expired
513377,17730,7,2024-11-26,,Monthly,1,93.49,Active
513378,14096,23,2026-08-31,,Monthly,1,350.91,Active
513379,14616,17,2025-03-29,,Annual,1,293.82,Active
513380,14935,8,2024-06-03,,Monthly,1,300.58,Active
513381,18695,29,2025-07-04,,Monthly,1,267.32,Active
513382,17845,5,2024-03-21,,Annual,1,219.75,Active
513383,12097,27,2025-03-25,,Monthly,1,922.08,Active
513384,17483,24,2025-01-28,,Monthly,3,2531.74,Active
513385,19751,22,2025-11-12,,Annual,1,95.15,Active
513386,16833,29,2026-05-18,,Annual,1,272.23,Active
513387,12124,15,2024-05-23,2025-03-25,Annual,1,666.09,Expired
513388,12397,13,2025-12-08,2026-04-08,Monthly,1,109.14,Expired
513389,16541,14,2024-08-28,2024-10-19,Monthly,3,865.22,Cancelled
513390,11024,8,2026-08-24,2026-08-31,Annual,1,311.46,Cancelled
513391,15400,22,2025-10-07,,Annual,1,96.77,Active
513392,19332,13,2025-01-01,2025-02-08,Annual,2,225.22,Expired
513393,12821,21,2026-03-09,,Monthly,1,959.07,Active
513394,13788,5,2026-08-31,,Monthly,1,253.61,Active
513395,12080,12,2024-07-05,,Annual,1,1048.07,Active
513396,18950,23,2025-06-18,,Monthly,2,675.82,Active
513397,10828,27,2024-08-19,2024-11-18,Annual,2,2207.06,Expired
513398,10017,30,2026-01-10,,Monthly,1,750.47,Active
513399,17924,25,2024-11-09,,Annual,4,382.7,Active
513400,15493,3,2025-10-29,2026-08-31,Monthly,5,3678.62,Cancelled
513401,11644,30,2025-08-28,,Monthly,2,1404.0,Active
513402,17940,16,2026-08-31,,Monthly,3,344.92,Active
513403,16323,12,2025-10-01,,Monthly,1,955.44,Active
513404,15953,22,2026-03-24,,Monthly,3,327.78,Active
513405,11887,7,2025-07-12,2026-05-21,Monthly,2,221.37,Cancelled
513406,10032,4,2025-01-01,,Monthly,1,100.99,Active
513407,15528,7,2026-08-31,2026-08-31,Monthly,1,109.39,Expired
513408,18162,30,2025-06-08,2026-01-30,Monthly,3,2376.96,Expired
513409,11004,20,2024-11-23,,Annual,1,244.61,Active
513410,16477,23,2026-08-31,,Monthly,1,348.77,Active
513411,13718,7,2025-10-03,,Monthly,1,96.86,Active
513412,17301,29,2025-12-02,,Monthly,4,1128.49,Active
513413,16541,23,2024-05-13,2024-10-31,Annual,1,356.47,Cancelled
513414,18985,15,2024-08-31,,Annual,4,2797.41,Active
513415,18121,29,2026-04-04,,Annual,1,309.35,Active
513416,13317,17,2025-02-05,,Monthly,1,267.27,Active
513417,19382,1,2024-08-28,,Monthly,1,101.76,Active
513418,15699,13,2025-05-12,,Annual,2,195.18,Active
513419,18722,27,2025-03-14,2025-06-10,Monthly,3,2955.52,Cancelled
513420,14153,22,2026-07-22,2026-08-31,Monthly,1,109.43,Cancelled
513421,12383,7,2026-02-23,,Monthly,1,101.78,Active
513422,11068,5,2025-11-02,,Monthly,1,252.05,Active
513423,11959,17,2025-01-28,,Annual,1,242.92,Active
513424,17273,23,2025-03-19,,Monthly,5,1535.02,Active
513425,12588,9,2025-03-01,2025-11-14,Monthly,1,815.88,Expired
513426,19094,23,2026-05-07,,Annual,2,711.19,Active
513427,19736,10,2025-10-04,2026-02-15,Monthly,2,213.86,Cancelled
513428,16703,14,2026-08-31,2026-08-31,Monthly,1,259.77,Cancelled
513429,19824,25,2024-05-09,2025-01-07,Monthly,3,321.19,Expired
513430,16400,3,2024-03-06,,Monthly,1,648.3,Active
513431,19862,9,2024-01-18,,Monthly,1,806.55,Active
513432,12834,28,2025-07-24,,Annual,1,112.47,Active
513433,16931,26,2026-08-31,2026-08-31,Monthly,1,226.97,Expired
513434,11593,30,2026-06-08,,Monthly,1,803.28,Active
513435,14248,10,2024-06-25,,Annual,2,246.28,Active
513436,13348,24,2024-10-23,,Monthly,1,745.6,Active
513437,18296,7,2024-04-10,2024-07-10,Monthly,3,322.59,Expired
513438,13929,26,2025-05-02,2025-07-13,Monthly,1,282.53,Expired
513439,18671,23,2025-10-20,,Monthly,1,372.12,Active
513440,18358,24,2025-06-30,,Monthly,3,2791.21,Active
513441,12961,9,2025-03-05,,Monthly,5,4205.08,Active
513442,13289,3,2026-03-29,2026-08-31,Monthly,1,674.04,Cancelled
513443,12887,1,2025-10-17,,Monthly,1,108.07,Active
513444,15382,2,2024-11-02,,Monthly,1,367.12,Active
513445,19838,8,2026-04-01,,Monthly,1,268.6,Active
513446,18638,7,2026-08-31,2026-08-31,Monthly,1,114.47,Cancelled
513447,16032,25,2026-08-31,2026-08-31,Monthly,2,198.8,Expired
513448,15989,13,2025-09-23,2026-04-30,Monthly,1,99.6,Expired
513449,19979,19,2025-09-17,2026-08-31,Monthly,2,162.46,Cancelled
513450,13258,26,2025-10-02,,Annual,1,258.06,Active
513451,16375,13,2025-03-10,2025-11-09,Monthly,1,102.15,Cancelled
513452,13547,15,2025-10-20,,Monthly,1,748.68,Active
513453,19931,16,2025-03-13,,Monthly,1,101.47,Active
513454,15046,12,2024-06-03,2025-09-22,Monthly,2,2297.51,Cancelled
513455,15209,6,2024-10-29,2025-08-12,Monthly,1,902.46,Cancelled
513456,18253,25,2025-10-04,,Monthly,1,113.53,Active
513457,18141,8,2025-09-26,2026-08-31,Monthly,4,1166.79,Cancelled
513458,13934,9,2026-07-28,,Annual,1,884.8,Active
513459,15015,3,2026-04-07,2026-05-22,Monthly,2,1487.52,Expired
513460,13392,20,2025-10-17,,Monthly,1,289.33,Active
513461,19128,9,2026-08-08,2026-08-31,Monthly,1,802.77,Expired
513462,10491,16,2026-07-22,,Monthly,1,105.35,Active
513463,13452,8,2026-07-19,2026-08-31,Annual,2,522.43,Expired
513464,18092,27,2024-06-29,,Annual,1,972.06,Active
513465,15277,14,2026-08-19,2026-08-31,Monthly,1,260.85,Expired
513466,16711,25,2026-02-12,,Monthly,1,111.23,Active
513467,11798,20,2025-06-06,2026-07-17,Annual,1,256.86,Cancelled
513468,17969,13,2026-02-21,,Annual,1,105.66,Active
513469,18069,17,2024-07-01,,Monthly,2,558.72,Active
513470,11977,11,2026-08-31,,Monthly,1,329.13,Active
513471,13189,23,2024-04-29,,Annual,1,311.93,Active
513472,15341,24,2026-08-17,,Monthly,1,833.84,Active
513473,10095,9,2026-02-06,,Monthly,1,819.51,Active
513474,12676,3,2026-08-27,,Monthly,2,1616.58,Active
513475,12123,6,2025-04-12,2025-12-16,Monthly,1,854.42,Cancelled
513476,14940,7,2025-12-07,2026-06-03,Monthly,3,287.36,Expired
513477,19048,21,2026-08-31,,Monthly,1,950.2,Active
513478,16783,11,2026-05-31,2026-08-31,Monthly,2,632.39,Cancelled
513479,14319,3,2025-05-18,,Monthly,1,720.6,Active
513480,18943,27,2025-12-31,,Annual,2,1921.95,Active
513481,11272,3,2025-11-05,,Monthly,2,1342.4,Active
513482,11581,22,2025-03-02,2025-10-02,Monthly,2,207.99,Expired
513483,16130,23,2024-12-25,2025-10-04,Monthly,2,681.98,Expired
513484,15996,1,2024-10-19,,Monthly,1,105.3,Active
513485,19402,26,2025-08-21,,Monthly,2,548.46,Active
513486,18824,9,2024-12-02,2025-09-22,Monthly,1,919.05,Cancelled
513487,17354,2,2024-11-26,,Monthly,2,735.93,Active
513488,14484,23,2026-04-04,,Annual,2,721.42,Active
513489,16396,9,2025-03-07,,Monthly,1,868.4,Active
513490,13273,24,2026-06-12,,Monthly,2,1840.75,Active
513491,16192,12,2025-02-13,,Monthly,1,1069.42,Active
513492,13965,30,2025-08-13,,Monthly,1,758.11,Active
513493,15078,12,2026-08-31,2026-08-31,Monthly,1,972.45,Expired
513494,14298,10,2024-08-04,,Annual,1,123.18,Active
513495,14212,28,2024-11-24,2025-10-10,Monthly,2,221.75,Expired
513496,16249,26,2024-07-15,,Monthly,3,841.48,Active
513497,12753,8,2026-08-18,,Monthly,1,316.53,Active
513498,19827,4,2026-03-27,2026-08-31,Annual,1,98.36,Expired
513499,15434,30,2025-09-26,,Monthly,1,662.06,Active
513500,16874,6,2026-05-21,,Monthly,1,876.85,Active
513501,10917,10,2026-08-31,,Monthly,1,104.62,Active
513502,17674,27,2024-12-07,,Monthly,1,995.47,Active
513503,10230,2,2024-09-18,2025-08-12,Monthly,1,355.36,Expired
513504,12803,14,2024-09-14,2026-02-02,Monthly,1,257.37,Expired
513505,15960,11,2026-03-08,2026-08-31,Monthly,1,361.57,Cancelled
513506,15339,5,2025-05-30,2026-02-28,Monthly,1,239.14,Expired
513507,13364,15,2024-10-14,2025-05-14,Monthly,1,709.11,Cancelled
513508,10299,25,2025-02-27,,Monthly,2,218.75,Active
513509,17983,20,2024-07-09,,Monthly,5,1306.91,Active
513510,16918,7,2025-07-05,2025-09-07,Monthly,1,96.38,Cancelled
513511,17719,20,2026-02-05,,Monthly,1,236.35,Active
513512,13188,25,2024-07-08,,Monthly,2,207.73,Active
513513,18622,9,2025-02-10,,Annual,1,921.19,Active
513514,11789,25,2024-07-01,2024-09-09,Monthly,2,198.3,Cancelled
513515,14855,29,2026-02-24,,Monthly,1,312.91,Active
513516,10269,10,2026-08-31,,Monthly,2,232.47,Active
513517,18520,2,2025-05-31,2025-07-26,Monthly,1,338.46,Cancelled
513518,12762,4,2024-08-24,2024-11-12,Annual,1,112.58,Expired
513519,16601,18,2026-08-06,,Monthly,2,1814.13,Active
513520,15193,18,2025-01-08,,Monthly,1,971.43,Active
513521,19227,19,2026-06-07,,Annual,1,91.29,Active
513522,10942,15,2026-04-20,,Monthly,1,734.48,Active
513523,14656,10,2024-03-18,2025-02-21,Monthly,1,108.79,Cancelled
513524,13409,5,2024-08-11,2026-01-23,Monthly,1,276.63,Expired
513525,16737,23,2026-03-11,,Annual,2,681.61,Active
513526,11796,17,2025-11-08,2026-03-06,Monthly,1,243.35,Expired
513527,12492,9,2026-08-31,,Annual,2,1847.62,Active
513528,13893,23,2025-11-24,,Monthly,5,1585.41,Active
513529,18055,8,2024-07-05,2025-12-12,Monthly,1,297.93,Expired
513530,11339,21,2024-12-11,,Monthly,2,1719.04,Active
513531,17335,20,2026-01-09,2026-08-31,Monthly,1,271.17,Expired
513532,15699,9,2025-06-25,,Monthly,1,825.9,Active
513533,16425,18,2024-07-03,2025-11-09,Monthly,3,2794.82,Cancelled
513534,15184,19,2025-03-13,2026-02-18,Monthly,1,76.13,Expired
513535,11474,23,2024-03-23,,Monthly,2,684.42,Active
513536,13363,12,2026-08-03,,Monthly,2,2162.49,Active
513537,14654,16,2026-08-31,,Monthly,1,114.27,Active
513538,12596,5,2025-07-04,,Annual,1,246.57,Active
513539,19821,2,2025-12-05,2026-08-31,Monthly,1,321.88,Cancelled
513540,14397,30,2025-06-02,,Monthly,1,808.7,Active
513541,19920,12,2025-04-29,,Monthly,2,2130.22,Active
513542,10310,28,2026-04-18,,Monthly,2,212.1,Active
513543,19543,16,2024-07-06,,Monthly,1,99.61,Active
513544,13076,27,2024-09-26,2025-10-07,Annual,2,2180.83,Cancelled
513545,19553,28,2026-06-28,,Monthly,1,96.62,Active
513546,14482,9,2026-08-31,2026-08-31,Monthly,1,812.83,Cancelled
513547,16876,13,2026-05-07,,Monthly,1,117.08,Active
513548,12680,17,2025-04-14,,Monthly,3,893.19,Active
513549,16466,1,2025-11-17,2026-08-31,Monthly,1,120.32,Expired
513550,18955,23,2025-02-25,2026-04-28,Annual,1,308.41,Expired
513551,18762,28,2024-07-29,2025-09-07,Annual,1,99.52,Expired
513552,17419,1,2024-12-13,,Monthly,2,208.78,Active
513553,14580,27,2024-01-26,,Monthly,3,3139.55,Active
513554,12614,13,2025-01-01,2026-04-24,Monthly,1,109.01,Expired
513555,13186,18,2024-10-21,2025-08-22,Monthly,1,780.56,Expired
513556,12472,14,2025-05-16,2025-06-18,Monthly,1,298.98,Cancelled
513557,18732,18,2025-03-28,,Annual,2,1949.73,Active
513558,10068,1,2025-03-07,,Monthly,1,122.09,Active
513559,10962,29,2026-08-31,,Monthly,1,302.33,Active
513560,12633,11,2025-09-28,,Monthly,1,335.48,Active
513561,13962,5,2025-02-25,,Monthly,1,264.64,Active
513562,19925,14,2025-09-05,2026-04-24,Monthly,1,316.67,Cancelled
513563,18586,22,2025-10-17,,Monthly,1,116.89,Active
513564,12006,14,2024-10-04,,Monthly,2,556.35,Active
513565,18057,6,2024-08-30,,Monthly,2,1672.08,Active
513566,16685,2,2025-05-29,,Monthly,2,671.06,Active
513567,13937,1,2026-08-26,,Monthly,1,116.19,Active
513568,14088,8,2026-08-31,2026-08-31,Monthly,4,1219.75,Expired
513569,14216,4,2025-03-12,,Monthly,3,319.95,Active
513570,18199,21,2024-09-15,2025-02-14,Monthly,1,781.49,Cancelled
513571,13882,4,2026-06-16,,Monthly,1,104.69,Active
513572,19888,16,2024-12-07,,Annual,1,106.36,Active
513573,17590,1,2025-10-02,2025-12-19,Annual,1,121.75,Cancelled
513574,14152,19,2025-07-03,,Monthly,3,219.3,Active
513575,12970,18,2025-05-18,2025-07-10,Monthly,2,1817.4,Expired
513576,14081,16,2026-03-19,2026-08-15,Monthly,2,208.96,Expired
513577,14996,22,2024-11-01,,Monthly,1,102.88,Active
513578,19642,21,2024-08-15,2025-11-08,Annual,1,786.91,Expired
513579,12739,24,2025-12-23,,Monthly,1,783.77,Active
513580,11232,6,2025-06-06,,Annual,1,746.98,Active
513581,18164,7,2025-06-20,,Annual,1,102.73,Active
513582,14079,2,2026-08-31,,Monthly,1,327.76,Active
513583,19749,13,2025-09-29,2026-07-12,Monthly,1,105.85,Cancelled
513584,15548,3,2026-07-30,2026-08-31,Monthly,2,1406.42,Expired
513585,10886,10,2026-08-31,,Monthly,2,248.78,Active
513586,14726,15,2026-07-08,,Monthly,1,720.47,Active
513587,14489,13,2026-05-29,,Monthly,2,205.71,Active
513588,18435,5,2026-08-31,,Monthly,1,240.71,Active
513589,16384,29,2025-09-26,2026-02-11,Monthly,2,607.42,Expired
513590,12440,20,2025-12-14,2026-08-31,Annual,3,696.25,Cancelled
513591,13324,13,2024-12-17,,Monthly,1,113.15,Active
513592,10350,23,2026-08-08,2026-08-31,Monthly,1,377.34,Expired
513593,12257,14,2026-06-05,,Annual,1,320.68,Active
513594,13969,8,2026-08-31,2026-08-31,Monthly,2,638.73,Cancelled
513595,10743,26,2024-05-09,,Monthly,1,230.74,Active
513596,12363,8,2024-12-10,,Monthly,6,1741.72,Active
513597,14852,16,2025-04-03,,Monthly,1,116.9,Active
513598,19026,18,2024-09-15,,Monthly,1,934.47,Active
513599,13288,13,2026-02-16,2026-08-31,Monthly,2,204.62,Cancelled
513600,15921,15,2025-07-11,,Monthly,1,667.66,Active
513601,10255,5,2026-07-03,2026-08-31,Monthly,3,812.42,Expired
513602,13574,3,2025-03-07,2026-08-19,Monthly,2,1634.65,Cancelled
513603,15443,22,2026-05-17,,Annual,1,106.32,Active
513604,12532,6,2026-08-31,2026-08-31,Monthly,1,787.76,Cancelled
513605,16457,21,2024-03-05,2025-04-11,Monthly,1,803.75,Cancelled
513606,11694,19,2025-05-24,,Monthly,2,173.21,Active
513607,19574,27,2024-06-11,,Monthly,1,933.68,Active
513608,11196,3,2024-11-08,,Monthly,1,718.26,Active
513609,14558,17,2025-11-18,2026-03-08,Monthly,1,272.69,Expired
513610,15555,19,2025-08-27,2026-08-31,Annual,1,77.57,Cancelled
513611,13621,5,2024-09-19,,Monthly,1,225.23,Active
513612,14368,21,2024-11-29,,Monthly,1,904.73,Active
513613,11616,26,2026-04-18,,Monthly,1,270.96,Active
513614,12852,29,2024-06-16,,Monthly,5,1338.7,Active
513615,17333,3,2026-08-31,,Monthly,1,655.42,Active
513616,17632,5,2025-05-09,,Monthly,1,223.19,Active
513617,10062,10,2024-09-21,,Annual,3,335.06,Active
513618,13096,27,2024-12-25,2025-08-28,Monthly,1,1106.19,Cancelled
513619,19285,18,2026-04-10,,Monthly,1,976.4,Active
513620,17122,2,2025-12-17,,Monthly,1,347.84,Active
513621,12411,16,2026-08-31,2026-08-31,Monthly,1,113.36,Cancelled
513622,15949,25,2024-05-25,2025-06-02,Annual,1,108.74,Cancelled
513623,11255,21,2026-06-24,,Monthly,1,942.05,Active
513624,10974,17,2025-04-07,,Monthly,1,241.94,Active
513625,15617,18,2025-01-10,2025-05-03,Monthly,1,898.76,Expired
513626,14872,28,2025-06-18,,Monthly,1,94.06,Active
513627,16092,18,2026-02-27,,Monthly,1,878.01,Active
513628,17650,8,2026-08-31,2026-08-31,Monthly,1,278.22,Cancelled
513629,16240,18,2025-08-19,2026-02-10,Monthly,1,787.65,Cancelled
513630,15162,14,2026-02-03,,Monthly,1,265.28,Active
513631,12306,10,2025-11-05,,Monthly,1,110.35,Active
513632,17945,28,2026-04-06,,Monthly,1,104.75,Active
513633,18222,28,2026-08-31,,Annual,2,233.54,Active
513634,14865,6,2024-10-19,,Monthly,1,850.46,Active
513635,10674,9,2026-05-09,2026-08-18,Monthly,3,2431.99,Cancelled
513636,17747,14,2026-05-02,,Monthly,1,280.85,Active
513637,19858,14,2026-08-31,2026-08-31,Monthly,2,605.89,Cancelled
513638,11397,9,2025-04-17,2025-08-07,Monthly,1,863.09,Cancelled
513639,14772,28,2025-10-16,2025-12-30,Monthly,1,97.45,Cancelled
513640,12368,23,2024-07-05,2025-06-30,Annual,2,672.1,Expired
513641,12395,3,2024-06-11,2025-05-15,Annual,1,678.15,Cancelled
513642,12503,13,2024-08-28,,Monthly,2,235.94,Active
513643,16022,16,2024-03-21,,Monthly,4,385.65,Active
513644,13867,20,2025-02-07,,Annual,1,289.82,Active
513645,13973,7,2025-06-15,,Monthly,1,110.57,Active
513646,16744,8,2025-06-28,,Monthly,4,1107.57,Active
513647,10933,24,2025-09-28,,Monthly,1,910.48,Active
513648,12581,14,2026-06-16,2026-08-31,Annual,1,309.92,Cancelled
513649,12334,14,2025-08-01,2026-08-31,Monthly,1,316.75,Cancelled
513650,13185,10,2024-04-26,,Monthly,3,299.51,Active
513651,17043,28,2025-12-31,2026-08-31,Monthly,2,196.74,Cancelled
513652,12534,19,2025-04-11,,Annual,2,153.5,Active
513653,18013,12,2026-03-21,2026-08-31,Annual,2,1997.19,Expired
513654,12124,3,2024-06-02,,Monthly,1,811.45,Active
513655,14723,29,2024-04-27,2024-06-26,Annual,2,569.6,Cancelled
513656,19981,22,2026-04-19,2026-08-31,Monthly,1,112.07,Cancelled
513657,15396,13,2025-12-18,,Monthly,2,229.95,Active
513658,10098,5,2024-09-04,,Monthly,2,451.94,Active
513659,14450,30,2024-12-13,2025-06-03,Monthly,1,814.21,Expired
513660,16387,30,2026-07-15,,Monthly,4,2905.98,Active
513661,11680,9,2025-10-13,2026-08-03,Monthly,2,1625.85,Expired
513662,12729,2,2025-03-06,,Annual,1,341.28,Active
513663,14340,16,2026-03-06,2026-08-31,Monthly,4,424.65,Expired
513664,11907,25,2026-01-18,2026-03-07,Monthly,2,214.94,Cancelled
513665,14332,18,2025-02-04,,Monthly,1,787.44,Active
513666,11906,15,2025-07-19,,Annual,2,1679.12,Active
513667,17417,24,2024-08-30,,Monthly,1,786.27,Active
513668,11970,23,2024-01-27,,Monthly,2,742.84,Active
513669,10631,4,2026-08-23,,Annual,1,98.08,Active
513670,19647,30,2025-04-09,2025-12-22,Monthly,1,771.68,Expired
513671,12511,22,2026-08-16,2026-08-31,Monthly,4,418.41,Cancelled
513672,11743,22,2026-08-22,,Monthly,1,98.48,Active
513673,15702,12,2026-01-13,2026-03-23,Monthly,1,978.58,Cancelled
513674,17376,12,2026-05-30,,Monthly,2,2151.03,Active
513675,12184,12,2026-06-02,,Monthly,1,1178.06,Active
513676,17412,9,2026-07-28,,Monthly,1,949.22,Active
513677,14434,4,2025-09-03,,Monthly,2,209.88,Active
513678,11507,3,2025-09-11,2026-08-27,Monthly,1,728.19,Expired
513679,14934,6,2026-08-31,,Monthly,1,872.37,Active
513680,19602,12,2025-05-20,,Monthly,1,1052.63,Active
513681,11586,19,2026-08-08,,Annual,1,91.78,Active
513682,13818,25,2025-08-17,,Monthly,2,235.67,Active
513683,13133,1,2024-10-23,2025-01-12,Annual,3,367.88,Expired
513684,19023,15,2024-09-12,2024-12-21,Annual,2,1574.4,Expired
513685,15906,1,2026-01-22,,Annual,1,121.35,Active
513686,17102,6,2025-11-13,,Monthly,1,928.06,Active
513687,17698,28,2025-06-17,2025-11-07,Monthly,1,95.27,Expired
513688,15689,21,2025-05-04,,Annual,5,4706.18,Active
513689,14735,1,2024-08-06,,Monthly,1,117.2,Active
513690,14826,12,2026-03-04,,Monthly,1,982.52,Active
513691,10133,5,2024-09-01,,Monthly,1,262.31,Active
513692,19233,3,2024-04-08,,Monthly,1,790.44,Active
513693,16715,15,2024-04-05,2024-11-07,Monthly,1,670.97,Cancelled
513694,18125,28,2025-08-23,2026-08-31,Monthly,3,328.06,Cancelled
513695,13630,7,2026-07-08,2026-08-21,Monthly,1,102.21,Cancelled
513696,19947,3,2026-02-09,2026-05-12,Monthly,1,743.22,Cancelled
513697,14561,13,2025-01-25,2026-06-27,Annual,1,112.56,Expired
513698,11402,18,2025-11-26,2026-04-20,Monthly,1,906.09,Expired
513699,19105,19,2024-07-13,,Monthly,3,233.75,Active
513700,16374,3,2025-04-06,2025-05-23,Monthly,1,668.01,Expired
513701,14214,9,2026-07-31,2026-08-31,Monthly,1,866.01,Expired
513702,13290,23,2025-07-05,,Monthly,1,336.72,Active
513703,19138,4,2024-11-02,2025-06-11,Monthly,2,207.31,Cancelled
513704,15183,29,2024-09-11,,Annual,1,295.84,Active
513705,12717,5,2026-08-07,2026-08-31,Annual,1,239.0,Expired
513706,14115,24,2025-01-04,,Monthly,2,1737.51,Active
513707,16927,4,2025-11-30,,Monthly,1,100.47,Active
513708,18941,15,2025-12-12,2026-08-31,Monthly,3,2213.04,Expired
513709,14338,16,2024-04-07,,Monthly,2,225.25,Active
513710,15653,30,2025-05-14,,Monthly,1,739.86,Active
513711,19396,3,2026-08-31,2026-08-31,Monthly,4,2803.24,Expired
513712,14444,12,2024-11-19,2026-02-28,Monthly,1,1081.99,Cancelled
513713,17401,12,2024-09-17,2025-03-05,Monthly,1,948.45,Cancelled
513714,17751,8,2024-05-24,,Monthly,1,260.94,Active
513715,12546,5,2025-09-01,,Annual,1,258.3,Active
513716,11482,13,2026-05-27,,Annual,1,103.3,Active
513717,14567,30,2026-08-31,,Monthly,1,737.65,Active
513718,15900,19,2026-06-02,2026-08-31,Monthly,5,402.21,Cancelled
513719,19187,26,2026-01-17,2026-04-28,Monthly,1,279.26,Expired
513720,13633,7,2026-08-31,,Monthly,1,93.24,Active
513721,16652,24,2026-03-20,,Monthly,1,832.16,Active
513722,14484,30,2026-05-06,2026-08-31,Annual,2,1376.65,Cancelled
513723,18637,22,2026-02-12,2026-08-31,Monthly,1,116.08,Expired
513724,13239,16,2024-11-09,,Annual,2,242.22,Active
513725,13181,29,2026-02-28,,Monthly,1,304.37,Active
513726,14642,24,2026-07-28,,Annual,2,1749.91,Active
513727,17615,8,2024-01-24,,Monthly,3,919.86,Active
513728,12110,8,2026-08-31,,Monthly,1,284.26,Active
513729,11366,28,2026-05-04,2026-08-31,Monthly,1,114.15,Expired
513730,15463,1,2026-01-24,2026-08-31,Annual,2,226.93,Cancelled
513731,18530,14,2025-01-01,,Annual,1,325.14,Active
513732,18578,2,2025-07-08,,Monthly,4,1261.12,Active
513733,15464,4,2024-08-11,,Monthly,4,405.54,Active
513734,15446,30,2026-02-12,,Annual,1,711.47,Active
513735,10547,17,2025-09-19,,Monthly,1,297.77,Active
513736,12783,23,2026-08-11,,Monthly,1,324.78,Active
513737,12695,23,2024-11-03,,Monthly,2,609.17,Active
513738,19494,29,2025-04-29,,Annual,1,293.66,Active
513739,14974,23,2026-08-31,,Monthly,1,343.09,Active
513740,13550,29,2024-10-08,,Annual,2,597.25,Active
513741,15160,13,2024-08-12,2024-10-09,Monthly,1,98.79,Expired
513742,17720,3,2025-07-12,,Monthly,3,2114.12,Active
513743,17419,14,2025-02-12,,Monthly,2,527.0,Active
513744,15050,15,2024-02-02,,Monthly,2,1603.24,Active
513745,15529,21,2026-08-31,2026-08-31,Monthly,1,806.16,Expired
513746,16419,23,2025-02-12,,Monthly,1,348.01,Active
513747,17863,11,2025-08-24,,Monthly,2,616.02,Active
513748,11905,8,2024-08-20,2025-10-10,Monthly,3,778.66,Cancelled
513749,18129,25,2025-07-17,,Annual,1,99.93,Active
513750,17635,26,2024-10-09,2025-09-19,Monthly,2,452.88,Cancelled
513751,16073,13,2025-02-20,2026-05-27,Monthly,1,111.67,Expired
513752,15671,24,2026-05-10,,Annual,1,936.66,Active
513753,12159,7,2025-03-11,,Annual,1,101.58,Active
513754,15199,19,2026-04-17,2026-06-05,Monthly,3,248.81,Cancelled
513755,16554,3,2025-08-13,,Monthly,1,663.32,Active
513756,11273,8,2026-08-31,,Monthly,3,834.98,Active
513757,14380,5,2025-01-17,2025-12-14,Monthly,3,743.63,Cancelled
513758,12599,27,2025-10-19,2026-02-06,Monthly,1,1052.26,Cancelled
513759,10767,18,2024-02-28,,Monthly,1,932.34,Active
513760,19148,5,2024-11-03,,Monthly,1,235.47,Active
513761,14766,4,2024-11-19,,Annual,2,195.52,Active
513762,12862,4,2024-07-18,,Monthly,2,243.51,Active
513763,18101,12,2025-04-11,,Monthly,1,1002.41,Active
513764,10930,1,2024-09-14,2025-03-24,Annual,2,242.79,Cancelled
513765,14358,14,2025-01-08,,Annual,1,300.66,Active
513766,16048,27,2026-04-22,2026-08-31,Monthly,2,2215.71,Cancelled
513767,13660,4,2025-04-21,,Annual,1,114.81,Active
513768,16216,4,2024-12-27,,Monthly,3,341.95,Active
513769,11946,15,2025-10-21,2026-08-31,Monthly,3,2250.99,Cancelled
513770,12969,30,2024-10-22,2025-08-26,Monthly,2,1463.59,Cancelled
513771,15562,23,2026-05-07,2026-08-31,Monthly,1,308.29,Expired
513772,10640,17,2026-03-12,,Monthly,1,249.8,Active
513773,12562,21,2024-04-15,2025-10-05,Monthly,1,959.91,Cancelled
513774,14852,22,2025-06-19,,Annual,1,101.15,Active
513775,16202,4,2026-08-31,,Monthly,1,106.93,Active
513776,17256,12,2026-08-18,,Monthly,2,2197.5,Active
513777,10064,12,2026-03-24,,Monthly,1,999.54,Active
513778,10801,14,2026-08-31,2026-08-31,Annual,3,896.38,Cancelled
513779,13617,7,2025-03-06,2025-08-05,Monthly,1,102.34,Cancelled
513780,19014,5,2026-02-13,,Monthly,1,253.59,Active
513781,17598,1,2026-03-14,,Monthly,3,302.84,Active
513782,17085,14,2024-03-26,,Monthly,2,621.41,Active
513783,10288,23,2024-08-04,2024-10-14,Annual,1,353.58,Cancelled
513784,15000,11,2024-05-31,2025-03-18,Annual,1,323.51,Expired
513785,11001,25,2024-02-08,,Monthly,1,97.16,Active
513786,17973,13,2026-03-30,,Monthly,1,120.72,Active
513787,19697,9,2024-11-14,2025-03-28,Monthly,1,968.36,Cancelled
513788,13858,9,2026-08-31,,Annual,2,2022.23,Active
513789,10088,8,2026-08-11,2026-08-31,Annual,1,276.69,Cancelled
513790,16607,8,2026-08-08,2026-08-31,Annual,1,315.5,Cancelled
513791,17618,10,2025-09-10,,Monthly,1,109.66,Active
513792,10434,29,2025-03-12,,Monthly,2,616.13,Active
513793,13603,20,2026-04-24,,Monthly,1,252.45,Active
513794,18066,17,2026-05-16,,Annual,3,795.01,Active
513795,12890,29,2026-07-28,,Monthly,1,259.16,Active
513796,14238,13,2025-03-04,,Monthly,4,424.69,Active
513797,17123,19,2024-08-31,,Monthly,2,145.88,Active
513798,10909,19,2025-07-15,,Monthly,1,82.68,Active
513799,18468,30,2025-10-09,2026-01-12,Annual,2,1451.06,Expired
513800,16142,28,2025-04-29,2025-06-10,Monthly,1,117.41,Expired
513801,14360,12,2025-08-11,2025-12-18,Annual,1,1074.18,Cancelled
513802,14010,21,2025-08-10,,Annual,1,892.66,Active
513803,10002,3,2025-12-08,,Monthly,1,768.69,Active
513804,15926,16,2025-05-20,2026-07-23,Monthly,4,389.98,Expired
513805,18842,19,2025-04-24,,Annual,1,75.6,Active
513806,13624,10,2025-06-14,2025-07-23,Monthly,2,248.67,Expired
513807,19001,10,2026-03-01,2026-08-12,Annual,1,99.39,Cancelled
513808,15836,23,2026-02-28,2026-08-31,Monthly,1,336.91,Cancelled
513809,15925,23,2025-11-01,2026-08-31,Monthly,1,378.12,Cancelled
513810,16539,11,2025-12-18,2026-04-03,Monthly,1,350.77,Cancelled
513811,12407,10,2025-07-26,,Monthly,2,205.43,Active
513812,17176,30,2025-01-30,,Monthly,3,2350.56,Active
513813,19681,15,2025-12-01,2026-08-31,Monthly,3,2292.91,Cancelled
513814,18230,4,2026-02-20,,Monthly,1,104.36,Active
513815,14358,13,2025-04-29,2026-04-15,Monthly,2,203.45,Cancelled
513816,17623,19,2026-04-23,2026-08-31,Monthly,4,319.14,Cancelled
513817,19091,23,2026-01-10,2026-08-31,Monthly,2,737.64,Cancelled
513818,18286,22,2024-06-11,2024-09-21,Monthly,1,118.31,Cancelled
513819,12427,27,2026-06-25,,Annual,1,1051.02,Active
513820,10472,9,2026-08-31,,Monthly,6,4907.13,Active
513821,19129,5,2025-09-02,,Monthly,1,244.36,Active
513822,11791,1,2024-05-14,2025-01-01,Monthly,2,194.06,Cancelled
513823,17518,30,2025-11-16,2026-08-31,Monthly,1,707.33,Cancelled
513824,11610,9,2024-04-11,2025-09-12,Annual,1,922.88,Cancelled
513825,14438,20,2026-05-13,2026-08-31,Monthly,2,579.66,Expired
513826,12596,30,2025-07-17,,Monthly,1,745.9,Active
513827,10463,24,2024-07-20,,Annual,3,2327.02,Active
513828,17096,9,2024-11-23,2025-02-22,Monthly,3,3003.53,Expired
513829,13813,5,2026-03-03,2026-08-31,Annual,1,260.56,Cancelled
513830,17717,1,2025-06-24,2025-10-05,Monthly,4,401.43,Expired
513831,18620,9,2025-04-08,,Monthly,2,1657.88,Active
513832,11982,11,2026-01-21,,Annual,1,322.35,Active
513833,16736,30,2026-06-19,,Monthly,3,2089.51,Active
513834,15379,27,2026-08-31,,Monthly,4,3632.77,Active
513835,12982,13,2024-10-31,2025-06-14,Monthly,1,100.64,Cancelled
513836,13646,7,2025-06-19,2026-02-02,Monthly,3,330.02,Expired
513837,16007,4,2024-09-30,2025-12-28,Monthly,1,101.69,Expired
513838,19749,12,2025-09-17,,Monthly,3,3081.91,Active
513839,19331,10,2026-03-24,,Monthly,1,115.37,Active
513840,13441,4,2024-04-23,,Monthly,1,110.27,Active
513841,13962,29,2024-10-17,,Monthly,1,279.48,Active
513842,19882,1,2024-11-13,,Annual,1,109.59,Active
513843,12263,6,2026-08-31,2026-08-31,Monthly,1,739.2,Expired
513844,17314,13,2026-02-23,,Monthly,1,106.22,Active
513845,18465,19,2024-11-03,,Annual,1,90.34,Active
513846,10604,14,2024-05-16,,Monthly,2,589.06,Active
513847,15396,20,2026-03-13,,Monthly,1,248.94,Active
513848,11279,15,2024-05-06,2025-02-12,Annual,1,749.99,Expired
513849,15714,12,2024-10-01,2025-01-13,Monthly,1,989.68,Expired
513850,14857,27,2025-10-30,2026-05-17,Monthly,2,2221.81,Cancelled
513851,19254,19,2024-12-09,,Annual,1,89.6,Active
513852,10544,5,2024-09-07,,Monthly,1,230.45,Active
513853,14031,16,2025-02-06,,Monthly,4,477.17,Active
513854,16339,6,2025-03-18,,Monthly,1,899.2,Active
513855,17323,29,2025-08-12,,Monthly,1,258.49,Active
513856,15416,23,2026-01-09,2026-08-31,Annual,3,898.79,Expired
513857,18657,23,2026-07-13,,Monthly,3,1005.62,Active
513858,11868,6,2024-10-22,,Monthly,4,3024.58,Active
513859,15971,26,2024-09-25,2025-06-09,Monthly,1,229.34,Expired
513860,14675,4,2025-07-08,,Monthly,1,117.55,Active
513861,16060,3,2026-08-07,,Monthly,1,748.83,Active
513862,15768,29,2024-11-24,,Monthly,2,622.37,Active
513863,14945,13,2025-08-26,,Monthly,2,239.08,Active
513864,10290,14,2024-01-23,,Monthly,3,844.27,Active
513865,10903,17,2026-05-28,2026-08-31,Monthly,2,532.36,Cancelled
513866,18778,30,2025-09-14,,Annual,1,754.54,Active
513867,12847,15,2025-01-04,,Monthly,2,1569.78,Active
513868,14645,1,2025-07-03,2026-05-31,Monthly,1,99.45,Cancelled
513869,13827,13,2024-06-18,2025-08-14,Monthly,2,207.95,Expired
513870,12924,14,2025-06-13,2026-03-17,Annual,1,299.97,Expired
513871,12535,29,2026-08-31,,Monthly,1,285.88,Active
513872,15622,6,2025-12-15,,Monthly,1,903.85,Active
513873,12734,21,2024-05-09,,Monthly,2,1902.58,Active
513874,19247,28,2025-01-25,,Annual,1,100.17,Active
513875,18726,23,2025-09-27,,Monthly,2,680.7,Active
513876,13333,2,2025-06-07,2026-05-13,Monthly,1,308.79,Cancelled
513877,15902,17,2024-10-24,,Monthly,1,301.72,Active
513878,19510,17,2025-04-08,,Annual,1,247.25,Active
513879,19419,19,2025-06-27,2026-02-01,Annual,1,89.37,Cancelled
513880,13667,26,2024-11-14,,Annual,1,269.27,Active
513881,14527,28,2026-03-22,,Annual,2,203.22,Active
513882,17477,24,2026-02-12,2026-08-31,Monthly,2,1665.94,Cancelled
513883,16298,26,2024-09-27,,Monthly,2,526.45,Active
513884,14706,28,2025-02-25,,Annual,1,108.56,Active
513885,15717,5,2026-08-21,,Monthly,1,223.23,Active
513886,10594,16,2026-06-28,,Monthly,2,228.32,Active
513887,19413,20,2025-10-04,2026-08-31,Monthly,3,842.43,Cancelled
513888,17657,15,2026-03-22,,Annual,1,798.58,Active
513889,11179,21,2025-06-05,,Monthly,1,905.29,Active
513890,11130,24,2026-08-24,2026-08-31,Monthly,3,2530.46,Cancelled
513891,13116,2,2025-09-08,,Monthly,1,301.78,Active
513892,19883,15,2025-10-06,,Monthly,1,682.12,Active
513893,17520,19,2026-08-24,2026-08-31,Monthly,1,72.94,Expired
513894,19374,2,2025-06-29,,Monthly,1,342.32,Active
513895,17749,25,2025-11-12,,Annual,1,114.71,Active
513896,17556,30,2024-06-17,,Monthly,1,671.78,Active
513897,11092,8,2026-04-14,,Monthly,2,584.03,Active
513898,11593,24,2026-08-05,2026-08-31,Monthly,3,2469.04,Cancelled
513899,15541,10,2024-07-05,,Monthly,1,118.08,Active
513900,14141,29,2024-08-23,2025-05-18,Monthly,2,539.24,Cancelled
513901,12476,26,2024-06-25,,Monthly,1,249.36,Active
513902,13979,12,2026-03-03,,Monthly,1,1034.76,Active
513903,18479,19,2024-11-02,,Annual,1,78.37,Active
513904,10873,20,2024-10-11,,Annual,1,257.86,Active
513905,17593,29,2025-03-14,2025-05-08,Monthly,2,566.21,Expired
513906,16360,25,2025-02-17,2025-04-27,Monthly,2,201.66,Expired
513907,15559,28,2025-10-20,,Monthly,1,111.66,Active
513908,12714,23,2025-08-01,2026-05-16,Monthly,1,342.15,Cancelled
513909,16269,1,2024-10-04,,Monthly,1,99.42,Active
513910,16122,24,2024-07-06,,Monthly,2,1794.07,Active
513911,19263,9,2026-05-12,,Monthly,1,894.44,Active
513912,16021,18,2025-03-10,2026-07-21,Monthly,1,862.11,Cancelled
513913,10035,6,2025-08-20,2026-08-13,Monthly,2,1527.83,Expired
513914,18160,26,2026-04-15,2026-08-25,Monthly,2,456.1,Expired
513915,16311,7,2026-05-23,,Annual,2,192.72,Active
513916,10846,20,2025-11-10,2026-07-08,Monthly,1,253.88,Cancelled
513917,10733,22,2026-08-31,,Monthly,2,204.2,Active
513918,14236,1,2026-08-31,,Monthly,2,210.37,Active
513919,19510,19,2025-04-04,,Monthly,4,307.09,Active
513920,10693,22,2025-11-27,2026-02-03,Monthly,2,199.48,Expired
513921,13589,20,2025-07-08,2025-11-15,Monthly,1,237.1,Cancelled
513922,18047,17,2024-08-08,,Monthly,2,611.13,Active
513923,12597,25,2025-05-13,,Monthly,1,114.45,Active
513924,13507,11,2026-05-06,,Monthly,2,649.45,Active
513925,10051,4,2024-10-02,,Monthly,1,106.84,Active
513926,17919,21,2025-02-13,2026-04-26,Monthly,2,1555.95,Cancelled
513927,10112,11,2026-05-06,,Monthly,1,354.51,Active
513928,17799,13,2024-07-04,2025-01-06,Monthly,1,98.84,Cancelled
513929,19695,11,2025-06-30,2025-08-10,Annual,1,342.32,Expired
513930,12331,18,2026-08-13,2026-08-31,Monthly,1,789.25,Expired
513931,17779,4,2026-05-16,2026-08-31,Monthly,1,121.56,Expired
513932,18359,10,2025-09-19,2026-04-14,Annual,1,106.0,Expired
513933,19404,26,2025-10-16,,Annual,3,701.8,Active
513934,11745,22,2026-04-24,,Annual,2,191.01,Active
513935,13889,26,2024-11-17,,Annual,1,275.81,Active
513936,19639,6,2026-05-15,2026-08-31,Monthly,1,831.19,Cancelled
513937,13061,24,2024-11-13,,Monthly,1,849.81,Active
513938,15567,30,2026-07-03,,Monthly,5,3509.46,Active
513939,17356,5,2025-12-13,2026-08-31,Monthly,1,253.61,Cancelled
513940,15548,26,2026-06-21,2026-08-06,Monthly,1,287.24,Cancelled
513941,16867,10,2025-11-11,2026-08-03,Monthly,2,197.93,Expired
513942,14653,7,2024-09-16,2026-02-04,Annual,1,109.57,Cancelled
513943,19520,7,2025-10-06,,Monthly,1,112.59,Active
513944,11358,6,2025-05-29,,Monthly,1,789.05,Active
513945,12130,28,2025-08-11,2026-05-10,Monthly,1,104.98,Cancelled
513946,14093,23,2025-04-27,,Monthly,1,356.65,Active
513947,15688,16,2026-08-31,,Monthly,3,300.22,Active
513948,17418,16,2026-03-31,,Annual,1,106.08,Active
513949,15882,6,2026-08-31,,Monthly,1,779.0,Active
513950,14151,22,2026-06-01,,Monthly,2,195.13,Active
513951,17114,6,2025-01-27,,Monthly,1,918.08,Active
513952,13627,24,2025-05-14,,Monthly,1,870.9,Active
513953,19678,9,2026-08-31,,Monthly,1,931.26,Active
513954,17325,22,2026-02-20,2026-08-31,Monthly,3,315.98,Expired
513955,19193,22,2025-04-11,2026-07-28,Monthly,2,217.03,Expired
513956,18415,14,2025-08-09,,Monthly,1,292.25,Active
513957,17450,16,2025-07-02,,Monthly,1,117.08,Active
513958,14832,30,2024-06-29,,Monthly,1,735.39,Active
513959,13831,25,2025-03-17,2025-05-18,Monthly,1,115.8,Cancelled
513960,15339,29,2025-09-19,2026-08-31,Annual,2,575.87,Expired
513961,13765,18,2024-10-13,2024-12-30,Monthly,1,843.32,Expired
513962,16068,16,2026-08-31,,Monthly,2,221.36,Active
513963,16762,15,2024-12-12,,Monthly,2,1342.6,Active
513964,13602,13,2025-09-12,2026-08-31,Monthly,2,214.32,Cancelled
513965,13710,18,2024-06-01,,Annual,1,840.8,Active
513966,16008,11,2026-07-06,2026-08-31,Monthly,2,606.59,Cancelled
513967,17468,25,2024-06-24,,Monthly,3,335.61,Active
513968,11044,14,2025-11-04,,Monthly,1,286.61,Active
513969,19335,22,2024-12-16,,Monthly,1,104.9,Active
513970,19561,24,2024-03-21,,Monthly,4,3665.73,Active
513971,16097,15,2025-05-19,,Monthly,1,705.16,Active
513972,16769,25,2024-06-24,,Monthly,2,199.67,Active
513973,16574,24,2026-03-30,2026-08-31,Monthly,2,1694.56,Cancelled
513974,18482,23,2025-08-03,,Monthly,4,1424.78,Active
513975,16809,4,2025-12-19,2026-08-31,Monthly,6,697.14,Cancelled
513976,17674,28,2025-01-28,2025-03-21,Annual,4,377.4,Expired
513977,16133,1,2024-10-12,,Monthly,1,119.59,Active
513978,13388,30,2026-05-23,2026-08-31,Monthly,1,824.34,Expired
513979,15132,20,2025-05-24,,Monthly,1,288.14,Active
513980,11484,13,2025-04-30,2025-11-03,Monthly,1,113.71,Cancelled
513981,18055,28,2024-04-23,,Monthly,1,97.66,Active
513982,12884,10,2026-08-31,2026-08-31,Monthly,1,115.92,Expired
513983,10881,7,2026-05-13,2026-08-21,Annual,1,96.51,Expired
513984,17168,30,2024-10-27,,Monthly,2,1528.58,Active
513985,17101,8,2025-02-06,,Annual,3,932.39,Active
513986,17316,14,2026-04-25,,Monthly,1,290.87,Active
513987,11836,27,2025-02-15,,Monthly,2,1830.6,Active
513988,17716,18,2025-08-28,,Annual,1,929.74,Active
513989,17959,19,2024-06-18,,Annual,3,253.44,Active
513990,15822,6,2025-07-01,,Monthly,1,923.92,Active
513991,16148,22,2024-05-24,2024-08-27,Monthly,3,347.52,Cancelled
513992,11216,12,2026-08-31,2026-08-31,Monthly,1,1114.03,Cancelled
513993,14097,15,2025-04-20,,Monthly,5,3976.38,Active
513994,18188,12,2025-09-18,2026-01-20,Monthly,2,2352.88,Expired
513995,14233,29,2025-12-04,2026-08-31,Monthly,1,308.4,Expired
513996,18561,5,2026-08-20,2026-08-31,Monthly,1,218.69,Cancelled
513997,12234,19,2025-03-30,2025-06-09,Annual,1,87.35,Cancelled
513998,13183,5,2025-08-31,,Annual,1,265.85,Active
513999,13459,3,2026-08-31,,Monthly,2,1324.73,Active
514000,15829,5,2026-08-31,2026-08-31,Monthly,2,499.36,Cancelled
514001,11575,2,2024-10-17,,Monthly,1,339.01,Active
514002,10678,20,2025-06-03,,Monthly,3,803.16,Active
514003,13356,19,2024-11-23,2026-03-18,Monthly,1,84.93,Cancelled
514004,11869,28,2024-08-12,,Monthly,1,104.04,Active
514005,14624,11,2025-03-19,,Annual,1,362.51,Active
514006,10284,23,2026-08-31,,Monthly,2,662.75,Active
514007,12232,6,2026-04-13,2026-08-31,Monthly,2,1787.23,Cancelled
514008,12594,10,2025-08-17,2026-03-09,Annual,1,120.96,Cancelled
514009,10075,10,2026-08-31,2026-08-31,Monthly,3,319.33,Expired
514010,14798,29,2024-09-24,2025-07-16,Monthly,2,622.68,Cancelled
514011,18150,30,2025-06-01,,Monthly,2,1417.45,Active
514012,19682,25,2025-10-05,,Monthly,1,105.78,Active
514013,18015,9,2026-04-15,,Annual,1,847.87,Active
514014,18139,18,2025-08-09,,Annual,4,3481.42,Active
514015,19078,25,2025-01-11,2025-05-28,Monthly,1,94.09,Expired
514016,13731,24,2026-01-05,2026-05-22,Monthly,1,873.15,Expired
514017,11602,11,2026-06-10,2026-08-31,Monthly,1,315.51,Expired
514018,19138,1,2024-07-18,,Monthly,5,553.41,Active
514019,11306,4,2026-05-04,2026-08-31,Monthly,3,304.84,Expired
514020,16544,22,2024-10-20,2025-06-12,Monthly,1,98.26,Expired
514021,12229,8,2024-08-03,,Monthly,2,555.57,Active
514022,16630,30,2025-05-31,,Monthly,2,1500.27,Active
514023,10730,8,2025-12-15,,Monthly,2,588.39,Active
514024,15078,26,2026-07-29,2026-08-31,Monthly,2,523.48,Cancelled
514025,16445,29,2024-07-22,2026-01-10,Monthly,1,257.14,Cancelled
514026,18428,9,2026-07-14,,Annual,1,927.06,Active
514027,16728,5,2025-04-28,,Monthly,1,255.86,Active
514028,15498,26,2024-09-23,2026-01-03,Monthly,2,458.39,Expired
514029,12661,9,2024-11-25,2025-08-18,Monthly,5,4070.24,Expired
514030,18381,4,2024-11-27,2026-01-07,Monthly,1,110.4,Cancelled
514031,17089,16,2025-04-11,,Monthly,1,98.47,Active
514032,13647,16,2026-03-25,,Monthly,2,192.12,Active
514033,12818,7,2026-05-29,,Monthly,1,99.85,Active
514034,11922,3,2026-08-31,,Monthly,1,763.14,Active
514035,17702,12,2025-08-12,2025-10-17,Annual,2,1921.86,Cancelled
514036,18964,9,2024-05-27,2024-06-28,Monthly,1,1010.94,Cancelled
514037,13081,5,2026-07-14,,Monthly,2,517.8,Active
514038,11928,29,2025-07-11,,Monthly,1,323.76,Active
514039,14355,18,2026-08-31,2026-08-31,Monthly,1,969.03,Cancelled
514040,18015,9,2026-05-10,2026-08-31,Monthly,1,889.28,Expired
514041,18809,11,2026-01-07,,Monthly,2,587.13,Active
514042,19750,12,2026-02-25,,Monthly,3,3359.56,Active
514043,17618,18,2025-11-22,,Monthly,2,1808.41,Active
514044,15932,10,2024-05-24,,Monthly,3,360.11,Active
514045,11478,5,2026-02-13,2026-08-31,Annual,4,1089.03,Expired
514046,18337,20,2026-08-31,2026-08-31,Monthly,1,237.99,Cancelled
514047,13784,25,2024-04-11,2024-08-23,Annual,1,106.27,Expired
514048,12348,11,2026-04-16,2026-08-31,Monthly,1,357.94,Expired
514049,12855,18,2024-06-27,,Monthly,1,869.38,Active
514050,14865,15,2024-09-21,,Monthly,1,715.38,Active
514051,14382,4,2025-11-07,2026-08-31,Monthly,4,391.4,Expired
514052,19721,24,2026-08-31,2026-08-31,Annual,1,755.95,Expired
514053,12359,14,2024-05-28,2025-08-28,Annual,3,947.45,Expired
514054,14179,14,2024-08-02,2025-05-25,Monthly,1,267.36,Expired
514055,10414,29,2024-12-31,,Annual,1,317.19,Active
514056,12020,11,2025-03-30,,Monthly,2,644.73,Active
514057,19338,12,2025-10-22,,Monthly,1,1010.43,Active
514058,19820,10,2025-09-25,,Monthly,2,246.94,Active
514059,19500,25,2025-10-20,2026-08-31,Monthly,1,108.01,Expired
514060,10994,14,2024-11-09,2025-08-09,Monthly,2,527.82,Expired
514061,13438,10,2025-03-13,,Monthly,4,445.51,Active
514062,19696,7,2024-10-06,,Monthly,2,193.63,Active
514063,15163,4,2026-04-08,2026-08-31,Annual,1,105.3,Cancelled
514064,14303,17,2026-05-06,2026-08-31,Annual,1,241.65,Cancelled
514065,16246,26,2025-10-18,,Monthly,1,245.73,Active
514066,16938,26,2026-08-17,2026-08-31,Monthly,1,277.15,Expired
514067,12205,2,2026-05-28,,Monthly,1,334.21,Active
514068,17559,17,2025-06-30,2026-08-17,Monthly,2,498.5,Cancelled
514069,18202,29,2025-07-31,,Monthly,1,273.19,Active
514070,14732,7,2026-02-19,2026-08-31,Monthly,1,102.1,Expired
514071,12465,27,2025-01-29,,Monthly,2,1777.55,Active
514072,18198,24,2025-06-11,,Monthly,2,1667.5,Active
514073,13228,25,2024-06-15,2025-04-13,Monthly,1,93.88,Expired
514074,16178,12,2026-04-19,,Monthly,3,3414.15,Active
514075,11331,5,2024-11-28,,Annual,1,261.37,Active
514076,19667,1,2025-08-10,2025-10-23,Monthly,2,219.9,Cancelled
514077,11537,25,2026-05-29,2026-08-31,Monthly,2,200.03,Cancelled
514078,18652,29,2026-08-31,2026-08-31,Monthly,1,293.77,Cancelled
514079,15918,28,2025-04-02,,Annual,1,116.65,Active
514080,14052,5,2024-11-02,,Monthly,1,261.69,Active
514081,19732,2,2025-01-23,2025-04-20,Monthly,2,749.04,Cancelled
514082,12915,14,2024-07-23,2024-12-29,Annual,3,927.49,Cancelled
514083,10737,26,2024-09-13,,Monthly,1,267.63,Active
514084,17570,21,2026-08-31,,Annual,2,1741.27,Active
514085,11405,27,2025-12-13,2026-06-08,Annual,2,1902.64,Expired
514086,10753,4,2024-05-17,,Annual,1,118.93,Active
514087,14377,3,2025-04-21,,Monthly,1,763.58,Active
514088,17834,4,2024-03-01,2024-05-11,Monthly,1,120.89,Expired
514089,15692,19,2025-11-12,,Monthly,1,88.06,Active
514090,19759,28,2025-09-08,2026-02-21,Monthly,1,99.71,Cancelled
514091,13440,25,2025-08-17,,Monthly,2,204.24,Active
514092,11908,10,2026-08-31,,Monthly,2,238.35,Active
514093,11048,1,2025-03-22,2025-11-14,Monthly,1,108.06,Cancelled
514094,10522,19,2026-08-28,,Monthly,1,76.1,Active
514095,18757,10,2025-01-14,,Monthly,2,245.85,Active
514096,13133,27,2024-09-23,,Monthly,1,1009.03,Active
514097,16163,30,2025-10-11,2026-07-27,Monthly,2,1514.53,Cancelled
514098,16243,8,2026-01-09,,Monthly,2,558.05,Active
514099,18957,7,2026-01-02,,Monthly,3,307.75,Active
514100,14696,28,2025-02-09,2025-10-10,Monthly,3,302.74,Expired
514101,16169,5,2024-10-01,,Monthly,1,237.68,Active
514102,12097,5,2025-09-02,,Annual,1,224.69,Active
514103,14314,30,2024-09-09,2025-01-27,Monthly,1,728.37,Expired
514104,11682,22,2025-05-22,2026-08-31,Monthly,2,207.95,Expired
514105,14773,8,2024-07-12,,Monthly,1,307.54,Active
514106,13026,7,2025-08-15,2026-08-05,Monthly,1,107.45,Expired
514107,15884,20,2025-09-10,,Annual,1,278.6,Active
514108,19695,22,2025-06-27,,Monthly,3,337.6,Active
514109,10825,24,2024-09-04,2025-08-02,Monthly,2,1599.39,Cancelled
514110,19705,12,2024-05-31,,Annual,2,2325.36,Active
514111,12743,1,2026-04-20,2026-08-31,Monthly,5,492.3,Cancelled
514112,11747,3,2024-06-06,2025-04-22,Monthly,2,1484.37,Cancelled
514113,18717,16,2024-10-13,2025-12-12,Monthly,3,352.9,Expired
514114,11213,1,2025-08-05,,Annual,1,119.04,Active
514115,19988,2,2024-07-15,,Monthly,1,365.05,Active
514116,16043,11,2024-12-09,2025-03-12,Annual,1,347.97,Expired
514117,15426,27,2026-08-31,,Monthly,1,1033.55,Active
514118,10772,19,2026-02-22,,Monthly,1,80.62,Active
514119,16491,6,2025-01-12,,Annual,3,2471.33,Active
514120,15921,28,2025-06-23,,Monthly,4,477.52,Active
514121,17720,25,2025-07-13,2025-09-22,Monthly,1,95.86,Cancelled
514122,18925,26,2026-08-31,,Monthly,1,283.41,Active
514123,19317,1,2024-05-11,2025-09-13,Monthly,1,98.63,Expired
514124,17497,9,2025-10-13,2026-01-17,Annual,1,883.0,Expired
514125,10094,12,2025-07-20,,Monthly,1,1145.53,Active
514126,17631,8,2025-12-15,2026-08-31,Annual,1,281.79,Cancelled
514127,16989,27,2025-03-03,,Monthly,1,984.77,Active
514128,19046,19,2026-04-08,2026-08-31,Annual,2,151.17,Cancelled
514129,15519,29,2024-06-02,,Annual,1,279.04,Active
514130,14397,6,2025-02-20,,Monthly,1,928.78,Active
514131,11616,26,2026-04-12,,Monthly,1,257.18,Active
514132,15444,24,2024-05-02,,Monthly,2,1526.41,Active
514133,19214,27,2026-07-10,,Monthly,1,1053.23,Active
514134,11346,3,2024-09-28,,Monthly,3,2122.07,Active
514135,16758,12,2024-03-20,2025-02-06,Monthly,1,1056.21,Cancelled
514136,15118,18,2026-06-18,,Monthly,3,2327.99,Active
514137,13786,22,2026-06-04,,Monthly,1,99.13,Active
514138,13496,19,2025-07-01,,Monthly,1,83.43,Active
514139,10289,8,2026-08-31,,Annual,1,291.72,Active
514140,13264,4,2026-08-31,,Annual,1,100.52,Active
514141,15371,28,2025-04-10,,Annual,2,213.54,Active
514142,15883,9,2025-11-03,,Monthly,1,850.9,Active
514143,18492,2,2024-06-14,,Monthly,1,358.16,Active
514144,19090,7,2026-03-12,,Annual,3,316.0,Active
514145,18573,20,2026-08-27,2026-08-31,Monthly,1,270.79,Cancelled
514146,13111,23,2026-04-27,,Monthly,1,348.87,Active
514147,19737,11,2025-01-17,2026-06-04,Monthly,1,333.47,Cancelled
514148,14141,20,2024-12-02,,Monthly,1,239.19,Active
514149,11936,11,2025-06-07,,Monthly,4,1202.07,Active
514150,10100,2,2026-08-04,,Annual,1,346.41,Active
514151,18159,22,2024-09-05,2025-01-13,Annual,1,99.41,Expired
514152,16456,1,2025-07-27,,Monthly,1,108.54,Active
514153,17860,6,2026-08-31,,Annual,1,870.0,Active
514154,11608,20,2025-09-21,2026-04-07,Annual,2,569.62,Cancelled
514155,17777,12,2026-08-31,,Monthly,1,1070.2,Active
514156,15366,25,2024-09-16,2025-08-28,Monthly,3,285.28,Cancelled
514157,13770,2,2026-03-27,2026-08-31,Monthly,1,354.37,Cancelled
514158,15564,17,2025-07-30,2026-04-10,Monthly,2,527.77,Cancelled
514159,15499,30,2026-08-09,,Monthly,1,726.25,Active
514160,17464,9,2025-04-15,,Monthly,1,929.32,Active
514161,17354,18,2024-09-15,,Monthly,3,2597.94,Active
514162,11094,28,2026-07-16,,Monthly,2,211.47,Active
514163,10691,5,2024-03-03,2025-07-23,Monthly,3,729.42,Cancelled
514164,14542,15,2025-11-16,,Monthly,1,706.81,Active
514165,16060,28,2026-08-20,2026-08-31,Monthly,1,117.84,Cancelled
514166,19055,24,2025-07-12,,Annual,1,790.79,Active
514167,16789,13,2024-10-12,2026-01-11,Monthly,1,121.79,Expired
514168,16458,20,2024-07-31,,Monthly,1,275.12,Active
514169,14961,23,2024-11-17,,Annual,1,347.17,Active
514170,11593,19,2026-06-16,,Annual,2,176.42,Active
514171,18920,7,2024-08-31,,Monthly,1,108.58,Active
514172,11743,19,2026-07-27,2026-08-31,Monthly,3,238.74,Expired
514173,18333,20,2026-03-08,,Monthly,1,273.63,Active
514174,14772,22,2025-08-06,,Annual,2,223.52,Active
514175,19023,29,2024-06-30,2024-12-12,Annual,1,279.94,Expired
514176,11222,24,2024-10-29,,Monthly,1,749.64,Active
514177,18060,7,2024-10-26,2025-06-12,Monthly,2,196.39,Cancelled
514178,13285,15,2025-03-22,,Monthly,2,1355.4,Active
514179,16791,1,2025-09-14,2026-07-24,Monthly,1,103.44,Cancelled
514180,14034,9,2026-08-31,,Monthly,1,808.74,Active
514181,19632,23,2025-09-26,,Monthly,1,336.7,Active
514182,18411,13,2026-03-20,,Monthly,1,105.67,Active
514183,13241,18,2026-08-31,2026-08-31,Monthly,3,2629.46,Cancelled
514184,13619,23,2026-01-03,,Monthly,2,737.62,Active
514185,19748,21,2025-02-04,2025-06-13,Monthly,2,1713.45,Expired
514186,11895,14,2025-12-28,2026-06-04,Monthly,2,594.32,Expired
514187,12699,16,2024-06-15,2025-12-04,Monthly,1,97.08,Expired
514188,19529,19,2026-08-31,2026-08-31,Monthly,1,91.63,Expired
514189,11933,16,2025-04-03,,Annual,3,344.01,Active
514190,14060,21,2025-04-14,,Monthly,1,905.91,Active
514191,18728,24,2024-11-26,,Monthly,1,810.6,Active
514192,11881,9,2026-05-31,2026-08-31,Monthly,1,904.78,Cancelled
514193,18617,13,2025-03-15,,Monthly,1,113.78,Active
514194,19531,26,2024-10-24,2025-12-10,Monthly,1,267.1,Cancelled
514195,12462,17,2025-08-22,2026-02-02,Monthly,1,244.45,Cancelled
514196,18059,20,2025-12-25,,Monthly,1,236.66,Active
514197,13668,10,2024-06-09,,Monthly,2,226.6,Active
514198,15501,17,2024-07-09,2025-06-18,Monthly,1,265.7,Cancelled
514199,11417,23,2024-10-21,,Monthly,1,307.31,Active
514200,16231,9,2025-01-13,,Monthly,3,2510.65,Active
514201,11946,17,2025-05-12,2026-08-01,Monthly,1,270.43,Cancelled
514202,16991,29,2024-05-12,,Monthly,1,324.77,Active
514203,13611,24,2025-12-15,,Monthly,2,1612.9,Active
514204,18856,1,2024-08-05,2024-11-17,Monthly,2,219.73,Expired
514205,11607,2,2026-07-19,,Annual,2,654.63,Active
514206,14258,6,2025-01-26,2025-04-27,Monthly,2,1683.23,Cancelled
514207,11440,9,2026-08-27,2026-08-31,Monthly,1,905.69,Cancelled
514208,10388,15,2025-02-02,,Monthly,2,1680.55,Active
514209,13348,24,2024-11-27,2026-03-18,Monthly,1,797.99,Cancelled
514210,19631,6,2025-01-03,,Annual,2,1647.83,Active
514211,18011,7,2024-07-11,2025-02-05,Monthly,1,111.68,Expired
514212,17614,15,2025-09-21,2026-08-31,Monthly,1,732.64,Expired
514213,18759,6,2025-03-22,,Monthly,1,772.28,Active
514214,11934,18,2026-08-31,,Monthly,3,2840.66,Active
514215,12794,28,2024-08-18,,Monthly,2,236.05,Active
514216,12934,21,2025-04-22,,Annual,2,1654.33,Active
514217,19253,22,2024-06-02,2025-07-23,Monthly,1,107.78,Cancelled
514218,19688,12,2026-08-31,2026-08-31,Annual,2,2356.51,Expired
514219,10061,14,2026-08-31,2026-08-31,Monthly,1,268.13,Cancelled
514220,16448,16,2024-05-09,,Monthly,3,306.38,Active
514221,12991,19,2025-08-14,2026-05-12,Monthly,1,80.09,Expired
514222,12356,19,2025-06-03,,Monthly,1,87.36,Active
514223,15860,26,2025-12-09,,Annual,1,255.69,Active
514224,11135,19,2025-11-10,,Annual,1,86.35,Active
514225,18954,9,2025-10-27,,Monthly,3,3018.25,Active
514226,13268,3,2026-03-01,2026-08-31,Monthly,2,1318.99,Cancelled
514227,18877,7,2024-11-21,2026-05-11,Monthly,1,112.21,Cancelled
514228,11085,9,2025-10-29,2026-08-31,Monthly,1,977.68,Cancelled
514229,17764,18,2024-10-09,2025-11-19,Monthly,2,1653.92,Cancelled
514230,10461,11,2024-07-03,,Monthly,1,310.7,Active
514231,14236,8,2026-07-17,,Monthly,2,626.43,Active
514232,11962,26,2024-05-09,,Monthly,4,1000.3,Active
514233,18932,9,2025-10-05,,Monthly,2,1929.79,Active
514234,13104,6,2026-01-28,,Monthly,1,871.77,Active
514235,10226,27,2025-01-23,2025-05-08,Monthly,2,2064.4,Expired
514236,17028,2,2025-06-13,,Annual,1,326.51,Active
514237,10407,3,2026-07-07,,Monthly,1,685.04,Active
514238,17405,11,2025-01-28,2025-09-09,Annual,2,619.77,Cancelled
514239,16875,16,2026-06-23,,Monthly,1,114.28,Active
514240,17187,21,2025-11-15,,Monthly,1,853.43,Active
514241,11920,12,2025-05-06,2025-07-02,Monthly,1,1190.42,Cancelled
514242,16851,20,2024-11-05,,Annual,1,279.24,Active
514243,19955,19,2026-05-13,2026-07-22,Monthly,1,80.77,Expired
514244,11787,21,2024-12-05,2026-03-16,Monthly,1,966.71,Cancelled
514245,15295,5,2024-12-10,2026-05-12,Monthly,1,220.18,Cancelled
514246,13326,28,2026-01-06,,Monthly,5,567.15,Active
514247,11432,18,2026-07-26,2026-08-31,Monthly,1,896.63,Expired
514248,10915,12,2024-03-19,,Monthly,1,1146.34,Active
514249,19543,23,2024-07-25,2025-06-08,Annual,2,708.55,Expired
514250,17813,15,2025-07-21,,Monthly,3,2486.91,Active
514251,13094,12,2026-08-31,,Monthly,1,1068.53,Active
514252,12342,9,2024-10-15,,Monthly,2,1884.98,Active
514253,12811,7,2024-10-05,2025-01-05,Monthly,2,213.56,Expired
514254,12891,9,2025-01-29,,Annual,2,1931.0,Active
514255,11321,19,2026-04-27,,Monthly,1,73.35,Active
514256,15519,5,2024-07-21,2025-03-18,Monthly,2,469.58,Cancelled
514257,18980,29,2024-12-19,,Annual,1,270.28,Active
514258,17377,21,2026-06-29,,Annual,2,1725.43,Active
514259,17640,30,2025-06-13,,Monthly,1,735.87,Active
514260,18838,7,2026-03-29,2026-08-25,Monthly,1,92.75,Cancelled
514261,17913,4,2026-01-20,,Monthly,2,200.16,Active
514262,11786,6,2025-02-01,,Monthly,2,1560.19,Active
514263,14059,1,2025-05-29,,Monthly,1,105.93,Active
514264,12543,9,2024-11-04,,Monthly,1,857.06,Active
514265,16269,18,2024-12-04,,Annual,3,2431.7,Active
514266,19809,4,2024-09-01,2025-07-26,Monthly,1,99.95,Cancelled
514267,16941,9,2025-08-02,,Annual,1,939.43,Active
514268,11698,7,2025-02-27,,Annual,2,184.33,Active
514269,19853,24,2025-12-18,,Monthly,1,848.89,Active
514270,15913,28,2026-02-17,2026-07-24,Monthly,1,103.94,Cancelled
514271,15552,26,2026-01-15,,Monthly,1,267.5,Active
514272,12068,20,2024-11-12,,Monthly,1,274.83,Active
514273,12713,11,2025-01-10,,Monthly,3,990.73,Active
514274,18229,29,2026-04-08,2026-08-31,Monthly,1,288.93,Cancelled
514275,11197,30,2026-03-29,,Monthly,2,1324.67,Active
514276,12066,20,2024-12-09,2025-04-07,Monthly,1,264.64,Cancelled
514277,12427,10,2026-06-29,,Annual,1,119.54,Active
514278,18741,23,2026-08-31,,Annual,3,1103.58,Active
514279,10255,5,2026-08-31,,Monthly,3,812.25,Active
514280,11160,6,2026-08-31,,Monthly,1,903.19,Active
514281,11438,11,2026-05-11,,Monthly,2,623.87,Active
514282,11529,15,2026-08-31,2026-08-31,Annual,1,763.09,Cancelled
514283,15115,24,2025-04-24,,Monthly,1,835.12,Active
514284,18912,21,2025-02-13,2026-02-18,Monthly,2,1563.23,Cancelled
514285,10054,28,2026-01-10,2026-08-31,Monthly,2,237.77,Cancelled
514286,19339,14,2026-07-19,,Annual,1,323.05,Active
514287,10960,25,2026-07-04,,Monthly,1,108.33,Active
514288,12647,19,2025-01-23,,Monthly,3,257.5,Active
514289,10500,27,2024-09-19,,Monthly,2,2103.9,Active
514290,19614,3,2025-02-14,2026-04-16,Annual,1,722.63,Cancelled
514291,15271,10,2024-09-09,,Monthly,1,107.3,Active
514292,17177,23,2025-03-20,2026-06-16,Monthly,1,367.86,Cancelled
514293,10245,26,2024-08-16,2025-08-25,Annual,3,786.26,Expired
514294,15994,3,2025-11-25,,Monthly,1,711.95,Active
514295,15079,26,2025-07-30,,Monthly,1,234.64,Active
514296,13581,15,2024-11-11,,Monthly,1,722.39,Active
514297,16123,22,2026-08-06,,Monthly,2,197.31,Active
514298,13155,8,2024-09-06,2024-12-28,Monthly,3,828.76,Cancelled
514299,12247,27,2025-04-01,,Monthly,1,1091.51,Active
514300,17529,19,2025-12-07,,Monthly,1,87.71,Active
514301,19224,10,2025-04-10,,Monthly,1,108.55,Active
514302,18139,12,2025-08-23,,Monthly,1,1078.11,Active
514303,19789,14,2025-12-01,,Monthly,4,1134.96,Active
514304,14328,17,2024-09-14,,Monthly,2,538.01,Active
514305,19243,8,2026-07-23,,Monthly,1,314.97,Active
514306,19022,1,2025-04-05,,Monthly,1,100.82,Active
514307,19041,17,2026-01-02,2026-08-31,Annual,1,256.7,Cancelled
514308,11560,13,2025-06-07,2026-08-31,Monthly,1,118.96,Expired
514309,10804,2,2024-11-16,2025-08-15,Annual,2,723.82,Cancelled
514310,15706,25,2025-06-10,2026-08-31,Monthly,1,115.21,Cancelled
514311,13258,1,2025-09-02,2025-12-04,Monthly,1,114.81,Cancelled
514312,14130,26,2025-02-08,,Monthly,3,799.27,Active
514313,12586,3,2025-02-25,,Monthly,3,2191.92,Active
514314,11861,28,2026-02-14,2026-08-31,Annual,1,102.61,Cancelled
514315,11948,7,2026-08-31,,Annual,3,346.48,Active
514316,18813,21,2025-10-28,,Monthly,1,808.54,Active
514317,15831,5,2025-07-11,,Monthly,1,241.11,Active
514318,16615,6,2024-12-19,,Monthly,1,936.62,Active
514319,18355,26,2026-06-01,,Monthly,1,252.42,Active
514320,19832,29,2025-03-16,,Monthly,1,299.64,Active
514321,18635,27,2026-05-06,,Monthly,1,1084.01,Active
514322,18916,18,2024-12-03,,Monthly,1,804.57,Active
514323,12214,17,2026-07-01,,Annual,1,244.23,Active
514324,10132,20,2025-10-21,2026-01-11,Monthly,1,237.9,Expired
514325,13736,10,2025-12-16,2026-03-03,Monthly,1,123.08,Expired
514326,14418,18,2025-12-29,2026-08-31,Monthly,1,951.95,Cancelled
514327,17982,8,2026-08-31,2026-08-31,Monthly,1,281.43,Cancelled
514328,11560,29,2025-06-04,,Monthly,1,309.73,Active
514329,17723,14,2026-07-19,2026-08-31,Monthly,1,270.1,Expired
514330,17054,26,2025-03-04,,Monthly,3,741.88,Active
514331,18712,28,2026-06-26,,Monthly,2,225.85,Active
514332,15562,9,2026-04-11,,Monthly,3,2585.48,Active
514333,10957,20,2026-05-12,,Monthly,2,487.66,Active
514334,17910,12,2025-11-10,2026-08-31,Monthly,2,2316.84,Expired
514335,11144,27,2026-07-18,,Monthly,1,998.23,Active
514336,12087,3,2024-09-26,,Monthly,2,1348.78,Active
514337,17589,20,2025-05-22,,Monthly,1,236.95,Active
514338,13713,12,2026-05-29,,Annual,2,1992.73,Active
514339,17256,7,2026-08-29,,Monthly,1,100.34,Active
514340,17793,26,2024-07-26,2025-12-30,Monthly,1,250.5,Cancelled
514341,18270,6,2024-11-21,2026-04-09,Monthly,2,1620.8,Cancelled
514342,13548,1,2024-07-13,2024-09-17,Monthly,1,107.04,Cancelled
514343,19471,21,2024-09-20,,Annual,1,941.84,Active
514344,13127,27,2026-05-17,,Monthly,1,975.2,Active
514345,19779,17,2025-10-29,2026-06-16,Annual,1,303.79,Cancelled
514346,17619,26,2026-03-25,2026-08-31,Monthly,1,281.52,Cancelled
514347,15024,11,2025-07-12,2026-03-04,Annual,1,360.84,Cancelled
514348,18883,17,2026-02-10,2026-08-31,Monthly,1,282.77,Expired
514349,18231,9,2024-08-17,,Monthly,2,1704.21,Active
514350,15886,11,2024-12-04,2026-05-22,Monthly,1,366.09,Cancelled
514351,13866,27,2025-05-23,,Monthly,1,1036.43,Active
514352,19024,30,2026-05-17,,Monthly,3,2380.6,Active
514353,18530,19,2024-11-11,2026-04-23,Monthly,4,338.83,Expired
514354,19521,8,2025-04-11,,Monthly,4,1227.84,Active
514355,17317,30,2026-08-17,,Monthly,1,680.15,Active
514356,17008,28,2024-12-02,,Monthly,1,94.1,Active
514357,15499,16,2026-08-28,2026-08-31,Monthly,1,118.46,Cancelled
514358,18881,21,2025-09-05,,Monthly,3,2384.81,Active
514359,13538,16,2026-08-31,2026-08-31,Monthly,2,219.44,Expired
514360,12627,5,2024-08-18,,Annual,1,264.51,Active
514361,18399,20,2026-07-25,,Monthly,2,520.11,Active
514362,14938,11,2026-07-23,,Annual,3,932.27,Active
514363,17517,23,2024-05-23,2025-03-06,Monthly,3,1022.84,Cancelled
514364,14183,16,2024-09-09,2025-04-22,Monthly,1,113.97,Expired
514365,15983,29,2025-05-06,,Monthly,2,512.87,Active
514366,11966,4,2026-03-25,,Monthly,1,106.36,Active
514367,15766,1,2026-05-08,,Monthly,1,116.39,Active
514368,15823,15,2024-08-31,,Monthly,1,693.94,Active
514369,11595,7,2026-03-13,,Monthly,1,100.62,Active
514370,12852,10,2024-04-22,,Annual,2,230.72,Active
514371,15473,12,2025-08-08,,Monthly,1,1001.41,Active
514372,18470,22,2026-03-12,2026-08-31,Monthly,1,103.6,Expired
514373,11797,19,2024-10-12,,Annual,1,85.59,Active
514374,13565,15,2026-08-31,,Monthly,1,842.49,Active
514375,11859,1,2024-03-31,,Monthly,2,230.23,Active
514376,16552,28,2025-05-04,,Annual,2,216.76,Active
514377,14190,26,2025-11-08,2026-04-25,Monthly,2,521.37,Cancelled
514378,17788,8,2026-01-28,,Annual,3,826.3,Active
514379,19134,21,2026-07-26,2026-08-31,Monthly,3,2679.04,Expired
514380,16019,13,2024-05-30,,Monthly,1,110.74,Active
514381,15563,20,2025-06-16,,Monthly,2,561.98,Active
514382,18109,10,2025-05-02,2026-03-22,Monthly,2,224.2,Expired
514383,16273,23,2025-01-30,2026-02-10,Monthly,1,369.08,Expired
514384,19918,18,2026-01-23,2026-08-27,Monthly,1,945.92,Cancelled
514385,15206,11,2025-04-01,,Monthly,1,321.61,Active
514386,11051,3,2026-02-27,,Monthly,1,721.93,Active
514387,13015,22,2026-03-28,,Annual,4,409.03,Active
514388,14260,27,2026-07-02,2026-08-31,Annual,1,1081.76,Cancelled
514389,11773,8,2026-07-22,,Monthly,2,510.47,Active
514390,15993,4,2025-08-20,2025-10-25,Monthly,1,103.24,Cancelled
514391,19535,8,2026-08-31,2026-08-31,Monthly,4,1281.17,Cancelled
514392,15685,10,2025-04-03,2025-06-24,Monthly,1,108.61,Cancelled
514393,14152,26,2025-10-09,2026-08-31,Monthly,1,249.09,Expired
514394,13926,30,2024-04-01,,Annual,1,794.02,Active
514395,15157,6,2024-09-21,2026-03-05,Monthly,1,809.64,Cancelled
514396,17962,30,2025-06-23,,Monthly,1,705.54,Active
514397,13217,26,2025-07-20,,Monthly,4,1055.25,Active
514398,13938,25,2025-10-19,2026-08-05,Monthly,4,429.26,Expired
514399,15206,15,2025-03-21,,Monthly,1,792.64,Active
514400,19997,4,2026-08-31,,Monthly,3,343.48,Active
514401,19379,3,2026-08-10,,Monthly,1,811.25,Active
514402,11222,30,2024-11-04,,Annual,1,680.53,Active
514403,17186,5,2025-03-29,2026-06-04,Monthly,1,269.06,Expired
514404,11509,14,2025-03-16,,Monthly,2,556.94,Active
514405,17548,9,2025-09-25,,Annual,5,4217.46,Active
514406,15214,26,2026-08-31,,Annual,1,257.48,Active
514407,18602,19,2024-10-16,2025-09-09,Monthly,1,89.65,Expired
514408,12153,3,2025-01-01,2025-09-05,Monthly,1,808.49,Expired
514409,19150,16,2025-09-28,2026-08-31,Monthly,2,219.96,Cancelled
514410,19273,3,2025-06-16,,Monthly,1,683.49,Active
514411,17618,30,2026-01-08,,Monthly,1,705.31,Active
514412,13528,17,2025-08-20,2026-08-31,Annual,1,281.93,Cancelled
514413,17210,30,2024-11-07,,Monthly,3,2398.57,Active
514414,18090,19,2026-06-09,,Monthly,2,149.95,Active
514415,19586,10,2026-05-26,,Monthly,1,101.23,Active
514416,13286,10,2025-01-15,,Monthly,1,119.55,Active
514417,12508,12,2024-03-26,,Monthly,3,2963.53,Active
514418,14298,12,2024-06-30,,Monthly,1,1089.25,Active
514419,16572,1,2025-11-06,2026-08-31,Monthly,1,99.38,Expired
514420,19148,19,2024-12-05,,Monthly,2,166.71,Active
514421,12968,17,2024-11-04,2025-07-10,Monthly,3,843.93,Cancelled
514422,12224,20,2026-01-08,2026-05-08,Monthly,2,553.16,Cancelled
514423,12255,5,2026-04-21,,Annual,1,258.5,Active
514424,14273,20,2024-06-30,,Monthly,1,264.66,Active
514425,11471,13,2026-03-19,,Monthly,2,245.62,Active
514426,18219,4,2025-10-18,,Monthly,1,99.77,Active
514427,15372,9,2026-05-03,,Monthly,1,881.5,Active
514428,16970,1,2025-05-07,,Monthly,1,98.01,Active
514429,16832,18,2025-03-31,2025-11-12,Monthly,1,974.3,Cancelled
514430,18191,15,2024-03-20,2025-06-05,Monthly,1,778.49,Expired
514431,13665,8,2026-08-31,2026-08-31,Monthly,2,629.83,Cancelled
514432,14717,3,2024-06-15,,Monthly,2,1360.94,Active
514433,12430,14,2024-09-05,,Monthly,3,772.4,Active
514434,10409,17,2026-08-31,2026-08-31,Monthly,1,263.34,Cancelled
514435,15382,15,2024-12-15,2025-01-31,Monthly,3,2098.11,Cancelled
514436,17035,8,2025-03-03,,Monthly,1,292.24,Active
514437,13412,14,2024-05-27,,Monthly,2,578.4,Active
514438,13824,3,2026-08-31,,Monthly,2,1330.21,Active
514439,12050,14,2026-08-31,,Monthly,1,298.87,Active
514440,10973,16,2026-04-23,,Annual,1,116.72,Active
514441,11578,11,2024-10-23,2026-01-14,Monthly,2,671.38,Cancelled
514442,17106,8,2025-11-09,2026-08-31,Annual,3,887.86,Expired
514443,14912,10,2026-05-02,2026-08-31,Annual,1,101.52,Expired
514444,10228,23,2026-08-31,2026-08-31,Monthly,1,320.36,Expired
514445,14150,10,2025-09-06,2026-05-30,Monthly,1,123.16,Cancelled
514446,13288,9,2025-10-13,,Annual,1,966.72,Active
514447,12737,19,2025-11-02,,Annual,1,89.34,Active
514448,16181,29,2025-04-12,,Monthly,1,298.61,Active
514449,13105,14,2026-01-02,,Monthly,2,635.83,Active
514450,10285,22,2025-09-15,,Monthly,2,225.35,Active
514451,14499,18,2025-10-06,,Annual,2,1574.64,Active
514452,10904,8,2026-06-13,,Monthly,1,309.71,Active
514453,12301,25,2024-12-13,,Monthly,2,203.95,Active
514454,19895,13,2026-03-17,2026-08-31,Monthly,1,111.54,Cancelled
514455,14379,11,2024-11-21,2026-02-24,Monthly,2,616.37,Cancelled
514456,10855,18,2024-08-11,,Monthly,6,4978.96,Active
514457,12117,2,2024-09-24,,Monthly,2,616.36,Active
514458,11867,19,2026-06-07,,Monthly,1,77.59,Active
514459,16192,22,2025-04-07,,Monthly,1,108.47,Active
514460,12340,23,2024-02-28,2024-09-03,Monthly,1,306.64,Expired
514461,18780,11,2024-01-25,,Monthly,1,317.09,Active
514462,14943,23,2026-01-02,,Annual,1,335.27,Active
514463,15093,13,2025-04-09,,Monthly,4,414.16,Active
514464,17672,9,2025-12-08,,Monthly,1,945.98,Active
514465,18886,2,2025-12-31,,Monthly,2,677.56,Active
514466,17113,18,2025-07-23,,Monthly,3,2832.86,Active
514467,19241,2,2026-05-13,2026-08-07,Monthly,2,760.74,Cancelled
514468,14993,30,2026-08-31,,Monthly,4,3318.24,Active
514469,14797,7,2024-04-24,,Monthly,1,112.2,Active
514470,14159,6,2025-12-24,2026-08-31,Monthly,1,830.01,Cancelled
514471,11537,10,2026-07-11,,Monthly,1,116.73,Active
514472,16613,10,2025-08-13,,Monthly,1,114.04,Active
514473,13659,22,2026-08-31,2026-08-31,Monthly,1,119.16,Expired
514474,13656,18,2024-07-26,2025-12-19,Annual,1,808.91,Cancelled
514475,11888,3,2024-08-16,2025-07-03,Annual,1,756.01,Expired
514476,19915,14,2026-07-28,2026-08-31,Monthly,1,299.76,Expired
514477,10357,12,2026-06-28,2026-08-31,Monthly,1,1135.67,Expired
514478,13734,16,2024-12-13,,Monthly,1,98.63,Active
514479,11229,19,2026-03-07,,Annual,1,75.11,Active
514480,15844,30,2025-01-30,,Monthly,1,822.08,Active
514481,16840,26,2025-11-30,,Monthly,1,248.54,Active
514482,12732,15,2025-06-18,2026-04-05,Monthly,3,2450.57,Expired
514483,17976,11,2025-02-25,,Monthly,1,306.61,Active
514484,19716,19,2025-11-13,,Annual,2,146.76,Active
514485,16393,7,2024-04-08,,Monthly,1,101.61,Active
514486,10807,8,2025-11-11,2026-08-31,Monthly,1,264.09,Cancelled
514487,13440,30,2025-04-19,,Monthly,2,1664.85,Active
514488,17943,15,2024-10-27,,Monthly,1,723.98,Active
514489,11974,23,2024-10-01,2025-12-10,Monthly,1,334.17,Cancelled
514490,18827,21,2024-04-29,2025-09-26,Annual,2,1823.77,Cancelled
514491,13949,11,2026-04-14,,Monthly,4,1241.79,Active
514492,15651,6,2025-04-17,2025-07-14,Monthly,1,760.36,Expired
514493,12881,17,2026-05-23,,Monthly,2,543.99,Active
514494,17081,28,2026-02-19,,Monthly,1,109.63,Active
514495,18954,25,2026-03-08,2026-08-31,Monthly,2,191.04,Cancelled
514496,15879,25,2026-01-13,,Annual,2,209.29,Active
514497,18328,11,2024-11-06,,Monthly,2,638.57,Active
514498,11769,22,2024-07-15,,Monthly,1,105.2,Active
514499,11051,9,2025-11-28,2026-04-29,Monthly,1,871.4,Expired
514500,19064,8,2025-05-08,,Monthly,2,515.45,Active
514501,16356,1,2025-03-01,2026-01-07,Annual,1,108.65,Cancelled
514502,19549,10,2024-06-22,,Annual,2,201.83,Active
514503,14518,9,2025-07-23,,Monthly,1,862.35,Active
514504,19552,2,2026-04-26,,Monthly,1,312.01,Active
514505,16143,26,2025-02-07,,Monthly,1,228.02,Active
514506,13728,9,2025-03-12,,Monthly,3,2511.26,Active
514507,14886,27,2026-08-31,,Monthly,4,4436.17,Active
514508,12668,19,2024-08-11,,Annual,2,145.5,Active
514509,12000,9,2026-01-07,,Monthly,1,1006.9,Active
514510,11790,18,2026-08-31,2026-08-31,Monthly,4,3386.62,Cancelled
514511,13971,30,2026-05-04,2026-08-31,Monthly,3,2064.69,Cancelled
514512,17902,23,2024-11-19,,Monthly,2,626.34,Active
514513,19632,30,2025-07-16,2025-09-06,Monthly,1,701.92,Expired
514514,19226,22,2024-07-27,2025-05-06,Monthly,1,105.45,Expired
514515,17103,10,2025-06-30,,Monthly,3,311.04,Active
514516,10691,1,2024-03-07,,Monthly,1,109.11,Active
514517,10571,1,2026-08-31,,Monthly,4,409.2,Active
514518,18503,2,2026-08-31,,Monthly,2,736.55,Active
514519,15880,23,2024-08-22,,Monthly,1,374.51,Active
514520,13693,26,2026-03-18,,Annual,2,567.57,Active
514521,11995,3,2026-02-27,2026-08-31,Monthly,1,743.35,Expired
514522,18560,9,2026-06-20,,Monthly,1,955.37,Active
514523,17013,2,2026-05-18,,Monthly,4,1235.83,Active
514524,15947,28,2025-02-02,,Monthly,2,215.07,Active
514525,13049,19,2026-08-31,,Monthly,3,226.48,Active
514526,17172,18,2026-04-20,2026-05-28,Monthly,3,2779.0,Expired
514527,18982,27,2024-04-02,,Monthly,1,1074.02,Active
514528,18865,27,2024-09-28,2025-09-04,Monthly,1,954.59,Expired
514529,11670,2,2026-02-26,2026-08-31,Annual,1,382.1,Cancelled
514530,13384,16,2024-12-10,2025-10-14,Annual,2,230.88,Cancelled
514531,18070,22,2025-01-05,,Monthly,1,102.89,Active
514532,11975,19,2024-07-12,,Monthly,1,88.68,Active
514533,10820,23,2025-09-09,2026-02-07,Monthly,1,316.92,Expired
514534,12369,6,2025-10-09,,Annual,1,912.34,Active
514535,14347,7,2026-03-09,,Monthly,1,110.45,Active
514536,12777,30,2026-02-10,,Monthly,5,3913.19,Active
514537,16352,6,2024-08-26,,Monthly,1,834.91,Active
514538,13517,12,2025-12-06,2026-08-31,Monthly,2,2297.57,Cancelled
514539,14873,30,2026-08-31,,Monthly,1,799.7,Active
514540,19869,20,2025-10-13,2026-08-31,Monthly,1,244.36,Expired
514541,12999,6,2024-07-02,2025-06-15,Monthly,1,854.35,Cancelled
514542,14693,24,2025-10-31,,Monthly,5,4290.07,Active
514543,12450,10,2026-08-31,2026-08-31,Monthly,1,122.51,Expired
514544,13101,25,2026-02-13,2026-08-31,Monthly,3,347.41,Cancelled
514545,19907,7,2026-08-31,,Annual,1,96.73,Active
514546,16265,25,2024-10-30,2025-07-02,Monthly,1,115.84,Cancelled
514547,13850,9,2025-11-13,,Monthly,1,958.71,Active
514548,13080,2,2024-09-30,2025-06-03,Annual,2,712.11,Expired
514549,15459,15,2025-07-11,,Monthly,1,831.47,Active
514550,12664,5,2026-05-20,,Monthly,1,257.24,Active
514551,19430,9,2024-06-23,,Monthly,2,1682.02,Active
514552,16909,25,2025-06-02,,Monthly,3,306.98,Active
514553,11680,7,2025-06-30,2026-02-01,Annual,1,100.7,Expired
514554,15915,13,2024-09-23,,Monthly,1,120.76,Active
514555,15259,27,2025-07-10,,Monthly,1,1010.35,Active
514556,15399,11,2025-10-10,,Monthly,1,303.02,Active
514557,18332,12,2026-07-18,2026-08-31,Annual,1,989.87,Cancelled
514558,12654,9,2026-01-21,,Annual,3,2712.73,Active
514559,16167,13,2024-08-30,2025-04-15,Monthly,3,294.85,Expired
514560,12385,19,2024-07-19,,Monthly,1,86.68,Active
514561,13268,10,2026-01-29,2026-04-16,Monthly,2,199.05,Expired
514562,15277,20,2026-08-31,2026-08-31,Monthly,4,1137.05,Cancelled
514563,18536,1,2026-02-12,,Annual,1,110.56,Active
514564,14845,12,2026-07-09,2026-08-31,Monthly,1,1001.61,Expired
514565,17639,13,2026-08-28,,Monthly,3,322.08,Active
514566,19206,6,2025-05-11,,Annual,1,747.63,Active
514567,13143,19,2026-04-06,2026-05-19,Annual,2,180.74,Expired
514568,10108,25,2025-10-05,2026-08-31,Monthly,1,98.87,Cancelled
514569,10951,6,2026-03-21,,Monthly,1,865.38,Active
514570,14913,12,2025-05-14,,Monthly,1,1144.79,Active
514571,16294,30,2024-06-19,,Monthly,2,1531.66,Active
514572,17803,14,2025-11-11,,Monthly,1,321.61,Active
514573,19523,30,2025-04-05,,Monthly,5,4044.24,Active
514574,13834,17,2025-04-02,2025-07-23,Monthly,1,266.39,Cancelled
514575,19763,24,2025-06-18,,Annual,1,918.95,Active
514576,16390,12,2024-07-23,,Monthly,1,1068.82,Active
514577,18538,19,2026-08-22,,Monthly,1,91.55,Active
514578,19493,10,2024-05-14,,Monthly,2,248.36,Active
514579,14360,6,2025-06-10,,Monthly,1,766.92,Active
514580,18830,20,2025-05-12,,Monthly,3,780.86,Active
514581,15915,16,2024-12-15,,Monthly,1,97.41,Active
514582,16716,11,2026-02-10,,Monthly,2,671.26,Active
514583,16352,15,2024-08-16,,Annual,1,759.24,Active
514584,10181,27,2025-03-03,,Monthly,3,3258.85,Active
514585,10964,6,2025-08-04,,Annual,1,887.8,Active
514586,10719,28,2024-05-06,,Monthly,1,117.81,Active
514587,14988,23,2026-08-31,2026-08-31,Annual,1,303.09,Expired
514588,10259,25,2025-05-24,2026-07-13,Monthly,1,106.75,Expired
514589,11546,7,2025-03-04,,Monthly,3,329.69,Active
514590,15441,24,2025-09-11,,Monthly,3,2372.87,Active
514591,18831,4,2024-09-18,,Monthly,3,302.2,Active
514592,19311,25,2024-05-07,,Annual,1,100.62,Active
514593,17232,27,2026-05-12,,Monthly,1,895.36,Active
514594,15602,27,2025-02-12,2025-04-14,Monthly,1,1048.09,Expired
514595,10870,26,2026-06-23,2026-08-31,Annual,1,242.37,Expired
514596,16522,19,2024-04-11,2025-06-21,Monthly,2,144.99,Expired
514597,11564,21,2026-03-27,,Monthly,1,902.94,Active
514598,18692,21,2025-12-31,,Annual,3,2659.95,Active
514599,16682,5,2024-07-24,2024-12-23,Monthly,2,459.74,Expired
514600,13248,14,2024-10-23,,Monthly,4,1270.32,Active
514601,18710,1,2025-02-12,,Monthly,1,101.21,Active
514602,15449,8,2025-03-02,2025-10-09,Monthly,1,318.36,Cancelled
514603,15628,5,2025-02-08,,Monthly,1,218.38,Active
514604,11149,26,2026-07-18,2026-08-31,Monthly,2,511.5,Expired
514605,18612,21,2024-07-06,,Monthly,2,1844.92,Active
514606,10100,11,2026-08-07,2026-08-31,Monthly,1,347.47,Expired
514607,13386,4,2026-06-01,,Annual,1,117.63,Active
514608,12618,29,2024-08-12,,Monthly,1,306.19,Active
514609,12150,15,2026-08-31,2026-08-31,Monthly,1,795.31,Expired
514610,15004,30,2026-03-14,,Monthly,1,750.93,Active
514611,19466,9,2024-11-17,,Monthly,1,967.46,Active
514612,16309,17,2026-03-15,,Monthly,2,572.08,Active
514613,11324,2,2025-08-07,,Monthly,4,1288.31,Active
514614,10455,18,2024-01-26,2025-07-10,Monthly,1,890.36,Cancelled
514615,13026,23,2025-07-25,2026-08-31,Monthly,1,309.93,Cancelled
514616,13249,24,2025-04-17,,Monthly,2,1695.86,Active
514617,13788,28,2026-08-31,,Monthly,2,198.57,Active
514618,11938,6,2026-05-13,,Monthly,1,908.22,Active
514619,15128,11,2026-08-31,,Monthly,1,360.2,Active
514620,17829,16,2025-10-31,2026-08-31,Monthly,1,102.17,Cancelled
514621,13079,20,2026-08-31,,Monthly,2,567.3,Active
514622,19355,5,2024-12-18,2025-06-24,Monthly,1,256.18,Expired
514623,12568,2,2025-10-23,,Monthly,2,665.5,Active
514624,11587,15,2026-08-31,,Monthly,1,782.34,Active
514625,12509,6,2025-12-30,,Monthly,1,786.78,Active
514626,14258,15,2024-12-23,,Monthly,1,766.6,Active
514627,14435,1,2026-02-16,,Monthly,1,118.57,Active
514628,13443,15,2025-03-01,,Annual,2,1407.67,Active
514629,19397,27,2025-07-14,2026-08-31,Annual,2,2231.76,Cancelled
514630,13936,15,2025-02-21,,Monthly,1,801.65,Active
514631,19689,3,2024-09-13,,Monthly,1,774.57,Active
514632,18042,5,2025-01-30,,Monthly,3,696.5,Active
514633,15353,22,2026-02-27,,Annual,1,116.63,Active
514634,15109,1,2024-04-24,2025-02-23,Monthly,2,212.08,Cancelled
514635,11489,3,2025-02-03,2026-04-02,Annual,3,2172.61,Expired
514636,12010,2,2025-01-04,2025-12-21,Monthly,1,321.3,Cancelled
514637,17835,24,2025-10-13,,Monthly,1,859.59,Active
514638,16359,6,2026-04-21,,Monthly,1,857.93,Active
514639,13313,30,2025-01-06,,Monthly,1,725.05,Active
514640,13794,30,2025-08-13,2026-07-13,Annual,1,799.12,Expired
514641,11278,22,2025-10-05,2026-08-31,Monthly,4,382.37,Cancelled
514642,15827,23,2024-12-26,2025-10-23,Monthly,2,604.54,Expired
514643,18538,4,2026-06-19,,Monthly,1,104.34,Active
514644,19291,14,2026-07-26,2026-08-31,Annual,3,847.99,Expired
514645,10257,14,2026-03-18,2026-08-31,Monthly,2,536.01,Expired
514646,16088,7,2026-06-08,2026-08-31,Monthly,2,231.42,Expired
514647,10539,11,2024-05-13,2024-06-26,Annual,2,638.5,Expired
514648,15253,9,2025-04-18,2026-07-20,Annual,1,812.69,Cancelled
514649,13612,16,2026-05-27,,Monthly,1,109.21,Active
514650,16243,2,2026-04-16,,Monthly,2,685.18,Active
514651,12160,3,2025-12-17,2026-08-31,Monthly,1,710.14,Expired
514652,11796,23,2025-06-07,2026-03-12,Annual,1,301.77,Expired
514653,17038,28,2026-03-03,2026-08-31,Monthly,1,97.19,Expired
514654,13518,17,2025-06-16,,Annual,2,509.75,Active
514655,19866,8,2025-12-27,,Monthly,1,287.54,Active
514656,17956,12,2026-04-11,,Monthly,2,2119.83,Active
514657,14722,22,2024-07-14,,Monthly,3,343.16,Active
514658,15161,26,2026-05-06,2026-08-31,Monthly,3,735.95,Cancelled
514659,19139,15,2024-10-13,2025-12-26,Annual,1,690.01,Expired
514660,11052,20,2025-11-29,,Monthly,3,814.3,Active
514661,16775,26,2026-01-03,,Monthly,3,792.58,Active
514662,17358,15,2026-02-16,2026-08-31,Monthly,2,1346.81,Cancelled
514663,11480,22,2026-05-03,,Annual,1,96.73,Active
514664,18096,1,2026-05-23,2026-08-31,Monthly,2,195.37,Cancelled
514665,18767,30,2026-03-19,,Monthly,4,3144.44,Active
514666,14080,17,2024-10-03,,Annual,1,297.58,Active
514667,17925,26,2025-07-24,2026-02-17,Annual,2,453.95,Cancelled
514668,10519,14,2026-08-07,2026-08-31,Monthly,4,1027.16,Expired
514669,13070,9,2026-04-28,2026-08-31,Monthly,2,1848.08,Cancelled
514670,17156,19,2024-12-10,,Monthly,2,167.43,Active
514671,15358,1,2026-05-02,,Annual,3,366.86,Active
514672,17013,6,2026-06-29,,Monthly,1,848.58,Active
514673,11915,14,2026-08-31,,Annual,1,263.51,Active
514674,14987,6,2026-03-18,,Monthly,1,920.85,Active
514675,10968,11,2026-08-31,2026-08-31,Monthly,3,1042.63,Expired
514676,15313,14,2024-11-29,2025-12-02,Monthly,2,519.98,Cancelled
514677,12790,2,2025-02-14,,Monthly,1,306.03,Active
514678,10203,29,2025-10-25,2026-02-02,Monthly,3,798.74,Cancelled
514679,17262,19,2024-05-19,,Monthly,1,77.21,Active
514680,15238,2,2026-05-11,2026-08-31,Annual,3,932.79,Cancelled
514681,10264,30,2024-09-04,2026-01-07,Monthly,2,1671.0,Expired
514682,17820,13,2024-10-10,,Monthly,1,108.23,Active
514683,14616,11,2025-07-31,,Monthly,1,292.15,Active
514684,11713,24,2025-10-09,,Monthly,4,3134.86,Active
514685,15623,5,2026-05-29,,Monthly,1,233.55,Active
514686,10858,29,2025-07-26,2026-04-04,Monthly,2,519.21,Expired
514687,15052,15,2025-03-25,2025-08-05,Monthly,1,818.41,Expired
514688,12357,23,2025-10-11,,Monthly,2,698.09,Active
514689,17328,19,2025-06-05,2026-01-19,Monthly,2,149.94,Cancelled
514690,16095,29,2026-04-25,,Monthly,3,823.66,Active
514691,12024,29,2025-10-04,2025-12-17,Monthly,1,283.48,Cancelled
514692,13666,26,2025-11-08,2026-08-31,Monthly,3,706.48,Expired
514693,19756,3,2026-02-20,,Monthly,3,2255.17,Active
514694,15846,30,2024-04-24,2025-03-11,Annual,3,2100.41,Cancelled
514695,14964,3,2025-05-28,2026-07-27,Monthly,3,2202.39,Expired
514696,10382,7,2025-11-29,,Monthly,4,375.29,Active
514697,17587,25,2026-06-18,,Annual,4,394.96,Active
514698,10536,23,2025-10-21,,Monthly,1,369.05,Active
514699,19173,27,2025-11-07,2026-02-05,Annual,1,1118.42,Expired
514700,17714,30,2025-08-05,,Annual,2,1576.53,Active
514701,12504,20,2026-06-28,,Monthly,1,241.56,Active
514702,12474,12,2024-08-27,,Monthly,1,1057.24,Active
514703,19880,25,2025-11-04,,Monthly,3,299.92,Active
514704,10627,4,2025-11-12,2026-08-07,Monthly,2,210.79,Cancelled
514705,16507,1,2026-05-29,2026-08-31,Monthly,4,415.29,Cancelled
514706,12829,29,2025-10-05,2026-08-31,Monthly,3,888.83,Expired
514707,12678,28,2025-11-10,,Monthly,2,214.36,Active
514708,11309,8,2024-12-12,,Annual,1,297.01,Active
514709,15121,20,2025-03-05,,Monthly,2,483.33,Active
514710,13403,3,2026-08-24,,Monthly,1,721.01,Active
514711,12928,28,2026-03-27,2026-08-31,Monthly,1,118.43,Cancelled
514712,11304,15,2026-03-04,,Monthly,1,685.29,Active
514713,17578,15,2024-11-17,,Monthly,2,1575.31,Active
514714,18746,12,2026-08-31,,Monthly,3,3557.12,Active
514715,17998,26,2025-07-12,,Monthly,3,714.78,Active
514716,15989,26,2025-11-27,2026-04-02,Monthly,1,244.11,Cancelled
514717,13880,28,2025-08-13,2025-11-27,Monthly,2,225.73,Expired
514718,10647,26,2026-01-09,2026-04-30,Monthly,2,491.04,Expired
514719,16864,5,2024-06-05,2024-07-17,Monthly,2,531.64,Expired
514720,10776,28,2025-09-27,,Monthly,1,111.3,Active
514721,12112,1,2024-08-28,2025-07-10,Monthly,2,198.74,Expired
514722,11302,26,2026-08-31,,Monthly,1,275.15,Active
514723,13181,11,2025-11-03,2026-08-31,Monthly,1,319.48,Cancelled
514724,18320,22,2025-11-01,2026-08-23,Monthly,1,103.88,Expired
514725,16424,9,2025-10-05,2025-12-22,Monthly,3,2517.15,Expired
514726,15839,16,2026-01-31,,Annual,1,107.13,Active
514727,12538,1,2025-01-31,2025-06-06,Monthly,7,700.88,Cancelled
514728,10923,15,2025-02-15,,Monthly,1,746.43,Active
514729,16701,30,2026-06-14,2026-08-31,Annual,1,703.42,Expired
514730,15606,30,2025-01-03,,Monthly,1,676.79,Active
514731,11466,22,2024-12-16,2025-07-27,Monthly,1,109.06,Cancelled
514732,14456,10,2026-02-03,2026-08-31,Monthly,1,112.39,Expired
514733,16699,6,2026-03-27,,Monthly,1,842.57,Active
514734,11781,6,2025-10-04,,Annual,1,786.72,Active
514735,12800,30,2025-03-31,,Annual,3,2256.09,Active
514736,12605,4,2026-03-15,2026-08-31,Annual,2,203.64,Expired
514737,14433,7,2024-09-16,,Annual,1,104.42,Active
514738,12736,10,2024-08-23,,Monthly,1,110.03,Active
514739,15693,25,2025-04-14,,Monthly,3,320.79,Active
514740,19856,5,2024-09-08,,Monthly,2,440.74,Active
514741,10996,9,2025-05-18,2026-06-22,Monthly,1,859.37,Expired
514742,11859,28,2024-06-24,2025-09-08,Monthly,3,342.41,Expired
514743,15969,14,2025-02-15,2026-01-26,Monthly,1,272.76,Expired
514744,16203,3,2024-05-06,2024-11-26,Monthly,1,789.08,Expired
514745,18367,13,2025-05-28,2026-05-20,Monthly,1,109.79,Expired
514746,18767,3,2026-03-11,2026-06-28,Monthly,1,678.18,Cancelled
514747,19434,14,2025-07-26,,Monthly,3,918.15,Active
514748,12011,15,2026-03-04,2026-08-31,Monthly,4,3149.58,Cancelled
514749,16844,17,2026-05-14,,Annual,2,531.92,Active
514750,17954,8,2025-04-16,,Annual,1,262.25,Active
514751,17269,1,2024-12-15,,Monthly,1,109.86,Active
514752,15300,11,2026-01-30,,Annual,4,1473.8,Active
514753,19326,29,2025-02-20,,Monthly,2,595.84,Active
514754,17479,8,2024-06-22,,Monthly,1,312.91,Active
514755,19302,17,2026-04-22,,Monthly,1,254.2,Active
514756,13059,28,2024-12-31,2026-04-01,Monthly,1,97.26,Cancelled
514757,16197,15,2026-03-23,,Monthly,1,727.51,Active
514758,15557,6,2025-07-18,,Monthly,1,873.37,Active
514759,11230,7,2025-08-26,,Monthly,1,92.68,Active
514760,11806,9,2024-07-04,,Monthly,4,3567.86,Active
514761,15783,9,2024-04-27,,Monthly,1,820.44,Active
514762,13272,23,2025-06-05,2026-06-13,Monthly,3,944.31,Cancelled
514763,13479,29,2024-12-14,,Monthly,4,1153.21,Active
514764,12941,29,2025-02-08,,Monthly,1,278.91,Active
514765,19593,3,2025-06-09,,Monthly,4,2749.66,Active
514766,10543,27,2024-05-02,2024-07-21,Monthly,1,1053.17,Cancelled
514767,17414,24,2025-06-17,,Annual,1,925.53,Active
514768,11231,4,2024-07-24,,Annual,1,118.62,Active
514769,16178,30,2026-08-31,2026-08-31,Monthly,1,750.42,Cancelled
514770,12093,9,2025-10-25,2026-08-05,Monthly,1,881.02,Cancelled
514771,12659,18,2025-05-25,,Monthly,2,1829.66,Active
514772,10855,1,2024-09-04,2025-01-08,Monthly,2,232.83,Expired
514773,13314,19,2025-01-02,,Annual,1,76.67,Active
514774,19208,11,2024-07-14,2025-05-29,Monthly,1,344.02,Cancelled
514775,12797,17,2025-09-12,,Monthly,1,273.73,Active
514776,14548,20,2024-07-29,2024-11-29,Monthly,1,236.57,Cancelled
514777,14944,14,2025-11-18,,Monthly,1,272.37,Active
514778,19637,19,2024-12-19,,Monthly,1,73.95,Active
514779,14420,12,2026-05-17,,Monthly,1,1200.06,Active
514780,11166,12,2024-05-10,2025-05-20,Annual,1,1032.98,Cancelled
514781,15371,11,2025-04-10,2025-12-27,Annual,1,332.48,Expired
514782,16962,29,2026-08-31,,Monthly,3,950.65,Active
514783,11416,1,2024-06-25,,Annual,1,110.91,Active
514784,11738,5,2025-11-28,2026-08-31,Monthly,3,808.87,Cancelled
514785,14441,4,2025-10-06,,Monthly,1,120.0,Active
514786,17309,20,2026-08-31,2026-08-31,Monthly,1,236.4,Expired
514787,18652,24,2026-08-31,,Annual,1,775.71,Active
514788,16167,12,2024-06-29,2024-10-21,Monthly,1,1005.14,Expired
514789,11088,24,2026-05-04,,Annual,3,2758.22,Active
514790,10473,5,2024-09-29,,Annual,1,260.61,Active
514791,10009,7,2025-09-25,,Monthly,1,93.58,Active
514792,17144,24,2026-08-18,2026-08-31,Annual,1,798.46,Expired
514793,16073,21,2025-03-06,,Annual,1,891.52,Active
514794,15813,9,2025-02-27,,Monthly,2,1630.45,Active
514795,12503,25,2024-08-30,,Monthly,3,280.19,Active
514796,12582,28,2026-04-07,2026-08-05,Monthly,1,107.01,Expired
514797,15320,9,2025-11-23,2026-08-31,Monthly,4,3881.23,Cancelled
514798,18589,8,2025-06-12,2026-08-31,Monthly,2,536.01,Cancelled
514799,11299,26,2026-05-23,,Monthly,3,829.47,Active
514800,15943,2,2025-01-17,2025-12-20,Monthly,2,621.73,Expired
514801,19613,7,2025-12-05,2026-08-31,Annual,2,203.55,Cancelled
514802,19321,19,2025-02-11,2026-07-25,Monthly,1,89.53,Expired
514803,16645,16,2025-10-11,,Monthly,1,98.25,Active
514804,17197,2,2025-12-17,2026-07-18,Monthly,2,643.64,Cancelled
514805,13396,6,2026-08-31,2026-08-31,Monthly,1,909.11,Expired
514806,19288,27,2025-06-08,,Monthly,1,1083.67,Active
514807,18763,3,2025-03-14,,Monthly,1,763.38,Active
514808,17737,11,2024-09-16,2025-05-08,Monthly,1,306.42,Cancelled
514809,17563,1,2026-08-31,,Monthly,1,121.59,Active
514810,11786,8,2024-10-08,,Monthly,1,292.19,Active
514811,11616,8,2026-04-29,,Monthly,1,259.22,Active
514812,12197,24,2024-04-12,,Monthly,1,943.79,Active
514813,19424,15,2025-02-24,2026-02-11,Monthly,4,3153.22,Expired
514814,15363,18,2025-03-20,2026-01-12,Monthly,1,947.49,Expired
514815,10616,24,2025-11-29,,Monthly,2,1839.46,Active
514816,17757,2,2025-05-04,,Annual,1,382.3,Active
514817,19684,5,2025-01-12,2025-08-07,Monthly,1,261.3,Cancelled
514818,18321,8,2025-07-25,,Annual,1,272.86,Active
514819,11998,23,2025-10-25,2026-07-27,Monthly,1,326.55,Cancelled
514820,12527,9,2025-12-08,,Annual,2,1827.54,Active
514821,10765,4,2026-05-08,,Monthly,1,108.65,Active
514822,18678,29,2024-09-28,2025-04-15,Monthly,1,263.34,Expired
514823,15674,10,2026-08-31,2026-08-31,Monthly,2,207.52,Expired
514824,10419,5,2025-11-05,2026-08-03,Monthly,1,227.74,Expired
514825,14372,18,2024-07-12,,Monthly,3,2798.62,Active
514826,14373,23,2025-11-25,,Monthly,2,662.13,Active
514827,13954,10,2026-08-31,2026-08-31,Monthly,4,402.62,Cancelled
514828,10076,15,2024-04-11,,Annual,2,1372.39,Active
514829,18997,11,2025-03-02,,Monthly,1,334.47,Active
514830,12232,30,2026-03-01,2026-08-17,Monthly,1,764.27,Expired
514831,10086,29,2025-03-02,,Monthly,1,291.13,Active
514832,19690,14,2026-02-01,2026-03-21,Monthly,1,270.31,Expired
514833,12830,14,2025-10-31,,Monthly,1,298.34,Active
514834,17390,12,2025-08-05,,Monthly,1,1058.93,Active
514835,12467,16,2025-02-15,2026-07-06,Monthly,1,100.92,Cancelled
514836,17747,23,2026-02-17,2026-07-01,Annual,1,306.93,Expired
514837,11806,22,2024-07-11,,Annual,2,195.95,Active
514838,12897,15,2025-09-19,,Monthly,1,723.08,Active
514839,11636,8,2024-12-24,,Monthly,1,302.91,Active
514840,11582,14,2024-12-08,2025-11-16,Monthly,4,1260.86,Expired
514841,12603,30,2024-06-20,2025-05-09,Monthly,1,720.5,Cancelled
514842,12601,7,2026-02-28,2026-08-31,Annual,1,101.1,Expired
514843,11574,2,2025-03-30,2026-04-15,Monthly,1,349.01,Expired
514844,19127,7,2026-07-01,,Monthly,1,102.11,Active
514845,12120,1,2026-06-20,2026-08-31,Monthly,1,103.16,Cancelled
514846,14264,25,2025-08-30,2026-03-21,Monthly,2,192.52,Expired
514847,15661,8,2024-07-15,2025-02-22,Monthly,1,318.97,Expired
514848,19083,28,2024-12-31,,Annual,3,330.76,Active
514849,11722,23,2024-08-22,,Monthly,2,721.64,Active
514850,14663,12,2025-04-19,,Monthly,2,2174.2,Active
514851,19444,21,2026-08-31,2026-08-31,Monthly,6,5095.29,Cancelled
514852,14293,15,2025-05-18,,Monthly,1,770.43,Active
514853,13059,6,2024-12-28,,Monthly,1,932.2,Active
514854,17648,2,2025-08-15,,Monthly,1,362.39,Active
514855,15570,15,2025-01-06,2025-08-23,Monthly,1,676.05,Cancelled
514856,14097,5,2025-06-16,2026-05-01,Monthly,1,246.12,Cancelled
514857,18014,10,2025-01-10,2026-06-28,Monthly,1,104.98,Expired
514858,18405,20,2025-08-07,,Annual,1,261.94,Active
514859,17464,12,2025-02-18,,Monthly,1,1113.29,Active
514860,17329,25,2026-01-13,,Annual,1,101.07,Active
514861,10334,17,2024-03-01,2024-08-03,Monthly,1,269.08,Expired
514862,14268,28,2024-03-20,2025-06-27,Monthly,1,104.65,Expired
514863,14101,20,2024-07-05,,Monthly,2,532.1,Active
514864,11046,22,2024-09-23,,Monthly,4,409.63,Active
514865,17864,12,2025-05-08,2025-12-18,Annual,1,1032.31,Cancelled
514866,13007,14,2026-04-20,,Monthly,1,258.9,Active
514867,19258,24,2026-08-31,2026-08-31,Annual,1,842.74,Cancelled
514868,10741,10,2026-08-31,,Annual,1,106.32,Active
514869,16987,3,2024-07-25,2024-12-21,Monthly,1,684.2,Cancelled
514870,11848,15,2025-06-04,,Monthly,2,1557.69,Active
514871,13867,22,2024-12-26,2025-03-04,Monthly,1,95.27,Cancelled
514872,14879,17,2026-01-18,,Monthly,1,278.79,Active
514873,15705,18,2025-11-11,2026-08-31,Monthly,2,1767.95,Cancelled
514874,14253,3,2024-12-08,,Monthly,3,1976.89,Active
514875,17614,22,2025-10-09,2026-08-31,Annual,1,96.07,Expired
514876,10029,20,2026-07-10,,Monthly,2,577.2,Active
514877,14396,27,2026-06-24,2026-08-31,Monthly,1,958.31,Cancelled
514878,13818,23,2025-08-16,2026-08-31,Annual,1,298.72,Cancelled
514879,18942,20,2026-05-15,2026-08-31,Monthly,2,525.66,Expired
514880,19086,27,2026-08-31,,Monthly,1,1024.99,Active
514881,13116,10,2025-10-30,,Monthly,1,109.43,Active
514882,19520,6,2025-08-29,,Monthly,1,874.65,Active
514883,19441,8,2025-09-24,,Monthly,3,849.53,Active
514884,16973,7,2025-06-16,,Monthly,2,210.31,Active
514885,17027,10,2026-06-22,,Monthly,1,102.83,Active
514886,17580,25,2025-03-26,,Annual,2,235.63,Active
514887,18864,4,2026-05-25,,Monthly,3,329.68,Active
514888,15100,16,2025-04-06,,Annual,1,103.18,Active
514889,19618,26,2025-08-13,2026-08-21,Annual,2,520.82,Cancelled
514890,10527,19,2025-07-30,,Monthly,1,74.53,Active
514891,10237,5,2024-09-16,,Monthly,3,821.72,Active
514892,13496,30,2025-07-15,2025-09-09,Monthly,3,2425.85,Expired
514893,18130,5,2026-08-31,,Annual,2,438.42,Active
514894,10482,15,2026-05-21,,Monthly,1,757.71,Active
514895,13912,4,2025-11-08,,Monthly,1,105.79,Active
514896,15653,7,2025-03-02,,Monthly,1,112.37,Active
514897,11870,14,2026-07-29,,Monthly,1,323.15,Active
514898,16217,11,2025-09-12,,Monthly,2,581.36,Active
514899,14906,28,2024-10-21,2026-04-12,Monthly,1,104.02,Cancelled
514900,19743,13,2026-05-03,,Monthly,1,116.82,Active
514901,16569,3,2026-01-02,,Monthly,1,691.21,Active
514902,16068,4,2026-08-31,2026-08-31,Monthly,3,345.6,Cancelled
514903,11471,30,2026-01-28,2026-08-31,Annual,6,4839.11,Cancelled
514904,16890,18,2026-03-01,2026-05-25,Annual,1,966.17,Cancelled
514905,19551,27,2025-11-17,2026-04-09,Monthly,1,1120.47,Expired
514906,16580,9,2025-07-10,2026-08-31,Monthly,2,1928.79,Cancelled
514907,18878,15,2026-08-20,,Monthly,1,827.94,Active
514908,14620,10,2025-07-17,2026-03-15,Monthly,2,204.7,Expired
514909,19749,21,2025-07-29,2026-06-07,Monthly,1,951.6,Cancelled
514910,14119,12,2026-02-12,2026-04-24,Monthly,1,1034.46,Expired
514911,12870,4,2025-08-11,,Monthly,1,122.02,Active
514912,11270,18,2026-08-31,2026-08-31,Annual,2,1644.05,Cancelled
514913,14759,22,2025-11-23,,Annual,2,214.91,Active
514914,10323,25,2024-10-25,2025-11-05,Monthly,1,99.44,Expired
514915,18644,26,2025-01-06,2026-02-26,Monthly,2,469.22,Cancelled
514916,17075,4,2026-04-17,2026-08-31,Monthly,1,100.81,Cancelled
514917,15884,1,2025-09-04,,Annual,5,546.33,Active
514918,18832,25,2026-03-19,,Monthly,1,98.98,Active
514919,18395,20,2025-08-30,,Monthly,1,275.87,Active
514920,16952,8,2026-08-11,2026-08-31,Annual,1,298.94,Expired
514921,10005,3,2026-06-20,,Monthly,1,786.24,Active
514922,17719,9,2026-07-19,,Monthly,1,921.0,Active
514923,15209,4,2024-07-01,,Annual,1,112.59,Active
514924,11662,7,2024-12-03,2026-01-20,Monthly,4,465.18,Expired
514925,19075,6,2024-09-18,,Annual,4,3514.66,Active
514926,12855,25,2024-07-09,2025-03-14,Monthly,1,105.03,Expired
514927,17651,4,2025-01-08,,Monthly,1,96.35,Active
514928,12334,28,2025-04-15,,Monthly,1,94.98,Active
514929,10907,25,2024-04-05,,Monthly,1,100.22,Active
514930,19329,29,2026-02-11,2026-08-31,Monthly,1,261.31,Expired
514931,17997,1,2024-09-06,,Annual,1,110.36,Active
514932,18899,22,2024-09-23,,Monthly,1,112.27,Active
514933,12995,2,2025-01-15,,Annual,2,664.27,Active
514934,11081,21,2026-08-31,,Annual,1,779.42,Active
514935,16362,22,2026-08-31,,Monthly,1,100.27,Active
514936,16369,16,2024-06-11,,Annual,3,328.97,Active
514937,13674,6,2025-10-30,,Annual,2,1495.72,Active
514938,15739,10,2025-02-15,2026-07-22,Monthly,1,99.64,Expired
514939,18705,29,2026-04-03,2026-08-31,Monthly,4,1298.8,Cancelled
514940,12218,13,2026-07-03,,Monthly,1,122.47,Active
514941,18532,10,2025-07-30,2026-08-31,Monthly,1,118.33,Expired
514942,19331,22,2026-04-01,,Monthly,1,112.68,Active
514943,19295,27,2025-05-06,,Monthly,1,1006.95,Active
514944,13137,6,2024-09-14,,Monthly,1,770.52,Active
514945,15405,12,2025-11-01,2025-12-10,Monthly,1,1004.46,Expired
514946,14459,15,2024-12-01,,Monthly,2,1670.56,Active
514947,15586,1,2026-03-26,,Monthly,1,99.14,Active
514948,14883,16,2025-10-31,,Monthly,1,102.99,Active
514949,11250,30,2025-09-23,2026-08-19,Annual,1,735.34,Cancelled
514950,13837,6,2025-06-11,,Annual,3,2785.86,Active
514951,16420,28,2024-09-12,2025-04-06,Monthly,1,101.74,Cancelled
514952,18457,12,2025-11-11,,Monthly,4,4729.52,Active
514953,19662,12,2024-11-19,,Monthly,1,1122.6,Active
514954,16154,3,2026-08-31,2026-08-31,Monthly,2,1568.75,Expired
514955,18574,6,2026-05-28,2026-08-31,Monthly,1,876.31,Cancelled
514956,15656,16,2026-08-31,,Annual,1,95.82,Active
514957,13802,17,2025-09-04,,Monthly,4,1013.37,Active
514958,15679,11,2025-08-24,,Monthly,1,298.92,Active
514959,12501,25,2026-05-19,,Monthly,1,93.52,Active
514960,12619,4,2025-09-08,,Monthly,2,230.85,Active
514961,13494,11,2024-06-29,,Monthly,1,321.81,Active
514962,18715,8,2026-08-31,,Monthly,1,307.85,Active
514963,18257,15,2024-11-06,2025-11-08,Monthly,1,775.77,Cancelled
514964,14268,23,2024-07-09,,Annual,1,339.95,Active
514965,15505,11,2024-10-01,2025-06-29,Monthly,4,1368.86,Cancelled
514966,12805,2,2025-07-18,2026-02-24,Annual,2,722.41,Cancelled
514967,12406,15,2025-02-04,,Monthly,2,1570.97,Active
514968,18908,4,2024-08-11,2024-09-24,Monthly,1,101.32,Cancelled
514969,16005,26,2024-07-15,2025-03-10,Monthly,1,283.63,Cancelled
514970,14484,13,2026-03-29,,Annual,1,117.03,Active
514971,13342,2,2026-08-31,2026-08-31,Monthly,2,687.95,Cancelled
514972,16931,4,2026-08-25,,Monthly,2,232.71,Active
514973,16047,1,2024-11-03,,Annual,1,107.46,Active
514974,13473,20,2026-08-31,,Monthly,1,237.73,Active
514975,13546,21,2025-08-19,,Monthly,1,919.63,Active
514976,13633,16,2026-08-31,,Monthly,1,119.1,Active
514977,17544,22,2026-02-08,,Monthly,1,100.25,Active
514978,14884,15,2026-03-06,,Annual,2,1336.0,Active
514979,14989,10,2025-01-04,2025-08-19,Annual,1,105.35,Cancelled
514980,19603,5,2024-08-13,2025-09-02,Annual,2,501.35,Cancelled
514981,15401,16,2025-07-14,,Monthly,1,112.79,Active
514982,19985,29,2025-04-28,,Monthly,3,850.88,Active
514983,10395,10,2026-08-31,,Monthly,1,114.5,Active
514984,11256,29,2026-08-31,2026-08-31,Monthly,2,544.18,Expired
514985,19409,2,2024-08-15,,Monthly,1,340.52,Active
514986,12766,9,2024-05-30,,Monthly,1,960.44,Active
514987,10525,28,2026-02-20,,Monthly,1,94.61,Active
514988,11335,4,2025-12-11,2026-03-02,Annual,1,114.73,Cancelled
514989,11277,7,2026-02-18,,Annual,2,187.51,Active
514990,16774,26,2026-02-14,,Monthly,1,231.47,Active
514991,10992,19,2024-12-26,,Annual,2,159.06,Active
514992,14377,29,2025-04-06,2026-03-01,Monthly,2,512.48,Cancelled
514993,12037,7,2025-08-05,2026-08-31,Monthly,1,94.76,Cancelled
514994,15228,17,2025-08-12,,Monthly,2,550.26,Active
514995,14303,1,2026-04-21,,Monthly,3,335.56,Active
514996,18224,14,2026-04-09,,Annual,1,262.03,Active
514997,10470,26,2026-07-05,2026-08-31,Annual,1,285.36,Cancelled
514998,11953,3,2025-02-06,2026-03-21,Monthly,1,746.03,Expired
514999,13230,8,2026-07-02,,Monthly,2,571.44,Active
515000,14357,19,2026-08-31,,Monthly,1,81.41,Active
515001,17595,28,2024-08-04,2025-06-14,Monthly,1,101.1,Cancelled
515002,12253,14,2024-03-26,,Monthly,1,287.13,Active
515003,16834,10,2026-08-31,2026-08-31,Monthly,1,116.08,Cancelled
515004,14857,18,2025-12-23,,Annual,1,979.88,Active
515005,10575,2,2024-07-29,2025-04-30,Monthly,1,334.32,Cancelled
515006,19814,25,2025-04-04,2026-01-10,Monthly,1,114.43,Expired
515007,18145,27,2024-05-26,2025-07-19,Monthly,1,1017.78,Cancelled
515008,17223,28,2026-04-11,2026-08-31,Annual,1,111.35,Cancelled
515009,13841,16,2026-08-31,2026-08-31,Monthly,2,228.29,Expired
515010,17939,28,2025-09-23,,Monthly,4,377.76,Active
515011,18206,20,2026-05-26,2026-08-31,Monthly,1,277.93,Cancelled
515012,16014,2,2025-02-13,2025-08-19,Monthly,2,651.83,Cancelled
515013,14090,25,2025-08-20,2025-12-25,Annual,1,100.41,Expired
515014,11226,2,2026-08-31,,Annual,1,372.69,Active
515015,19218,15,2026-07-13,,Monthly,1,733.06,Active
515016,12165,28,2026-03-19,,Monthly,1,105.63,Active
515017,18674,9,2024-07-23,2025-06-16,Monthly,1,885.83,Cancelled
515018,12888,26,2025-03-01,2025-07-31,Monthly,3,685.42,Cancelled
515019,13110,25,2026-04-15,,Monthly,2,219.04,Active
515020,14321,7,2025-04-24,,Monthly,3,316.85,Active
515021,16029,18,2024-04-11,,Monthly,1,926.09,Active
515022,13849,19,2025-09-17,,Monthly,1,73.22,Active
515023,14422,21,2026-02-06,,Monthly,2,1683.39,Active
515024,11930,1,2026-02-12,,Monthly,1,108.17,Active
515025,14557,9,2025-09-13,,Monthly,1,989.06,Active
515026,16937,15,2025-06-15,,Monthly,2,1398.06,Active
515027,14409,27,2025-05-01,,Monthly,1,916.95,Active
515028,14359,1,2026-07-28,2026-08-31,Monthly,1,117.84,Expired
515029,16459,15,2024-10-19,,Monthly,3,2146.31,Active
515030,17202,6,2024-12-19,,Monthly,1,868.74,Active
515031,14099,21,2025-07-17,2026-04-01,Annual,1,790.34,Expired
515032,16031,17,2024-02-14,2024-12-12,Monthly,2,534.57,Expired
515033,16503,17,2026-02-27,,Monthly,1,293.87,Active
515034,13242,23,2026-01-21,,Monthly,1,304.22,Active
515035,13006,3,2026-08-31,,Monthly,1,680.76,Active
515036,17898,1,2024-06-13,,Monthly,1,110.8,Active
515037,18972,14,2024-10-24,,Monthly,2,575.36,Active
515038,16302,8,2025-04-30,2026-02-24,Annual,1,315.67,Cancelled
515039,19127,24,2026-08-31,2026-08-31,Monthly,2,1554.96,Cancelled
515040,17963,6,2025-07-05,,Monthly,1,877.1,Active
515041,16884,27,2025-11-25,,Monthly,2,2212.11,Active
515042,17671,11,2026-08-07,,Monthly,1,350.92,Active
515043,15784,28,2026-02-12,,Monthly,2,236.6,Active
515044,10990,2,2024-02-18,2024-03-24,Monthly,4,1383.78,Expired
515045,16395,11,2026-08-05,2026-08-31,Monthly,2,722.78,Cancelled
515046,15840,24,2026-08-02,2026-08-31,Monthly,1,841.33,Expired
515047,13810,7,2026-01-30,,Monthly,3,321.3,Active
515048,17905,28,2024-07-25,,Monthly,1,109.15,Active
515049,14200,4,2024-02-13,2025-03-23,Monthly,3,343.56,Cancelled
515050,13533,8,2025-04-30,,Monthly,2,583.85,Active
515051,15093,30,2025-04-28,,Monthly,2,1358.1,Active
515052,19175,7,2024-11-30,,Annual,1,115.69,Active
515053,13070,19,2026-05-04,,Annual,1,88.66,Active
515054,14695,27,2026-05-16,,Monthly,2,2090.44,Active
515055,12769,14,2024-07-31,,Monthly,1,318.63,Active
515056,17520,13,2026-07-31,2026-08-31,Monthly,1,97.47,Expired
515057,15290,22,2026-01-07,2026-08-31,Monthly,1,115.43,Cancelled
515058,11533,9,2024-04-12,2025-06-14,Monthly,1,822.65,Cancelled
515059,16590,6,2025-08-19,2026-06-08,Monthly,4,3118.12,Expired
515060,19769,7,2026-08-28,,Monthly,1,97.24,Active
515061,14914,18,2024-07-30,,Monthly,1,852.31,Active
515062,11133,29,2024-08-26,,Monthly,2,612.0,Active
515063,12109,21,2024-12-29,,Monthly,2,1788.36,Active
515064,15488,27,2025-12-06,,Monthly,1,1080.56,Active
515065,13752,7,2024-08-10,2025-07-27,Monthly,3,279.1,Expired
515066,19486,18,2024-05-23,2024-12-22,Monthly,1,836.14,Cancelled
515067,17059,11,2025-04-22,,Annual,1,366.46,Active
515068,11650,15,2024-12-19,2025-05-03,Monthly,2,1332.31,Cancelled
515069,17839,1,2026-08-31,2026-08-31,Monthly,1,103.16,Expired
515070,15528,14,2026-08-31,2026-08-31,Annual,1,318.68,Cancelled
515071,17583,27,2025-10-13,2026-05-09,Monthly,3,3050.33,Expired
515072,17155,3,2024-05-01,,Annual,3,2343.01,Active
515073,16639,12,2024-10-26,,Monthly,1,1079.17,Active
515074,15482,4,2026-08-31,2026-08-31,Monthly,1,115.14,Expired
515075,12330,12,2024-09-24,2026-03-03,Monthly,1,1041.12,Cancelled
515076,13648,26,2026-06-02,,Monthly,2,572.33,Active
515077,14072,12,2025-02-08,,Annual,1,1016.94,Active
515078,12105,23,2025-04-07,,Monthly,1,321.7,Active
515079,15569,30,2026-05-30,,Monthly,1,800.56,Active
515080,10859,17,2025-05-11,2026-01-24,Monthly,3,875.87,Cancelled
515081,19597,16,2026-02-15,2026-08-31,Monthly,2,192.12,Expired
515082,12143,25,2024-02-12,,Monthly,1,107.42,Active
515083,11800,16,2025-09-13,,Monthly,1,102.53,Active
515084,17921,28,2026-07-28,,Annual,3,284.51,Active
515085,16021,16,2025-01-18,,Monthly,4,421.15,Active
515086,10592,7,2025-06-13,,Monthly,1,108.38,Active
515087,14036,4,2024-09-28,,Monthly,2,207.67,Active
515088,18135,3,2026-05-14,2026-08-31,Monthly,1,691.37,Expired
515089,14180,16,2024-06-26,,Monthly,2,221.38,Active
515090,16403,15,2024-10-27,,Annual,2,1486.31,Active
515091,17511,6,2025-03-09,2025-10-06,Monthly,4,3143.52,Cancelled
515092,19264,16,2024-09-24,,Monthly,1,121.16,Active
515093,16603,16,2024-06-22,,Monthly,1,104.29,Active
515094,16176,14,2026-01-14,2026-05-17,Monthly,3,787.33,Cancelled
515095,15309,20,2024-06-25,2025-10-26,Monthly,1,252.86,Cancelled
515096,14959,14,2026-08-16,2026-08-31,Monthly,1,320.71,Cancelled
515097,10623,22,2025-12-06,,Monthly,2,221.72,Active
515098,12785,1,2025-09-28,,Annual,2,206.99,Active
515099,10916,9,2026-03-26,2026-08-31,Annual,2,1922.01,Expired
515100,12553,25,2026-08-17,,Monthly,1,97.1,Active
515101,15226,2,2025-06-22,,Annual,3,946.1,Active
515102,18631,19,2024-08-08,2025-05-24,Annual,1,78.4,Cancelled
515103,18433,14,2025-05-14,,Monthly,2,522.54,Active
515104,10543,22,2024-07-24,2026-01-06,Monthly,1,111.05,Cancelled
515105,14984,4,2025-10-14,,Annual,1,102.54,Active
515106,13476,18,2025-02-28,2025-05-03,Monthly,1,869.31,Cancelled
515107,15641,5,2024-05-11,,Monthly,1,271.09,Active
515108,10924,5,2025-02-17,,Monthly,1,270.26,Active
515109,19938,29,2025-10-10,,Monthly,2,603.93,Active
515110,12636,8,2026-08-31,,Monthly,2,603.76,Active
515111,12439,22,2024-07-13,,Annual,2,232.11,Active
515112,16830,6,2025-09-30,,Annual,1,938.17,Active
515113,15277,2,2026-08-31,2026-08-31,Monthly,1,381.16,Cancelled
515114,14686,16,2026-04-03,,Annual,2,199.89,Active
515115,17651,11,2024-10-03,,Annual,1,339.5,Active
515116,10975,7,2025-03-20,,Monthly,1,102.75,Active
515117,19520,2,2025-07-04,,Monthly,1,321.89,Active
515118,10624,11,2024-12-16,,Monthly,2,641.97,Active
515119,18241,23,2024-10-13,2025-04-13,Monthly,2,757.88,Cancelled
515120,15678,27,2025-11-25,,Monthly,1,1086.53,Active
515121,15317,28,2025-06-08,2025-09-21,Annual,2,203.09,Expired
515122,15060,9,2025-04-10,,Monthly,1,919.11,Active
515123,16492,30,2024-07-27,2025-08-16,Monthly,3,2087.91,Expired
515124,11653,12,2025-04-21,,Annual,2,2002.56,Active
515125,18105,5,2026-05-23,2026-08-31,Annual,1,240.56,Expired
515126,15479,23,2026-02-04,,Monthly,2,630.68,Active
515127,13572,22,2025-10-24,,Monthly,1,103.48,Active
515128,12927,2,2026-01-12,,Annual,3,1013.61,Active
515129,17966,3,2024-10-01,,Monthly,2,1389.83,Active
515130,18261,2,2024-08-19,2024-12-24,Monthly,1,321.74,Expired
515131,15435,28,2025-11-14,,Annual,1,111.08,Active
515132,12326,1,2026-07-28,2026-08-31,Annual,1,120.75,Expired
515133,13223,4,2024-07-19,,Monthly,1,116.19,Active
515134,17868,24,2024-12-15,,Monthly,1,791.1,Active
515135,14428,1,2026-04-11,,Monthly,3,360.52,Active
515136,13047,6,2026-06-24,2026-08-31,Monthly,5,3913.72,Cancelled
515137,19191,6,2026-05-25,,Monthly,1,885.27,Active
515138,18431,8,2026-08-07,,Monthly,2,566.43,Active
515139,15835,4,2026-03-21,,Annual,2,209.6,Active
515140,10113,25,2024-03-15,,Annual,1,96.81,Active
515141,19221,4,2025-11-01,,Monthly,1,120.27,Active
515142,19350,10,2026-08-22,,Monthly,3,359.58,Active
515143,19369,23,2025-07-29,,Monthly,1,342.06,Active
515144,11205,7,2026-04-29,2026-08-31,Monthly,2,189.09,Expired
515145,16603,20,2024-11-21,,Monthly,1,266.04,Active
515146,16128,10,2025-08-06,,Monthly,4,412.84,Active
515147,10632,1,2024-07-04,2025-10-28,Monthly,1,105.52,Expired
515148,11413,21,2026-08-31,2026-08-31,Monthly,2,1562.39,Cancelled
515149,19240,12,2026-05-11,,Monthly,1,973.78,Active
515150,11081,24,2026-05-19,,Annual,1,890.29,Active
515151,17507,15,2024-12-10,2025-05-30,Monthly,1,745.57,Cancelled
515152,18700,8,2024-07-19,,Monthly,2,546.7,Active
515153,14116,12,2024-06-26,,Annual,1,954.86,Active
515154,14343,27,2025-11-13,,Annual,1,960.6,Active
515155,14552,5,2026-01-12,,Monthly,1,261.67,Active
515156,15159,22,2025-03-26,,Annual,1,119.2,Active
515157,10258,23,2026-05-06,2026-08-04,Monthly,4,1448.48,Cancelled
515158,10770,6,2025-03-09,,Monthly,2,1865.8,Active
515159,18716,12,2024-04-25,,Monthly,2,2379.96,Active
515160,13516,17,2025-08-05,2026-08-31,Monthly,1,288.95,Expired
515161,19265,2,2025-04-02,,Monthly,1,332.11,Active
515162,10758,9,2026-02-06,,Annual,2,1894.37,Active
515163,11108,28,2026-08-31,,Monthly,2,195.96,Active
515164,14308,23,2025-06-24,,Annual,1,341.38,Active
515165,17626,14,2024-08-05,,Annual,1,315.37,Active
515166,11267,3,2025-12-12,,Monthly,4,2707.27,Active
515167,15332,12,2026-05-23,2026-08-31,Monthly,1,1191.7,Cancelled
515168,12764,15,2024-07-23,,Monthly,4,2763.86,Active
515169,11516,19,2025-07-19,2026-03-10,Monthly,1,83.49,Cancelled
515170,12505,2,2026-08-02,,Monthly,1,374.23,Active
515171,16717,8,2025-12-21,2026-02-04,Annual,1,293.77,Expired
515172,18896,5,2024-11-18,2025-12-17,Annual,1,246.33,Expired
515173,17856,13,2025-09-02,,Monthly,1,103.44,Active
515174,10917,23,2026-07-29,,Annual,1,376.88,Active
515175,15450,16,2025-01-17,,Annual,3,289.81,Active
515176,12199,11,2026-08-31,,Monthly,1,295.84,Active
515177,11690,11,2026-08-01,,Monthly,1,305.14,Active
515178,17346,1,2025-10-31,,Monthly,1,101.89,Active
515179,19655,23,2024-10-05,,Monthly,1,378.98,Active
515180,11793,2,2024-01-04,,Monthly,1,340.64,Active
515181,14848,2,2025-04-07,,Monthly,1,382.8,Active
515182,19339,17,2026-02-25,,Annual,4,1138.56,Active
515183,19498,14,2025-08-13,2026-07-12,Monthly,1,316.2,Cancelled
515184,11783,1,2026-05-28,,Monthly,2,233.58,Active
515185,13767,11,2024-03-26,,Monthly,2,691.16,Active
515186,12795,11,2025-06-11,,Monthly,1,367.29,Active
515187,15523,30,2026-04-06,2026-08-31,Monthly,4,2821.2,Expired
515188,19231,14,2026-01-07,,Monthly,1,289.27,Active
515189,15325,26,2024-10-04,2025-09-12,Monthly,2,572.02,Cancelled
515190,18334,3,2025-12-17,2026-03-09,Monthly,1,651.46,Cancelled
515191,11546,26,2025-02-03,,Monthly,1,263.03,Active
515192,17961,20,2026-08-31,,Monthly,1,252.04,Active
515193,19310,13,2025-12-07,,Monthly,1,107.22,Active
515194,15794,14,2024-11-23,,Monthly,1,278.44,Active
515195,16471,5,2024-06-01,,Monthly,1,265.3,Active
515196,10307,8,2026-08-24,,Annual,2,577.22,Active
515197,18346,26,2026-03-04,,Monthly,1,279.0,Active
515198,13309,18,2026-02-12,,Monthly,1,944.19,Active
515199,10380,18,2025-07-20,2026-01-08,Monthly,1,912.15,Expired
515200,16378,13,2026-07-12,,Monthly,2,196.48,Active
515201,10629,17,2025-04-08,2025-10-15,Monthly,1,284.09,Cancelled
515202,17267,21,2026-03-19,,Annual,1,837.66,Active
515203,14010,30,2025-02-17,,Monthly,3,2419.86,Active
515204,16262,3,2024-09-05,,Monthly,1,786.71,Active
515205,19660,7,2026-08-31,2026-08-31,Monthly,2,198.91,Expired
515206,15148,5,2026-01-19,,Monthly,1,245.1,Active
515207,18666,24,2025-09-02,,Monthly,1,878.29,Active
515208,15513,19,2025-06-23,2026-08-31,Monthly,1,84.83,Cancelled
515209,18141,1,2025-09-20,,Monthly,1,105.59,Active
515210,14055,15,2025-01-27,2026-01-14,Monthly,3,2227.83,Expired
515211,17641,3,2025-04-07,2025-10-03,Monthly,1,733.4,Expired
515212,13366,27,2024-05-26,2024-10-02,Monthly,1,930.17,Expired
515213,16320,27,2025-01-18,2025-03-01,Monthly,1,1056.08,Cancelled
515214,19074,19,2025-08-03,,Annual,3,262.14,Active
515215,16901,17,2025-08-18,2026-08-31,Monthly,2,535.29,Cancelled
515216,12048,23,2026-07-22,2026-08-31,Monthly,1,316.59,Cancelled
515217,13904,15,2025-03-20,2026-04-23,Annual,2,1453.16,Cancelled
515218,11310,16,2026-02-27,,Monthly,2,213.44,Active
515219,18828,21,2024-06-21,2025-01-01,Annual,4,3664.28,Cancelled
515220,17174,4,2025-03-04,,Monthly,3,331.3,Active
515221,13419,30,2025-08-01,2026-07-11,Monthly,2,1545.5,Cancelled
515222,19530,19,2025-06-02,2026-03-22,Annual,1,77.89,Cancelled
515223,13850,17,2026-02-03,2026-08-31,Annual,1,281.37,Cancelled
515224,16904,16,2026-05-07,2026-08-31,Monthly,2,194.8,Cancelled
515225,11668,8,2024-07-01,,Monthly,1,313.33,Active
515226,15272,18,2024-09-13,2024-12-25,Monthly,1,811.35,Cancelled
515227,10414,15,2024-12-11,,Monthly,2,1526.3,Active
515228,18071,18,2024-12-29,2025-07-09,Annual,1,921.38,Expired
515229,12197,6,2024-09-10,,Annual,3,2534.82,Active
515230,11224,28,2025-10-11,2026-08-31,Monthly,2,235.13,Cancelled
515231,11064,11,2025-03-15,,Monthly,1,363.79,Active
515232,11759,28,2026-02-11,,Monthly,1,114.53,Active
515233,15297,9,2025-03-17,2026-01-15,Annual,2,1958.62,Expired
515234,14788,18,2026-07-04,,Monthly,1,801.84,Active
515235,13084,19,2024-10-31,2025-08-05,Monthly,1,90.86,Expired
515236,18015,8,2025-12-31,2026-08-31,Monthly,1,276.92,Cancelled
515237,13994,19,2026-08-31,2026-08-31,Annual,1,75.62,Expired
515238,19695,13,2025-06-20,,Monthly,1,117.32,Active
515239,14649,24,2024-05-18,2025-09-06,Annual,2,1501.12,Cancelled
515240,17714,24,2025-11-05,,Monthly,2,1729.73,Active
515241,13150,21,2026-08-31,,Annual,2,1803.35,Active
515242,15679,6,2025-12-12,2026-08-31,Monthly,3,2361.15,Cancelled
515243,11763,26,2024-08-28,2025-04-12,Monthly,1,260.07,Cancelled
515244,14095,18,2026-01-27,,Monthly,4,3545.89,Active
515245,11083,1,2026-08-31,,Annual,1,113.17,Active
515246,16963,4,2026-04-10,2026-08-01,Monthly,3,354.19,Cancelled
515247,18869,14,2024-01-06,2024-08-03,Monthly,1,274.4,Cancelled
515248,16217,8,2025-11-05,2026-04-25,Annual,2,600.87,Cancelled
515249,13434,3,2025-11-29,2026-08-31,Monthly,1,810.61,Expired
515250,12260,11,2025-10-15,,Monthly,1,309.24,Active
515251,13984,6,2024-02-22,2024-09-19,Annual,2,1653.8,Cancelled
515252,14386,3,2025-05-07,,Monthly,1,809.96,Active
515253,18406,19,2025-01-13,,Monthly,3,257.43,Active
515254,16057,17,2026-05-31,,Monthly,1,265.76,Active
515255,13618,26,2025-11-14,,Monthly,2,548.23,Active
515256,13319,2,2026-07-20,2026-08-31,Monthly,1,314.39,Expired
515257,17605,10,2026-08-31,,Annual,1,113.16,Active
515258,17645,7,2025-08-16,,Monthly,3,301.9,Active
515259,12152,2,2024-12-07,,Monthly,2,742.77,Active
515260,14769,20,2024-11-28,,Monthly,3,850.73,Active
515261,10724,9,2024-03-09,,Monthly,1,853.95,Active
515262,17548,27,2025-08-04,2025-11-28,Monthly,4,4468.85,Cancelled
515263,17820,7,2024-10-25,2025-03-10,Monthly,2,228.45,Expired
515264,12639,2,2025-02-06,,Annual,1,358.41,Active
515265,15735,14,2025-06-18,,Annual,1,303.66,Active
515266,11059,9,2024-10-22,2025-08-04,Annual,1,979.07,Cancelled
515267,11475,1,2026-02-26,,Monthly,1,105.8,Active
515268,15854,24,2024-08-09,,Monthly,1,942.69,Active
515269,14751,7,2024-07-12,2025-12-01,Monthly,3,320.61,Expired
515270,10520,1,2026-08-25,,Annual,1,114.77,Active
515271,17862,11,2026-08-31,,Monthly,3,1076.46,Active
515272,13889,18,2024-09-12,,Monthly,1,978.94,Active
515273,19943,21,2026-07-19,2026-08-20,Monthly,1,871.56,Expired
515274,19233,7,2024-06-06,,Monthly,2,190.7,Active
515275,13696,2,2024-08-09,2024-12-08,Monthly,1,343.91,Cancelled
515276,10642,12,2025-07-19,2026-08-09,Monthly,1,999.33,Cancelled
515277,14154,3,2025-02-26,,Annual,1,652.01,Active
515278,13955,27,2025-04-06,,Annual,3,2959.8,Active
515279,17914,3,2024-11-29,2026-05-06,Annual,2,1396.9,Cancelled
515280,17670,9,2026-08-31,,Monthly,1,969.08,Active
515281,10509,9,2025-10-18,,Monthly,3,2781.38,Active
515282,11095,14,2024-08-24,2025-12-31,Monthly,1,299.31,Cancelled
515283,15808,1,2025-08-08,2025-11-04,Annual,1,115.26,Cancelled
515284,12145,22,2024-07-30,2024-12-13,Monthly,1,116.72,Cancelled
515285,15183,30,2024-07-16,,Annual,1,707.23,Active
515286,11416,6,2024-02-03,,Monthly,3,2373.65,Active
515287,11736,10,2026-05-20,2026-08-31,Monthly,3,356.27,Expired
515288,14609,17,2024-05-21,,Monthly,4,1216.68,Active
515289,14737,9,2026-04-04,2026-08-31,Monthly,2,1904.21,Expired
515290,17048,26,2026-03-03,,Monthly,1,256.41,Active
515291,19891,17,2025-12-17,,Annual,2,535.07,Active
515292,18508,25,2026-06-03,2026-08-31,Annual,2,215.68,Expired
515293,17985,15,2024-09-01,2025-11-05,Annual,3,2105.51,Expired
515294,10615,19,2024-11-06,2025-08-13,Annual,2,174.68,Expired
515295,14974,22,2026-08-26,,Annual,2,209.62,Active
515296,13139,5,2025-08-09,2025-11-15,Annual,1,258.0,Cancelled
515297,17631,14,2025-09-27,2026-07-25,Annual,1,279.32,Cancelled
515298,19646,18,2025-10-03,2026-02-12,Monthly,1,908.86,Expired
515299,13469,5,2025-10-09,,Monthly,1,238.8,Active
515300,19928,13,2025-12-29,2026-08-13,Monthly,1,104.34,Expired
515301,11325,17,2024-08-05,,Monthly,3,820.83,Active
515302,10153,10,2024-08-28,2024-11-02,Monthly,1,111.27,Cancelled
515303,13503,28,2025-03-27,,Monthly,3,297.58,Active
515304,18891,25,2025-05-06,,Monthly,2,193.1,Active
515305,11669,1,2025-04-30,,Monthly,1,110.34,Active
515306,13160,13,2026-02-14,,Monthly,1,110.65,Active
515307,14809,3,2024-11-06,2025-08-05,Monthly,3,2037.9,Cancelled
515308,15870,24,2025-07-23,,Annual,1,847.36,Active
515309,19766,29,2025-09-01,2026-06-09,Monthly,1,311.43,Cancelled
515310,16796,6,2026-08-31,2026-08-31,Annual,2,1574.09,Cancelled
515311,17885,21,2026-08-31,,Monthly,1,955.68,Active
515312,17992,28,2026-08-31,2026-08-31,Monthly,2,226.63,Expired
515313,16960,21,2024-12-18,,Monthly,2,1684.45,Active
515314,17430,11,2026-06-11,,Monthly,3,997.75,Active
515315,13720,1,2026-08-06,,Monthly,1,104.58,Active
515316,12491,28,2026-08-31,2026-08-31,Monthly,1,115.72,Expired
515317,11564,11,2026-06-28,,Monthly,1,293.61,Active
515318,15822,30,2025-09-24,,Monthly,3,2044.03,Active
515319,16801,17,2024-12-05,,Monthly,1,240.77,Active
515320,16281,18,2025-06-21,,Monthly,1,960.31,Active
515321,11259,6,2025-07-30,,Monthly,1,914.08,Active
515322,17409,30,2026-04-25,,Monthly,1,831.97,Active
515323,15319,4,2025-05-10,,Monthly,2,237.13,Active
515324,12019,18,2025-11-01,,Monthly,4,3219.22,Active
515325,18452,22,2024-07-14,2025-07-27,Annual,1,100.54,Cancelled
515326,19515,12,2026-03-04,,Monthly,2,2226.32,Active
515327,18845,6,2026-07-02,2026-08-31,Annual,1,921.87,Expired
515328,12428,18,2025-11-30,,Monthly,2,1835.92,Active
515329,14663,27,2025-03-15,,Monthly,2,1884.3,Active
515330,12594,25,2025-09-20,,Annual,1,116.16,Active
515331,10291,16,2024-06-20,2024-12-11,Monthly,1,116.53,Cancelled
515332,15315,23,2025-11-07,2026-08-31,Monthly,2,675.77,Expired
515333,19333,4,2026-05-19,2026-08-31,Monthly,1,114.17,Expired
515334,10643,23,2026-08-31,,Monthly,2,736.13,Active
515335,15416,17,2025-11-03,,Annual,1,290.5,Active
515336,13543,14,2026-08-14,2026-08-31,Monthly,1,284.41,Cancelled
515337,16685,11,2025-08-19,,Monthly,3,891.87,Active
515338,11253,9,2025-08-13,,Monthly,1,841.39,Active
515339,19693,25,2025-05-22,2025-12-03,Monthly,2,205.68,Cancelled
515340,11702,4,2026-05-01,2026-08-31,Monthly,1,117.93,Expired
515341,11111,27,2026-08-31,,Monthly,1,1017.74,Active
515342,13393,21,2024-08-20,,Monthly,1,834.86,Active
515343,18125,6,2026-01-13,,Monthly,1,882.33,Active
515344,17571,5,2026-08-31,,Monthly,1,268.4,Active
515345,19334,12,2026-06-14,,Monthly,1,1168.51,Active
515346,17330,27,2026-05-16,2026-08-31,Monthly,1,900.58,Expired
515347,11288,4,2026-06-21,,Monthly,1,115.6,Active
515348,12795,11,2025-04-15,,Monthly,3,917.25,Active
515349,19891,17,2025-12-03,,Annual,1,288.95,Active
515350,12553,12,2026-06-08,,Monthly,1,948.93,Active
515351,19817,23,2025-12-19,2026-04-26,Monthly,2,674.76,Cancelled
515352,14943,14,2026-01-10,2026-08-31,Monthly,1,261.37,Cancelled
515353,12242,29,2026-02-06,2026-08-31,Monthly,1,286.36,Expired
515354,10754,14,2024-08-11,,Annual,2,528.88,Active
515355,15889,26,2024-03-26,2024-08-29,Monthly,1,231.06,Cancelled
515356,19999,20,2025-08-11,,Monthly,1,259.25,Active
515357,14324,13,2025-04-09,,Annual,1,122.13,Active
515358,14351,9,2025-04-12,2025-05-24,Monthly,1,831.64,Expired
515359,17738,23,2024-10-27,,Monthly,1,371.75,Active
515360,12736,12,2024-08-26,,Monthly,1,1041.4,Active
515361,19691,25,2026-08-31,2026-08-31,Annual,1,112.32,Cancelled
515362,17494,15,2026-03-07,,Monthly,1,768.76,Active
515363,19913,18,2026-08-31,,Monthly,3,2485.15,Active
515364,11391,20,2025-04-30,2026-05-03,Monthly,1,267.94,Cancelled
515365,15601,14,2026-08-31,,Monthly,1,313.45,Active
515366,11528,18,2025-12-21,2026-03-10,Monthly,1,973.68,Cancelled
515367,17315,21,2025-04-21,,Monthly,1,826.28,Active
515368,11906,29,2025-04-11,,Monthly,2,618.13,Active
515369,19896,6,2025-11-12,2026-06-13,Annual,1,777.73,Cancelled
515370,14819,9,2024-11-23,2026-03-20,Annual,1,996.04,Expired
515371,10022,9,2024-09-27,2026-01-04,Monthly,1,853.88,Cancelled
515372,18739,12,2025-02-26,2026-05-26,Monthly,3,3306.34,Expired
515373,11412,1,2024-03-09,,Annual,1,103.76,Active
515374,14153,18,2026-08-31,,Annual,1,864.98,Active
515375,14479,29,2026-08-31,,Annual,2,523.81,Active
515376,11986,18,2024-11-18,,Monthly,1,837.1,Active
515377,17800,11,2025-02-16,,Monthly,3,936.63,Active
515378,16723,1,2025-07-15,,Annual,1,117.27,Active
515379,13470,8,2026-07-04,2026-08-31,Monthly,1,292.97,Expired
515380,10986,14,2024-10-24,,Annual,1,315.18,Active
515381,14028,24,2026-07-19,,Monthly,2,1539.66,Active
515382,14099,13,2025-06-30,,Monthly,1,98.15,Active
515383,19164,1,2024-05-05,,Monthly,1,104.22,Active
515384,11632,16,2026-08-31,2026-08-31,Monthly,1,105.95,Cancelled
515385,10155,5,2025-02-14,2025-03-21,Annual,1,221.34,Cancelled
515386,11916,14,2026-05-10,,Monthly,3,829.58,Active
515387,12400,4,2026-08-31,,Monthly,2,195.22,Active
515388,12848,26,2024-09-22,,Monthly,5,1348.93,Active
515389,19938,19,2025-09-19,,Annual,1,89.31,Active
515390,11691,25,2025-02-16,2026-04-09,Annual,1,99.02,Expired
515391,12154,17,2025-07-08,,Annual,1,241.05,Active
515392,16181,15,2024-12-31,,Monthly,2,1394.46,Active
515393,17478,30,2025-06-11,,Monthly,5,3320.5,Active
515394,17268,23,2025-11-17,2026-08-31,Monthly,2,603.06,Cancelled
515395,10863,2,2025-10-24,,Monthly,1,339.28,Active
515396,19490,18,2026-07-18,,Monthly,3,2718.85,Active
515397,10772,28,2026-03-01,2026-06-18,Monthly,1,117.88,Cancelled
515398,18818,25,2026-08-31,,Monthly,1,117.35,Active
515399,13454,11,2025-01-12,,Monthly,3,965.82,Active
515400,17439,30,2024-04-15,2025-07-02,Monthly,2,1599.16,Expired
515401,15679,14,2025-12-17,2026-08-31,Monthly,1,266.74,Cancelled
515402,10459,6,2026-08-20,,Monthly,3,2393.2,Active
515403,16609,10,2024-06-23,2024-11-25,Monthly,1,123.66,Expired
515404,18587,13,2025-09-14,,Annual,1,118.9,Active
515405,12739,27,2026-02-22,,Monthly,2,1822.52,Active
515406,18466,24,2024-06-03,2024-07-29,Monthly,2,1768.89,Expired
515407,14004,18,2025-01-10,,Monthly,3,2732.52,Active
515408,19671,4,2024-11-10,2026-01-13,Monthly,1,119.52,Cancelled
515409,19531,7,2025-02-06,,Monthly,1,104.72,Active
515410,12751,27,2024-11-28,,Monthly,2,2042.37,Active
515411,11336,5,2024-06-06,,Monthly,1,229.42,Active
515412,11357,15,2025-05-18,,Monthly,2,1639.8,Active
515413,10001,26,2025-04-17,,Monthly,1,283.52,Active
515414,11811,3,2024-05-06,2024-10-04,Annual,1,665.93,Cancelled
515415,14586,20,2025-02-02,2025-12-22,Annual,5,1389.71,Expired
515416,17963,22,2025-07-19,,Annual,5,570.16,Active
515417,19636,15,2025-12-26,2026-08-31,Monthly,2,1684.5,Expired
515418,11443,25,2024-11-03,,Monthly,1,102.4,Active
515419,18632,17,2024-10-18,,Monthly,1,303.34,Active
515420,16068,18,2026-08-31,,Annual,2,1609.91,Active
515421,12635,26,2026-08-31,2026-08-31,Monthly,2,558.69,Cancelled
515422,10301,24,2026-08-31,,Monthly,1,879.34,Active
515423,11475,8,2025-12-16,2026-04-08,Monthly,1,277.05,Expired
515424,10287,26,2025-04-15,,Monthly,2,534.48,Active
515425,14502,10,2026-08-31,,Monthly,1,98.78,Active
515426,19573,23,2025-09-30,2025-12-25,Monthly,1,358.16,Expired
515427,19857,9,2024-09-03,,Monthly,1,851.11,Active
515428,10353,29,2025-06-26,,Annual,1,283.49,Active
515429,17560,14,2024-10-22,,Monthly,1,306.62,Active
515430,18771,27,2026-06-11,2026-08-31,Monthly,2,2216.96,Expired
515431,18248,29,2025-08-09,,Monthly,1,299.49,Active
515432,12627,4,2024-09-11,,Monthly,2,230.65,Active
515433,13413,30,2024-08-07,,Monthly,1,783.49,Active
515434,12062,27,2024-12-14,,Monthly,3,2885.72,Active
515435,13064,16,2024-06-16,,Monthly,1,109.62,Active
515436,11305,22,2024-11-26,2025-08-27,Monthly,2,205.77,Expired
515437,10157,25,2025-08-16,,Monthly,1,100.98,Active
515438,16806,22,2024-05-01,2024-11-21,Monthly,2,226.79,Cancelled
515439,15349,16,2025-09-05,,Monthly,1,101.58,Active
515440,11390,30,2026-04-11,,Annual,1,833.4,Active
515441,14792,4,2025-07-27,2025-11-19,Monthly,4,397.37,Cancelled
515442,17041,12,2024-06-13,,Annual,1,1054.27,Active
515443,12139,4,2024-02-06,2025-03-30,Monthly,1,115.19,Expired
515444,18358,11,2025-06-28,,Monthly,1,352.54,Active
515445,11167,13,2026-08-31,,Monthly,1,120.86,Active
515446,17707,17,2024-10-09,,Annual,1,260.14,Active
515447,16480,12,2024-01-29,,Monthly,1,995.4,Active
515448,13956,19,2024-04-24,2025-01-09,Monthly,1,72.46,Cancelled
515449,14763,3,2025-05-21,,Monthly,1,707.37,Active
515450,18557,27,2026-07-11,,Monthly,1,888.52,Active
515451,16907,8,2025-01-14,,Monthly,2,601.84,Active
515452,15271,15,2024-08-28,,Monthly,1,664.9,Active
515453,11799,16,2025-08-05,,Monthly,1,98.5,Active
515454,15282,23,2026-04-21,2026-08-31,Annual,4,1410.1,Expired
515455,10635,9,2025-10-26,,Monthly,1,883.89,Active
515456,10143,17,2024-11-30,,Monthly,2,556.53,Active
515457,11680,2,2025-07-06,2025-11-19,Annual,1,382.72,Expired
515458,12886,10,2025-05-30,,Monthly,1,109.6,Active
515459,17050,9,2026-08-28,2026-08-31,Monthly,1,966.37,Expired
515460,12809,11,2024-08-11,,Monthly,1,311.76,Active
515461,10032,2,2024-10-25,,Monthly,2,708.75,Active
515462,15539,20,2025-09-14,,Monthly,1,243.22,Active
515463,16565,16,2025-04-18,,Annual,4,404.19,Active
515464,17937,13,2025-11-08,,Monthly,2,228.9,Active
515465,14209,20,2024-05-23,,Monthly,2,489.79,Active
515466,16157,24,2024-06-12,2025-03-07,Monthly,2,1652.23,Expired
515467,18945,3,2026-01-21,,Monthly,1,675.89,Active
515468,19855,13,2025-07-24,,Monthly,3,322.96,Active
515469,15427,22,2024-10-14,,Monthly,3,345.65,Active
515470,14359,6,2026-07-19,,Monthly,1,851.59,Active
515471,17624,25,2024-09-02,2025-01-21,Monthly,3,347.9,Cancelled
515472,18192,15,2024-04-10,2024-08-27,Monthly,1,827.93,Expired
515473,15625,9,2024-01-29,,Monthly,1,1002.75,Active
515474,19548,1,2026-03-04,2026-08-31,Annual,2,207.86,Cancelled
515475,15961,10,2026-08-17,2026-08-31,Monthly,1,122.36,Cancelled
515476,12496,23,2025-12-01,,Annual,2,697.04,Active
515477,12317,28,2026-01-17,,Monthly,1,100.88,Active
515478,10928,18,2025-12-02,,Monthly,2,1769.63,Active
515479,13631,26,2025-09-26,2026-04-11,Annual,1,284.26,Expired
515480,11523,1,2025-07-27,2026-08-24,Monthly,2,237.49,Cancelled
515481,18183,19,2025-10-19,2026-08-31,Annual,2,146.13,Expired
515482,11283,29,2024-12-30,2026-04-07,Annual,4,1132.79,Cancelled
515483,19824,5,2024-06-23,,Annual,1,220.23,Active
515484,19129,15,2025-07-17,2026-07-12,Monthly,1,830.48,Expired
515485,13919,11,2025-04-12,,Monthly,1,320.97,Active
515486,13588,22,2026-01-11,,Monthly,2,195.38,Active
515487,15162,2,2026-05-07,2026-08-31,Monthly,4,1468.67,Cancelled
515488,10116,11,2026-05-25,,Monthly,4,1182.63,Active
515489,12582,12,2026-05-18,2026-08-31,Monthly,3,3144.73,Cancelled
515490,15703,14,2026-05-25,,Monthly,2,650.46,Active
515491,12038,2,2026-02-16,2026-06-25,Monthly,3,978.46,Cancelled
515492,15116,24,2026-05-01,,Monthly,1,825.78,Active
515493,15680,26,2025-05-12,,Monthly,3,684.59,Active
515494,13474,19,2025-10-20,,Monthly,1,74.9,Active
515495,10709,14,2026-08-31,2026-08-31,Monthly,1,306.26,Cancelled
515496,10982,9,2025-08-14,,Annual,1,866.85,Active
515497,17330,24,2026-06-12,,Monthly,1,753.53,Active
515498,13971,26,2026-02-20,2026-08-31,Annual,3,811.1,Cancelled
515499,11084,5,2026-06-08,,Monthly,1,253.61,Active
515500,16047,17,2025-03-28,,Monthly,1,303.57,Active
515501,10615,15,2024-11-24,,Monthly,1,761.07,Active
515502,19713,16,2025-06-24,2026-08-31,Monthly,2,195.89,Expired
515503,12083,19,2024-04-11,,Monthly,1,78.81,Active
515504,14042,5,2025-06-02,,Monthly,2,458.48,Active
515505,18942,26,2026-03-16,,Annual,3,779.31,Active
515506,16086,28,2026-08-31,2026-08-31,Monthly,2,202.69,Expired
515507,11184,3,2026-08-31,,Monthly,1,691.89,Active
515508,14478,2,2024-06-17,,Monthly,1,352.21,Active
515509,15926,6,2025-09-26,,Monthly,2,1667.88,Active
515510,16397,17,2025-01-20,2025-10-08,Monthly,1,285.25,Expired
515511,14541,20,2026-05-30,,Monthly,1,270.23,Active
515512,13211,16,2025-08-28,,Annual,2,197.24,Active
515513,16228,17,2026-08-31,,Annual,2,488.65,Active
515514,12182,19,2024-11-11,2025-06-26,Monthly,1,81.01,Expired
515515,14015,21,2026-08-31,,Monthly,1,948.02,Active
515516,16741,28,2026-04-05,,Monthly,1,114.53,Active
515517,14708,10,2025-11-15,,Monthly,1,122.16,Active
515518,10004,15,2025-07-17,,Monthly,1,843.22,Active
515519,19793,18,2025-08-13,,Monthly,1,857.65,Active
515520,12662,16,2026-07-09,,Monthly,2,232.18,Active
515521,13077,3,2024-12-30,,Monthly,1,707.34,Active
515522,10113,13,2024-02-17,,Monthly,1,96.9,Active
515523,11782,12,2025-06-23,,Monthly,1,1049.81,Active
515524,11118,29,2024-09-06,,Annual,1,277.13,Active
515525,10324,20,2025-07-20,,Monthly,2,493.95,Active
515526,10167,21,2024-06-24,2025-09-18,Monthly,1,895.05,Expired
515527,16335,4,2025-09-12,,Monthly,1,111.37,Active
515528,10671,30,2024-06-20,2025-11-16,Monthly,1,672.11,Expired
515529,11254,11,2025-05-27,,Monthly,1,348.67,Active
515530,12909,24,2024-10-13,2025-05-22,Monthly,2,1864.29,Cancelled
515531,18621,1,2024-02-23,2025-07-03,Monthly,1,105.32,Cancelled
515532,10207,1,2024-11-18,2026-04-13,Monthly,2,225.54,Expired
515533,16113,17,2024-09-14,,Monthly,1,253.87,Active
515534,13811,21,2025-11-24,2026-08-31,Monthly,1,787.4,Expired
515535,17926,23,2025-04-18,,Annual,1,299.59,Active
515536,18672,23,2025-08-09,2026-07-04,Monthly,2,708.12,Expired
515537,17097,16,2025-11-12,,Monthly,3,290.24,Active
515538,19248,11,2026-01-15,,Monthly,1,314.74,Active
515539,17523,19,2025-07-14,,Annual,1,81.54,Active
515540,16165,20,2025-07-14,,Annual,1,236.19,Active
515541,19828,13,2026-05-03,,Monthly,1,116.94,Active
515542,10646,20,2026-02-01,2026-06-24,Monthly,1,290.09,Expired
515543,15936,6,2026-08-08,,Monthly,1,867.73,Active
515544,12185,8,2026-08-31,2026-08-31,Monthly,1,284.3,Cancelled
515545,13089,24,2025-08-08,2026-01-16,Monthly,1,858.15,Expired
515546,16164,22,2024-11-29,,Monthly,2,216.36,Active
515547,16026,11,2026-03-29,2026-08-31,Monthly,3,1048.69,Cancelled
515548,15371,14,2025-05-02,2025-09-07,Monthly,1,258.9,Cancelled
515549,15280,9,2026-07-31,2026-08-31,Monthly,1,1018.01,Cancelled
515550,15260,6,2025-10-11,2026-01-14,Monthly,1,881.8,Expired
515551,12076,15,2026-03-23,,Monthly,2,1619.56,Active
515552,15087,1,2025-12-17,,Annual,1,109.81,Active
515553,13082,13,2026-08-21,,Monthly,1,105.33,Active
515554,13132,7,2026-06-24,,Annual,1,107.16,Active
515555,16567,5,2024-11-14,,Monthly,5,1210.47,Active
515556,13079,16,2026-08-31,,Annual,2,207.04,Active
515557,14701,19,2025-11-11,,Monthly,1,83.19,Active
515558,13967,5,2024-12-30,2025-05-31,Annual,2,507.28,Cancelled
515559,13154,9,2025-07-03,,Monthly,4,3942.08,Active
515560,19984,17,2025-05-15,2026-08-31,Monthly,1,260.77,Expired
515561,15825,2,2025-01-23,,Annual,1,353.49,Active
515562,11502,14,2024-05-11,,Monthly,2,639.36,Active
515563,12751,30,2025-03-05,,Annual,1,731.21,Active
515564,11642,10,2025-03-11,,Monthly,2,248.05,Active
515565,19824,27,2024-05-31,,Annual,1,1008.65,Active
515566,17980,25,2026-03-03,,Annual,1,118.14,Active
515567,17616,27,2025-01-28,2026-02-21,Monthly,3,2696.12,Expired
515568,13079,23,2026-08-24,,Annual,1,298.52,Active
515569,11528,13,2026-02-27,2026-08-31,Monthly,1,121.82,Expired
515570,19474,3,2024-08-14,2025-11-15,Annual,1,780.36,Expired
515571,13442,15,2024-09-26,2025-09-16,Monthly,1,803.05,Expired
515572,17232,19,2026-05-21,2026-07-17,Monthly,3,265.03,Expired
515573,12625,9,2024-07-16,,Monthly,1,830.64,Active
515574,14267,13,2025-03-03,,Monthly,1,118.66,Active
515575,12546,23,2025-07-25,,Monthly,2,657.93,Active
515576,12268,13,2026-08-31,,Monthly,1,102.58,Active
515577,12374,9,2025-11-14,2026-08-31,Monthly,1,843.69,Cancelled
515578,14245,24,2025-09-24,2026-08-31,Monthly,1,853.71,Expired
515579,10971,11,2025-09-05,2026-06-25,Monthly,4,1345.19,Cancelled
515580,10158,28,2026-02-09,,Annual,1,103.2,Active
515581,13255,26,2025-10-30,,Monthly,1,228.89,Active
515582,18469,23,2025-06-21,2025-11-28,Monthly,3,1081.05,Expired
515583,10544,5,2024-09-17,,Monthly,1,236.35,Active
515584,17041,30,2024-03-17,2024-05-16,Annual,2,1499.82,Cancelled
515585,17635,3,2024-07-30,,Monthly,1,655.81,Active
515586,19626,19,2025-12-27,2026-03-30,Annual,1,87.88,Cancelled
515587,11849,12,2026-04-22,2026-08-31,Annual,1,986.44,Cancelled
515588,17013,16,2026-07-19,,Monthly,1,103.59,Active
515589,11030,17,2026-06-28,2026-08-31,Monthly,1,250.43,Cancelled
515590,17959,18,2024-06-13,2025-03-04,Monthly,1,976.63,Cancelled
515591,17550,15,2025-02-20,,Annual,2,1344.27,Active
515592,17780,28,2025-03-30,,Monthly,4,465.5,Active
515593,17524,8,2026-03-01,,Monthly,1,261.41,Active
515594,15955,14,2026-06-10,,Monthly,1,261.48,Active
515595,14197,6,2026-08-31,,Monthly,1,788.31,Active
515596,14199,2,2026-08-31,2026-08-31,Monthly,2,603.05,Expired
515597,18730,12,2025-12-30,,Monthly,3,3321.32,Active
515598,15393,13,2026-08-31,,Annual,1,115.73,Active
515599,14133,4,2026-08-31,2026-08-31,Annual,1,121.38,Cancelled
515600,18048,27,2024-10-29,,Monthly,1,885.14,Active
515601,15102,17,2026-08-31,,Monthly,1,278.77,Active
515602,11399,11,2025-10-08,,Monthly,1,312.49,Active
515603,17919,23,2025-03-11,,Monthly,1,372.15,Active
515604,16258,12,2024-07-24,,Monthly,1,975.09,Active
515605,11321,2,2026-03-29,,Monthly,4,1376.23,Active
515606,16703,19,2026-08-31,2026-08-31,Monthly,1,80.3,Cancelled
515607,10508,26,2025-03-04,,Monthly,1,237.79,Active
515608,19762,28,2026-07-26,,Monthly,3,301.68,Active
515609,16190,8,2024-11-19,,Monthly,2,610.13,Active
515610,13339,18,2026-08-31,,Monthly,1,819.12,Active
515611,13597,24,2025-01-12,2025-05-04,Annual,1,944.77,Cancelled
515612,19267,13,2026-04-10,,Monthly,2,212.25,Active
515613,12353,6,2025-06-19,,Monthly,1,882.94,Active
515614,10750,17,2024-03-03,,Annual,1,284.18,Active
515615,18166,2,2024-05-05,,Monthly,1,368.06,Active
515616,15115,18,2025-05-23,,Monthly,1,920.69,Active
515617,15953,7,2025-12-29,2026-02-07,Monthly,2,222.37,Cancelled
515618,11958,6,2025-07-17,,Annual,3,2768.52,Active
515619,18895,27,2026-07-01,,Monthly,1,1022.0,Active
515620,15570,8,2025-01-10,2026-02-02,Monthly,1,318.44,Expired
515621,14476,17,2024-06-05,2025-01-06,Monthly,1,288.28,Expired
515622,15915,11,2024-11-05,2025-06-01,Annual,1,361.28,Cancelled
515623,15861,25,2025-11-15,,Monthly,1,99.54,Active
515624,15473,5,2025-06-02,,Monthly,1,252.2,Active
515625,18647,18,2024-07-31,,Monthly,3,2549.11,Active
515626,16058,14,2025-11-03,2026-08-31,Monthly,1,297.59,Cancelled
515627,14329,29,2025-11-14,2026-08-31,Annual,1,264.52,Cancelled
515628,18264,3,2026-02-09,2026-06-14,Monthly,1,786.1,Cancelled
515629,17362,8,2024-12-01,2025-05-22,Monthly,4,1231.7,Expired
515630,11166,20,2024-05-11,,Monthly,3,703.13,Active
515631,12423,3,2026-08-31,,Monthly,1,782.11,Active
515632,18837,18,2026-02-26,,Monthly,1,924.89,Active
515633,10153,10,2024-09-10,,Annual,1,119.46,Active
515634,18408,29,2026-08-30,2026-08-31,Monthly,1,278.55,Expired
515635,16216,14,2024-10-28,2025-05-19,Monthly,1,298.85,Expired
515636,10232,27,2024-04-21,2024-08-07,Annual,1,1104.14,Cancelled
515637,13170,10,2024-08-06,,Monthly,2,227.99,Active
515638,15368,6,2026-04-12,2026-08-31,Monthly,1,794.75,Expired
515639,12103,17,2024-05-05,2025-05-01,Monthly,2,517.08,Cancelled
515640,13725,29,2026-08-31,,Monthly,2,561.82,Active
515641,19715,17,2024-05-17,2024-09-28,Monthly,1,254.95,Cancelled
515642,18979,9,2025-04-10,2025-08-07,Monthly,1,917.17,Expired
515643,12351,10,2026-08-31,,Monthly,1,118.21,Active
515644,16017,8,2024-09-14,,Monthly,1,273.81,Active
515645,19168,28,2024-07-11,,Monthly,1,111.64,Active
515646,15778,4,2026-08-31,,Monthly,1,99.68,Active
515647,16399,12,2024-07-23,,Monthly,3,2897.57,Active
515648,12422,11,2026-08-29,,Monthly,1,315.93,Active
515649,11357,16,2025-10-07,,Annual,1,115.48,Active
515650,16033,29,2025-12-24,,Monthly,2,535.42,Active
515651,18769,16,2025-07-29,2026-03-06,Annual,1,98.64,Expired
515652,15904,12,2026-06-02,,Monthly,4,4207.73,Active
515653,11050,27,2026-08-31,2026-08-31,Annual,5,5059.48,Cancelled
515654,17120,4,2026-08-31,,Monthly,1,108.56,Active
515655,16485,22,2025-05-06,,Monthly,1,102.87,Active
515656,16200,2,2025-01-26,2025-08-27,Monthly,3,983.48,Cancelled
515657,13527,9,2025-10-13,2026-08-31,Monthly,2,1682.94,Cancelled
515658,17530,18,2025-12-21,,Monthly,2,1726.39,Active
515659,12069,21,2025-05-31,2026-08-31,Monthly,1,843.69,Cancelled
515660,19476,2,2025-05-19,,Monthly,2,739.02,Active
515661,14401,7,2026-08-31,2026-08-31,Monthly,1,106.12,Expired
515662,11978,3,2026-08-31,2026-08-31,Annual,2,1403.49,Cancelled
515663,11678,30,2024-12-20,2025-08-31,Monthly,1,711.04,Expired
515664,12623,1,2025-10-04,,Monthly,1,117.97,Active
515665,19158,24,2024-10-01,,Monthly,2,1699.08,Active
515666,10641,1,2024-11-25,2026-02-09,Monthly,2,230.83,Expired
515667,16229,3,2025-06-01,2025-12-18,Monthly,1,738.58,Cancelled
515668,15227,30,2025-07-17,2025-08-23,Annual,1,824.31,Expired
515669,15342,26,2024-01-19,2024-04-06,Monthly,5,1288.37,Expired
515670,12380,2,2026-08-31,,Monthly,3,1038.18,Active
515671,16928,18,2025-05-15,,Monthly,1,974.43,Active
515672,11920,28,2025-04-10,,Annual,1,100.02,Active
515673,18957,6,2026-05-03,,Monthly,1,875.79,Active
515674,13228,4,2024-08-30,,Monthly,1,100.92,Active
515675,16778,2,2024-11-22,2025-11-25,Monthly,2,655.55,Cancelled
515676,12630,11,2026-08-31,,Monthly,1,357.35,Active
515677,19510,12,2025-08-15,,Monthly,2,2146.87,Active
515678,14869,20,2026-08-03,,Monthly,2,534.22,Active
515679,12873,18,2024-07-17,,Monthly,2,1688.77,Active
515680,18749,18,2026-01-27,,Annual,4,3136.72,Active
515681,19570,27,2025-04-11,2025-09-26,Annual,2,1950.72,Cancelled
515682,10451,7,2026-08-20,2026-08-31,Monthly,2,210.1,Expired
515683,16853,29,2024-12-15,,Monthly,1,259.43,Active
515684,18602,28,2024-12-15,,Monthly,1,104.76,Active
515685,13391,11,2026-08-31,,Monthly,1,309.15,Active
515686,16122,5,2024-08-06,2025-02-14,Monthly,1,274.9,Cancelled
515687,16228,2,2026-08-31,,Monthly,1,364.76,Active
515688,14137,3,2025-01-31,,Monthly,1,779.44,Active
515689,16785,29,2026-02-16,2026-08-31,Monthly,1,258.26,Expired
515690,16986,2,2025-05-12,2026-08-31,Monthly,1,325.65,Cancelled
515691,14040,21,2024-04-04,,Monthly,2,1569.8,Active
515692,19883,30,2025-06-10,,Monthly,3,2076.18,Active
515693,15457,10,2025-12-23,,Monthly,2,223.23,Active
515694,18546,7,2024-08-14,2024-09-21,Annual,1,96.01,Expired
515695,11102,28,2025-12-16,,Monthly,1,114.26,Active
515696,15623,1,2026-08-01,,Monthly,1,111.08,Active
515697,12513,28,2026-08-29,2026-08-31,Monthly,1,117.54,Cancelled
515698,15932,27,2024-10-21,2025-02-12,Annual,1,1067.23,Cancelled
515699,10061,12,2026-08-31,,Monthly,1,1069.26,Active
515700,13303,1,2026-01-09,2026-02-19,Annual,1,102.36,Expired
515701,11984,1,2024-08-04,,Monthly,2,242.05,Active
515702,16389,25,2026-03-11,2026-08-31,Monthly,2,233.69,Cancelled
515703,19467,6,2026-08-29,2026-08-31,Monthly,2,1843.05,Cancelled
515704,10666,2,2025-10-21,,Monthly,3,1061.85,Active
515705,13007,28,2026-05-29,,Monthly,1,107.82,Active
515706,18959,4,2024-07-07,,Monthly,3,310.33,Active
515707,15504,1,2026-05-28,,Monthly,2,207.8,Active
515708,13092,7,2024-10-14,2026-02-18,Monthly,1,100.66,Cancelled
515709,15928,26,2025-11-02,,Monthly,3,860.89,Active
515710,16814,30,2025-09-27,2026-05-02,Monthly,3,2185.1,Cancelled
515711,17095,10,2024-11-11,2025-08-18,Monthly,3,351.36,Cancelled
515712,18493,23,2025-04-09,,Monthly,2,629.15,Active
515713,14481,6,2026-08-31,,Monthly,2,1736.87,Active
515714,17725,13,2024-08-22,,Monthly,4,451.35,Active
515715,11352,28,2026-05-06,2026-07-08,Monthly,1,96.93,Cancelled
515716,13681,30,2026-08-31,,Monthly,2,1559.74,Active
515717,16138,22,2026-02-13,,Monthly,2,191.16,Active
515718,19986,24,2025-06-29,,Annual,1,907.14,Active
515719,16419,2,2025-01-18,2026-03-19,Monthly,1,377.62,Cancelled
515720,18643,8,2026-02-10,,Monthly,1,315.5,Active
515721,14088,26,2026-08-31,2026-08-31,Monthly,1,279.12,Expired
515722,18402,25,2026-08-31,2026-08-31,Monthly,1,103.31,Cancelled
515723,19908,27,2026-04-09,2026-08-31,Annual,2,1903.41,Cancelled
515724,18180,14,2025-04-20,2025-11-20,Monthly,4,1206.63,Cancelled
515725,13734,3,2025-04-11,2025-08-29,Monthly,1,649.7,Cancelled
515726,18213,17,2025-12-03,,Monthly,1,265.45,Active
515727,10255,9,2026-07-07,2026-08-31,Monthly,1,840.08,Cancelled
515728,17810,12,2025-04-28,2026-02-26,Monthly,2,2025.73,Cancelled
515729,11502,30,2024-02-20,,Monthly,1,710.13,Active
515730,19490,29,2026-03-31,,Monthly,1,281.53,Active
515731,19465,15,2026-04-22,2026-08-31,Monthly,1,794.43,Expired
515732,14643,24,2024-09-07,,Monthly,2,1746.96,Active
515733,17460,8,2026-04-11,2026-08-11,Monthly,3,930.84,Cancelled
515734,12807,17,2025-11-06,,Monthly,1,300.82,Active
515735,18403,3,2025-12-26,,Annual,1,749.51,Active
515736,17744,18,2025-12-03,,Monthly,1,956.13,Active
515737,19639,1,2026-07-22,,Monthly,1,117.1,Active
515738,19617,19,2024-12-06,,Monthly,3,264.79,Active
515739,17037,9,2026-01-28,2026-08-31,Annual,1,836.08,Cancelled
515740,19599,5,2025-07-01,,Annual,2,528.25,Active
515741,11694,18,2025-08-14,,Monthly,1,895.1,Active
515742,15677,9,2026-08-31,,Monthly,1,818.74,Active
515743,18463,17,2025-01-28,,Monthly,1,255.97,Active
515744,14212,30,2024-09-30,2026-01-11,Annual,1,687.85,Expired
515745,12023,8,2026-08-31,2026-08-31,Monthly,1,282.34,Cancelled
515746,15456,29,2025-11-29,2026-08-31,Monthly,1,304.16,Expired
515747,16864,3,2024-02-10,2024-12-31,Monthly,1,793.57,Expired
515748,11872,16,2025-07-21,,Monthly,1,107.21,Active
515749,10327,7,2025-02-22,,Monthly,3,329.45,Active
515750,19825,19,2024-09-30,,Annual,1,75.21,Active
515751,13399,18,2026-03-09,,Monthly,1,864.66,Active
515752,16728,28,2025-05-11,,Monthly,1,115.08,Active
515753,15170,1,2024-12-15,2026-04-24,Monthly,1,115.67,Cancelled
515754,18730,17,2025-09-28,,Monthly,1,251.85,Active
515755,16985,5,2025-01-07,,Monthly,1,239.01,Active
515756,12182,16,2024-09-26,,Monthly,1,115.0,Active
515757,18528,24,2024-03-21,,Monthly,2,1770.1,Active
515758,17055,11,2024-07-20,2025-01-15,Monthly,1,317.11,Cancelled
515759,10590,1,2025-05-25,,Monthly,1,103.38,Active
515760,18921,26,2026-02-27,,Monthly,1,246.13,Active
515761,18200,17,2024-11-14,2025-09-21,Monthly,2,489.05,Expired
515762,14872,1,2025-07-27,,Monthly,1,105.22,Active
515763,17480,25,2025-01-01,,Monthly,1,96.67,Active
515764,14183,24,2024-05-25,2025-02-17,Monthly,3,2735.56,Cancelled
515765,18158,20,2026-05-17,,Annual,1,272.8,Active
515766,13982,24,2026-08-31,,Monthly,1,765.7,Active
515767,15260,21,2025-07-24,,Monthly,1,896.99,Active
515768,17611,29,2025-08-08,2026-07-27,Monthly,2,615.96,Cancelled
515769,15861,4,2026-01-01,2026-02-19,Monthly,1,98.55,Cancelled
515770,15841,25,2024-08-18,,Monthly,1,97.59,Active
515771,11128,2,2025-09-23,2026-08-31,Monthly,1,315.72,Cancelled
515772,11807,8,2024-12-31,2026-02-04,Monthly,2,538.58,Cancelled
515773,18182,17,2024-11-14,,Monthly,1,251.86,Active
515774,15391,13,2025-05-09,2026-06-21,Monthly,2,223.51,Expired
515775,11456,24,2024-11-27,2026-01-24,Monthly,1,897.12,Expired
515776,11795,28,2025-03-07,2026-03-09,Monthly,2,219.79,Cancelled
515777,15993,24,2025-09-16,2025-11-24,Monthly,1,908.73,Expired
515778,12297,22,2025-10-28,2026-01-11,Monthly,2,219.02,Cancelled
515779,12909,2,2024-08-29,,Monthly,1,337.14,Active
515780,17884,4,2025-04-26,,Monthly,1,108.7,Active
515781,11158,1,2026-04-24,,Annual,1,117.24,Active
515782,16970,10,2024-12-02,,Monthly,1,104.09,Active
515783,12297,4,2025-09-23,,Monthly,3,364.33,Active
515784,10420,26,2024-07-02,,Monthly,1,286.28,Active
515785,10141,30,2026-08-07,,Monthly,1,815.99,Active
515786,14168,2,2026-03-27,2026-08-31,Monthly,4,1309.18,Cancelled
515787,12433,5,2024-08-04,2025-01-13,Annual,2,483.91,Expired
515788,14431,22,2024-05-21,,Monthly,1,107.84,Active
515789,14341,3,2024-04-15,2024-09-19,Annual,3,2442.67,Expired
515790,10554,30,2024-04-23,,Annual,1,715.19,Active
515791,15843,16,2026-05-18,2026-08-31,Monthly,1,105.85,Expired
515792,13236,27,2025-04-05,2025-09-27,Monthly,4,4023.48,Expired
515793,11577,29,2025-09-02,,Monthly,1,271.03,Active
515794,11595,29,2025-10-09,2026-08-31,Monthly,1,305.66,Cancelled
515795,12849,11,2025-12-08,,Monthly,1,322.35,Active
515796,19161,21,2025-08-11,2026-06-04,Monthly,4,3094.29,Expired
515797,16728,11,2025-01-28,,Annual,1,348.83,Active
515798,17921,27,2026-07-09,2026-08-31,Monthly,3,2931.31,Cancelled
515799,12000,29,2025-11-24,,Monthly,1,322.83,Active
515800,16098,15,2024-10-13,2026-02-26,Monthly,1,745.75,Expired
515801,13199,21,2024-12-10,,Annual,1,925.07,Active
515802,16916,23,2024-09-27,2025-03-17,Monthly,2,624.84,Cancelled
515803,15616,2,2025-10-12,,Monthly,2,695.72,Active
515804,16306,6,2026-05-15,,Annual,1,900.83,Active
515805,14761,17,2025-03-19,2025-06-27,Monthly,2,506.15,Cancelled
515806,18166,23,2024-05-02,,Monthly,2,635.5,Active
515807,13780,4,2026-08-31,,Monthly,1,97.75,Active
515808,16798,5,2024-06-04,,Annual,1,257.92,Active
515809,16750,25,2024-04-01,,Monthly,4,394.74,Active
515810,18183,23,2025-04-30,2026-06-26,Monthly,3,918.56,Cancelled
515811,12825,21,2026-04-03,,Monthly,2,1583.17,Active
515812,16855,26,2024-11-24,,Monthly,2,512.12,Active
515813,13894,17,2025-08-29,2025-10-09,Monthly,1,292.14,Cancelled
515814,18765,25,2024-11-22,2025-11-04,Monthly,2,229.2,Cancelled
515815,15510,25,2024-04-26,2024-08-21,Annual,1,95.34,Cancelled
515816,10262,9,2026-08-31,,Monthly,1,825.75,Active
515817,14200,7,2024-07-23,2025-03-18,Monthly,1,94.64,Cancelled
515818,18544,5,2026-08-31,2026-08-31,Monthly,1,221.69,Cancelled
515819,13398,18,2026-08-31,,Monthly,1,889.0,Active
515820,12477,4,2025-05-08,2025-09-02,Annual,1,100.06,Cancelled
515821,19580,8,2026-05-14,2026-08-31,Monthly,1,286.74,Cancelled
515822,13965,19,2025-08-17,2026-08-31,Monthly,1,88.39,Cancelled
515823,12634,6,2025-11-07,,Monthly,2,1577.61,Active
515824,13525,25,2026-08-31,,Monthly,1,93.77,Active
515825,13403,2,2026-08-21,2026-08-31,Monthly,4,1451.45,Cancelled
515826,10115,10,2025-05-06,2026-03-24,Monthly,4,418.76,Expired
515827,11053,30,2025-06-21,,Monthly,5,3812.28,Active
515828,11234,12,2026-08-31,,Monthly,1,1016.51,Active
515829,19868,4,2024-12-14,,Monthly,1,104.42,Active
515830,17731,7,2024-11-19,,Monthly,1,108.52,Active
515831,18163,24,2024-04-17,2025-06-30,Monthly,1,924.88,Cancelled
515832,11943,21,2024-06-27,,Annual,1,789.78,Active
515833,12039,21,2026-08-05,,Monthly,1,855.17,Active
515834,14735,15,2024-03-06,2024-12-23,Monthly,2,1404.6,Cancelled
515835,11995,22,2026-05-14,,Monthly,3,295.89,Active
515836,18089,18,2024-12-02,2025-05-26,Monthly,1,867.82,Cancelled
515837,13851,13,2025-06-09,2025-07-22,Annual,2,227.37,Cancelled
515838,10325,30,2025-09-19,2026-08-31,Monthly,1,744.38,Cancelled
515839,14283,13,2025-04-04,,Monthly,4,388.68,Active
515840,11445,21,2025-12-03,,Monthly,1,879.45,Active
515841,14073,11,2026-02-11,,Monthly,2,716.16,Active
515842,12485,7,2026-05-18,2026-08-31,Annual,1,110.39,Cancelled
515843,14207,3,2026-08-31,,Monthly,1,780.75,Active
515844,18294,28,2024-11-18,,Monthly,4,444.09,Active
515845,13273,2,2026-04-10,2026-08-31,Monthly,3,935.16,Expired
515846,12132,30,2025-08-21,,Monthly,2,1507.57,Active
515847,12063,13,2025-12-30,,Monthly,1,103.21,Active
515848,11175,15,2026-08-31,,Monthly,1,702.23,Active
515849,12698,15,2026-08-31,2026-08-31,Annual,1,820.64,Cancelled
515850,12180,2,2026-06-20,,Monthly,1,354.2,Active
515851,12949,5,2024-09-26,,Monthly,2,533.79,Active
515852,13872,29,2026-02-22,,Monthly,2,541.75,Active
515853,15473,17,2025-07-19,,Annual,4,1130.24,Active
515854,12439,13,2024-03-28,2024-05-26,Annual,1,102.73,Cancelled
515855,10770,4,2024-11-26,,Annual,4,471.14,Active
515856,14077,18,2025-07-01,2026-04-26,Monthly,1,898.19,Cancelled
515857,11752,10,2024-12-25,,Monthly,1,103.17,Active
515858,16807,16,2025-05-24,2026-06-24,Annual,2,222.93,Expired
515859,15466,8,2026-06-03,2026-08-31,Monthly,1,300.24,Cancelled
515860,10490,20,2026-06-01,,Monthly,2,550.69,Active
515861,13186,17,2024-12-15,,Monthly,1,274.84,Active
515862,15990,29,2026-01-09,2026-08-31,Annual,1,314.07,Expired
515863,15782,22,2024-08-26,,Monthly,1,106.77,Active
515864,11254,9,2025-07-17,2025-12-09,Monthly,1,812.06,Cancelled
515865,18373,8,2025-06-29,,Monthly,1,312.44,Active
515866,14432,14,2024-06-27,,Monthly,2,650.56,Active
515867,18672,6,2025-06-16,,Monthly,2,1630.48,Active
515868,11252,1,2025-03-28,,Monthly,1,97.33,Active
515869,11223,1,2024-07-22,,Annual,1,105.03,Active
515870,15560,1,2024-05-17,,Monthly,1,122.25,Active
515871,12428,6,2025-09-03,,Monthly,1,801.4,Active
515872,11612,24,2026-06-22,,Monthly,1,923.45,Active
515873,17087,24,2026-08-31,,Monthly,2,1584.16,Active
515874,18684,23,2026-01-30,2026-08-31,Monthly,2,731.55,Cancelled
515875,15346,26,2025-10-28,2026-02-14,Monthly,4,923.39,Cancelled
515876,16452,29,2025-12-19,2026-08-31,Annual,3,974.27,Cancelled
515877,10768,26,2024-07-20,,Monthly,1,282.37,Active
515878,19538,4,2026-05-19,,Monthly,1,107.0,Active
515879,19012,16,2025-10-17,2026-07-22,Monthly,2,194.41,Cancelled
515880,19531,7,2025-04-01,2025-05-18,Monthly,2,199.02,Cancelled
515881,16646,19,2026-08-31,,Monthly,1,82.07,Active
515882,17208,13,2025-12-05,,Monthly,1,110.28,Active
515883,10161,12,2025-01-11,,Annual,2,2391.93,Active
515884,13282,4,2026-08-24,,Monthly,1,113.67,Active
515885,12692,22,2025-03-13,2026-02-23,Monthly,2,189.47,Expired
515886,14012,29,2026-08-24,,Monthly,1,308.15,Active
515887,19814,30,2025-02-04,,Monthly,1,717.39,Active
515888,13312,30,2026-04-13,,Monthly,1,771.56,Active
515889,14328,9,2024-09-19,2025-02-12,Monthly,1,866.82,Cancelled
515890,18488,18,2025-03-24,,Monthly,1,788.93,Active
515891,12193,5,2025-07-05,2026-03-21,Monthly,2,511.87,Expired
515892,12693,22,2024-08-16,2024-11-19,Monthly,3,321.71,Cancelled
515893,11774,17,2026-05-18,2026-08-31,Monthly,1,246.65,Expired
515894,14998,9,2025-04-14,2025-12-19,Monthly,2,1697.77,Expired
515895,11266,5,2024-12-13,,Annual,2,538.12,Active
515896,19214,18,2026-04-04,,Monthly,1,834.9,Active
515897,17033,30,2024-08-28,,Monthly,2,1513.17,Active
515898,11609,28,2025-04-16,2026-01-27,Monthly,1,103.05,Cancelled
515899,17131,23,2024-12-09,,Annual,1,371.33,Active
515900,13232,25,2026-08-31,2026-08-31,Monthly,1,99.59,Cancelled
515901,17078,16,2026-08-31,2026-08-31,Monthly,2,191.99,Cancelled
515902,19069,15,2025-06-29,,Monthly,1,665.01,Active
515903,19053,21,2024-05-16,2024-06-27,Annual,1,882.11,Expired
515904,17945,19,2026-02-15,2026-08-31,Monthly,3,231.79,Expired
515905,18693,11,2025-10-12,,Monthly,2,704.17,Active
515906,10407,1,2026-08-03,,Monthly,1,100.67,Active
515907,10617,22,2025-12-25,2026-08-31,Monthly,2,222.28,Expired
515908,10951,16,2026-01-24,,Monthly,1,117.88,Active
515909,11725,11,2026-04-05,2026-08-31,Monthly,2,733.61,Cancelled
515910,16404,25,2025-11-27,,Monthly,1,106.13,Active
515911,11404,25,2024-06-29,2025-01-29,Monthly,2,236.31,Expired
515912,13619,14,2025-12-16,,Monthly,1,271.7,Active
515913,13486,3,2024-10-28,,Monthly,1,680.73,Active
515914,12246,14,2024-05-02,2024-06-24,Monthly,2,571.15,Expired
515915,13628,19,2026-08-31,2026-08-31,Monthly,1,83.78,Expired
515916,14844,30,2024-10-26,2025-09-07,Monthly,2,1526.17,Expired
515917,18508,18,2026-04-23,,Monthly,1,910.53,Active
515918,10901,21,2024-08-13,,Monthly,2,1925.59,Active
515919,15099,2,2024-05-05,,Monthly,1,311.06,Active
515920,14622,18,2025-05-09,,Monthly,1,779.1,Active
515921,17032,8,2025-04-07,,Monthly,2,534.11,Active
515922,11855,13,2025-07-29,,Monthly,1,112.92,Active
515923,11285,16,2024-11-27,,Monthly,1,107.24,Active
515924,14668,16,2024-02-09,,Monthly,1,108.81,Active
515925,11440,5,2026-08-31,,Monthly,1,238.41,Active
515926,12449,26,2025-03-03,,Monthly,1,229.24,Active
515927,10772,10,2025-12-28,,Monthly,1,108.25,Active
515928,16413,24,2025-09-03,,Monthly,1,877.89,Active
515929,11696,9,2024-07-20,,Monthly,1,840.45,Active
515930,14173,27,2025-07-15,,Monthly,1,1048.35,Active
515931,12481,4,2026-08-31,,Monthly,1,117.0,Active
515932,18736,25,2024-07-05,,Monthly,1,117.77,Active
515933,15737,10,2025-07-10,,Monthly,1,114.25,Active
515934,15241,30,2026-03-25,,Monthly,1,768.72,Active
515935,16599,6,2024-08-10,2025-07-24,Monthly,2,1816.66,Expired
515936,12196,14,2024-04-13,,Monthly,1,313.87,Active
515937,17484,25,2024-10-12,2025-03-14,Monthly,2,236.31,Cancelled
515938,13397,28,2024-08-11,2025-02-07,Monthly,1,107.04,Expired
515939,17762,10,2024-04-06,,Monthly,2,225.34,Active
515940,15302,23,2026-08-11,2026-08-31,Annual,1,299.75,Cancelled
515941,11920,26,2025-06-07,,Monthly,1,230.77,Active
515942,13501,22,2026-08-31,2026-08-31,Monthly,2,237.33,Expired
515943,10745,22,2026-07-08,,Annual,1,107.15,Active
515944,12705,5,2025-10-18,2026-08-31,Monthly,2,520.94,Cancelled
515945,14089,30,2024-09-14,2026-02-26,Monthly,1,697.66,Expired
515946,15251,9,2026-02-17,,Monthly,2,1801.86,Active
515947,19490,28,2026-05-06,,Monthly,1,106.37,Active
515948,13156,6,2026-08-31,,Annual,1,794.74,Active
515949,14960,24,2025-06-30,,Monthly,3,2614.55,Active
515950,10539,12,2024-04-13,2025-02-20,Monthly,3,2995.11,Expired
515951,17985,23,2024-12-12,,Annual,1,305.58,Active
515952,13252,28,2024-12-07,2025-08-22,Monthly,1,110.31,Cancelled
515953,18952,20,2024-04-05,,Annual,2,556.28,Active
515954,13415,2,2024-09-01,2025-12-20,Monthly,2,698.32,Cancelled
515955,15482,4,2026-08-31,2026-08-31,Monthly,1,100.85,Cancelled
515956,19282,18,2026-08-31,2026-08-31,Monthly,2,1791.32,Expired
515957,12147,30,2025-12-04,,Monthly,1,796.19,Active
515958,16289,5,2025-09-13,,Monthly,1,243.73,Active
515959,17571,5,2026-07-21,,Annual,2,517.38,Active
515960,16575,20,2024-07-01,,Annual,1,229.89,Active
515961,15941,21,2025-08-03,,Monthly,1,936.44,Active
515962,11911,15,2025-09-08,,Annual,4,3163.67,Active
515963,19657,5,2026-08-31,2026-08-31,Monthly,2,552.07,Cancelled
515964,15976,27,2025-12-01,2026-08-31,Monthly,2,1787.38,Cancelled
515965,15971,4,2024-07-28,,Monthly,2,192.4,Active
515966,13892,5,2026-07-27,,Monthly,2,501.68,Active
515967,19124,21,2026-07-23,,Monthly,4,3788.62,Active
515968,12957,4,2024-04-27,,Annual,3,326.1,Active
515969,14435,16,2026-01-26,,Monthly,1,101.12,Active
515970,15701,30,2025-09-04,2026-06-09,Annual,2,1538.94,Expired
515971,19895,21,2026-01-29,,Monthly,4,3569.01,Active
515972,16394,15,2024-08-23,,Monthly,3,2189.46,Active
515973,14286,25,2026-08-31,,Monthly,1,107.1,Active
515974,18844,12,2025-10-24,,Monthly,2,1890.63,Active
515975,12209,3,2024-05-03,2025-04-25,Monthly,2,1342.41,Cancelled
515976,10190,20,2024-05-23,2025-05-16,Monthly,1,247.99,Expired
515977,15187,26,2025-04-30,,Monthly,1,233.6,Active
515978,11195,17,2026-08-31,2026-08-31,Monthly,2,530.02,Expired
515979,10166,3,2026-08-31,,Monthly,3,2008.5,Active
515980,15426,6,2026-06-24,,Monthly,2,1800.91,Active
515981,17315,28,2025-05-10,,Monthly,4,436.72,Active
515982,17260,9,2025-04-01,,Monthly,1,947.23,Active
515983,17244,20,2024-07-31,,Annual,2,492.84,Active
515984,15436,5,2025-06-03,,Monthly,2,544.84,Active
515985,18653,15,2025-06-09,,Monthly,1,755.24,Active
515986,14049,23,2025-09-17,,Monthly,3,947.6,Active
515987,17203,14,2026-08-31,,Annual,3,902.64,Active
515988,10549,30,2026-08-31,2026-08-31,Monthly,1,802.17,Cancelled
515989,10361,1,2024-11-30,2025-01-28,Annual,1,120.07,Expired
515990,12238,22,2024-09-09,,Monthly,1,119.02,Active
515991,18888,12,2025-05-08,2026-08-31,Monthly,1,1158.97,Expired
515992,15093,27,2025-07-14,,Annual,1,912.13,Active
515993,15340,4,2026-08-02,2026-08-31,Annual,1,120.31,Cancelled
515994,10729,2,2026-07-20,,Annual,3,1084.76,Active
515995,16091,19,2024-04-21,,Monthly,3,247.66,Active
515996,19545,14,2024-05-14,,Monthly,2,605.13,Active
515997,14142,22,2024-10-14,,Monthly,1,96.43,Active
515998,13093,29,2025-02-04,,Annual,1,270.14,Active
515999,14251,29,2025-12-09,2026-01-16,Monthly,1,310.84,Expired
516000,13764,26,2025-07-19,,Monthly,1,242.23,Active
516001,13783,23,2025-07-31,,Monthly,1,349.49,Active
516002,19681,12,2026-02-09,,Annual,2,2024.32,Active
516003,17957,30,2025-07-06,2025-11-12,Monthly,3,2408.31,Cancelled
516004,16265,3,2024-12-14,,Monthly,1,668.87,Active
516005,10030,7,2024-05-14,,Monthly,3,342.42,Active
516006,14720,1,2026-08-31,2026-08-31,Monthly,5,613.38,Expired
516007,11816,21,2024-10-08,,Monthly,1,773.75,Active
516008,10856,14,2024-09-19,2025-10-07,Monthly,2,594.29,Expired
516009,17484,8,2024-12-23,2025-03-11,Monthly,1,264.26,Cancelled
516010,14375,29,2025-04-05,2026-04-06,Monthly,3,926.92,Expired
516011,14087,6,2026-08-31,,Annual,1,798.34,Active
516012,15827,6,2024-12-30,2025-01-30,Monthly,1,926.01,Expired
516013,14238,16,2024-12-20,2025-08-03,Monthly,2,210.96,Expired
516014,12209,8,2024-06-04,,Monthly,1,316.25,Active
516015,16220,16,2025-11-02,,Monthly,1,100.86,Active
516016,10852,16,2025-03-12,2025-08-17,Monthly,1,96.59,Cancelled
516017,10765,29,2026-06-11,2026-08-31,Monthly,1,305.98,Cancelled
516018,12244,6,2024-05-08,,Annual,1,842.55,Active
516019,16898,19,2026-03-21,,Monthly,2,164.33,Active
516020,15677,13,2026-08-31,2026-08-31,Monthly,1,122.8,Cancelled
516021,17746,12,2025-07-05,,Monthly,1,1145.59,Active
516022,17103,7,2025-03-18,2025-04-25,Monthly,2,223.55,Expired
516023,13980,20,2025-04-04,2025-12-19,Monthly,1,268.83,Expired
516024,19272,15,2026-01-21,2026-08-31,Monthly,1,804.68,Cancelled
516025,16957,3,2026-07-09,2026-08-31,Annual,5,3527.62,Cancelled
516026,10540,29,2024-12-10,2025-06-23,Monthly,1,267.61,Cancelled
516027,14546,28,2026-07-23,,Annual,1,111.36,Active
516028,10290,26,2024-05-07,,Monthly,3,789.53,Active
516029,14179,9,2024-05-20,2025-04-09,Monthly,1,1002.12,Cancelled
516030,11909,23,2025-09-21,,Annual,1,320.6,Active
516031,10240,7,2026-01-20,,Monthly,1,104.5,Active
516032,13074,20,2024-08-12,,Monthly,1,241.4,Active
516033,19821,14,2025-12-26,,Monthly,2,621.81,Active
516034,15647,8,2025-03-28,,Monthly,1,289.06,Active
516035,14839,17,2026-08-31,2026-08-31,Annual,1,290.47,Expired
516036,15235,17,2026-05-17,,Annual,1,301.8,Active
516037,18730,20,2026-01-06,2026-08-31,Monthly,1,231.99,Expired
516038,18630,30,2025-12-21,2026-03-05,Monthly,1,680.78,Expired
516039,14083,21,2025-05-14,,Monthly,3,2875.06,Active
516040,16676,14,2024-07-20,2024-09-26,Monthly,2,570.16,Cancelled
516041,12779,10,2026-07-19,,Monthly,1,110.87,Active
516042,10754,16,2024-10-12,2025-01-10,Monthly,1,114.26,Expired
516043,17578,19,2024-09-28,,Monthly,3,256.56,Active
516044,19437,3,2026-05-27,2026-08-31,Monthly,3,2132.08,Expired
516045,17700,7,2026-04-07,2026-08-31,Monthly,3,317.66,Cancelled
516046,10407,27,2026-08-31,,Annual,1,938.28,Active
516047,18990,24,2024-09-17,,Monthly,2,1879.45,Active
516048,16892,16,2025-11-09,,Annual,2,221.62,Active
516049,17641,15,2024-12-29,,Annual,1,744.54,Active
516050,11726,3,2025-12-01,,Annual,4,3166.79,Active
516051,17024,6,2024-09-27,,Monthly,1,872.67,Active
516052,15424,13,2026-06-10,,Monthly,1,113.86,Active
516053,10050,7,2024-03-17,,Monthly,2,206.81,Active
516054,14227,22,2024-07-25,,Monthly,1,113.34,Active
516055,11688,26,2025-06-11,2026-02-01,Monthly,3,702.48,Expired
516056,17830,29,2024-07-25,2024-08-27,Monthly,1,294.19,Expired
516057,15757,30,2026-08-31,,Monthly,3,2343.97,Active
516058,10678,12,2025-04-05,,Monthly,3,2851.87,Active
516059,15741,26,2025-06-19,,Annual,1,248.49,Active
516060,15080,3,2026-08-31,2026-08-31,Monthly,1,656.11,Cancelled
516061,16537,18,2026-08-27,2026-08-31,Monthly,1,857.34,Cancelled
516062,13994,8,2026-08-10,,Monthly,2,631.77,Active
516063,16333,1,2026-08-31,2026-08-31,Annual,1,97.13,Expired
516064,12227,8,2024-12-25,,Annual,4,1272.65,Active
516065,11091,2,2025-10-27,,Monthly,3,1121.15,Active
516066,17376,25,2026-08-31,2026-08-31,Annual,1,104.54,Expired
516067,19464,15,2024-04-12,,Monthly,4,2760.66,Active
516068,15453,6,2025-01-31,,Annual,2,1724.53,Active
516069,14504,15,2024-06-11,,Monthly,2,1460.9,Active
516070,18742,19,2025-02-09,,Monthly,1,91.46,Active
516071,17341,28,2025-10-03,2026-07-04,Monthly,2,212.82,Expired
516072,17067,27,2025-08-06,,Monthly,3,3239.14,Active
516073,17424,10,2026-08-31,2026-08-31,Monthly,1,110.21,Expired
516074,19788,17,2026-08-31,2026-08-31,Monthly,2,604.57,Cancelled
516075,12136,11,2026-01-04,2026-04-07,Monthly,4,1472.17,Expired
516076,16899,1,2025-03-28,,Monthly,3,326.67,Active
516077,14117,12,2026-08-31,,Monthly,4,3915.72,Active
516078,19756,29,2026-02-18,2026-08-31,Monthly,1,285.18,Expired
516079,10545,17,2025-12-24,2026-08-31,Monthly,1,290.68,Cancelled
516080,12211,24,2024-05-16,,Monthly,1,910.42,Active
516081,10277,14,2024-06-02,,Monthly,1,323.46,Active
516082,11802,2,2025-10-16,2026-08-16,Monthly,2,730.79,Expired
516083,11505,24,2025-09-15,2026-06-03,Annual,2,1775.49,Expired
516084,16016,10,2024-09-12,,Monthly,1,107.95,Active
516085,11167,12,2026-08-27,2026-08-31,Monthly,1,1096.36,Expired
516086,19997,6,2026-08-31,2026-08-31,Monthly,1,793.24,Expired
516087,17173,29,2024-12-19,2026-01-11,Monthly,3,960.55,Cancelled
516088,11889,24,2026-06-19,,Annual,2,1570.0,Active
516089,14935,8,2024-06-12,,Monthly,1,296.01,Active
516090,19305,22,2025-02-01,,Annual,2,214.01,Active
516091,13887,16,2025-01-20,,Annual,2,230.59,Active
516092,11245,15,2025-11-12,,Monthly,3,2192.87,Active
516093,11663,13,2024-03-10,2025-06-14,Annual,1,105.18,Cancelled
516094,19995,17,2026-01-26,,Monthly,2,506.63,Active
516095,13939,5,2024-11-17,,Monthly,1,244.29,Active
516096,13377,6,2024-06-14,2025-11-04,Annual,1,934.56,Expired
516097,18044,30,2025-01-16,2025-10-27,Monthly,1,721.76,Expired
516098,12018,6,2024-04-07,,Monthly,1,900.27,Active
516099,19206,22,2025-06-04,,Monthly,1,96.91,Active
516100,19638,2,2025-05-25,2025-10-17,Annual,3,1114.1,Cancelled
516101,13892,14,2026-06-01,2026-08-31,Monthly,2,585.44,Expired
516102,14034,25,2026-08-31,2026-08-31,Monthly,2,219.2,Expired
516103,17139,5,2024-09-02,2025-05-17,Monthly,1,231.55,Cancelled
516104,15414,13,2025-03-10,2026-05-03,Monthly,1,121.61,Cancelled
516105,18464,27,2024-03-11,,Monthly,1,943.22,Active
516106,13428,21,2026-07-14,2026-08-31,Monthly,4,3522.11,Expired
516107,13944,11,2025-11-05,,Monthly,1,322.38,Active
516108,16820,30,2026-08-01,2026-08-31,Monthly,3,2108.13,Cancelled
516109,12868,10,2026-05-21,,Monthly,1,101.55,Active
516110,19304,23,2024-12-30,,Monthly,1,313.39,Active
516111,13691,1,2024-09-18,2024-12-16,Monthly,2,237.18,Expired
516112,16647,22,2025-10-30,2026-08-31,Annual,1,116.45,Expired
516113,14171,27,2024-07-14,,Monthly,1,1009.23,Active
516114,17528,29,2024-06-16,2025-12-06,Annual,1,260.69,Expired
516115,17232,14,2026-08-16,2026-08-31,Annual,4,1165.49,Cancelled
516116,18383,11,2025-02-15,,Monthly,1,367.73,Active
516117,12802,21,2026-05-04,,Monthly,2,1758.82,Active
516118,11796,21,2025-08-21,2025-10-23,Annual,5,3810.0,Expired
516119,11479,12,2026-07-10,2026-08-31,Monthly,3,2954.54,Expired
516120,17840,23,2025-12-19,,Annual,3,945.04,Active
516121,15676,30,2024-12-04,2025-12-20,Annual,1,751.4,Expired
516122,14222,24,2025-03-30,,Monthly,3,2462.22,Active
516123,10203,6,2025-12-31,,Annual,5,4246.9,Active
516124,10951,3,2025-12-29,2026-08-31,Annual,2,1585.72,Cancelled
516125,14842,27,2025-07-19,,Monthly,4,4275.58,Active
516126,10393,28,2026-05-03,2026-08-31,Monthly,1,107.17,Expired
516127,17059,19,2025-05-22,2025-12-16,Monthly,2,156.76,Cancelled
516128,18562,21,2024-09-08,,Annual,1,772.4,Active
516129,12629,25,2025-04-06,,Monthly,1,118.19,Active
516130,16923,30,2025-08-25,,Annual,4,2962.57,Active
516131,10157,14,2025-06-28,2026-06-27,Monthly,1,316.52,Cancelled
516132,17578,9,2025-01-27,,Monthly,2,1780.01,Active
516133,18859,5,2026-02-21,,Monthly,2,482.01,Active
516134,16341,24,2024-11-02,2025-03-13,Monthly,2,1650.15,Cancelled
516135,13653,16,2025-06-29,,Monthly,1,108.32,Active
516136,10278,23,2024-07-11,,Monthly,1,350.69,Active
516137,13336,23,2026-05-06,2026-08-31,Monthly,1,341.19,Expired
516138,12394,27,2026-05-31,,Annual,1,904.69,Active
516139,17044,13,2026-06-04,2026-08-31,Monthly,2,244.17,Expired
516140,18095,15,2024-07-27,2024-11-15,Monthly,3,2311.85,Cancelled
516141,11702,25,2026-06-15,,Monthly,4,434.63,Active
516142,14394,29,2026-08-15,,Monthly,2,592.32,Active
516143,16905,26,2024-08-07,2025-05-23,Annual,1,232.51,Cancelled
516144,16368,3,2025-03-21,,Monthly,1,723.27,Active
516145,16124,25,2025-01-29,2026-05-28,Annual,1,103.22,Cancelled
516146,13091,2,2026-08-24,,Annual,1,320.89,Active
516147,12134,14,2025-08-18,,Monthly,1,301.19,Active
516148,17288,12,2026-03-26,,Annual,1,1138.37,Active
516149,13644,12,2026-02-12,2026-08-31,Monthly,1,975.6,Cancelled
516150,15645,24,2025-04-18,,Monthly,2,1831.57,Active
516151,19090,15,2026-03-04,,Monthly,1,798.43,Active
516152,10178,20,2025-04-12,,Monthly,2,579.79,Active
516153,17064,11,2025-04-22,,Monthly,1,316.7,Active
516154,16446,22,2025-01-20,2025-07-01,Monthly,1,109.87,Cancelled
516155,18317,7,2024-07-25,2025-01-20,Monthly,1,96.47,Expired
516156,17337,22,2025-07-31,,Monthly,1,112.88,Active
516157,14232,10,2025-07-20,,Monthly,1,102.65,Active
516158,15054,15,2025-04-18,2026-07-31,Monthly,1,796.3,Expired
516159,16335,15,2025-04-17,2025-08-01,Monthly,1,813.3,Cancelled
516160,10115,26,2025-10-10,,Monthly,1,255.87,Active
516161,13094,18,2026-08-31,2026-08-31,Monthly,3,2532.95,Expired
516162,16669,26,2025-01-22,,Monthly,1,286.06,Active
516163,14363,30,2026-05-27,,Monthly,1,780.37,Active
516164,19379,5,2026-08-31,,Annual,1,247.14,Active
516165,19763,21,2025-01-19,,Monthly,1,878.39,Active
516166,10947,3,2026-08-31,2026-08-31,Annual,1,696.34,Expired
516167,16498,11,2025-12-28,2026-04-28,Monthly,2,700.17,Expired
516168,12337,25,2026-04-20,,Monthly,2,197.29,Active
516169,12256,5,2026-08-31,,Monthly,1,223.87,Active
516170,14593,4,2026-07-07,2026-08-31,Monthly,2,212.18,Expired
516171,16933,26,2025-12-24,,Monthly,1,239.92,Active
516172,16853,14,2024-12-31,2026-05-08,Monthly,1,303.79,Expired
516173,19942,10,2024-04-29,,Monthly,2,197.32,Active
516174,15085,16,2025-10-13,2026-07-26,Monthly,4,427.65,Expired
516175,16948,29,2024-11-14,,Annual,3,913.63,Active
516176,10555,3,2026-01-23,,Monthly,1,752.91,Active
516177,16189,6,2025-06-19,,Monthly,1,910.4,Active
516178,17898,10,2024-11-11,,Monthly,2,201.82,Active
516179,16233,16,2024-09-18,,Monthly,1,97.23,Active
516180,14049,1,2025-09-16,,Monthly,1,109.5,Active
516181,17306,22,2026-08-31,,Monthly,1,103.28,Active
516182,19317,25,2024-04-09,2024-07-17,Monthly,1,107.47,Expired
516183,19748,6,2024-11-06,2026-01-05,Annual,1,912.6,Cancelled
516184,19037,1,2026-05-19,2026-08-31,Monthly,1,108.26,Cancelled
516185,10012,4,2025-07-04,,Monthly,1,110.87,Active
516186,11666,13,2024-12-10,2026-03-23,Monthly,3,323.45,Cancelled
516187,11520,10,2024-12-09,2026-02-21,Monthly,1,124.21,Cancelled
516188,19551,24,2026-01-24,,Monthly,1,835.48,Active
516189,16847,30,2026-08-31,,Monthly,2,1398.4,Active
516190,12231,30,2025-09-24,2026-08-31,Monthly,5,3733.4,Cancelled
516191,10569,13,2025-08-01,2026-04-22,Monthly,1,112.97,Cancelled
516192,16545,12,2026-03-29,2026-08-31,Annual,1,966.85,Cancelled
516193,17937,10,2025-08-29,,Monthly,3,351.72,Active
516194,19264,22,2024-12-27,,Monthly,2,210.95,Active
516195,12631,12,2024-09-16,,Monthly,1,1193.58,Active
516196,18842,24,2025-05-15,,Monthly,1,823.48,Active
516197,17743,30,2026-04-12,2026-08-31,Monthly,1,680.35,Expired
516198,14553,8,2024-11-11,2025-11-05,Monthly,1,295.42,Cancelled
516199,18734,3,2024-08-30,,Annual,1,816.88,Active
516200,13787,28,2026-01-09,2026-08-31,Monthly,2,199.66,Cancelled
516201,12070,1,2026-01-01,2026-04-19,Monthly,1,104.82,Cancelled
516202,10881,24,2026-08-08,,Monthly,1,814.65,Active
516203,19133,17,2025-02-12,,Annual,2,495.57,Active
516204,11674,6,2025-03-05,2025-06-12,Monthly,1,915.86,Cancelled
516205,11113,21,2026-08-31,2026-08-31,Monthly,1,931.65,Expired
516206,15771,26,2026-03-17,,Monthly,1,283.84,Active
516207,12633,4,2025-07-28,,Annual,1,104.3,Active
516208,17476,13,2026-02-03,2026-06-18,Monthly,3,363.61,Expired
516209,12892,3,2025-06-29,,Monthly,2,1331.99,Active
516210,19696,3,2024-07-24,,Annual,3,2381.98,Active
516211,13612,19,2026-08-31,2026-08-31,Monthly,1,83.16,Cancelled
516212,13337,11,2026-02-06,,Monthly,1,341.52,Active
516213,17112,27,2026-01-16,,Monthly,2,1768.97,Active
516214,12017,10,2025-09-18,,Monthly,1,115.88,Active
516215,11872,10,2025-03-03,2025-10-08,Monthly,1,103.6,Cancelled
516216,12618,2,2024-10-16,,Annual,1,345.23,Active
516217,14376,13,2025-11-01,,Monthly,1,107.41,Active
516218,12638,12,2026-01-09,2026-02-16,Monthly,1,949.65,Expired
516219,18744,3,2026-08-18,,Monthly,1,794.25,Active
516220,18520,29,2025-07-14,2025-10-17,Monthly,2,623.17,Cancelled
516221,10362,27,2026-08-31,,Monthly,4,3988.06,Active
516222,14858,14,2024-06-11,,Monthly,1,304.3,Active
516223,15700,4,2025-10-23,2026-05-17,Monthly,1,121.1,Cancelled
516224,15841,18,2024-10-13,2024-11-14,Annual,1,883.98,Cancelled
516225,16138,11,2026-04-15,,Annual,1,355.54,Active
516226,10850,5,2024-02-14,2025-01-12,Monthly,1,236.79,Cancelled
516227,12822,6,2026-07-01,,Annual,1,926.95,Active
516228,15017,7,2025-07-17,,Monthly,2,193.78,Active
516229,17969,12,2026-03-14,,Monthly,4,3846.23,Active
516230,13826,18,2025-12-24,,Annual,2,1634.53,Active
516231,19436,29,2024-09-13,,Annual,3,935.99,Active
516232,17586,13,2025-03-08,,Annual,3,362.25,Active
516233,13454,21,2025-02-24,,Annual,2,1679.64,Active
516234,17695,21,2025-06-22,,Annual,1,795.65,Active
516235,18419,8,2024-02-25,,Monthly,1,257.71,Active
516236,10527,10,2025-05-17,,Monthly,2,208.78,Active
516237,12427,28,2026-05-10,,Monthly,1,111.97,Active
516238,18733,30,2025-08-29,,Monthly,1,801.85,Active
516239,12377,18,2026-03-26,,Monthly,1,817.5,Active
516240,10677,3,2026-08-30,2026-08-31,Monthly,3,2018.12,Expired
516241,15549,18,2026-04-08,,Monthly,1,805.49,Active
516242,19547,10,2026-01-15,2026-08-31,Monthly,3,310.93,Expired
516243,15316,11,2026-08-31,,Monthly,1,299.08,Active
516244,10374,22,2025-10-05,2026-04-16,Monthly,1,99.15,Expired
516245,19095,6,2026-08-31,2026-08-31,Annual,2,1736.88,Expired
516246,13717,25,2025-01-03,,Annual,1,99.27,Active
516247,14514,25,2024-09-23,,Monthly,1,99.53,Active
516248,14119,15,2026-07-03,,Monthly,1,720.9,Active
516249,15661,27,2024-10-05,2026-01-30,Annual,2,2041.77,Expired
516250,16979,22,2024-09-25,2025-08-18,Monthly,2,215.54,Cancelled
516251,13449,6,2026-03-01,2026-05-01,Monthly,5,4633.88,Cancelled
516252,11737,2,2025-03-17,,Monthly,1,352.17,Active
516253,12205,2,2026-02-22,,Monthly,1,322.78,Active
516254,19825,3,2024-07-01,,Monthly,1,680.26,Active
516255,17081,17,2026-04-08,,Monthly,1,263.62,Active
516256,10875,8,2025-09-18,2026-08-31,Annual,3,964.44,Expired
516257,10626,29,2025-03-03,,Annual,1,299.58,Active
516258,11750,3,2026-04-14,,Annual,2,1376.97,Active
516259,18618,11,2024-10-28,2026-03-16,Monthly,1,300.16,Cancelled
516260,12407,21,2025-06-06,2026-08-31,Annual,2,1584.69,Cancelled
516261,19151,19,2026-08-31,,Monthly,1,89.89,Active
516262,14690,21,2026-04-19,2026-08-31,Monthly,2,1738.72,Expired
516263,15281,5,2026-08-13,2026-08-31,Annual,3,725.08,Cancelled
516264,10830,26,2024-12-10,,Monthly,2,559.32,Active
516265,10767,25,2024-08-04,,Monthly,1,111.99,Active
516266,11501,20,2024-11-30,,Monthly,2,568.31,Active
516267,13350,18,2026-08-31,,Monthly,3,2430.6,Active
516268,19944,13,2026-08-31,,Monthly,1,109.95,Active
516269,10596,17,2026-06-09,,Monthly,4,1039.68,Active
516270,18683,1,2026-02-17,,Monthly,3,338.5,Active
516271,12318,15,2026-01-29,,Monthly,2,1572.56,Active
516272,10298,5,2024-09-01,2025-03-11,Monthly,1,253.73,Cancelled
516273,16510,21,2024-10-13,2024-12-15,Annual,2,1772.4,Expired
516274,19884,16,2025-10-20,,Monthly,2,202.46,Active
516275,10272,8,2024-11-27,2025-12-05,Annual,1,285.45,Expired
516276,17110,12,2026-01-07,2026-07-18,Monthly,1,1075.72,Cancelled
516277,12518,27,2026-01-19,2026-08-09,Monthly,1,1095.73,Cancelled
516278,17110,15,2025-08-19,,Monthly,1,681.82,Active
516279,16054,21,2024-09-18,2025-07-20,Monthly,1,828.41,Cancelled
516280,17435,7,2025-09-06,2025-11-20,Monthly,2,230.84,Cancelled
516281,18225,17,2025-02-28,2025-05-30,Monthly,1,244.6,Expired
516282,11029,9,2026-03-21,2026-08-31,Annual,1,996.43,Cancelled
516283,16912,29,2026-04-05,,Monthly,2,514.91,Active
516284,16183,22,2024-06-11,,Annual,4,376.82,Active
516285,16119,19,2026-08-31,2026-08-31,Monthly,1,87.61,Cancelled
516286,18004,30,2025-12-06,,Monthly,1,790.32,Active
516287,11749,29,2024-02-18,2024-05-21,Annual,2,596.3,Expired
516288,17649,30,2024-11-24,,Monthly,2,1576.27,Active
516289,17811,6,2025-04-05,2025-08-17,Monthly,3,2233.71,Cancelled
516290,18147,20,2024-07-19,,Monthly,1,237.36,Active
516291,12719,4,2024-10-29,2025-02-07,Annual,1,109.87,Expired
516292,16433,6,2024-06-27,,Monthly,1,851.36,Active
516293,17549,6,2025-01-19,,Monthly,1,910.93,Active
516294,12523,7,2024-08-27,2025-07-30,Monthly,1,95.35,Cancelled
516295,13624,26,2025-03-21,,Monthly,1,277.91,Active
516296,11323,24,2026-08-04,,Monthly,1,919.28,Active
516297,14447,19,2025-12-14,2026-03-14,Monthly,1,78.71,Cancelled
516298,13764,18,2025-04-13,,Monthly,1,852.66,Active
516299,18952,30,2024-05-26,,Monthly,1,820.44,Active
516300,10884,2,2026-08-31,2026-08-31,Monthly,1,351.54,Expired
516301,11673,6,2024-12-11,,Monthly,1,795.4,Active
516302,18517,21,2024-07-07,,Monthly,1,913.88,Active
516303,16071,17,2026-08-31,2026-08-31,Monthly,1,300.5,Cancelled
516304,10103,14,2026-02-01,,Monthly,1,286.7,Active
516305,17950,4,2024-05-02,,Monthly,1,103.36,Active
516306,14059,12,2025-08-24,,Monthly,1,1052.86,Active
516307,12310,27,2025-01-19,,Annual,1,1080.13,Active
516308,10400,10,2025-08-13,2026-07-16,Annual,1,117.28,Cancelled
516309,14008,26,2024-05-06,,Monthly,1,286.85,Active
516310,12218,27,2026-03-21,,Annual,1,900.75,Active
516311,13072,24,2026-01-31,,Annual,1,905.18,Active
516312,17907,17,2025-09-19,2026-08-31,Monthly,1,305.19,Cancelled
516313,17545,8,2026-03-27,,Monthly,1,272.21,Active
516314,15311,30,2026-08-31,2026-08-31,Monthly,1,807.51,Expired
516315,16143,14,2024-09-15,,Monthly,1,322.97,Active
516316,12154,12,2025-03-31,,Monthly,4,4298.77,Active
516317,14823,26,2026-08-21,,Monthly,1,226.42,Active
516318,17712,27,2024-12-26,,Monthly,3,3282.81,Active
516319,18540,20,2026-08-31,2026-08-31,Monthly,3,863.58,Cancelled
516320,13298,15,2026-06-15,,Monthly,1,800.1,Active
516321,13108,3,2025-05-05,,Monthly,1,697.52,Active
516322,10264,8,2024-11-13,,Monthly,1,312.52,Active
516323,12079,25,2025-09-17,,Monthly,1,99.95,Active
516324,15746,5,2025-07-27,,Monthly,1,269.98,Active
516325,17844,12,2025-03-13,,Annual,2,2177.77,Active
516326,14878,22,2026-07-01,,Monthly,5,570.39,Active
516327,13253,4,2025-04-12,2026-07-11,Monthly,1,114.34,Expired
516328,11663,3,2024-03-28,,Annual,1,725.7,Active
516329,14059,14,2025-07-03,,Monthly,2,580.41,Active
516330,15901,14,2025-01-18,2026-06-26,Monthly,2,597.53,Expired
516331,15521,2,2026-01-15,2026-08-31,Monthly,3,1008.62,Cancelled
516332,13227,28,2025-10-25,2026-05-17,Annual,1,100.38,Cancelled
516333,19839,3,2025-04-04,,Monthly,1,647.56,Active
516334,11315,19,2025-02-06,,Monthly,2,163.51,Active
516335,13470,12,2026-08-31,2026-08-31,Monthly,1,953.69,Expired
516336,11747,29,2024-05-09,2025-04-09,Annual,2,578.87,Expired
516337,16370,25,2024-08-24,2025-03-27,Annual,1,95.46,Cancelled
516338,10138,4,2024-07-03,,Monthly,1,103.62,Active
516339,19140,2,2025-01-06,,Annual,2,702.98,Active
516340,16112,18,2025-10-14,,Monthly,2,1580.42,Active
516341,12773,13,2025-03-12,,Monthly,1,112.07,Active
516342,17891,28,2025-10-08,,Monthly,1,107.77,Active
516343,17907,18,2025-12-02,,Monthly,2,1601.03,Active
516344,14312,21,2024-07-14,2024-10-11,Monthly,3,2525.44,Expired
516345,17376,27,2026-07-14,,Annual,1,909.06,Active
516346,15914,8,2026-08-14,,Monthly,1,260.59,Active
516347,17763,18,2026-08-31,2026-08-31,Monthly,1,962.59,Expired
516348,17455,24,2025-08-06,,Annual,1,806.96,Active
516349,18131,16,2026-01-20,,Annual,1,108.63,Active
516350,16217,24,2025-11-17,,Monthly,1,835.04,Active
516351,14431,14,2024-05-30,,Monthly,2,585.29,Active
516352,12784,3,2026-02-04,2026-04-28,Annual,1,659.58,Cancelled
516353,11348,17,2025-04-03,2025-06-28,Monthly,1,256.14,Cancelled
516354,11439,15,2026-08-31,,Annual,2,1404.03,Active
516355,15176,18,2026-03-12,2026-06-11,Annual,2,1907.79,Cancelled
516356,18387,5,2025-05-10,,Monthly,2,454.96,Active
516357,11801,30,2025-05-19,2025-08-14,Monthly,2,1481.43,Cancelled
516358,11690,20,2026-08-31,,Monthly,1,239.93,Active
516359,11457,15,2025-08-17,,Monthly,1,724.34,Active
516360,17462,10,2024-10-26,,Monthly,2,231.29,Active
516361,14781,6,2025-05-29,2026-07-01,Monthly,1,742.55,Expired
516362,10748,29,2026-08-11,2026-08-31,Monthly,1,282.32,Cancelled
516363,12672,13,2024-11-15,,Monthly,2,218.87,Active
516364,12164,7,2026-07-06,,Monthly,1,110.37,Active
516365,13925,20,2025-03-26,,Monthly,1,285.57,Active
516366,19752,4,2024-08-03,,Annual,3,295.77,Active
516367,11934,10,2026-08-31,,Monthly,1,117.38,Active
516368,15416,3,2025-11-18,,Monthly,1,673.89,Active
516369,18515,24,2026-04-09,,Monthly,1,916.23,Active
516370,14982,5,2025-12-05,,Monthly,2,476.75,Active
516371,17287,27,2026-08-31,2026-08-31,Annual,1,957.75,Cancelled
516372,13044,17,2025-03-04,2025-09-28,Monthly,2,518.56,Expired
516373,16334,19,2026-04-13,,Annual,1,79.8,Active
516374,10776,11,2025-12-03,,Monthly,1,364.94,Active
516375,11019,29,2026-01-06,2026-08-31,Monthly,1,324.83,Cancelled
516376,10475,17,2025-03-05,,Monthly,1,257.18,Active
516377,13152,4,2025-03-28,2025-10-01,Monthly,2,202.69,Expired
516378,13410,18,2024-05-29,2025-05-13,Annual,4,3221.99,Expired
516379,16304,12,2026-03-03,2026-08-31,Monthly,1,1078.15,Expired
516380,18351,20,2025-12-19,,Monthly,1,252.15,Active
516381,12025,3,2025-01-04,2026-03-22,Annual,1,780.23,Expired
516382,15530,7,2026-08-31,,Monthly,3,290.9,Active
516383,18359,18,2025-12-21,2026-04-21,Monthly,1,971.86,Expired
516384,16876,30,2026-04-20,2026-08-31,Monthly,2,1535.71,Expired
516385,18754,22,2026-08-11,2026-08-31,Annual,3,303.18,Cancelled
516386,14553,14,2024-09-27,,Monthly,2,543.24,Active
516387,15584,5,2025-05-21,,Monthly,1,272.23,Active
516388,10985,9,2025-03-12,,Annual,3,2787.27,Active
516389,11324,2,2025-03-23,2025-08-23,Monthly,3,1140.07,Cancelled
516390,12010,5,2024-11-10,2025-08-28,Annual,1,274.98,Expired
516391,12194,29,2024-04-24,,Monthly,1,310.05,Active
516392,14527,7,2026-05-04,,Monthly,2,198.82,Active
516393,10208,26,2024-03-06,,Annual,1,268.56,Active
516394,17254,8,2025-05-01,,Monthly,1,308.11,Active
516395,12855,6,2024-06-24,2025-01-18,Monthly,2,1844.28,Expired
516396,13831,12,2025-01-30,2026-07-01,Monthly,1,998.51,Expired
516397,18107,13,2025-11-24,2026-08-31,Monthly,1,110.63,Cancelled
516398,17506,29,2025-12-25,2026-02-26,Monthly,1,294.85,Expired
516399,13014,2,2024-07-28,,Monthly,1,364.15,Active
516400,11286,9,2024-09-12,,Monthly,1,901.02,Active
516401,18143,10,2026-05-11,,Monthly,1,101.8,Active
516402,18417,10,2025-10-11,2026-06-16,Monthly,1,99.19,Expired
516403,18612,7,2024-10-16,2025-09-23,Monthly,1,114.28,Cancelled
516404,12648,10,2026-08-31,,Monthly,1,103.44,Active
516405,18566,14,2025-12-27,,Annual,1,266.06,Active
516406,17680,18,2024-10-11,2024-11-27,Monthly,1,831.87,Cancelled
516407,18315,5,2025-02-19,2025-10-28,Monthly,1,237.28,Cancelled
516408,10511,21,2026-04-19,2026-08-31,Monthly,4,3308.42,Expired
516409,11955,30,2025-11-26,,Annual,3,1987.24,Active
516410,12388,4,2025-12-11,,Monthly,1,107.01,Active
516411,16133,4,2025-02-04,,Monthly,2,239.03,Active
516412,10742,28,2026-08-31,,Monthly,1,118.59,Active
516413,14248,22,2024-09-17,,Monthly,1,111.98,Active
516414,10258,2,2026-03-06,,Monthly,1,349.98,Active
516415,12246,10,2024-06-22,,Monthly,1,103.13,Active
516416,18651,6,2025-06-06,,Monthly,1,776.76,Active
516417,19199,27,2025-04-12,,Monthly,2,2185.43,Active
516418,16186,29,2025-03-26,2025-05-31,Monthly,1,290.68,Cancelled
516419,19638,2,2025-06-10,,Annual,5,1871.77,Active
516420,16979,14,2025-02-07,,Monthly,1,262.28,Active
516421,13764,25,2025-04-06,,Monthly,3,346.64,Active
516422,14667,24,2025-10-02,,Monthly,1,879.31,Active
516423,18413,8,2024-12-20,2026-05-28,Monthly,1,270.73,Cancelled
516424,17607,9,2024-05-02,,Monthly,3,2952.24,Active
516425,19932,26,2025-12-02,2026-08-31,Monthly,2,466.97,Cancelled
516426,15333,9,2026-08-31,2026-08-31,Annual,1,962.85,Expired
516427,19472,17,2024-09-17,,Monthly,2,506.46,Active
516428,18252,5,2026-06-21,2026-08-31,Monthly,4,877.5,Expired
516429,12589,2,2026-05-11,,Annual,1,305.15,Active
516430,19327,22,2026-08-24,,Monthly,1,96.93,Active
516431,10224,5,2025-10-14,,Monthly,2,442.3,Active
516432,18197,27,2025-12-22,,Monthly,3,2732.64,Active
516433,11886,23,2024-05-29,2025-01-02,Monthly,1,302.05,Expired
516434,14027,10,2025-02-09,,Monthly,1,108.03,Active
516435,11755,15,2025-05-13,,Monthly,1,765.13,Active
516436,10037,2,2024-05-05,,Monthly,2,689.58,Active
516437,12685,27,2024-06-27,,Annual,1,982.63,Active
516438,14911,1,2024-11-13,,Monthly,1,108.66,Active
516439,13760,13,2024-06-28,2025-07-26,Monthly,1,117.68,Expired
516440,11449,3,2026-06-15,,Annual,1,762.15,Active
516441,18078,29,2025-12-25,,Monthly,2,629.41,Active
516442,17445,6,2024-12-08,,Monthly,1,930.89,Active
516443,13469,8,2026-02-15,2026-08-31,Monthly,1,277.17,Cancelled
516444,15247,10,2024-08-18,,Monthly,1,101.19,Active
516445,19016,10,2024-05-21,,Monthly,2,199.86,Active
516446,14766,1,2024-12-28,2026-04-01,Monthly,1,108.5,Expired
516447,16812,16,2026-06-03,,Monthly,1,96.29,Active
516448,11258,29,2026-05-03,,Monthly,2,550.56,Active
516449,10850,8,2024-07-10,,Monthly,2,524.25,Active
516450,14661,3,2026-06-21,2026-08-31,Monthly,1,674.22,Expired
516451,19846,10,2024-12-02,,Monthly,2,208.4,Active
516452,12051,15,2024-05-16,,Monthly,2,1448.92,Active
516453,12776,9,2025-09-12,,Monthly,2,1638.11,Active
516454,17400,4,2024-08-26,,Monthly,3,326.87,Active
516455,17038,30,2026-01-01,2026-08-31,Monthly,2,1456.36,Expired
516456,11707,15,2024-08-15,,Monthly,1,779.83,Active
516457,17952,23,2025-06-01,,Monthly,4,1340.82,Active
516458,14461,20,2024-07-10,,Monthly,2,488.85,Active
516459,13746,4,2026-04-03,,Monthly,1,119.64,Active
516460,13080,20,2025-01-26,,Monthly,1,242.18,Active
516461,18857,4,2026-02-08,2026-08-26,Monthly,2,217.8,Cancelled
516462,16353,30,2025-08-06,,Annual,1,777.4,Active
516463,18099,25,2025-06-14,,Monthly,2,233.93,Active
516464,19298,14,2024-11-18,2025-01-22,Monthly,1,305.02,Cancelled
516465,17701,17,2024-11-07,,Monthly,2,535.06,Active
516466,12120,24,2026-08-31,,Monthly,3,2601.65,Active
516467,18842,7,2025-04-16,2026-08-31,Monthly,2,195.56,Expired
516468,13611,27,2026-03-07,,Annual,1,1010.72,Active
516469,13463,14,2024-07-22,2025-08-14,Annual,1,287.75,Cancelled
516470,18056,20,2025-09-28,,Monthly,2,527.96,Active
516471,17296,29,2026-02-07,,Monthly,1,259.41,Active
516472,17104,15,2025-02-13,,Annual,1,730.87,Active
516473,14906,23,2024-07-29,2025-02-21,Monthly,3,1040.26,Cancelled
516474,13738,26,2024-04-26,2024-08-10,Annual,2,521.28,Expired
516475,16920,20,2026-04-18,,Monthly,1,267.19,Active
516476,17794,3,2026-08-31,,Monthly,3,2108.06,Active
516477,17382,23,2024-03-23,2025-09-12,Monthly,1,341.37,Cancelled
516478,19561,20,2024-02-03,2024-05-05,Monthly,1,252.22,Cancelled
516479,16345,29,2024-08-08,2025-08-15,Monthly,2,634.59,Expired
516480,16912,24,2026-06-01,,Monthly,3,2330.86,Active
516481,18463,18,2024-12-16,,Monthly,1,965.48,Active
516482,10907,10,2024-06-01,2025-01-30,Annual,1,106.76,Cancelled
516483,12412,22,2026-04-30,2026-08-31,Monthly,1,112.38,Cancelled
516484,18945,23,2025-09-09,,Monthly,2,707.15,Active
516485,10290,15,2024-06-16,,Monthly,2,1474.74,Active
516486,16390,6,2024-04-23,,Annual,2,1651.32,Active
516487,16621,24,2024-01-04,2024-07-21,Monthly,1,783.23,Cancelled
516488,16128,21,2025-04-17,2026-07-15,Annual,1,825.71,Expired
516489,10655,20,2026-08-31,,Monthly,3,700.31,Active
516490,18089,20,2025-03-17,,Monthly,3,838.4,Active
516491,12549,14,2024-05-26,2025-05-27,Monthly,1,289.49,Cancelled
516492,15870,3,2025-07-11,2025-12-15,Monthly,1,688.5,Expired
516493,11740,29,2026-01-04,2026-08-31,Monthly,4,1260.16,Expired
516494,10226,28,2024-11-17,2026-03-31,Annual,1,108.02,Expired
516495,13465,10,2026-03-20,,Monthly,5,589.36,Active
516496,11417,3,2024-10-06,,Annual,1,791.0,Active
516497,19898,28,2026-01-30,2026-08-31,Monthly,3,288.08,Cancelled
516498,19101,8,2024-08-04,,Annual,1,319.89,Active
516499,16922,6,2025-07-01,,Monthly,2,1555.5,Active
516500,13879,20,2026-06-02,,Monthly,1,278.57,Active
516501,10363,25,2025-01-01,,Monthly,1,117.76,Active
516502,14973,1,2024-07-13,2025-06-11,Annual,1,98.81,Cancelled
516503,19751,17,2026-01-29,2026-08-31,Monthly,1,277.26,Expired
516504,15944,16,2024-03-20,,Monthly,2,227.61,Active
516505,19562,18,2026-08-31,,Monthly,1,783.66,Active
516506,16445,30,2024-04-27,2025-08-09,Monthly,3,2410.11,Cancelled
516507,17142,8,2024-09-11,,Monthly,1,320.09,Active
516508,10530,12,2026-06-04,2026-08-31,Monthly,2,1945.02,Cancelled
516509,17811,14,2025-04-29,2026-07-14,Monthly,1,312.48,Cancelled
516510,13838,2,2026-06-10,2026-08-31,Monthly,3,971.42,Cancelled
516511,11687,14,2024-04-12,,Monthly,1,261.83,Active
516512,15708,7,2026-03-31,,Monthly,1,95.12,Active
516513,15358,26,2025-12-24,,Monthly,4,1068.85,Active
516514,13828,29,2025-05-09,,Monthly,3,968.66,Active
516515,14577,22,2024-06-10,2024-12-03,Monthly,1,109.08,Cancelled
516516,13233,22,2024-05-21,2025-06-17,Annual,2,210.99,Cancelled
516517,16597,16,2025-07-11,2025-09-14,Annual,1,104.65,Expired
516518,10814,29,2026-02-10,,Annual,3,906.22,Active
516519,17342,26,2026-08-31,2026-08-31,Monthly,2,541.14,Expired
516520,15436,18,2025-06-15,,Annual,1,870.93,Active
516521,12573,22,2026-08-31,,Annual,1,111.3,Active
516522,13677,2,2026-01-16,,Annual,1,330.5,Active
516523,12840,30,2025-09-16,,Monthly,1,740.43,Active
516524,18216,22,2025-03-08,2025-08-31,Annual,3,325.91,Cancelled
516525,18745,7,2026-03-20,2026-08-31,Annual,4,450.2,Expired
516526,16497,24,2025-05-22,2025-10-21,Monthly,2,1562.14,Cancelled
516527,12757,11,2025-11-03,,Annual,1,332.03,Active
516528,19017,29,2026-01-19,2026-07-28,Monthly,3,817.73,Expired
516529,13538,19,2026-06-18,2026-08-31,Monthly,1,84.41,Expired
516530,14157,12,2024-05-09,,Monthly,1,1079.26,Active
516531,17069,28,2024-12-12,,Monthly,1,98.43,Active
516532,16125,19,2026-06-23,2026-08-31,Monthly,2,152.11,Cancelled
516533,17166,21,2026-07-18,,Monthly,2,1847.19,Active
516534,10201,24,2025-02-10,2025-08-12,Monthly,1,775.75,Expired
516535,13788,18,2026-08-31,2026-08-31,Monthly,1,924.92,Cancelled
516536,11707,3,2024-09-05,,Monthly,1,650.73,Active
516537,19728,9,2026-07-20,2026-08-31,Annual,2,1789.51,Cancelled
516538,10533,1,2024-09-20,2026-01-29,Monthly,1,117.27,Expired
516539,13482,22,2025-11-27,,Monthly,1,106.62,Active
516540,19614,27,2025-02-22,2025-09-19,Monthly,1,1105.82,Expired
516541,12622,21,2024-05-14,,Monthly,1,787.29,Active
516542,18297,17,2025-06-14,,Monthly,1,261.83,Active
516543,10780,26,2025-10-08,2026-07-24,Monthly,1,246.68,Cancelled
516544,18128,4,2025-04-09,,Monthly,1,108.45,Active
516545,13897,14,2024-12-17,2025-10-11,Monthly,3,772.44,Expired
516546,17064,1,2025-02-12,2025-07-28,Monthly,2,235.47,Expired
516547,16245,4,2026-08-20,,Monthly,1,107.88,Active
516548,16783,25,2026-05-29,,Annual,7,699.47,Active
516549,10895,5,2025-07-09,2026-08-31,Annual,1,257.11,Expired
516550,13418,12,2024-09-15,2025-04-15,Annual,2,2091.27,Expired
516551,10012,25,2025-06-24,2026-07-09,Monthly,2,216.01,Cancelled
516552,19254,11,2025-02-24,,Annual,2,704.68,Active
516553,13902,4,2024-05-16,,Monthly,2,202.14,Active
516554,19209,24,2025-05-29,,Monthly,2,1561.43,Active
516555,14874,17,2025-09-23,2026-08-31,Annual,4,1128.41,Expired
516556,18143,18,2026-02-03,,Monthly,1,820.31,Active
516557,12720,13,2026-08-22,,Annual,1,97.62,Active
516558,14145,29,2025-10-26,2026-08-31,Monthly,1,294.54,Cancelled
516559,10737,10,2024-10-30,,Monthly,2,205.8,Active
516560,18849,10,2025-06-03,,Monthly,2,248.02,Active
516561,17241,25,2024-04-08,,Monthly,1,98.84,Active
516562,13854,13,2024-10-29,2026-03-30,Monthly,1,106.81,Cancelled
516563,13332,3,2024-06-09,,Monthly,1,772.14,Active
516564,16553,13,2025-02-16,2025-03-27,Monthly,1,102.47,Cancelled
516565,12296,18,2025-09-21,,Annual,1,924.26,Active
516566,16566,18,2024-07-19,,Monthly,1,861.22,Active
516567,13928,12,2024-12-29,,Monthly,4,4420.48,Active
516568,15143,30,2025-08-15,,Monthly,1,680.55,Active
516569,14015,3,2026-08-31,2026-08-31,Monthly,1,809.46,Cancelled
516570,13592,19,2026-08-31,2026-08-31,Monthly,2,152.58,Cancelled
516571,13310,23,2025-03-08,,Annual,1,309.11,Active
516572,12909,10,2024-12-22,,Monthly,1,103.26,Active
516573,17494,12,2025-10-10,,Monthly,1,1007.3,Active
516574,12315,6,2025-03-23,2025-09-25,Annual,2,1545.18,Cancelled
516575,17108,9,2026-08-15,2026-08-31,Annual,1,973.25,Expired
516576,17258,6,2025-10-09,,Monthly,1,912.35,Active
516577,10360,24,2024-06-07,,Annual,1,838.21,Active
516578,16817,16,2025-08-04,2026-07-19,Monthly,4,447.74,Cancelled
516579,13511,6,2025-08-01,,Monthly,2,1693.9,Active
516580,16662,9,2024-07-31,,Monthly,2,1707.97,Active
516581,15706,29,2025-10-27,2026-08-31,Annual,2,620.24,Cancelled
516582,12090,24,2024-09-04,,Monthly,1,805.84,Active
516583,18335,8,2026-06-20,,Monthly,1,256.4,Active
516584,19337,12,2024-03-21,,Annual,2,2319.32,Active
516585,13175,15,2024-12-19,,Monthly,3,2250.74,Active
516586,14089,6,2024-08-18,2025-04-01,Monthly,2,1615.46,Cancelled
516587,10277,10,2024-07-23,,Annual,1,116.18,Active
516588,10256,5,2024-09-19,,Monthly,1,252.47,Active
516589,18467,19,2026-06-04,,Monthly,1,84.73,Active
516590,18992,12,2026-05-02,,Monthly,2,1914.71,Active
516591,17159,28,2025-10-15,2026-08-31,Monthly,1,101.07,Expired
516592,18551,15,2026-01-19,,Annual,1,793.61,Active
516593,15627,9,2025-02-27,,Monthly,5,4758.96,Active
516594,13144,28,2026-08-22,,Monthly,1,108.02,Active
516595,15871,8,2024-04-08,,Monthly,2,521.18,Active
516596,13884,11,2025-05-11,,Monthly,2,614.55,Active
516597,17536,17,2024-12-01,,Monthly,1,289.85,Active
516598,12048,1,2026-08-31,,Annual,1,107.09,Active
516599,15275,7,2025-12-08,2026-08-31,Monthly,1,110.81,Expired
516600,18610,27,2026-03-12,2026-08-31,Monthly,3,3138.91,Cancelled
516601,16190,1,2024-09-09,,Monthly,1,100.24,Active
516602,10945,19,2026-03-30,,Monthly,1,84.87,Active
516603,19955,24,2026-07-02,,Monthly,1,781.15,Active
516604,15303,6,2024-09-07,,Monthly,1,805.24,Active
516605,12228,23,2026-04-16,2026-08-31,Monthly,2,667.64,Cancelled
516606,17582,22,2025-04-21,2026-06-18,Annual,1,107.17,Cancelled
516607,16326,22,2026-06-13,,Annual,1,101.96,Active
516608,11399,25,2025-04-26,2026-03-14,Monthly,3,312.55,Expired
516609,17879,20,2024-06-20,,Monthly,1,260.02,Active
516610,14421,4,2025-12-02,,Monthly,1,97.87,Active
516611,11477,27,2025-10-24,,Monthly,3,2801.69,Active
516612,11459,7,2024-09-08,,Monthly,2,193.7,Active
516613,19209,18,2025-03-24,2025-04-30,Monthly,1,892.69,Cancelled
516614,13117,1,2025-02-06,2025-04-17,Monthly,2,217.77,Cancelled
516615,12920,19,2024-11-22,,Monthly,1,85.76,Active
516616,16998,20,2026-01-09,,Monthly,1,271.14,Active
516617,17699,25,2026-01-21,2026-04-06,Annual,1,118.28,Cancelled
516618,10966,16,2026-06-01,,Monthly,1,110.55,Active
516619,16243,26,2026-02-26,,Monthly,2,565.47,Active
516620,15632,14,2024-11-28,,Monthly,1,284.99,Active
516621,15497,26,2026-06-25,,Monthly,2,467.89,Active
516622,10912,7,2024-11-26,2026-05-05,Monthly,3,336.99,Expired
516623,19272,21,2025-11-28,,Monthly,2,1605.15,Active
516624,19722,21,2025-05-02,,Monthly,2,1706.88,Active
516625,14263,4,2025-05-14,,Monthly,2,222.61,Active
516626,16626,19,2026-08-17,2026-08-31,Monthly,1,82.22,Cancelled
516627,14614,13,2024-09-27,,Annual,2,238.85,Active
516628,14018,12,2025-02-09,,Monthly,1,1131.1,Active
516629,15315,14,2025-07-23,,Monthly,2,607.61,Active
516630,15154,20,2025-08-20,,Monthly,3,786.32,Active
516631,18991,20,2024-07-20,2025-03-09,Monthly,1,257.39,Cancelled
516632,15302,3,2026-08-15,2026-08-31,Monthly,5,3975.71,Cancelled
516633,19836,22,2025-01-01,2025-02-03,Monthly,1,114.5,Cancelled
516634,12907,23,2024-07-24,2025-11-25,Annual,1,343.1,Cancelled
516635,19501,17,2024-09-14,2025-06-30,Monthly,2,519.4,Expired
516636,16742,26,2025-12-26,,Monthly,1,230.62,Active
516637,18491,3,2024-11-03,2025-12-02,Monthly,4,2843.25,Expired
516638,15266,29,2026-08-31,2026-08-31,Monthly,1,261.0,Expired
516639,14822,5,2025-08-13,2026-08-31,Monthly,1,253.79,Expired
516640,11650,26,2024-11-14,,Monthly,1,277.64,Active
516641,12829,2,2025-10-10,2025-12-28,Monthly,1,382.86,Cancelled
516642,10803,14,2025-04-26,2026-05-03,Monthly,1,300.66,Expired
516643,19470,28,2025-01-15,,Monthly,1,99.91,Active
516644,13126,15,2026-03-24,,Monthly,2,1346.19,Active
516645,11482,4,2026-03-07,2026-08-31,Monthly,1,112.53,Cancelled
516646,17626,28,2024-09-12,,Monthly,2,197.28,Active
516647,10374,13,2026-01-18,2026-08-31,Monthly,3,316.74,Expired
516648,17792,27,2025-12-08,,Annual,1,889.36,Active
516649,15316,4,2026-08-31,,Annual,3,333.73,Active
516650,17533,9,2024-11-19,2025-03-22,Annual,1,802.11,Expired
516651,16020,13,2025-03-29,,Annual,1,107.52,Active
516652,17931,6,2025-02-15,,Monthly,4,3748.45,Active
516653,16804,1,2026-06-22,,Monthly,1,111.03,Active
516654,17839,19,2026-08-31,,Annual,2,160.82,Active
516655,14085,17,2024-11-17,2025-06-07,Monthly,2,494.14,Cancelled
516656,13469,29,2025-11-06,,Annual,3,829.95,Active
516657,18336,19,2024-11-12,,Monthly,1,72.32,Active
516658,13104,16,2026-03-29,2026-08-31,Monthly,1,105.25,Cancelled
516659,16799,23,2024-06-26,,Monthly,1,316.15,Active
516660,11640,28,2025-09-20,,Annual,1,103.91,Active
516661,18458,1,2026-08-31,,Annual,3,295.41,Active
516662,13160,25,2025-12-13,,Monthly,3,320.75,Active
516663,18600,29,2026-04-13,,Monthly,1,270.09,Active
516664,19418,1,2024-10-15,2025-11-09,Monthly,1,121.57,Expired
516665,18880,10,2026-03-19,2026-08-31,Monthly,1,103.31,Expired
516666,16645,17,2025-06-17,,Monthly,1,304.08,Active
516667,15939,1,2026-02-23,,Monthly,1,108.27,Active
516668,14667,19,2025-10-14,2026-05-01,Monthly,3,227.52,Expired
516669,10989,21,2026-08-31,,Monthly,1,925.84,Active
516670,16794,28,2026-08-09,2026-08-31,Monthly,1,111.31,Cancelled
516671,12092,25,2026-05-23,2026-08-31,Monthly,1,93.65,Expired
516672,15388,24,2024-04-07,2024-09-09,Monthly,2,1775.67,Expired
516673,11879,14,2024-11-08,2025-06-25,Monthly,1,322.93,Cancelled
516674,13977,11,2025-09-25,,Monthly,1,345.82,Active
516675,14872,24,2025-07-24,,Monthly,2,1493.14,Active
516676,15261,29,2024-10-03,,Monthly,1,256.29,Active
516677,11617,1,2025-05-07,2025-09-05,Monthly,1,111.77,Expired
516678,18283,2,2024-05-18,2024-12-26,Monthly,1,314.1,Cancelled
516679,13107,6,2025-10-06,,Monthly,1,851.43,Active
516680,16449,21,2024-10-11,,Monthly,1,915.27,Active
516681,12246,14,2024-08-20,,Monthly,1,301.18,Active
516682,17077,7,2025-01-13,,Monthly,2,198.27,Active
516683,17861,14,2026-08-31,2026-08-31,Monthly,3,827.87,Expired
516684,10812,27,2026-02-01,2026-08-31,Monthly,1,997.41,Expired
516685,16741,21,2026-01-28,2026-05-29,Monthly,4,3217.38,Cancelled
516686,10237,11,2024-07-03,,Monthly,1,319.19,Active
516687,18205,14,2025-05-29,2026-08-21,Monthly,1,320.4,Cancelled
516688,14246,2,2026-04-07,,Monthly,1,380.16,Active
516689,10140,30,2025-09-17,2026-08-02,Monthly,2,1552.87,Expired
516690,17320,24,2025-06-14,,Monthly,1,884.44,Active
516691,17013,11,2026-02-16,,Annual,1,295.95,Active
516692,17462,4,2024-10-23,2025-09-28,Monthly,2,195.51,Cancelled
516693,10112,2,2026-08-25,,Monthly,1,309.9,Active
516694,19087,16,2025-06-09,,Monthly,1,110.62,Active
516695,13729,24,2026-06-07,2026-08-31,Monthly,3,2271.85,Cancelled
516696,17984,15,2025-11-26,2026-08-31,Monthly,1,698.98,Cancelled
516697,10012,16,2025-08-03,,Monthly,1,98.11,Active
516698,15906,22,2026-05-18,,Monthly,2,220.81,Active
516699,17749,11,2025-10-10,,Monthly,2,614.23,Active
516700,17087,6,2026-08-30,,Monthly,3,2410.47,Active
516701,12375,23,2025-06-04,,Monthly,2,737.23,Active
516702,11221,5,2025-10-06,,Monthly,3,830.26,Active
516703,15907,2,2025-04-01,2026-03-11,Annual,1,337.13,Cancelled
516704,19983,17,2026-08-31,2026-08-31,Annual,2,545.2,Expired
516705,10640,25,2026-04-17,,Annual,2,199.42,Active
516706,19860,2,2024-04-13,,Monthly,1,310.81,Active
516707,10144,3,2026-08-31,,Annual,1,755.09,Active
516708,13283,17,2024-10-11,,Monthly,1,276.62,Active
516709,19408,8,2025-11-01,,Monthly,1,270.97,Active
516710,14807,29,2025-02-04,,Monthly,1,280.89,Active
516711,19189,17,2025-10-26,,Monthly,3,730.23,Active
516712,14746,25,2025-10-03,2026-03-05,Annual,1,112.99,Cancelled
516713,12434,3,2024-07-20,,Annual,1,645.06,Active
516714,17895,18,2026-03-16,,Monthly,1,804.4,Active
516715,19548,17,2026-01-14,,Monthly,1,293.29,Active
516716,14134,5,2025-03-14,,Monthly,1,223.51,Active
516717,11044,2,2025-08-31,2026-08-31,Monthly,4,1488.08,Cancelled
516718,10728,9,2024-05-20,,Monthly,3,2624.97,Active
516719,11839,3,2026-01-18,,Monthly,3,2398.94,Active
516720,10217,5,2026-08-31,,Annual,1,232.52,Active
516721,14514,1,2024-09-03,2024-11-08,Monthly,1,107.59,Expired
516722,17155,16,2024-05-09,2025-06-08,Monthly,1,116.73,Expired
516723,16364,7,2025-10-18,2026-08-08,Monthly,2,198.63,Expired
516724,17692,7,2025-11-24,2026-08-31,Monthly,1,113.86,Expired
516725,13553,21,2025-12-19,,Annual,1,819.48,Active
516726,13678,16,2024-06-17,,Monthly,2,210.54,Active
516727,14442,6,2025-07-20,2026-08-31,Monthly,1,747.21,Cancelled
516728,18150,18,2025-10-06,,Monthly,3,2835.09,Active
516729,11177,3,2024-10-11,,Annual,2,1577.14,Active
516730,10199,6,2026-08-31,,Monthly,3,2401.96,Active
516731,19589,30,2026-07-04,2026-08-31,Annual,2,1579.06,Expired
516732,14773,19,2024-06-15,,Monthly,1,87.55,Active
516733,11302,29,2026-08-31,,Monthly,1,280.79,Active
516734,17479,26,2024-04-19,2024-06-28,Monthly,1,264.68,Expired
516735,10646,8,2026-04-01,2026-08-31,Monthly,3,888.95,Cancelled
516736,13172,8,2025-07-24,2025-10-29,Annual,2,551.55,Expired
516737,11489,4,2024-12-17,,Monthly,1,102.72,Active
516738,16382,10,2026-08-31,,Annual,3,312.79,Active
516739,12180,26,2026-08-15,2026-08-31,Monthly,1,244.69,Cancelled
516740,16503,12,2026-05-20,,Monthly,1,1102.32,Active
516741,10970,19,2024-05-31,2025-11-03,Monthly,1,87.61,Expired
516742,11850,15,2024-10-24,,Monthly,1,706.29,Active
516743,12861,1,2025-12-31,,Monthly,3,360.87,Active
516744,17900,6,2025-08-29,,Monthly,3,2331.66,Active
516745,10543,24,2024-05-26,,Monthly,1,763.73,Active
516746,10796,13,2025-07-19,2026-04-14,Monthly,1,101.71,Expired
516747,12041,24,2026-03-30,,Monthly,1,744.94,Active
516748,18743,21,2026-07-17,,Monthly,1,851.0,Active
516749,12131,1,2025-09-17,2026-08-31,Monthly,1,103.38,Expired
516750,16622,17,2026-08-31,2026-08-31,Monthly,1,293.05,Cancelled
516751,10107,11,2026-07-23,2026-08-31,Annual,1,306.27,Expired
516752,18473,2,2024-10-23,,Monthly,1,370.09,Active
516753,10896,11,2026-05-21,2026-08-31,Monthly,1,348.83,Cancelled
516754,13017,3,2026-01-11,,Monthly,3,2436.46,Active
516755,16809,3,2026-05-12,,Annual,1,714.31,Active
516756,17975,10,2025-01-10,,Monthly,4,449.56,Active
516757,17744,15,2025-09-04,2026-06-20,Monthly,3,2270.52,Cancelled
516758,10436,3,2025-07-24,2026-06-03,Monthly,1,700.49,Cancelled
516759,12320,5,2024-08-05,,Monthly,2,442.46,Active
516760,10801,13,2026-05-01,,Annual,2,203.35,Active
516761,17066,1,2026-06-05,,Monthly,1,102.73,Active
516762,12620,3,2025-05-25,2025-11-07,Annual,3,2186.53,Cancelled
516763,14072,2,2024-12-18,2025-12-07,Monthly,2,727.46,Cancelled
516764,15002,15,2025-11-24,,Monthly,1,793.3,Active
516765,13394,20,2024-10-25,2025-05-24,Monthly,3,752.42,Expired
516766,14806,7,2024-07-29,,Monthly,3,324.87,Active
516767,16988,25,2025-07-31,2026-07-13,Monthly,1,94.76,Expired
516768,17936,4,2025-10-15,2026-04-29,Annual,2,194.31,Cancelled
516769,18220,4,2025-03-23,,Monthly,1,111.77,Active
516770,11338,29,2025-06-25,2026-03-18,Monthly,1,317.54,Cancelled
516771,15905,6,2025-06-27,,Monthly,3,2521.12,Active
516772,19869,6,2026-03-09,,Monthly,3,2515.19,Active
516773,15146,17,2026-07-30,,Annual,4,1179.76,Active
516774,16403,18,2024-07-08,2025-09-09,Annual,1,899.38,Expired
516775,14636,12,2025-12-09,2026-08-31,Monthly,1,1177.55,Cancelled
516776,13244,20,2026-05-15,,Annual,1,233.06,Active
516777,13109,11,2026-02-17,,Monthly,2,619.35,Active
516778,17587,20,2026-08-31,,Monthly,1,242.26,Active
516779,17932,14,2026-08-31,2026-08-31,Monthly,1,284.89,Cancelled
516780,12610,28,2025-08-13,,Annual,3,357.15,Active
516781,17541,16,2026-02-14,,Monthly,2,215.98,Active
516782,12440,7,2025-10-11,2026-05-30,Annual,1,116.38,Expired
516783,17723,24,2026-06-07,,Monthly,2,1650.54,Active
516784,12101,10,2026-08-31,2026-08-31,Monthly,2,238.37,Cancelled
516785,18772,25,2025-03-24,,Monthly,1,105.09,Active
516786,17003,25,2026-01-22,2026-08-31,Monthly,1,107.76,Expired
516787,19194,19,2026-08-31,2026-08-31,Monthly,1,86.22,Expired
516788,18882,29,2024-02-16,,Monthly,3,893.43,Active
516789,19107,6,2026-02-18,2026-08-31,Monthly,3,2315.39,Expired
516790,11719,13,2024-08-28,,Annual,2,241.44,Active
516791,17235,5,2026-08-31,,Monthly,2,457.78,Active
516792,13535,17,2026-02-04,,Monthly,2,572.41,Active
516793,13610,18,2026-01-01,,Monthly,2,1903.49,Active
516794,17727,14,2025-01-09,2025-06-22,Monthly,1,307.35,Cancelled
516795,17030,17,2025-01-15,2026-04-07,Annual,1,277.14,Expired
516796,19925,23,2025-10-20,,Monthly,1,341.25,Active
516797,19116,8,2025-11-23,,Monthly,1,281.36,Active
516798,17314,30,2026-01-12,,Monthly,1,663.66,Active
516799,11562,20,2024-06-09,,Monthly,3,752.82,Active
516800,18630,10,2025-11-17,2026-08-31,Monthly,1,113.3,Cancelled
516801,10883,15,2025-11-25,,Monthly,1,827.28,Active
516802,18285,9,2026-07-26,,Monthly,2,1636.02,Active
516803,16328,10,2026-01-15,,Monthly,1,117.4,Active
516804,11627,20,2026-08-31,,Monthly,2,478.53,Active
516805,15409,23,2024-06-17,2025-07-29,Annual,1,304.13,Expired
516806,11855,4,2025-06-30,,Monthly,2,229.05,Active
516807,12762,21,2024-12-15,2025-12-01,Monthly,1,794.8,Cancelled
516808,12592,16,2024-03-06,2024-07-13,Monthly,1,107.56,Cancelled
516809,13543,17,2026-08-22,2026-08-31,Monthly,1,292.21,Expired
516810,19398,12,2024-05-28,,Monthly,1,1013.62,Active
516811,12278,29,2024-12-06,,Monthly,1,272.87,Active
516812,19929,19,2024-12-14,,Monthly,3,254.68,Active
516813,16819,20,2026-04-26,,Annual,1,239.78,Active
516814,13922,2,2026-01-01,2026-06-01,Annual,6,2169.46,Cancelled
516815,17678,30,2024-10-04,2025-11-16,Monthly,2,1664.27,Expired
516816,18813,10,2025-09-24,,Monthly,3,309.54,Active
516817,12027,16,2024-08-28,,Monthly,2,230.73,Active
516818,12518,15,2026-02-11,2026-08-31,Annual,1,715.36,Expired
516819,14297,17,2025-07-12,,Monthly,1,271.91,Active
516820,13835,6,2025-11-08,2026-08-31,Monthly,1,770.04,Cancelled
516821,11352,12,2026-04-18,,Annual,1,1170.03,Active
516822,17635,10,2024-08-20,,Monthly,1,99.4,Active
516823,10557,2,2025-12-10,,Annual,1,344.47,Active
516824,11663,12,2024-04-13,2025-05-22,Annual,1,1146.36,Cancelled
516825,10598,29,2025-06-19,2025-12-19,Monthly,1,323.13,Expired
516826,15479,25,2026-05-12,,Monthly,1,105.83,Active
516827,14029,18,2026-05-25,,Annual,1,775.04,Active
516828,19802,11,2024-11-28,2025-12-25,Monthly,1,309.14,Cancelled
516829,18048,10,2025-03-22,2025-11-12,Monthly,1,102.65,Cancelled
516830,13127,18,2026-03-13,,Monthly,1,786.43,Active
516831,13391,3,2026-08-31,2026-08-31,Annual,1,751.82,Cancelled
516832,10030,22,2024-06-03,,Monthly,3,327.2,Active
516833,16890,5,2026-03-11,,Annual,2,438.91,Active
516834,11207,27,2026-02-13,2026-08-31,Monthly,1,1070.3,Cancelled
516835,15608,30,2024-05-16,2025-08-18,Monthly,1,711.19,Expired
516836,15888,1,2026-05-28,,Monthly,2,205.72,Active
516837,14046,12,2026-01-10,,Monthly,3,2955.5,Active
516838,18945,27,2025-11-09,,Monthly,5,5296.81,Active
516839,11690,25,2026-08-31,,Annual,1,101.49,Active
516840,12831,4,2024-03-30,2024-07-18,Annual,1,104.39,Cancelled
516841,11815,7,2024-06-23,,Annual,2,193.28,Active
516842,14657,7,2024-12-15,2025-03-15,Monthly,1,104.45,Expired
516843,16458,3,2024-07-31,,Monthly,3,2440.97,Active
516844,10659,18,2024-12-07,,Annual,1,853.45,Active
516845,13268,25,2026-04-22,,Monthly,1,100.71,Active
516846,10462,25,2026-07-19,,Annual,1,106.45,Active
516847,16901,21,2025-05-28,,Monthly,3,2795.11,Active
516848,17512,16,2025-04-29,,Annual,3,344.11,Active
516849,16069,29,2024-09-04,,Annual,1,296.71,Active
516850,13444,28,2026-08-08,,Monthly,1,110.96,Active
516851,16711,24,2025-12-31,,Monthly,1,847.75,Active
516852,11222,24,2024-08-24,2025-03-04,Monthly,2,1696.53,Expired
516853,16853,16,2024-12-14,,Annual,1,114.4,Active
516854,18539,11,2025-01-02,2026-06-19,Monthly,1,306.33,Cancelled
516855,14461,21,2024-08-09,,Annual,1,764.05,Active
516856,17216,27,2024-08-28,,Monthly,2,1788.05,Active
516857,14079,25,2026-08-31,2026-08-31,Monthly,2,214.14,Expired
516858,15000,5,2024-03-10,2024-10-14,Monthly,2,472.87,Expired
516859,16443,29,2025-07-01,,Monthly,3,958.38,Active
516860,13010,26,2026-02-15,,Monthly,2,491.43,Active
516861,19446,11,2026-06-12,2026-08-31,Annual,1,317.23,Cancelled
516862,14642,19,2026-06-22,,Annual,3,219.14,Active
516863,15946,25,2024-12-16,,Annual,1,94.96,Active
516864,11085,29,2026-02-08,2026-06-12,Annual,1,260.45,Cancelled
516865,18584,9,2024-03-17,,Annual,1,925.77,Active
516866,14644,9,2024-11-06,2025-04-22,Monthly,2,1762.62,Cancelled
516867,12238,18,2024-11-16,,Annual,1,892.36,Active
516868,13318,26,2026-01-20,2026-08-31,Annual,1,248.33,Expired
516869,10836,19,2026-02-12,2026-08-31,Monthly,2,177.34,Cancelled
516870,11887,21,2025-08-02,2026-06-09,Monthly,1,932.33,Expired
516871,16254,1,2026-01-09,,Annual,2,198.16,Active
516872,18658,18,2026-04-19,2026-08-31,Monthly,1,936.25,Expired
516873,13730,20,2024-09-15,,Monthly,1,275.69,Active
516874,10692,12,2026-06-27,,Monthly,1,1198.98,Active
516875,16423,16,2025-04-24,2026-08-09,Monthly,2,217.36,Cancelled
516876,19624,21,2025-01-31,,Monthly,1,939.37,Active
516877,11413,11,2026-07-17,2026-08-31,Annual,1,347.55,Cancelled
516878,19604,8,2026-08-22,2026-08-31,Monthly,2,558.43,Cancelled
516879,13998,22,2024-07-14,,Annual,1,97.32,Active
516880,15002,18,2025-10-30,2026-01-27,Monthly,1,941.11,Expired
516881,18810,21,2024-09-13,2025-04-13,Monthly,1,784.53,Expired
516882,19216,23,2025-05-22,2026-08-31,Monthly,1,353.54,Expired
516883,12839,20,2025-08-14,2026-08-31,Monthly,1,280.86,Expired
516884,16056,26,2025-04-22,,Annual,1,245.43,Active
516885,19696,14,2024-09-16,,Monthly,2,588.28,Active
516886,14568,10,2024-10-24,,Monthly,2,220.49,Active
516887,15783,5,2024-05-25,,Monthly,1,221.2,Active
516888,16182,10,2024-03-23,,Monthly,1,105.18,Active
516889,17805,21,2024-06-06,,Monthly,1,796.87,Active
516890,14795,4,2026-02-05,,Monthly,3,345.55,Active
516891,13511,29,2025-05-30,2025-07-27,Monthly,1,256.18,Expired
516892,11962,13,2024-06-03,2024-07-12,Monthly,1,100.97,Cancelled
516893,14609,24,2024-05-24,,Monthly,2,1505.62,Active
516894,10143,5,2025-01-17,,Monthly,2,496.3,Active
516895,14237,9,2026-08-31,,Monthly,1,966.99,Active
516896,13278,26,2026-08-31,,Monthly,2,471.62,Active
516897,17512,12,2025-05-24,,Monthly,1,1024.45,Active
516898,11802,15,2025-06-09,2025-08-07,Monthly,1,715.86,Cancelled
516899,11547,17,2026-03-28,,Annual,1,301.17,Active
516900,15164,21,2026-05-09,,Annual,1,777.67,Active
516901,14803,28,2025-12-09,2026-02-11,Monthly,1,117.23,Cancelled
516902,14187,30,2026-03-23,,Annual,6,4792.33,Active
516903,10434,26,2024-12-28,2025-08-20,Monthly,1,245.91,Expired
516904,17086,17,2025-08-16,2026-06-10,Monthly,1,282.1,Expired
516905,17604,8,2024-04-23,2024-07-27,Annual,1,292.7,Expired
516906,13620,10,2026-07-26,2026-08-31,Annual,3,315.08,Expired
516907,10462,9,2026-04-18,,Monthly,2,1979.84,Active
516908,11267,3,2025-11-18,,Monthly,1,775.57,Active
516909,14297,26,2025-04-25,2026-03-28,Monthly,1,255.12,Expired
516910,15897,28,2025-04-08,2025-12-13,Monthly,2,203.12,Cancelled
516911,13216,21,2024-08-12,2025-02-20,Monthly,2,1699.6,Cancelled
516912,16973,17,2025-06-24,,Annual,4,1110.13,Active
516913,13320,25,2026-08-06,,Monthly,1,107.66,Active
516914,12664,20,2026-08-07,2026-08-31,Monthly,2,541.85,Cancelled
516915,11167,2,2026-08-31,,Monthly,1,377.39,Active
516916,12573,19,2026-06-09,,Annual,1,89.84,Active
516917,17437,21,2026-08-07,2026-08-31,Monthly,1,884.39,Cancelled
516918,13773,18,2025-07-22,,Monthly,1,880.5,Active
516919,12273,27,2025-09-19,,Monthly,1,977.82,Active
516920,11537,7,2026-04-24,,Monthly,2,225.17,Active
516921,15012,17,2025-05-25,2025-09-02,Monthly,1,265.57,Cancelled
516922,14535,7,2024-06-13,2025-06-25,Monthly,2,200.1,Cancelled
516923,19103,23,2025-05-10,,Annual,2,605.35,Active
516924,16970,28,2025-01-30,2025-11-16,Annual,3,319.42,Expired
516925,15466,4,2026-06-01,,Monthly,1,108.94,Active
516926,15522,7,2025-01-21,,Monthly,1,93.81,Active
516927,15362,25,2024-04-27,,Monthly,1,118.37,Active
516928,14604,9,2024-03-16,,Monthly,1,818.03,Active
516929,11428,2,2026-08-09,,Monthly,1,319.97,Active
516930,10298,21,2024-09-28,,Monthly,1,810.11,Active
516931,16819,16,2026-07-13,2026-08-31,Monthly,1,95.53,Cancelled
516932,16685,9,2025-06-03,2025-09-04,Monthly,5,4712.75,Cancelled
516933,13048,6,2024-11-21,,Monthly,1,764.61,Active
516934,15847,20,2026-01-17,,Annual,2,481.84,Active
516935,14344,30,2025-11-18,,Monthly,1,736.56,Active
516936,15917,11,2025-12-10,,Monthly,3,1063.49,Active
516937,14348,19,2026-08-31,,Monthly,3,239.15,Active
516938,16270,30,2026-03-19,2026-05-04,Monthly,1,791.01,Cancelled
516939,12426,30,2025-05-21,,Monthly,1,774.29,Active
516940,18270,4,2024-12-22,,Monthly,1,113.61,Active
516941,10578,23,2025-11-15,2025-12-21,Monthly,1,373.88,Cancelled
516942,19986,7,2025-07-31,,Monthly,1,113.51,Active
516943,16490,15,2026-03-10,,Monthly,3,2039.63,Active
516944,14023,25,2024-08-09,2025-05-12,Monthly,5,546.15,Cancelled
516945,18445,28,2024-05-17,,Annual,1,99.28,Active
516946,17853,17,2025-03-26,2025-12-17,Monthly,1,281.85,Cancelled
516947,11018,8,2025-05-25,2026-08-09,Annual,2,513.83,Cancelled
516948,18422,4,2026-08-31,,Monthly,1,113.34,Active
516949,13593,30,2026-04-09,,Monthly,3,2127.48,Active
516950,13875,16,2025-06-06,,Monthly,3,289.43,Active
516951,13498,5,2025-07-19,,Monthly,2,510.22,Active
516952,12113,12,2026-08-31,,Monthly,2,2028.14,Active
516953,10813,16,2024-12-06,,Monthly,3,362.45,Active
516954,11487,12,2024-08-10,2025-03-30,Monthly,2,1980.3,Expired
516955,13075,27,2026-02-27,,Monthly,1,1001.55,Active
516956,16815,24,2025-03-27,2025-09-21,Monthly,1,857.32,Expired
516957,14310,19,2026-08-31,,Monthly,1,85.58,Active
516958,16964,16,2025-07-20,2026-03-15,Monthly,1,111.43,Cancelled
516959,18209,25,2024-11-11,2025-05-04,Monthly,1,113.65,Cancelled
516960,13155,6,2025-01-29,,Monthly,2,1748.48,Active
516961,10450,18,2025-08-08,,Monthly,1,872.17,Active
516962,16027,29,2025-08-24,2026-04-16,Annual,1,265.13,Cancelled
516963,14690,15,2026-08-18,2026-08-31,Monthly,1,707.79,Expired
516964,16198,7,2026-06-18,,Monthly,1,95.23,Active
516965,13761,25,2026-05-02,2026-07-04,Monthly,1,93.47,Expired
516966,17852,23,2024-03-16,2024-08-05,Monthly,2,729.52,Expired
516967,19667,12,2025-07-10,,Annual,2,2375.65,Active
516968,11755,21,2025-04-09,,Monthly,2,1877.13,Active
516969,19645,21,2026-04-14,,Monthly,1,947.61,Active
516970,17644,15,2026-08-31,2026-08-31,Monthly,1,667.63,Expired
516971,19456,2,2026-01-16,,Annual,4,1500.41,Active
516972,12471,23,2024-05-23,,Annual,2,677.63,Active
516973,13462,9,2026-04-24,2026-08-31,Monthly,2,1665.11,Cancelled
516974,19428,19,2025-03-25,2026-03-09,Annual,1,90.87,Cancelled
516975,12711,29,2026-08-31,,Annual,2,584.75,Active
516976,19906,11,2024-11-18,,Annual,4,1389.05,Active
516977,11191,14,2025-06-05,,Monthly,1,293.86,Active
516978,16109,10,2024-04-11,2025-06-19,Monthly,3,346.33,Expired
516979,18989,20,2024-12-16,2025-07-14,Monthly,2,521.95,Cancelled
516980,15519,22,2024-10-10,,Monthly,2,234.45,Active
516981,12884,5,2026-08-31,,Monthly,1,253.48,Active
516982,15683,19,2025-07-06,,Monthly,1,80.83,Active
516983,17141,1,2024-10-21,,Monthly,2,224.41,Active
516984,13387,8,2026-05-27,2026-08-31,Monthly,1,299.51,Expired
516985,12072,12,2025-07-02,2025-12-06,Monthly,1,1175.96,Expired
516986,16560,17,2025-08-23,,Monthly,1,248.06,Active
516987,12474,6,2024-09-23,,Monthly,3,2534.03,Active
516988,12713,12,2024-12-08,,Annual,1,1088.15,Active
516989,16311,13,2026-06-19,2026-08-31,Monthly,1,98.94,Expired
516990,11086,25,2026-07-17,2026-08-17,Monthly,1,110.06,Cancelled
516991,16429,12,2025-08-12,,Monthly,1,1082.54,Active
516992,12685,18,2024-07-09,,Annual,3,2807.4,Active
516993,13139,18,2025-07-21,,Monthly,1,869.54,Active
516994,12770,3,2024-11-10,2025-10-22,Annual,1,750.85,Cancelled
516995,14315,23,2025-10-09,,Monthly,2,669.88,Active
516996,14390,15,2026-08-31,,Monthly,1,701.53,Active
516997,14690,12,2026-03-26,,Annual,3,3020.37,Active
516998,15471,21,2024-08-12,2025-03-08,Annual,2,1889.82,Cancelled
516999,19943,19,2026-04-20,,Monthly,3,238.63,Active
517000,12940,22,2024-10-16,2025-02-13,Monthly,2,231.61,Cancelled
