ticket_id,customer_id,created_at,resolved_at,issue_type,priority,resolution_status,satisfaction_score
900001,16872,2026-03-06,2026-03-06 08:04:52.221796194,Account,Low,Resolved,5
900002,16003,2026-02-20,2026-02-20 04:19:43.650904587,Billing,High,Resolved,5
900003,18512,2025-08-26,2025-08-26 12:40:09.935221411,Billing,Low,Resolved,4
900004,17085,2024-12-17,2024-12-17 03:36:06.421189582,Feature Request,Medium,Resolved,2
900005,17219,2024-11-01,2024-11-02 18:36:17.983124143,Account,Medium,Resolved,5
900006,17632,2025-02-20,2025-02-20 19:29:24.998890891,Integration,Medium,Resolved,5
900007,16727,2026-04-28,2026-04-28 14:03:54.070609755,Integration,Medium,Resolved,3
900008,19173,2025-11-04,2025-11-04 21:10:20.121236446,Billing,Low,Resolved,4
900009,16683,2026-06-29,2026-06-29 07:12:59.806698620,Feature Request,Low,Resolved,4
900010,12802,2026-01-20,2026-01-20 10:34:19.000511796,Feature Request,Medium,Resolved,4
900011,13665,2026-08-17,2026-08-17 10:29:46.935536038,Integration,Medium,Resolved,5
900012,18531,2026-05-17,2026-05-17 06:33:25.439196600,Performance,Medium,Resolved,5
900013,14019,2026-05-07,2026-05-07 14:31:37.006039462,Technical,Low,Pending,4
900014,17768,2025-08-15,2025-08-15 04:58:03.361436040,Integration,Medium,Resolved,4
900015,11983,2024-06-16,2024-06-16 16:02:47.302731016,Account,Medium,Pending,4
900016,11881,2026-05-05,2026-05-06 03:57:27.594635047,Technical,High,Resolved,4
900017,14824,2026-04-21,2026-04-21 05:32:20.791072762,Integration,Low,Resolved,4
900018,19330,2024-03-09,2024-03-09 06:47:04.794189633,Performance,Medium,Resolved,1
900019,18591,2025-01-02,2025-01-02 09:49:55.162227554,Technical,Low,Pending,3
900020,10472,2026-05-29,2026-05-29 08:29:22.359712416,Technical,Medium,Resolved,1
900021,12322,2026-03-29,2026-03-29 06:17:44.976233821,Performance,Medium,Resolved,2
900022,17950,2024-10-15,2024-10-15 19:46:59.664798908,Integration,Medium,Resolved,5
900023,13784,2026-08-29,2026-08-29 21:15:35.464186252,Performance,Low,Resolved,3
900024,15356,2025-09-06,2025-09-06 22:01:37.056995547,Technical,Medium,Resolved,3
900025,14876,2025-09-19,2025-09-19 16:17:12.970913254,Billing,Low,Resolved,4
900026,18432,2025-10-07,2025-10-07 04:56:16.583205746,Billing,Medium,Resolved,5
900027,19292,2024-10-16,2024-10-16 06:35:45.701124370,Feature Request,High,Resolved,4
900028,15864,2026-03-11,2026-03-11 20:43:22.728893026,Account,Medium,Resolved,3
900029,16130,2026-01-26,2026-01-26 06:23:29.190007860,Technical,Medium,Resolved,2
900030,17657,2026-03-19,2026-03-19 20:47:13.397073622,Technical,Low,Open,4
900031,14570,2025-12-05,2025-12-05 19:34:26.288596038,Performance,Medium,Pending,5
900032,17370,2024-03-28,2024-03-28 07:44:28.006179738,Technical,Medium,Resolved,1
900033,10481,2025-10-02,2025-10-02 12:47:23.443627477,Technical,Low,Resolved,5
900034,16151,2025-05-07,2025-05-07 12:17:43.584299433,Billing,Medium,Resolved,3
900035,17501,2026-07-01,2026-07-01 09:17:52.070868812,Technical,High,Resolved,5
900036,12226,2025-06-13,2025-06-13 01:25:20.303907830,Technical,Critical,Resolved,5
900037,18778,2025-08-03,2025-08-03 11:22:57.685126328,Integration,Medium,Resolved,3
900038,10279,2025-12-09,2025-12-09 08:59:45.917831378,Technical,Medium,Resolved,5
900039,13260,2026-04-19,2026-04-20 08:26:53.426906520,Technical,Medium,Resolved,5
900040,12672,2025-07-21,2025-07-21 05:43:36.102170902,Performance,Critical,Resolved,1
900041,16386,2024-10-08,2024-10-08 11:48:22.196339942,Feature Request,Low,Resolved,5
900042,14931,2025-02-26,2025-02-26 06:22:51.508174951,Performance,Medium,Resolved,5
900043,14052,2024-09-13,2024-09-13 06:57:05.758004840,Technical,Medium,Resolved,5
900044,16644,2026-04-23,2026-04-23 06:33:00.009132919,Billing,Low,Resolved,3
900045,16455,2026-08-01,2026-08-01 10:04:27.247184079,Billing,Medium,Open,4
900046,18910,2026-01-20,2026-01-20 12:49:25.583140113,Billing,Low,Pending,5
900047,16938,2026-03-26,2026-03-26 04:23:31.000180725,Billing,Critical,Resolved,5
900048,18943,2025-09-14,2025-09-14 11:58:19.936820290,Security,Medium,Resolved,5
900049,13191,2025-05-15,2025-05-15 13:35:11.378724309,Account,Low,Resolved,3
900050,19974,2025-03-05,2025-03-05 08:06:26.211149672,Technical,Low,Resolved,1
900051,15864,2026-03-11,2026-03-11 06:02:15.102668695,Technical,Low,Resolved,4
900052,12596,2025-03-27,2025-03-27 04:28:16.843875204,Integration,Medium,Open,5
900053,14939,2025-02-22,2025-02-22 03:46:34.754031073,Technical,Low,Resolved,4
900054,14688,2026-05-19,2026-05-19 18:32:18.296477700,Account,Medium,Resolved,4
900055,11992,2026-08-15,2026-08-15 03:16:47.869355146,Feature Request,Critical,Resolved,5
900056,18705,2025-12-20,2025-12-20 09:36:55.839130182,Technical,High,Resolved,4
900057,15877,2026-04-12,2026-04-12 05:30:49.891539254,Technical,High,Resolved,5
900058,18124,2026-02-16,2026-02-16 10:06:00.378130914,Account,Medium,Resolved,3
900059,12982,2024-05-07,2024-05-08 12:34:45.173914366,Integration,Low,Resolved,4
900060,11579,2025-01-16,2025-01-16 07:34:02.699599760,Technical,Medium,Resolved,4
900061,16145,2025-06-09,2025-06-09 06:29:14.948613286,Account,Medium,Resolved,4
900062,11003,2026-07-13,2026-07-13 19:40:58.600274692,Technical,Low,Resolved,4
900063,18906,2026-05-04,2026-05-04 03:12:57.705266062,Feature Request,Low,Pending,4
900064,10017,2026-03-30,2026-03-30 09:13:34.917630571,Security,Medium,Resolved,1
900065,15516,2025-08-04,2025-08-04 17:06:30.203144798,Integration,High,Resolved,4
900066,19259,2026-01-23,2026-01-23 14:48:29.054224818,Feature Request,Medium,Pending,2
900067,12378,2026-05-15,2026-05-15 08:02:43.134804628,Account,Medium,Resolved,5
900068,12422,2026-08-03,2026-08-03 13:59:00.714762232,Performance,Low,Resolved,4
900069,18362,2026-02-01,2026-02-01 20:42:15.094854064,Technical,Medium,Resolved,5
900070,19653,2026-03-19,2026-03-19 08:27:16.894483966,Billing,High,Resolved,3
900071,18267,2026-04-30,2026-04-30 10:10:57.937663783,Performance,Low,Resolved,4
900072,18521,2025-09-26,2025-09-26 09:38:31.316237242,Security,Medium,Resolved,5
900073,14650,2024-12-26,2024-12-26 05:45:31.623540206,Technical,High,Resolved,5
900074,16859,2025-08-24,2025-08-24 08:33:40.030154675,Integration,Low,Resolved,3
900075,17080,2025-03-02,2025-03-02 23:51:18.597592299,Feature Request,Medium,Resolved,5
900076,15519,2024-04-15,2024-04-15 15:45:11.000011428,Performance,Low,Resolved,3
900077,10255,2026-05-13,2026-05-13 13:33:56.571319375,Feature Request,Low,Open,2
900078,18882,2024-08-29,2024-08-29 15:21:14.755236260,Security,Low,Resolved,4
900079,17439,2025-02-14,2025-02-14 08:40:52.603051735,Billing,Low,Resolved,5
900080,10908,2026-03-23,2026-03-23 11:44:43.751226649,Performance,Low,Resolved,3
900081,12396,2026-03-09,2026-03-12 08:05:37.925680412,Performance,Medium,Resolved,4
900082,17512,2025-02-10,2025-02-10 19:43:27.440247082,Billing,Low,Resolved,3
900083,16941,2026-02-24,2026-02-25 04:33:59.278933292,Account,Critical,Resolved,1
900084,14470,2024-10-18,2024-10-18 14:43:39.733806558,Feature Request,Medium,Resolved,5
900085,18470,2026-02-27,2026-03-01 00:33:22.504075070,Technical,High,Resolved,3
900086,10264,2024-08-22,2024-08-22 09:15:58.071289478,Billing,Medium,Resolved,4
900087,11792,2026-05-14,2026-05-14 04:42:35.305329556,Account,High,Resolved,1
900088,13125,2025-12-10,2025-12-10 06:20:36.636791046,Technical,Low,Resolved,4
900089,10753,2025-11-07,2025-11-07 11:53:47.158870898,Feature Request,Low,Resolved,4
900090,13914,2025-04-22,2025-04-23 07:08:22.842803061,Integration,Low,Resolved,4
900091,16875,2025-12-29,2025-12-29 16:46:30.976224052,Performance,Low,Resolved,5
900092,14531,2025-01-22,2025-01-22 06:04:36.232594183,Feature Request,High,Resolved,3
900093,19179,2026-04-06,2026-04-06 13:13:17.791888144,Performance,Medium,Resolved,3
900094,13586,2026-05-29,2026-05-29 04:25:26.580732744,Technical,Medium,Resolved,1
900095,11757,2024-12-21,2024-12-21 05:09:37.220998568,Technical,Medium,Resolved,2
900096,19271,2025-01-07,2025-01-07 11:05:11.587564050,Performance,High,Resolved,4
900097,19767,2025-11-23,2025-11-25 02:41:12.962224982,Security,Medium,Pending,4
900098,13546,2025-03-14,2025-03-14 16:35:46.396385581,Account,Medium,Resolved,3
900099,12928,2026-01-10,2026-01-10 02:46:52.666291138,Billing,Medium,Resolved,3
900100,18679,2026-04-05,2026-04-05 11:59:53.453617522,Billing,High,Resolved,5
900101,13334,2026-01-13,2026-01-13 02:22:48.306048967,Billing,Medium,Resolved,3
900102,11139,2026-03-14,2026-03-16 07:01:12.129276626,Security,High,Resolved,5
900103,14726,2026-01-15,2026-01-15 07:06:57.102590678,Billing,Medium,Resolved,4
900104,17275,2025-07-31,2025-07-31 05:31:39.442110240,Billing,Critical,Resolved,3
900105,10804,2025-02-26,2025-02-26 08:21:18.638616340,Billing,Low,Open,2
900106,13216,2024-08-09,2024-08-09 05:56:44.802900715,Technical,Low,Open,5
900107,12579,2026-04-30,2026-04-30 08:44:57.222837070,Billing,Critical,Resolved,5
900108,13618,2025-05-29,2025-05-29 07:38:09.496239284,Technical,Low,Resolved,4
900109,14312,2025-11-20,2025-11-20 08:47:44.087826469,Billing,Low,Pending,3
900110,10494,2025-01-10,2025-01-10 07:44:52.828966982,Billing,Low,Resolved,4
900111,10108,2025-07-18,2025-07-19 19:06:02.324224983,Integration,Low,Resolved,5
900112,10928,2025-08-08,2025-08-08 09:03:02.704813675,Technical,High,Resolved,4
900113,12574,2025-02-17,2025-02-17 10:39:12.640973486,Account,Medium,Pending,5
900114,18309,2025-06-29,2025-06-29 03:55:37.005491344,Performance,Medium,Resolved,4
900115,19953,2026-01-06,2026-01-06 08:58:10.364376288,Security,High,Open,3
900116,11615,2026-04-18,2026-04-18 09:52:15.608922031,Billing,Medium,Resolved,5
900117,19969,2025-02-13,2025-02-13 17:04:45.937891689,Billing,Medium,Resolved,4
900118,16890,2025-11-30,2025-11-30 11:37:43.583950783,Performance,High,Resolved,4
900119,10369,2026-01-15,2026-01-15 13:24:22.671589237,Integration,High,Resolved,4
900120,18089,2025-03-12,2025-03-12 12:47:30.587658756,Integration,Medium,Resolved,4
900121,15699,2025-11-27,2025-11-27 15:20:39.763754088,Technical,Medium,Resolved,3
900122,12243,2026-07-25,2026-07-25 08:12:14.460388657,Performance,Medium,Open,3
900123,14780,2026-08-18,2026-08-18 04:56:35.339538015,Technical,Low,Pending,5
900124,12331,2026-03-28,2026-03-28 05:34:23.482651346,Performance,High,Open,5
900125,13113,2025-10-21,2025-10-21 13:29:32.523507441,Billing,Low,Resolved,3
900126,18062,2026-04-27,2026-04-27 15:51:11.319668870,Technical,High,Resolved,4
900127,17682,2025-01-19,2025-01-19 01:49:54.758483104,Performance,Medium,Resolved,4
900128,11190,2026-04-10,2026-04-10 15:20:48.879043476,Billing,Medium,Resolved,3
900129,19793,2025-07-03,2025-07-03 21:32:07.778193183,Billing,Medium,Resolved,5
900130,11911,2025-06-27,2025-06-27 09:18:02.893046374,Technical,Medium,Resolved,4
900131,18866,2026-08-28,2026-08-29 06:20:35.518253344,Performance,Low,Pending,5
900132,16505,2025-06-01,2025-06-01 05:21:48.591468349,Feature Request,Low,Open,5
900133,12132,2025-06-25,2025-06-26 01:31:20.976483684,Feature Request,Low,Resolved,4
900134,16564,2026-03-11,2026-03-11 06:34:55.758171442,Performance,Medium,Resolved,3
900135,13834,2026-07-14,2026-07-14 22:32:24.814126003,Performance,Medium,Open,1
900136,16258,2025-09-24,2025-09-24 09:56:11.945721606,Technical,Medium,Resolved,3
900137,17347,2026-08-12,2026-08-13 04:01:16.824455760,Technical,Low,Resolved,3
900138,18764,2025-06-30,2025-06-30 00:42:02.973601288,Technical,Critical,Resolved,3
900139,19053,2025-05-26,2025-05-26 11:18:18.822521563,Technical,High,Pending,3
900140,13881,2025-08-17,2025-08-17 05:16:16.233726608,Performance,Low,Resolved,4
900141,18043,2026-02-16,2026-02-16 05:57:29.837962760,Integration,Medium,Resolved,4
900142,14657,2024-11-22,2024-11-22 09:34:20.633416935,Technical,Medium,Resolved,3
900143,17912,2025-06-18,2025-06-18 08:25:01.338229084,Technical,Low,Resolved,4
900144,12315,2025-03-14,2025-03-14 07:05:02.806924401,Feature Request,Low,Resolved,4
900145,14001,2025-12-08,2025-12-08 16:56:19.577235987,Billing,Low,Resolved,4
900146,16331,2026-02-06,2026-02-06 19:30:09.342068148,Technical,Low,Resolved,5
900147,14783,2025-08-28,2025-08-28 13:06:54.685580677,Billing,High,Pending,3
900148,13822,2025-07-03,2025-07-03 09:36:04.889076796,Performance,Medium,Resolved,4
900149,14390,2026-07-30,2026-07-30 02:55:33.024496335,Technical,Medium,Open,3
900150,13063,2025-12-28,2025-12-28 14:08:36.629813824,Integration,Medium,Pending,1
900151,18098,2026-06-10,2026-06-10 06:05:20.071058982,Technical,Medium,Resolved,3
900152,17033,2025-08-01,2025-08-01 17:22:16.765383457,Billing,High,Resolved,4
900153,17828,2024-07-10,2024-07-11 07:52:48.527066118,Billing,Low,Resolved,4
900154,11693,2025-10-17,2025-10-17 05:46:01.947513471,Technical,High,Resolved,4
900155,10642,2025-06-22,2025-06-22 06:57:31.645701763,Performance,Medium,Resolved,3
900156,11481,2025-04-01,2025-04-02 21:10:25.259917688,Performance,Critical,Open,3
900157,16963,2026-02-17,2026-02-17 18:13:43.048307341,Security,Medium,Resolved,5
900158,16362,2026-05-24,2026-05-24 04:31:34.620312827,Billing,Low,Resolved,5
900159,15540,2026-01-08,2026-01-08 03:42:13.555504810,Technical,Low,Resolved,1
900160,18149,2025-08-18,2025-08-18 06:58:11.020536681,Account,High,Resolved,3
900161,19856,2024-07-03,2024-07-03 11:28:16.971845865,Integration,High,Open,4
900162,13238,2026-05-03,2026-05-03 07:06:38.341015884,Performance,Low,Resolved,5
900163,16465,2025-12-10,2025-12-10 09:19:25.392945853,Security,Low,Resolved,3
900164,15745,2026-06-08,2026-06-08 14:54:35.027443350,Technical,Medium,Resolved,4
900165,11054,2025-09-29,2025-09-30 01:59:38.714177414,Billing,Low,Resolved,3
900166,13495,2026-01-01,2026-01-01 07:38:33.505745866,Performance,High,Resolved,3
900167,19185,2025-06-21,2025-06-21 09:30:03.386605806,Feature Request,Medium,Resolved,5
900168,19893,2025-09-28,2025-09-28 15:16:30.195304140,Security,Medium,Open,3
900169,10484,2025-05-07,2025-05-07 09:08:15.928194825,Integration,Low,Resolved,3
900170,17323,2025-07-05,2025-07-05 10:08:28.079751138,Technical,Medium,Resolved,1
900171,10624,2024-09-20,2024-09-20 11:10:04.497945538,Performance,Critical,Resolved,3
900172,12401,2025-07-26,2025-07-26 04:49:27.501511339,Billing,Low,Resolved,4
900173,14043,2025-09-07,2025-09-07 04:31:12.778705020,Performance,Critical,Open,5
900174,13615,2024-12-24,2024-12-24 22:26:12.272970858,Technical,Medium,Pending,4
900175,18703,2025-09-21,2025-09-22 05:18:18.326155737,Technical,Medium,Resolved,3
900176,18663,2025-05-04,2025-05-04 10:35:14.758365134,Performance,Medium,Resolved,2
900177,14498,2026-03-14,2026-03-14 17:41:19.623843708,Technical,Medium,Resolved,4
900178,17123,2025-09-15,2025-09-15 07:43:56.280198594,Technical,Medium,Resolved,4
900179,10765,2026-03-03,2026-03-04 15:29:38.565701412,Technical,High,Resolved,4
900180,19050,2025-10-16,2025-10-16 09:13:04.812352413,Technical,Low,Resolved,2
900181,14698,2026-02-13,2026-02-13 23:28:41.287918584,Billing,Low,Resolved,3
900182,14517,2026-03-14,2026-03-15 19:36:24.429254432,Performance,Low,Resolved,2
900183,17906,2026-06-24,2026-06-24 13:27:54.611459910,Billing,High,Resolved,3
900184,17170,2024-09-18,2024-09-18 05:55:50.001129213,Feature Request,Low,Resolved,4
900185,15208,2024-08-27,2024-08-28 03:17:10.133270772,Security,High,Resolved,4
900186,14117,2026-07-09,2026-07-09 05:01:45.220292828,Security,Medium,Resolved,3
900187,16014,2025-03-25,2025-03-25 07:29:25.242963550,Account,Medium,Resolved,3
900188,14126,2026-03-09,2026-03-09 14:46:11.962889695,Security,High,Resolved,2
900189,17720,2025-02-23,2025-02-25 08:58:57.607155084,Feature Request,Low,Resolved,5
900190,12953,2026-02-20,2026-02-20 17:25:41.613370834,Performance,High,Open,4
900191,10772,2025-11-22,2025-11-22 06:36:13.100318647,Integration,Medium,Resolved,4
900192,18775,2025-04-26,2025-04-26 12:47:58.778198808,Billing,Medium,Pending,2
900193,12829,2025-09-22,2025-09-23 04:39:44.768075227,Billing,Low,Resolved,5
900194,14505,2026-01-02,2026-01-02 21:15:30.076578439,Technical,Low,Resolved,4
900195,14546,2026-03-16,2026-03-16 10:58:08.721868238,Integration,Medium,Open,5
900196,10193,2024-04-25,2024-04-25 04:52:37.161402348,Performance,Medium,Resolved,4
900197,16459,2025-04-01,2025-04-01 04:52:18.942079483,Integration,Low,Resolved,3
900198,19678,2026-05-26,2026-05-26 06:40:43.417593163,Performance,Medium,Resolved,5
900199,17413,2026-03-22,2026-03-22 06:36:43.039897992,Billing,Low,Resolved,4
900200,13619,2025-10-12,2025-10-12 10:57:41.793682309,Billing,Low,Resolved,2
900201,19029,2026-01-02,2026-01-02 20:08:06.723129915,Technical,Low,Resolved,4
900202,13967,2025-05-02,2025-05-02 12:19:57.900671169,Integration,Medium,Resolved,2
900203,16532,2026-04-04,2026-04-04 14:27:44.171862170,Integration,High,Resolved,5
900204,14938,2026-03-18,2026-03-18 13:32:40.089760742,Performance,High,Resolved,4
900205,15870,2026-08-04,2026-08-04 07:53:16.963709398,Security,High,Open,4
900206,10673,2025-12-04,2025-12-04 05:22:02.216578569,Technical,Critical,Resolved,4
900207,17566,2025-09-27,2025-09-27 08:42:27.465434143,Billing,Medium,Resolved,4
900208,14869,2026-06-26,2026-06-26 19:06:18.712187222,Account,Low,Resolved,4
900209,19953,2024-12-23,2024-12-23 06:03:29.656185498,Technical,High,Resolved,4
900210,16795,2025-01-12,2025-01-13 01:11:16.115063416,Billing,Medium,Resolved,4
900211,19210,2025-07-18,2025-07-18 17:21:13.430542993,Billing,Low,Resolved,4
900212,17221,2026-05-10,2026-05-10 06:51:11.660222577,Performance,Critical,Resolved,2
900213,10935,2024-05-08,2024-05-09 00:40:08.672008868,Technical,Low,Open,4
900214,15911,2026-05-03,2026-05-03 13:54:44.304105790,Performance,Medium,Resolved,3
900215,15676,2024-07-17,2024-07-17 03:19:41.400719155,Billing,Low,Resolved,4
900216,19829,2026-06-13,2026-06-13 09:05:52.308292876,Account,Medium,Resolved,5
900217,12193,2025-05-11,2025-05-12 05:35:34.227645252,Feature Request,High,Resolved,4
900218,16593,2025-07-04,2025-07-05 02:43:06.831930025,Technical,Medium,Resolved,3
900219,16413,2025-05-01,2025-05-03 11:08:04.479990133,Feature Request,Low,Resolved,5
900220,18418,2026-02-11,2026-02-11 02:24:02.211986919,Account,Critical,Resolved,5
900221,16681,2026-05-09,2026-05-09 12:45:44.535962386,Account,Medium,Resolved,4
900222,13949,2025-12-19,2025-12-19 05:09:32.195974345,Technical,Low,Resolved,4
900223,10287,2025-08-12,2025-08-12 03:43:50.104169562,Performance,Medium,Resolved,4
900224,17094,2024-07-24,2024-07-24 07:03:35.093592810,Performance,Low,Resolved,4
900225,17107,2024-02-08,2024-02-09 08:31:04.736399296,Billing,High,Resolved,5
900226,18252,2026-02-24,2026-02-24 12:29:27.430864810,Technical,Medium,Resolved,5
900227,11680,2025-05-23,2025-05-23 03:19:03.754691569,Technical,Medium,Resolved,4
900228,15721,2026-07-28,2026-07-28 22:59:11.672305396,Feature Request,Medium,Resolved,4
900229,16544,2025-08-13,2025-08-13 05:08:23.804452831,Technical,Medium,Resolved,2
900230,16900,2025-01-17,2025-01-17 02:15:32.787371844,Performance,High,Resolved,5
900231,13147,2025-12-20,2025-12-20 08:39:27.919047254,Integration,Low,Resolved,2
900232,16576,2025-07-28,2025-07-28 15:24:29.629667433,Account,Low,Resolved,5
900233,19310,2025-10-29,2025-10-29 18:38:45.504010986,Feature Request,Low,Resolved,4
900234,19347,2025-09-13,2025-09-13 10:06:18.452840421,Performance,Medium,Resolved,3
900235,19175,2025-04-08,2025-04-09 04:43:49.717383304,Integration,High,Resolved,5
900236,11191,2025-05-25,2025-05-25 04:38:20.635216278,Billing,Medium,Open,5
900237,10754,2025-08-20,2025-08-20 12:46:03.619454836,Technical,Low,Resolved,3
900238,10241,2026-04-03,2026-04-03 04:04:43.136845975,Account,Low,Resolved,4
900239,12227,2025-09-03,2025-09-03 02:21:42.859024444,Technical,High,Resolved,4
900240,13610,2026-04-18,2026-04-18 07:21:34.576126830,Feature Request,Low,Resolved,5
900241,12440,2025-07-28,2025-07-28 09:07:41.806065478,Account,Low,Resolved,4
900242,17637,2025-01-22,2025-01-22 05:35:35.641101875,Performance,Low,Resolved,5
900243,12473,2025-12-16,2025-12-16 17:30:13.573734839,Account,High,Resolved,2
900244,16218,2024-04-18,2024-04-18 02:37:10.173447652,Billing,Critical,Resolved,4
900245,19791,2026-07-02,2026-07-02 12:50:08.946158049,Technical,High,Resolved,3
900246,15057,2026-06-20,2026-06-20 05:38:15.093618522,Account,Low,Resolved,5
900247,11097,2025-05-08,2025-05-08 03:33:40.929963451,Security,Low,Resolved,3
900248,19802,2025-01-20,2025-01-20 08:58:26.451412248,Technical,Low,Resolved,2
900249,11372,2026-03-09,2026-03-09 02:59:29.049627231,Technical,Low,Resolved,4
900250,12428,2025-10-12,2025-10-12 03:29:09.839691456,Security,Medium,Resolved,4
900251,17629,2025-07-20,2025-07-20 04:25:17.935015987,Performance,Medium,Open,1
900252,19575,2025-08-16,2025-08-16 03:49:39.297947336,Integration,Medium,Resolved,2
900253,17333,2026-04-12,2026-04-12 05:38:16.000869426,Performance,High,Resolved,5
900254,13000,2026-06-07,2026-06-07 07:48:12.123013986,Account,Medium,Resolved,5
900255,10844,2025-02-10,2025-02-10 08:59:54.716836254,Technical,Medium,Resolved,5
900256,19849,2025-03-06,2025-03-06 05:17:07.005397347,Feature Request,Critical,Resolved,4
900257,15003,2025-08-22,2025-08-22 07:54:05.580648864,Security,Medium,Resolved,2
900258,16557,2026-02-24,2026-02-24 08:31:08.024101928,Billing,Low,Resolved,3
900259,15584,2025-10-03,2025-10-03 07:50:24.302176634,Security,Medium,Resolved,4
900260,19461,2025-06-21,2025-06-21 13:38:51.973816686,Account,High,Resolved,4
900261,17961,2026-05-22,2026-05-22 09:36:31.791640017,Billing,Low,Resolved,2
900262,18636,2024-07-09,2024-07-09 04:14:20.970062462,Feature Request,Low,Resolved,4
900263,12545,2026-03-04,2026-03-04 00:38:13.475760615,Billing,High,Resolved,3
900264,13631,2025-07-20,2025-07-20 07:54:47.955238434,Technical,Low,Resolved,4
900265,17760,2024-03-31,2024-03-31 16:59:30.609510777,Integration,Medium,Open,5
900266,14418,2025-12-05,2025-12-05 09:29:15.417814279,Billing,Low,Resolved,5
900267,15815,2026-05-08,2026-05-09 00:01:19.168708983,Integration,Medium,Resolved,4
900268,13954,2026-07-06,2026-07-06 10:14:59.291571444,Account,Low,Resolved,4
900269,13188,2024-09-30,2024-10-01 05:34:28.837805851,Technical,Low,Resolved,5
900270,13453,2025-11-02,2025-11-02 08:40:33.357415900,Feature Request,High,Resolved,4
900271,16459,2026-03-03,2026-03-03 20:25:31.822297258,Feature Request,High,Resolved,5
900272,19718,2026-06-15,2026-06-15 05:41:03.116929354,Billing,Medium,Resolved,5
900273,13085,2024-10-18,2024-10-18 10:44:50.037668293,Billing,Medium,Open,5
900274,13818,2025-05-01,2025-05-01 12:41:19.540579952,Performance,Medium,Resolved,3
900275,10088,2026-08-01,2026-08-01 10:31:10.941947407,Account,Low,Pending,2
900276,18824,2024-09-28,2024-09-28 12:48:26.716205113,Security,Medium,Resolved,4
900277,16844,2026-06-14,2026-06-14 21:41:35.764838282,Billing,High,Resolved,4
900278,18413,2025-07-24,2025-07-24 04:51:32.413560343,Billing,High,Resolved,2
900279,13879,2025-12-13,2025-12-13 02:44:37.882878403,Account,High,Resolved,2
900280,10652,2026-08-18,2026-08-18 02:24:25.398357735,Account,Critical,Resolved,5
900281,17414,2025-11-21,2025-11-21 02:37:26.934435685,Feature Request,Medium,Open,5
900282,14288,2025-01-31,2025-01-31 08:31:16.668116058,Technical,Low,Resolved,5
900283,10549,2026-06-14,2026-06-14 10:02:48.426466714,Account,Low,Resolved,5
900284,15544,2025-03-15,2025-03-16 13:36:09.431042025,Account,Medium,Open,3
900285,13180,2026-02-20,2026-02-20 12:47:41.755035325,Technical,High,Resolved,3
900286,15219,2025-01-14,2025-01-14 05:00:47.666845458,Technical,Low,Resolved,1
900287,17182,2026-08-15,2026-08-15 01:36:42.821071012,Billing,Low,Resolved,5
900288,16516,2024-08-16,2024-08-16 21:12:13.484915730,Feature Request,Medium,Resolved,1
900289,14862,2026-07-23,2026-07-24 03:04:39.353480137,Technical,Medium,Open,4
900290,15599,2024-01-14,2024-01-14 04:25:56.836508037,Technical,Low,Pending,3
900291,18287,2024-03-31,2024-03-31 08:45:33.642611967,Performance,Low,Resolved,5
900292,17091,2026-01-22,2026-01-22 04:55:57.953838831,Billing,Medium,Resolved,4
900293,15539,2025-07-05,2025-07-05 21:47:51.511863454,Billing,Medium,Resolved,5
900294,18320,2025-10-28,2025-10-28 03:29:54.868750065,Security,Low,Resolved,4
900295,18523,2026-06-01,2026-06-01 09:39:39.930322190,Technical,Medium,Resolved,3
900296,18722,2025-05-06,2025-05-06 04:04:02.246099300,Integration,Medium,Resolved,5
900297,18967,2025-10-27,2025-10-27 15:24:49.951573354,Integration,Low,Resolved,5
900298,13429,2026-04-19,2026-04-19 10:19:31.572213920,Performance,High,Pending,5
900299,16156,2024-06-13,2024-06-13 04:07:05.422671202,Integration,Medium,Resolved,5
900300,12950,2024-07-18,2024-07-19 18:25:16.388161399,Technical,Medium,Resolved,5
900301,11353,2025-09-22,2025-09-22 08:03:47.039521280,Technical,Low,Resolved,4
900302,12857,2025-05-26,2025-05-26 06:05:58.284024374,Technical,Critical,Open,3
900303,10345,2025-12-20,2025-12-20 15:56:57.761484968,Billing,Low,Resolved,4
900304,16642,2025-03-03,2025-03-03 02:45:37.889787150,Feature Request,Medium,Pending,1
900305,11095,2025-07-07,2025-07-07 04:53:14.136864903,Feature Request,High,Resolved,5
900306,14762,2026-08-29,2026-08-29 08:41:24.009081723,Technical,Medium,Resolved,4
900307,12084,2025-03-19,2025-03-19 13:42:00.827447436,Account,Medium,Resolved,3
900308,17076,2026-05-09,2026-05-09 15:45:46.735367554,Performance,Medium,Pending,4
900309,17881,2025-09-21,2025-09-21 02:50:57.704420396,Integration,Medium,Resolved,4
900310,14279,2025-02-25,2025-02-25 04:06:25.372149796,Integration,Low,Resolved,4
900311,11746,2025-01-29,2025-01-30 00:35:35.379484605,Technical,Medium,Resolved,5
900312,15847,2025-12-31,2025-12-31 09:01:52.579457659,Billing,Critical,Open,3
900313,19356,2025-01-30,2025-01-30 07:57:33.378970334,Billing,Low,Resolved,4
900314,17468,2024-10-27,2024-10-27 12:37:00.569499297,Performance,Low,Resolved,1
900315,13478,2026-06-21,2026-06-21 12:40:35.335615044,Account,High,Pending,5
900316,10747,2026-03-09,2026-03-09 15:41:00.905809632,Technical,Low,Open,2
900317,12677,2026-04-28,2026-04-28 07:05:37.130163414,Billing,High,Resolved,4
900318,14603,2026-07-09,2026-07-09 12:12:46.098081496,Billing,Medium,Resolved,5
900319,16531,2025-04-22,2025-04-22 08:06:38.570008345,Billing,Low,Resolved,4
900320,13579,2024-10-09,2024-10-09 07:57:31.474845478,Technical,Low,Resolved,5
900321,14284,2026-07-01,2026-07-01 04:55:32.514680874,Performance,Medium,Resolved,3
900322,13973,2025-04-04,2025-04-04 08:26:56.287279161,Integration,Medium,Resolved,2
900323,11673,2024-12-09,2024-12-09 07:32:26.705700067,Technical,Low,Resolved,4
900324,12082,2026-08-16,2026-08-18 03:05:04.251065049,Security,Low,Pending,4
900325,16249,2025-08-22,2025-08-22 02:07:26.841031442,Billing,Low,Resolved,3
900326,14049,2025-05-08,2025-05-08 10:45:22.345920547,Technical,Low,Resolved,2
900327,16772,2026-04-06,2026-04-06 17:49:44.590180119,Security,Low,Resolved,4
900328,10543,2024-02-04,2024-02-04 08:04:58.076107143,Feature Request,Medium,Resolved,5
900329,15913,2026-01-19,2026-01-19 11:59:51.402327136,Security,Medium,Resolved,5
900330,19466,2024-09-24,2024-09-24 16:36:08.927503963,Billing,Medium,Resolved,2
900331,11761,2025-01-09,2025-01-10 02:15:59.786803360,Account,Low,Pending,4
900332,15499,2026-05-30,2026-05-30 08:26:51.305469543,Feature Request,Low,Resolved,4
900333,18367,2025-10-27,2025-10-27 12:55:43.843948996,Integration,High,Resolved,1
900334,13692,2025-03-09,2025-03-09 10:50:44.939966067,Security,High,Resolved,5
900335,18805,2025-06-14,2025-06-14 14:09:00.306009219,Technical,Low,Resolved,3
900336,19658,2025-01-18,2025-01-18 20:56:59.159750672,Security,Low,Resolved,5
900337,13263,2026-07-25,2026-07-25 03:15:07.065077842,Integration,Medium,Resolved,5
900338,17305,2026-07-21,2026-07-21 03:19:48.193734493,Feature Request,Medium,Resolved,3
900339,16634,2026-02-09,2026-02-09 08:00:44.345152278,Feature Request,Medium,Resolved,2
900340,15927,2024-04-19,2024-04-19 14:10:38.236082916,Performance,Critical,Resolved,4
900341,12939,2025-01-13,2025-01-13 09:31:39.304361452,Performance,Critical,Resolved,3
900342,19139,2024-10-08,2024-10-08 08:37:52.485476534,Technical,Low,Resolved,3
900343,14027,2025-08-26,2025-08-26 08:20:59.259337918,Performance,Low,Resolved,1
900344,15435,2025-06-24,2025-06-24 11:05:26.636578666,Billing,Low,Resolved,4
900345,19154,2026-07-14,2026-07-15 00:26:59.332881570,Technical,High,Resolved,5
900346,15654,2026-05-03,2026-05-03 12:30:42.829543317,Technical,Medium,Resolved,1
900347,15308,2026-07-03,2026-07-03 10:22:49.617811113,Performance,Medium,Resolved,4
900348,14894,2026-07-04,2026-07-04 14:45:51.280266596,Technical,High,Resolved,4
900349,12305,2025-11-01,2025-11-01 13:57:04.888149670,Billing,Medium,Resolved,4
900350,18079,2025-05-14,2025-05-14 22:15:32.453377106,Billing,Low,Resolved,4
900351,17097,2025-10-23,2025-10-23 18:23:51.481780962,Billing,Low,Open,5
900352,14989,2026-03-17,2026-03-17 12:56:33.760463449,Account,Low,Resolved,1
900353,10322,2024-10-30,2024-10-30 04:20:57.714172454,Account,Medium,Resolved,4
900354,15258,2025-06-01,2025-06-01 08:24:19.551806085,Technical,Medium,Resolved,4
900355,13935,2026-04-03,2026-04-05 01:12:18.950894114,Billing,Medium,Resolved,4
900356,13708,2025-06-19,2025-06-19 09:17:29.569430900,Performance,Low,Resolved,5
900357,14044,2024-07-13,2024-07-13 03:09:08.428608396,Technical,Medium,Resolved,4
900358,15517,2024-11-28,2024-11-28 08:15:24.160030621,Technical,High,Resolved,4
900359,12944,2026-03-31,2026-04-01 10:19:12.690921921,Billing,Medium,Resolved,3
900360,17087,2026-08-22,2026-08-22 12:10:24.278482333,Technical,Low,Open,3
900361,12483,2026-01-30,2026-01-31 04:10:49.606826383,Performance,Medium,Resolved,4
900362,13150,2026-08-15,2026-08-15 07:23:05.173585116,Technical,Low,Resolved,4
900363,10948,2025-09-16,2025-09-16 09:20:04.221727047,Account,Low,Resolved,2
900364,12112,2026-07-29,2026-07-29 05:17:51.001690084,Performance,Medium,Pending,3
900365,11578,2024-06-04,2024-06-04 09:09:22.429672192,Technical,Low,Open,4
900366,12431,2025-09-29,2025-09-29 04:19:22.311773670,Performance,High,Open,4
900367,14043,2025-07-02,2025-07-02 04:11:32.048765764,Integration,Low,Resolved,4
900368,17024,2025-05-12,2025-05-12 08:40:29.435744895,Feature Request,Low,Resolved,5
900369,10199,2026-07-03,2026-07-03 04:07:18.340318117,Integration,Medium,Resolved,5
900370,13677,2026-07-06,2026-07-06 14:23:43.557433040,Technical,Low,Resolved,4
900371,15332,2026-06-09,2026-06-10 04:44:46.950702586,Account,High,Resolved,2
900372,17700,2026-08-16,2026-08-16 05:37:35.220926434,Billing,Low,Resolved,5
900373,10661,2026-05-05,2026-05-05 15:14:47.671128200,Security,Medium,Resolved,3
900374,19481,2025-07-05,2025-07-05 09:07:21.067622799,Feature Request,High,Resolved,5
900375,13300,2024-10-03,2024-10-03 05:51:28.432302116,Security,Medium,Resolved,3
900376,15695,2025-07-31,2025-07-31 09:34:02.787957840,Feature Request,Medium,Resolved,5
900377,13165,2026-05-05,2026-05-05 02:55:50.937637818,Security,Low,Open,4
900378,10149,2025-08-19,2025-08-19 15:46:11.881586326,Integration,Medium,Open,4
900379,11398,2026-02-20,2026-02-20 11:59:31.689984674,Billing,Medium,Resolved,4
900380,18359,2025-09-01,2025-09-02 08:05:40.029380307,Technical,Low,Resolved,4
900381,19992,2024-09-24,2024-09-24 12:15:11.021260248,Integration,Medium,Resolved,4
900382,14765,2026-07-14,2026-07-14 09:32:44.734677140,Technical,Critical,Resolved,5
900383,15574,2025-11-01,2025-11-01 08:45:54.726979528,Billing,Medium,Open,4
900384,10755,2026-07-07,2026-07-07 08:31:17.604341263,Feature Request,High,Resolved,1
900385,15231,2026-05-30,2026-05-31 13:11:42.502190913,Integration,Medium,Resolved,4
900386,17638,2025-01-23,2025-01-23 05:27:53.970009166,Performance,Medium,Open,4
900387,13505,2026-03-21,2026-03-21 04:35:34.865949850,Billing,Medium,Pending,5
900388,14680,2025-06-24,2025-06-25 01:51:02.570362822,Technical,Medium,Resolved,4
900389,12016,2025-10-29,2025-10-29 19:31:39.411827295,Technical,Low,Resolved,3
900390,10607,2025-12-03,2025-12-03 10:50:34.877159066,Technical,Medium,Resolved,2
900391,15894,2025-07-28,2025-07-28 03:36:49.767029337,Account,Medium,Resolved,3
900392,13768,2025-04-12,2025-04-12 12:55:50.082891495,Technical,Critical,Resolved,5
900393,12051,2024-09-13,2024-09-13 12:40:30.892144591,Integration,Medium,Resolved,4
900394,19300,2026-05-16,2026-05-17 10:28:06.972859048,Feature Request,Medium,Resolved,4
900395,16072,2026-02-11,2026-02-12 11:18:14.479080472,Account,Medium,Resolved,4
900396,17685,2026-01-08,2026-01-08 01:41:26.221126153,Technical,Medium,Resolved,4
900397,18598,2026-03-18,2026-03-18 11:45:18.783704149,Integration,Medium,Open,3
900398,10433,2026-03-17,2026-03-17 10:46:59.018961691,Billing,Medium,Open,4
900399,10309,2024-11-09,2024-11-09 08:23:23.808818918,Technical,High,Resolved,2
900400,18437,2026-05-23,2026-05-23 05:28:10.359091999,Integration,Medium,Resolved,1
900401,12082,2024-01-18,2024-01-18 08:00:06.224679039,Performance,Medium,Open,4
900402,18659,2026-05-18,2026-05-18 08:21:44.290995224,Technical,Medium,Resolved,1
900403,19934,2025-02-27,2025-02-27 17:19:29.989013847,Technical,High,Resolved,5
900404,13255,2025-10-16,2025-10-16 09:52:47.296668856,Account,High,Resolved,4
900405,19522,2025-11-26,2025-11-27 01:52:52.636798984,Billing,Medium,Resolved,4
900406,13935,2024-06-27,2024-06-27 14:19:43.624712571,Technical,Low,Resolved,3
900407,14373,2025-11-09,2025-11-09 10:50:24.813347280,Technical,Medium,Resolved,4
900408,14348,2026-07-14,2026-07-15 05:29:32.630288395,Feature Request,Medium,Pending,2
900409,16608,2025-08-03,2025-08-03 04:02:06.062391762,Performance,Critical,Pending,5
900410,13864,2025-10-18,2025-10-18 13:24:05.301270842,Billing,High,Resolved,4
900411,12124,2026-02-26,2026-02-26 07:21:01.337378292,Integration,Medium,Resolved,2
900412,14987,2026-03-01,2026-03-01 17:10:43.111765948,Technical,Low,Resolved,2
900413,10963,2026-07-22,2026-07-22 22:28:37.526073142,Performance,Low,Resolved,4
900414,11376,2025-10-13,2025-10-13 03:10:31.182711081,Performance,Low,Resolved,4
900415,13901,2026-08-29,2026-08-29 05:00:44.122821634,Integration,Medium,Open,3
900416,11810,2026-07-16,2026-07-16 19:04:45.123501612,Technical,Medium,Resolved,5
900417,12543,2024-07-10,2024-07-10 10:41:36.030902708,Security,Medium,Resolved,2
900418,12847,2026-06-22,2026-06-25 20:33:21.511943798,Billing,High,Resolved,3
900419,19496,2025-08-02,2025-08-02 18:02:24.976117820,Performance,Low,Resolved,4
900420,13808,2024-07-18,2024-07-19 09:03:09.316181707,Technical,Medium,Resolved,5
900421,15401,2025-07-20,2025-07-20 05:53:14.972246322,Performance,Low,Resolved,4
900422,14312,2026-08-24,2026-08-24 04:01:23.965036435,Technical,Medium,Resolved,5
900423,15428,2025-05-14,2025-05-15 01:52:48.299687547,Feature Request,Critical,Open,4
900424,18494,2025-06-23,2025-06-23 12:28:06.400960118,Technical,High,Resolved,5
900425,12473,2025-11-25,2025-11-25 09:21:37.192197214,Security,Medium,Resolved,3
900426,16564,2026-03-11,2026-03-11 06:50:23.394151809,Technical,Low,Resolved,3
900427,12205,2025-12-28,2025-12-29 04:10:55.848943102,Technical,High,Resolved,2
900428,19190,2025-02-09,2025-02-09 16:29:21.262464394,Billing,Low,Resolved,2
900429,15363,2024-10-20,2024-10-20 07:50:54.825201438,Feature Request,Low,Resolved,5
900430,14641,2026-07-30,2026-07-31 19:46:31.796563119,Feature Request,Medium,Resolved,4
900431,11255,2026-05-14,2026-05-14 07:13:13.732794768,Feature Request,Medium,Resolved,4
900432,15587,2025-02-05,2025-02-05 14:06:21.532631824,Technical,High,Resolved,4
900433,10769,2024-07-30,2024-07-30 05:42:45.713813101,Account,Low,Resolved,4
900434,18910,2025-11-13,2025-11-13 05:23:07.302047917,Technical,High,Resolved,4
900435,13776,2026-06-24,2026-06-24 17:54:43.524522266,Billing,Low,Pending,5
900436,10598,2025-04-24,2025-04-25 04:11:26.278675274,Billing,Medium,Open,3
900437,16813,2024-03-09,2024-03-09 15:32:23.541148233,Account,Critical,Resolved,3
900438,14053,2025-09-30,2025-09-30 03:57:16.347905074,Technical,Low,Resolved,1
900439,12684,2024-08-10,2024-08-10 04:09:03.655564207,Technical,High,Resolved,4
900440,13722,2026-06-03,2026-06-03 05:49:46.472223345,Technical,Medium,Resolved,3
900441,13707,2024-11-24,2024-11-24 11:34:54.788712934,Integration,High,Resolved,5
900442,13120,2024-11-07,2024-11-07 11:30:49.098575178,Feature Request,Low,Resolved,5
900443,13499,2025-06-12,2025-06-12 09:30:52.474626129,Performance,High,Resolved,4
900444,18996,2025-12-06,2025-12-06 04:19:36.840022975,Technical,Medium,Resolved,1
900445,13997,2024-02-23,2024-02-24 02:55:45.570653716,Integration,High,Resolved,5
900446,15733,2024-09-05,2024-09-05 06:39:39.491059946,Integration,Medium,Resolved,5
900447,13121,2025-12-07,2025-12-07 05:00:29.058581451,Technical,High,Resolved,3
900448,15173,2025-06-21,2025-06-21 02:29:40.381683954,Feature Request,Low,Resolved,2
900449,14851,2026-04-13,2026-04-13 10:17:04.073232512,Feature Request,High,Resolved,5
900450,19413,2025-06-07,2025-06-08 03:23:36.918418819,Technical,Low,Resolved,3
900451,15161,2025-11-25,2025-11-25 17:43:25.565050156,Account,Medium,Resolved,3
900452,16072,2026-08-05,2026-08-05 08:36:57.558046150,Performance,High,Resolved,4
900453,13828,2025-02-19,2025-02-19 02:37:01.075866380,Billing,Low,Resolved,5
900454,10436,2025-05-06,2025-05-06 14:27:24.972884125,Billing,Medium,Resolved,4
900455,18786,2025-09-28,2025-09-28 11:20:55.723618626,Feature Request,Low,Resolved,5
900456,19829,2026-06-13,2026-06-13 07:28:17.014518559,Feature Request,Low,Resolved,3
900457,17113,2025-09-05,2025-09-05 22:06:59.692687873,Account,High,Resolved,4
900458,15475,2026-04-08,2026-04-08 07:23:07.114401560,Technical,High,Open,4
900459,17386,2026-07-04,2026-07-04 02:33:30.579390169,Technical,Medium,Resolved,5
900460,18996,2025-12-06,2025-12-07 11:03:32.118798859,Feature Request,Medium,Resolved,5
900461,14629,2026-04-22,2026-04-22 08:18:55.788663916,Integration,Medium,Resolved,5
900462,16328,2025-12-22,2025-12-22 04:22:17.375403475,Performance,Low,Resolved,3
900463,16465,2025-12-10,2025-12-10 06:03:05.536279256,Technical,High,Resolved,5
900464,17977,2024-11-22,2024-11-22 05:43:34.140756799,Technical,Low,Resolved,4
900465,11451,2024-07-01,2024-07-01 15:47:16.302136542,Billing,Medium,Resolved,5
900466,17308,2026-06-24,2026-06-24 17:49:32.815329020,Integration,Low,Resolved,5
900467,14951,2026-06-04,2026-06-04 12:24:02.884788100,Performance,Low,Pending,5
900468,10392,2025-12-27,2025-12-27 15:18:31.290453324,Account,Medium,Resolved,4
900469,15773,2024-05-03,2024-05-03 08:33:30.498461708,Performance,Low,Resolved,3
900470,11893,2024-12-26,2024-12-28 09:39:33.457567507,Billing,High,Resolved,4
900471,15105,2025-05-29,2025-05-29 23:29:43.738246406,Account,Medium,Resolved,5
900472,16144,2026-05-27,2026-05-27 09:24:46.141696404,Performance,High,Resolved,3
900473,10731,2026-08-12,2026-08-12 08:37:51.731981641,Integration,Low,Pending,5
900474,13669,2026-08-08,2026-08-08 04:34:12.552985754,Account,Medium,Resolved,3
900475,10564,2026-07-22,2026-07-22 10:52:51.711054463,Account,High,Resolved,5
900476,13235,2026-08-07,2026-08-07 07:57:06.260039190,Integration,Critical,Resolved,3
900477,15461,2025-06-08,2025-06-08 15:49:16.928556783,Account,Low,Resolved,2
900478,11072,2024-10-25,2024-10-25 08:01:59.224777006,Account,High,Resolved,5
900479,13560,2025-12-15,2025-12-16 00:32:16.657344902,Integration,Medium,Pending,1
900480,14591,2026-05-29,2026-05-29 07:32:44.216291292,Account,High,Pending,5
900481,11400,2025-03-24,2025-03-24 02:52:45.837592032,Feature Request,High,Resolved,5
900482,14355,2026-07-15,2026-07-15 10:42:32.984676129,Technical,Low,Resolved,4
900483,17843,2026-01-13,2026-01-13 02:52:47.351574912,Technical,Low,Resolved,1
900484,17234,2024-11-09,2024-11-09 18:55:05.215606197,Account,High,Resolved,1
900485,15210,2025-04-23,2025-04-24 10:58:32.824916565,Account,High,Resolved,4
900486,11354,2024-07-20,2024-07-20 10:24:05.607257997,Integration,Low,Resolved,5
900487,16561,2024-07-12,2024-07-12 18:05:17.434301604,Account,High,Resolved,4
900488,13280,2025-12-04,2025-12-04 13:50:57.887328390,Security,Medium,Pending,2
900489,18883,2026-07-07,2026-07-07 08:56:53.461645728,Billing,Medium,Resolved,3
900490,16855,2024-12-26,2024-12-26 07:43:06.839865541,Security,Medium,Pending,5
900491,16562,2024-11-27,2024-11-27 14:37:38.674787869,Billing,High,Resolved,5
900492,15480,2026-01-20,2026-01-20 11:30:53.555638712,Technical,Low,Resolved,5
900493,18531,2026-05-17,2026-05-17 10:13:34.947697659,Security,Low,Resolved,5
900494,13634,2024-09-19,2024-09-19 09:04:02.430730016,Account,Low,Resolved,5
900495,14363,2026-03-24,2026-03-24 15:57:45.151677360,Technical,Low,Resolved,5
900496,19972,2026-08-30,2026-08-30 04:31:48.921963304,Security,Medium,Resolved,4
900497,17136,2025-10-16,2025-10-16 05:55:03.097787674,Feature Request,Medium,Resolved,4
900498,11096,2025-04-20,2025-04-20 03:52:19.488998200,Performance,Medium,Resolved,5
900499,17915,2026-03-02,2026-03-02 06:43:42.901221108,Performance,Low,Resolved,5
900500,15449,2024-11-02,2024-11-02 10:47:20.864456901,Billing,High,Resolved,3
900501,10027,2026-06-29,2026-06-29 13:50:11.224436881,Technical,Low,Resolved,4
900502,14892,2025-12-11,2025-12-11 09:19:41.624866981,Feature Request,High,Resolved,5
900503,12850,2026-08-04,2026-08-04 06:37:12.494401860,Billing,Medium,Pending,5
900504,14426,2026-07-12,2026-07-12 03:59:42.868741552,Technical,Medium,Resolved,4
900505,12296,2025-08-16,2025-08-16 07:16:01.024292531,Feature Request,Low,Resolved,2
900506,11675,2026-03-22,2026-03-22 10:33:58.949873675,Technical,High,Resolved,2
900507,10205,2026-08-07,2026-08-07 03:58:16.536496389,Feature Request,Critical,Resolved,5
900508,18866,2026-08-28,2026-08-29 15:36:46.215302850,Technical,Medium,Resolved,4
900509,11374,2025-02-27,2025-02-27 14:37:22.580206276,Technical,Low,Resolved,5
900510,18630,2025-08-01,2025-08-01 18:24:27.121459644,Billing,Low,Resolved,2
900511,12006,2024-11-18,2024-11-18 06:38:30.663314116,Performance,Low,Resolved,4
900512,18374,2026-04-12,2026-04-12 08:07:18.969639301,Technical,Low,Open,1
900513,19259,2026-04-30,2026-04-30 05:12:22.429091779,Technical,Critical,Resolved,4
900514,16661,2026-05-06,2026-05-06 07:17:39.936298415,Account,Medium,Pending,5
900515,16903,2025-08-10,2025-08-10 19:36:44.024035032,Performance,Medium,Resolved,5
900516,13667,2025-03-12,2025-03-12 04:19:20.712618922,Technical,Medium,Resolved,4
900517,15501,2026-03-26,2026-03-26 06:48:04.663771984,Security,Low,Resolved,5
900518,16222,2026-08-18,2026-08-18 12:52:01.994992204,Billing,Critical,Resolved,4
900519,12850,2026-08-21,2026-08-24 01:28:28.437944782,Billing,Medium,Open,1
900520,16959,2026-02-22,2026-02-23 19:35:09.044168981,Performance,Medium,Open,4
900521,17685,2026-01-08,2026-01-08 09:44:51.961392416,Technical,High,Open,4
900522,13330,2025-11-02,2025-11-02 08:19:15.343833054,Feature Request,High,Resolved,2
900523,19652,2026-04-03,2026-04-03 10:53:17.169519202,Account,Medium,Resolved,5
900524,16122,2025-01-15,2025-01-15 10:11:53.563587453,Feature Request,Low,Resolved,1
900525,17247,2025-12-09,2025-12-09 08:15:49.274287340,Performance,High,Resolved,4
900526,19962,2024-11-01,2024-11-01 12:18:23.441844196,Integration,High,Resolved,2
900527,17303,2025-03-29,2025-03-29 12:58:27.008623920,Technical,Low,Resolved,4
900528,19538,2026-02-05,2026-02-05 19:05:01.595071802,Integration,Low,Open,3
900529,11794,2026-01-27,2026-01-27 09:53:16.936172761,Feature Request,Low,Resolved,5
900530,16751,2025-05-26,2025-05-26 05:47:02.595348405,Billing,Medium,Resolved,5
900531,15793,2026-05-06,2026-05-06 07:43:24.818821784,Account,Medium,Resolved,5
900532,17492,2025-03-16,2025-03-16 11:27:20.534139028,Integration,Low,Resolved,5
900533,13564,2025-07-09,2025-07-09 12:11:33.067362742,Technical,Medium,Resolved,3
900534,13821,2025-06-14,2025-06-14 05:05:47.503025196,Billing,Medium,Resolved,3
900535,12080,2025-01-18,2025-01-18 08:58:03.424807938,Billing,High,Resolved,4
900536,14657,2026-03-24,2026-03-24 05:37:36.450922904,Account,Medium,Resolved,5
900537,15629,2026-06-17,2026-06-17 02:26:52.629252806,Technical,High,Pending,5
900538,11564,2026-02-14,2026-02-14 04:46:40.013282341,Feature Request,Low,Resolved,1
900539,10029,2026-03-11,2026-03-12 03:35:36.560240646,Technical,Low,Resolved,3
900540,11444,2026-06-13,2026-06-13 04:37:03.848463804,Billing,High,Open,1
900541,12044,2026-06-07,2026-06-07 13:04:41.025173109,Performance,High,Resolved,4
900542,12618,2025-09-28,2025-09-28 03:50:22.410032629,Performance,Critical,Resolved,5
900543,13301,2025-07-29,2025-07-29 06:26:04.689299108,Billing,Medium,Resolved,1
900544,12929,2026-07-02,2026-07-02 12:56:28.215985372,Account,High,Resolved,5
900545,10350,2026-06-27,2026-06-27 12:42:15.571921100,Billing,Low,Resolved,1
900546,14846,2025-07-14,2025-07-14 07:52:45.945698188,Integration,Low,Resolved,3
900547,15734,2026-05-02,2026-05-02 07:18:54.496693695,Technical,Low,Open,5
900548,11164,2026-07-11,2026-07-11 03:39:15.456320028,Billing,Medium,Resolved,4
900549,15973,2024-06-20,2024-06-20 08:05:02.808842895,Account,High,Resolved,4
900550,10369,2026-01-15,2026-01-15 11:24:14.013754376,Integration,Low,Open,4
900551,13194,2024-08-06,2024-08-06 15:41:08.663171967,Technical,Low,Resolved,3
900552,12905,2024-12-30,2024-12-30 22:03:26.486911090,Security,High,Pending,4
900553,10593,2025-12-09,2025-12-09 10:22:06.631238071,Performance,High,Resolved,4
900554,17667,2026-03-24,2026-03-24 17:38:03.572767417,Account,Medium,Resolved,5
900555,14939,2025-06-02,2025-06-02 08:44:21.812193261,Billing,Medium,Resolved,3
900556,13360,2026-01-29,2026-01-29 05:09:57.383834382,Performance,Medium,Resolved,5
900557,11261,2026-08-13,2026-08-13 11:14:53.279787631,Billing,Medium,Resolved,4
900558,13780,2026-06-19,2026-06-19 05:46:28.104883111,Technical,High,Resolved,4
900559,15985,2026-03-14,2026-03-14 07:54:18.020003533,Security,Medium,Resolved,1
900560,15650,2025-11-20,2025-11-20 04:42:32.703524820,Technical,Medium,Resolved,4
900561,15965,2025-10-17,2025-10-17 05:36:36.741893803,Technical,Medium,Resolved,5
900562,12766,2025-11-10,2025-11-10 12:10:33.786349579,Security,Medium,Resolved,2
900563,17601,2025-10-08,2025-10-08 06:19:00.833468592,Billing,Medium,Resolved,3
900564,16733,2026-07-03,2026-07-03 03:51:54.130918111,Integration,Medium,Open,4
900565,10156,2025-04-14,2025-04-14 04:13:25.475615335,Technical,Medium,Resolved,5
900566,10867,2025-08-23,2025-08-23 02:55:43.977442195,Performance,Medium,Resolved,1
900567,15499,2026-05-30,2026-05-30 05:32:42.203968512,Account,Low,Resolved,5
900568,19039,2025-12-02,2025-12-02 07:15:44.804675649,Performance,Medium,Resolved,5
900569,11304,2025-10-19,2025-10-19 03:16:44.431590676,Performance,Low,Pending,5
900570,13978,2024-11-14,2024-11-14 08:18:20.963701483,Technical,Low,Resolved,5
900571,15256,2025-10-15,2025-10-15 14:55:16.054563673,Integration,High,Resolved,3
900572,17552,2025-08-07,2025-08-07 08:34:13.482540789,Billing,Low,Resolved,4
900573,15357,2025-01-09,2025-01-09 06:16:17.733986025,Technical,Low,Resolved,4
900574,10493,2026-02-02,2026-02-02 13:12:00.923622282,Feature Request,Medium,Resolved,5
900575,19172,2026-08-26,2026-08-26 07:55:42.853050523,Performance,Critical,Open,3
900576,13768,2024-08-01,2024-08-01 04:44:42.373441759,Account,Medium,Resolved,2
900577,18422,2026-08-30,2026-08-30 05:26:58.151989942,Technical,High,Resolved,1
900578,15195,2025-02-02,2025-02-02 19:39:10.558644472,Technical,Low,Resolved,3
900579,16278,2025-01-26,2025-01-27 07:33:30.257871800,Feature Request,Medium,Resolved,4
900580,19721,2026-08-22,2026-08-22 01:37:50.933172374,Billing,Low,Resolved,1
900581,13427,2025-02-02,2025-02-02 04:13:26.216279227,Account,Medium,Open,5
900582,13578,2025-04-07,2025-04-07 03:23:32.739514810,Technical,Medium,Resolved,3
900583,15984,2024-09-05,2024-09-05 08:08:59.843319738,Performance,High,Open,5
900584,12435,2026-08-14,2026-08-14 07:50:25.348416399,Performance,Medium,Resolved,2
900585,19181,2026-06-07,2026-06-07 05:17:17.179870110,Security,Medium,Resolved,5
900586,12434,2026-04-16,2026-04-16 06:21:51.892884579,Performance,Medium,Resolved,5
900587,19112,2025-09-26,2025-09-26 08:49:26.260516603,Integration,Low,Resolved,1
900588,15505,2024-07-21,2024-07-21 08:19:25.934445922,Feature Request,Medium,Resolved,5
900589,18163,2024-01-09,2024-01-09 03:45:24.103078894,Feature Request,Medium,Resolved,4
900590,18934,2025-12-06,2025-12-06 02:31:08.397315879,Billing,Medium,Resolved,5
900591,17106,2026-02-10,2026-02-10 01:28:41.248748600,Billing,Medium,Open,3
900592,18495,2024-06-23,2024-06-23 04:25:15.477028248,Technical,Medium,Resolved,4
900593,11225,2024-07-16,2024-07-16 19:53:52.107943304,Technical,High,Resolved,5
900594,12155,2025-01-14,2025-01-14 04:21:39.773869174,Billing,Medium,Resolved,4
900595,12171,2026-01-03,2026-01-03 03:51:01.371795408,Performance,Low,Resolved,2
900596,11040,2026-02-21,2026-02-21 07:21:19.880148492,Integration,Medium,Resolved,5
900597,11835,2026-08-03,2026-08-03 02:50:16.715092081,Feature Request,Medium,Resolved,3
900598,11440,2026-04-13,2026-04-13 05:29:02.686778156,Technical,Medium,Resolved,2
900599,13654,2024-06-12,2024-06-12 08:11:20.905466438,Technical,High,Resolved,5
900600,17050,2026-06-10,2026-06-10 08:47:04.296675447,Integration,Medium,Resolved,4
900601,11313,2025-08-03,2025-08-03 07:04:53.862043515,Account,High,Resolved,2
900602,12417,2025-08-18,2025-08-20 01:56:43.675333353,Security,High,Resolved,5
900603,19463,2026-03-05,2026-03-05 16:04:25.352911146,Integration,Low,Resolved,4
900604,16416,2026-01-13,2026-01-14 11:09:59.353411993,Performance,Low,Resolved,4
900605,13936,2025-04-30,2025-04-30 09:44:51.822615951,Technical,Low,Resolved,4
900606,13270,2025-10-22,2025-10-22 05:09:17.292009178,Performance,Medium,Resolved,2
900607,11679,2026-08-15,2026-08-15 08:18:50.528695046,Technical,Medium,Resolved,5
900608,12937,2026-06-04,2026-06-04 07:39:24.334689841,Performance,High,Resolved,4
900609,14279,2025-01-27,2025-01-28 22:43:02.776712124,Security,Medium,Resolved,4
900610,14726,2026-01-15,2026-01-15 23:08:36.205669888,Performance,High,Open,4
900611,12005,2025-12-27,2025-12-27 18:40:12.809599863,Integration,Low,Resolved,3
900612,15068,2025-01-18,2025-01-18 06:26:13.613175924,Billing,Low,Resolved,4
900613,12292,2026-05-22,2026-05-22 03:40:34.869127026,Technical,Medium,Open,3
900614,16376,2026-02-20,2026-02-20 08:08:16.055946736,Security,Low,Resolved,4
900615,19771,2025-06-24,2025-06-24 12:03:08.683849602,Technical,Low,Resolved,4
900616,17447,2025-07-09,2025-07-09 07:46:55.996093642,Integration,Medium,Open,4
900617,17278,2026-07-25,2026-07-25 18:59:05.494234354,Technical,High,Resolved,1
900618,10652,2026-08-18,2026-08-18 04:48:42.606957272,Technical,Low,Resolved,3
900619,17678,2024-10-03,2024-10-04 01:09:35.686731999,Performance,Low,Resolved,4
900620,16374,2024-12-02,2024-12-02 16:52:44.045622541,Billing,Medium,Resolved,4
900621,11119,2025-10-28,2025-10-28 12:36:07.812315262,Performance,High,Resolved,5
900622,12154,2025-03-25,2025-03-25 20:00:42.488195360,Technical,Medium,Resolved,5
900623,16215,2024-03-05,2024-03-05 08:47:32.647721380,Billing,Low,Resolved,4
900624,12312,2025-05-23,2025-05-23 10:32:10.878942289,Security,Medium,Pending,3
900625,15217,2025-12-20,2025-12-21 01:44:56.943675441,Technical,Medium,Resolved,5
900626,12202,2024-02-25,2024-02-27 12:04:24.768338120,Account,Medium,Open,4
900627,14379,2024-08-26,2024-08-26 07:11:04.403121046,Billing,Medium,Resolved,3
900628,10674,2026-03-14,2026-03-14 07:36:02.776682347,Performance,Medium,Resolved,3
900629,10485,2026-05-20,2026-05-20 16:57:42.412864946,Account,Medium,Resolved,2
900630,14830,2025-05-11,2025-05-11 05:21:30.546786294,Billing,Medium,Resolved,5
900631,12630,2026-08-07,2026-08-07 15:08:54.630760336,Integration,Medium,Resolved,4
900632,15734,2025-10-28,2025-10-28 08:09:30.979677830,Billing,Medium,Resolved,5
900633,13245,2026-01-18,2026-01-18 08:18:20.942492292,Technical,High,Pending,4
900634,14074,2024-12-26,2024-12-26 11:44:54.346845973,Security,Medium,Resolved,3
900635,11706,2026-05-28,2026-05-29 07:35:47.002649427,Feature Request,Medium,Resolved,5
900636,17454,2026-07-24,2026-07-24 14:42:22.236734001,Feature Request,Low,Resolved,4
900637,17550,2026-02-19,2026-02-19 12:45:29.083780015,Performance,Low,Resolved,5
900638,13809,2025-10-07,2025-10-07 09:53:29.929478953,Technical,Low,Resolved,2
900639,14458,2026-03-11,2026-03-11 03:38:28.871418138,Integration,Medium,Resolved,5
900640,10903,2026-04-25,2026-04-25 08:46:03.403880353,Integration,Critical,Resolved,2
900641,13897,2025-02-13,2025-02-13 21:58:56.577039805,Feature Request,Low,Resolved,2
900642,12297,2025-08-26,2025-08-26 04:40:11.956245200,Billing,Medium,Pending,4
900643,17353,2026-05-30,2026-05-30 11:35:04.329777098,Billing,High,Resolved,5
900644,17178,2024-08-28,2024-08-28 04:46:15.486441726,Billing,Low,Resolved,4
900645,19002,2026-08-22,2026-08-22 13:48:46.773365065,Technical,High,Resolved,2
900646,11323,2026-06-29,2026-06-29 10:50:47.667336968,Integration,Low,Resolved,2
900647,11549,2025-06-02,2025-06-02 04:21:06.042133263,Performance,Medium,Pending,3
900648,14039,2024-07-13,2024-07-13 06:22:56.703263757,Billing,Medium,Pending,3
900649,10096,2024-09-22,2024-09-22 09:59:01.823626316,Billing,Medium,Resolved,4
900650,14718,2026-02-02,2026-02-02 06:52:44.804631151,Technical,High,Resolved,5
900651,15351,2026-03-29,2026-03-29 06:40:23.055398662,Account,High,Resolved,5
900652,12395,2025-05-12,2025-05-12 09:32:11.806472162,Technical,Low,Resolved,4
900653,10271,2025-12-28,2025-12-28 11:31:42.585122092,Performance,High,Resolved,5
900654,16259,2025-07-14,2025-07-14 03:03:31.747592764,Account,Low,Resolved,5
900655,17573,2025-07-24,2025-07-24 05:04:39.379337857,Security,Low,Pending,4
900656,18875,2024-12-09,2024-12-09 13:47:09.997122926,Security,Medium,Pending,1
900657,19858,2026-06-14,2026-06-15 02:18:33.383257959,Account,Medium,Open,3
900658,17065,2024-12-21,2024-12-21 16:13:06.488550440,Billing,Low,Resolved,5
900659,17419,2026-05-30,2026-05-30 06:42:36.607953222,Integration,Low,Pending,4
900660,14908,2026-02-16,2026-02-16 08:52:14.832736258,Billing,High,Resolved,4
900661,12863,2026-02-19,2026-02-19 01:10:15.882673512,Account,Low,Resolved,5
900662,15775,2025-06-08,2025-06-08 07:56:01.926903591,Feature Request,Low,Resolved,3
900663,13716,2026-04-07,2026-04-07 10:41:53.970093690,Technical,Low,Resolved,4
900664,10059,2026-06-27,2026-06-29 16:23:17.929095082,Feature Request,Medium,Resolved,3
900665,15227,2025-04-29,2025-04-29 06:03:50.222938514,Feature Request,Medium,Resolved,4
900666,18876,2026-01-11,2026-01-11 15:13:56.231729317,Technical,High,Resolved,2
900667,18193,2025-02-04,2025-02-04 06:34:08.217767794,Feature Request,Medium,Resolved,5
900668,14921,2025-08-18,2025-08-18 20:24:25.041352971,Security,Medium,Resolved,5
900669,16808,2026-01-03,2026-01-03 04:11:19.764873582,Technical,Medium,Resolved,2
900670,19247,2026-04-18,2026-04-19 01:31:14.668187059,Integration,High,Open,4
900671,14852,2026-07-27,2026-07-27 05:04:30.180258948,Feature Request,Medium,Resolved,5
900672,14519,2026-01-08,2026-01-09 13:26:09.236158998,Billing,Critical,Resolved,3
900673,10606,2025-07-30,2025-07-31 01:04:17.975872380,Technical,Medium,Resolved,3
900674,10179,2025-12-17,2025-12-17 04:29:14.305702473,Performance,Medium,Pending,4
900675,19738,2025-11-29,2025-11-30 04:30:07.746615568,Feature Request,Low,Resolved,5
900676,18534,2025-09-26,2025-09-26 13:26:10.857498223,Feature Request,Critical,Resolved,4
900677,16763,2026-08-15,2026-08-15 07:16:49.147141375,Integration,Low,Resolved,1
900678,10279,2026-04-11,2026-04-11 14:46:55.397128972,Technical,Medium,Pending,2
900679,18879,2025-05-01,2025-05-01 05:19:55.051249072,Billing,Medium,Resolved,3
900680,13411,2025-04-08,2025-04-08 12:20:10.998494707,Technical,Low,Resolved,5
900681,15957,2024-10-20,2024-10-20 05:52:55.679803104,Performance,Low,Resolved,4
900682,19931,2025-12-23,2025-12-24 04:14:04.617982849,Integration,Low,Resolved,3
900683,14285,2025-11-18,2025-11-18 13:57:33.548746096,Billing,Critical,Resolved,5
900684,16274,2026-05-05,2026-05-05 03:43:45.209613626,Technical,Medium,Resolved,4
900685,13167,2026-04-26,2026-04-26 11:31:37.804158879,Billing,Medium,Resolved,4
900686,14460,2024-10-11,2024-10-11 06:40:35.498713371,Integration,Low,Pending,2
900687,10695,2026-07-23,2026-07-23 12:02:14.962769775,Billing,High,Resolved,1
900688,16952,2026-02-26,2026-02-26 03:44:51.361300064,Billing,Medium,Resolved,2
900689,11860,2026-02-12,2026-02-12 05:18:42.511018651,Technical,Low,Resolved,3
900690,15459,2026-08-15,2026-08-15 07:20:39.913510765,Account,Low,Resolved,4
900691,12011,2026-02-23,2026-02-23 06:20:54.327367633,Technical,Low,Resolved,4
900692,12145,2024-04-13,2024-04-13 20:28:22.733236279,Billing,Medium,Resolved,5
900693,15124,2026-07-23,2026-07-23 02:17:06.629032806,Performance,Low,Resolved,1
900694,17082,2024-10-26,2024-10-27 14:04:00.942978043,Technical,High,Resolved,4
900695,19397,2025-01-29,2025-01-29 09:22:31.485741502,Account,High,Resolved,4
900696,13817,2025-05-25,2025-05-25 07:06:44.525557857,Technical,Medium,Open,5
900697,17295,2026-06-25,2026-06-25 08:54:04.544455759,Feature Request,Medium,Open,3
900698,15962,2026-04-17,2026-04-17 15:15:50.285726884,Integration,Medium,Resolved,4
900699,18026,2025-08-05,2025-08-05 02:29:11.370122408,Security,High,Resolved,5
900700,12753,2026-03-07,2026-03-07 04:50:08.785065753,Integration,Medium,Resolved,4
900701,11031,2024-12-26,2024-12-26 08:10:57.847776502,Technical,High,Resolved,4
900702,18959,2025-10-27,2025-10-27 06:34:54.079681969,Technical,Medium,Open,3
900703,18719,2026-07-19,2026-07-19 13:51:14.002684016,Technical,Low,Resolved,3
900704,14620,2025-05-22,2025-05-22 05:04:05.831370793,Performance,High,Open,5
900705,15006,2025-12-28,2025-12-28 09:24:24.471595936,Account,Medium,Resolved,1
900706,15999,2025-05-06,2025-05-06 08:57:49.700758136,Integration,Low,Open,2
900707,18562,2026-01-21,2026-01-21 12:37:02.420911430,Integration,Low,Resolved,4
900708,17611,2026-05-01,2026-05-01 12:21:13.603854855,Account,Critical,Resolved,4
900709,17099,2024-09-02,2024-09-02 16:14:56.738923162,Billing,Medium,Resolved,5
900710,15481,2024-11-24,2024-11-25 09:23:40.553246184,Technical,High,Resolved,2
900711,13624,2025-03-29,2025-03-29 04:59:42.380916889,Account,Medium,Resolved,3
900712,10708,2026-05-23,2026-05-23 14:32:08.092960310,Feature Request,Medium,Resolved,5
900713,10015,2026-02-13,2026-02-13 11:57:38.632184402,Security,Medium,Resolved,4
900714,18444,2025-02-07,2025-02-07 05:32:45.141620082,Technical,Low,Resolved,2
900715,16417,2026-01-19,2026-01-19 08:03:10.547162866,Technical,Medium,Pending,3
900716,15252,2025-12-20,2025-12-20 08:31:05.188018317,Integration,Low,Resolved,4
900717,10415,2025-10-31,2025-10-31 15:52:36.675759536,Performance,Low,Resolved,5
900718,15273,2026-02-19,2026-02-19 11:00:32.198174330,Feature Request,Medium,Resolved,5
900719,15232,2025-05-02,2025-05-02 18:33:21.134453173,Billing,Low,Resolved,3
900720,17032,2026-08-19,2026-08-19 02:31:46.730986445,Technical,Medium,Resolved,3
900721,18350,2026-06-29,2026-06-29 04:13:41.239604470,Feature Request,Medium,Open,4
900722,16164,2025-11-15,2025-11-15 12:34:13.910568974,Billing,High,Resolved,3
900723,11595,2026-04-03,2026-04-03 06:30:33.760928530,Performance,Medium,Resolved,5
900724,19728,2026-08-08,2026-08-08 15:30:55.648379275,Technical,High,Resolved,3
900725,11368,2026-03-14,2026-03-14 15:56:06.744558696,Technical,Low,Resolved,4
900726,17667,2026-07-31,2026-07-31 13:42:59.986250042,Account,Medium,Resolved,2
900727,18359,2025-09-01,2025-09-01 14:38:18.900537032,Integration,Medium,Resolved,4
900728,11577,2025-04-01,2025-04-02 03:26:14.873788554,Technical,Medium,Resolved,4
900729,13194,2025-05-24,2025-05-24 07:37:02.891135168,Technical,Medium,Resolved,4
900730,17514,2026-01-17,2026-01-17 17:49:27.932293405,Billing,Medium,Resolved,1
900731,16103,2026-04-23,2026-04-23 11:05:34.030193899,Integration,Low,Resolved,1
900732,10311,2025-01-13,2025-01-14 08:16:29.526494613,Feature Request,Medium,Resolved,5
900733,10100,2026-05-29,2026-05-29 04:40:47.356417585,Account,Low,Resolved,4
900734,12269,2026-07-19,2026-07-19 22:41:26.222496385,Account,Medium,Resolved,5
900735,19386,2024-12-20,2024-12-20 07:55:35.090136246,Feature Request,High,Pending,5
900736,18128,2025-03-07,2025-03-07 14:53:49.391286349,Performance,High,Resolved,3
900737,17953,2026-08-20,2026-08-21 10:36:43.210689825,Feature Request,Low,Resolved,3
900738,14825,2025-09-18,2025-09-18 16:02:39.683930632,Feature Request,Low,Resolved,5
900739,11238,2024-05-10,2024-05-10 11:46:04.600316892,Technical,Low,Resolved,3
900740,15701,2025-08-22,2025-08-22 18:58:48.544957221,Billing,Low,Resolved,5
900741,18218,2025-06-06,2025-06-06 06:05:26.465506015,Performance,Medium,Resolved,5
900742,13297,2026-01-08,2026-01-08 04:05:26.455543526,Account,Medium,Resolved,4
900743,16292,2026-06-25,2026-06-25 12:46:35.519381342,Billing,Low,Pending,4
900744,19913,2026-04-14,2026-04-14 19:34:01.773557716,Billing,Medium,Resolved,5
900745,18835,2026-05-25,2026-05-25 06:40:49.256939992,Integration,Medium,Resolved,2
900746,15528,2026-07-20,2026-07-20 03:48:52.844779789,Integration,Medium,Resolved,2
900747,14774,2024-02-17,2024-02-17 03:07:26.740559344,Feature Request,Medium,Resolved,5
900748,10165,2025-12-08,2025-12-08 14:55:23.092758307,Technical,Low,Resolved,5
900749,17828,2024-11-11,2024-11-11 10:43:54.422453341,Technical,Low,Resolved,5
900750,19591,2026-07-02,2026-07-02 06:28:39.829994148,Technical,Medium,Pending,2
900751,17961,2026-05-22,2026-05-22 03:18:00.496637517,Integration,Medium,Resolved,5
900752,14320,2025-08-22,2025-08-22 05:25:19.556950378,Performance,Medium,Open,4
900753,11748,2026-01-10,2026-01-10 10:23:03.692095692,Feature Request,Low,Resolved,5
900754,16857,2026-02-09,2026-02-09 03:08:00.685642887,Integration,Low,Open,5
900755,11083,2026-08-17,2026-08-17 04:15:01.934530596,Technical,Medium,Resolved,4
900756,14953,2025-07-13,2025-07-13 03:49:13.557718999,Integration,Low,Resolved,3
900757,14365,2025-04-01,2025-04-01 02:49:28.572295177,Technical,High,Resolved,4
900758,18801,2025-12-12,2025-12-12 13:03:14.011262503,Performance,High,Resolved,4
900759,12559,2025-07-18,2025-07-18 16:51:16.409901495,Performance,Medium,Resolved,1
900760,17395,2024-10-02,2024-10-02 22:34:32.510324002,Technical,High,Resolved,4
900761,17590,2026-04-05,2026-04-05 08:08:18.543571728,Technical,Medium,Resolved,5
900762,17346,2026-04-02,2026-04-02 06:15:47.075711929,Integration,Low,Resolved,5
900763,11620,2026-07-04,2026-07-05 02:42:18.098894520,Technical,Medium,Resolved,3
900764,16914,2025-08-16,2025-08-16 06:40:09.506119054,Billing,Medium,Pending,4
900765,16523,2026-08-05,2026-08-05 03:21:38.685010518,Billing,Low,Resolved,4
900766,15369,2026-04-18,2026-04-18 15:15:11.944692082,Feature Request,Medium,Resolved,2
900767,17770,2025-10-13,2025-10-13 08:27:50.106565270,Integration,High,Resolved,3
900768,11631,2026-06-26,2026-06-26 11:33:30.783285082,Integration,Low,Resolved,4
900769,15378,2025-04-29,2025-04-29 02:33:24.709547257,Technical,Medium,Resolved,4
900770,11113,2026-08-03,2026-08-03 11:07:39.010979960,Technical,Medium,Open,4
900771,17064,2026-05-20,2026-05-21 23:24:03.423586194,Feature Request,Medium,Resolved,4
900772,14873,2026-08-23,2026-08-23 11:44:35.738190099,Feature Request,Low,Resolved,4
900773,18622,2024-10-03,2024-10-03 02:55:21.883187632,Account,Medium,Resolved,5
900774,12489,2025-10-03,2025-10-03 08:45:35.816703570,Account,Medium,Resolved,3
900775,16023,2025-06-01,2025-06-01 08:26:42.032501365,Feature Request,Low,Resolved,4
900776,18270,2025-04-03,2025-04-03 05:51:38.225133414,Technical,Low,Resolved,5
900777,18864,2026-04-08,2026-04-08 10:48:36.068603148,Technical,High,Resolved,4
900778,13780,2026-06-19,2026-06-19 06:29:34.941747836,Performance,High,Resolved,4
900779,18603,2026-01-06,2026-01-06 22:33:32.233031499,Feature Request,Medium,Resolved,5
900780,17345,2025-03-12,2025-03-12 06:24:13.183218673,Feature Request,High,Resolved,2
900781,10548,2026-04-18,2026-04-19 08:23:37.624425691,Account,Low,Resolved,3
900782,18412,2025-05-13,2025-05-13 13:13:11.754414318,Feature Request,Low,Resolved,1
900783,18236,2026-08-18,2026-08-18 10:56:55.656635762,Security,Low,Pending,5
900784,16761,2026-03-29,2026-03-29 04:05:41.936618223,Account,Low,Open,4
900785,15818,2025-07-12,2025-07-12 20:46:19.603551212,Performance,Low,Resolved,4
900786,13667,2026-05-02,2026-05-02 10:08:04.913001765,Integration,Low,Resolved,4
900787,13405,2024-11-03,2024-11-03 23:00:57.527369672,Integration,Medium,Resolved,4
900788,17889,2024-10-20,2024-10-20 03:13:49.041643789,Feature Request,Medium,Resolved,3
900789,18812,2026-07-08,2026-07-09 03:36:46.203171721,Billing,Low,Open,5
900790,10158,2026-02-01,2026-02-01 16:30:59.655062736,Account,Low,Resolved,4
900791,13979,2026-02-12,2026-02-14 00:18:51.988218969,Feature Request,High,Resolved,5
900792,11479,2026-04-03,2026-04-03 06:41:54.903939640,Feature Request,Medium,Resolved,4
900793,16696,2024-09-02,2024-09-02 09:53:26.443468388,Technical,High,Resolved,3
900794,15442,2024-04-23,2024-04-23 14:32:22.604563010,Feature Request,Medium,Resolved,4
900795,16519,2026-02-09,2026-02-09 04:50:25.622421730,Feature Request,Medium,Resolved,5
900796,12426,2026-05-28,2026-05-28 11:38:50.490289755,Billing,Low,Resolved,5
900797,15319,2025-02-15,2025-02-15 11:49:57.206032546,Integration,Low,Resolved,4
900798,15144,2025-10-19,2025-10-19 06:01:03.403857640,Account,Medium,Resolved,5
900799,12897,2025-06-02,2025-06-02 04:51:49.222983308,Feature Request,Medium,Resolved,4
900800,14597,2026-05-16,2026-05-16 14:36:18.559173142,Technical,High,Resolved,4
900801,15911,2026-05-03,2026-05-03 07:03:33.256215255,Account,Medium,Resolved,4
900802,19902,2025-12-13,2025-12-13 02:54:18.371889133,Feature Request,Medium,Pending,2
900803,18245,2026-05-08,2026-05-08 02:51:08.077261024,Technical,Medium,Resolved,4
900804,18993,2026-04-19,2026-04-19 12:37:18.747816200,Account,High,Resolved,3
900805,11058,2024-09-01,2024-09-01 11:49:54.773372982,Technical,Medium,Resolved,5
900806,13085,2025-06-09,2025-06-09 19:29:56.330224602,Performance,High,Resolved,3
900807,12857,2025-04-26,2025-04-26 08:15:49.369357745,Feature Request,Medium,Resolved,5
900808,13316,2025-08-13,2025-08-13 19:01:51.257742798,Technical,Medium,Pending,5
900809,10797,2026-07-28,2026-07-28 07:14:03.056175225,Technical,Low,Resolved,3
900810,11430,2025-05-06,2025-05-06 08:08:51.014329461,Billing,Low,Resolved,4
900811,10201,2025-08-17,2025-08-17 11:28:43.444111123,Technical,Low,Resolved,4
900812,16301,2025-09-02,2025-09-02 22:48:47.974652175,Technical,Low,Open,3
900813,13585,2026-07-08,2026-07-08 11:17:16.635286885,Account,Medium,Resolved,4
900814,17479,2025-11-21,2025-11-22 20:18:48.442324982,Integration,Medium,Open,2
900815,19727,2025-07-12,2025-07-12 05:04:54.971275281,Integration,Medium,Resolved,4
900816,17915,2026-03-02,2026-03-02 09:05:51.903674520,Security,Low,Resolved,3
900817,18915,2026-04-22,2026-04-22 04:59:34.614492273,Account,Low,Resolved,5
900818,13039,2025-10-12,2025-10-12 08:45:03.621553034,Billing,High,Pending,5
900819,18795,2026-06-03,2026-06-03 19:22:46.787488946,Billing,Medium,Resolved,3
900820,13881,2024-11-05,2024-11-05 13:33:34.854121699,Technical,Medium,Resolved,4
900821,16781,2025-01-10,2025-01-10 13:47:51.125883648,Integration,Critical,Resolved,4
900822,17989,2025-09-29,2025-09-30 10:35:55.439145841,Account,Medium,Open,1
900823,15524,2025-10-23,2025-10-23 10:17:21.622102951,Account,Medium,Resolved,3
900824,12113,2026-07-03,2026-07-03 07:11:23.428063143,Account,Medium,Pending,4
900825,15870,2025-07-02,2025-07-02 09:31:22.284964369,Billing,Medium,Resolved,4
900826,14582,2025-03-18,2025-03-19 00:49:56.827697394,Technical,High,Resolved,5
900827,14762,2026-08-29,2026-08-29 09:50:15.374915772,Technical,High,Resolved,3
900828,18080,2026-05-31,2026-05-31 10:41:55.623162602,Billing,High,Resolved,5
900829,11054,2025-09-13,2025-09-13 02:26:21.560287261,Integration,High,Open,2
900830,15705,2025-05-18,2025-05-18 06:40:02.180303176,Technical,Medium,Pending,5
900831,19718,2026-08-26,2026-08-26 05:59:50.198964234,Technical,High,Resolved,4
900832,19235,2025-10-16,2025-10-16 15:06:38.178592876,Technical,Low,Resolved,4
900833,12944,2025-04-09,2025-04-09 11:51:49.156569306,Performance,Critical,Resolved,3
900834,11872,2025-03-02,2025-03-02 10:36:49.923662547,Performance,High,Resolved,4
900835,19857,2024-07-16,2024-07-16 07:04:38.950794688,Technical,Low,Resolved,2
900836,12653,2025-02-02,2025-02-02 07:13:03.248173891,Billing,Medium,Resolved,4
900837,13225,2026-05-11,2026-05-11 04:36:16.150938249,Technical,Medium,Resolved,1
900838,18844,2026-04-19,2026-04-19 13:39:28.459492110,Technical,Medium,Resolved,5
900839,12060,2025-03-20,2025-03-20 09:29:02.164027563,Technical,High,Resolved,4
900840,19889,2026-07-03,2026-07-03 14:52:11.996668581,Feature Request,Medium,Resolved,4
900841,10815,2025-04-11,2025-04-11 07:10:49.301456811,Integration,Medium,Resolved,4
900842,11833,2024-05-27,2024-05-27 17:39:19.361925277,Performance,Medium,Resolved,3
900843,12723,2026-01-14,2026-01-14 11:19:40.579213198,Technical,High,Resolved,4
900844,15422,2025-06-12,2025-06-13 04:43:31.069499588,Performance,Medium,Resolved,3
900845,17253,2025-08-02,2025-08-02 07:06:46.719396158,Feature Request,Medium,Resolved,3
900846,10415,2025-07-16,2025-07-17 05:48:19.747495029,Security,High,Open,2
900847,18805,2026-01-24,2026-01-24 04:17:04.812732459,Integration,High,Resolved,4
900848,17954,2025-04-10,2025-04-10 03:56:59.810425663,Feature Request,Low,Open,3
900849,16256,2026-04-21,2026-04-21 13:56:50.242149639,Billing,Low,Open,1
900850,19574,2024-08-25,2024-08-25 12:33:12.890270390,Technical,Medium,Resolved,5
900851,13586,2026-05-07,2026-05-07 09:36:26.751942720,Account,Medium,Resolved,2
900852,14426,2026-01-04,2026-01-04 17:34:34.503815758,Account,Low,Resolved,3
900853,12466,2025-06-23,2025-06-23 03:41:54.982806345,Billing,Medium,Resolved,3
900854,16562,2024-11-27,2024-11-27 10:14:57.502590669,Account,Medium,Resolved,4
900855,12520,2026-04-09,2026-04-09 02:30:13.485254219,Billing,Medium,Resolved,5
900856,14368,2025-10-16,2025-10-16 02:54:13.119584947,Feature Request,Medium,Open,2
900857,13465,2026-01-03,2026-01-03 05:18:38.363436468,Feature Request,Low,Resolved,1
900858,15732,2025-10-21,2025-10-21 11:42:39.340742900,Account,Medium,Resolved,4
900859,15765,2025-07-10,2025-07-10 14:48:37.660067132,Technical,Medium,Open,2
900860,11356,2025-02-02,2025-02-02 04:18:50.162317725,Account,Medium,Resolved,5
900861,10760,2025-09-05,2025-09-05 04:36:17.598369038,Integration,High,Resolved,5
900862,19849,2025-01-09,2025-01-09 06:10:59.330174221,Technical,High,Resolved,2
900863,14974,2026-08-02,2026-08-02 05:57:39.679927747,Feature Request,Medium,Resolved,5
900864,15042,2025-09-29,2025-09-29 16:26:41.931081128,Technical,Low,Resolved,5
900865,12969,2025-03-04,2025-03-04 13:15:57.228783965,Account,Medium,Resolved,4
900866,13653,2025-05-28,2025-05-28 12:56:10.168815123,Account,Medium,Open,5
900867,10478,2026-01-29,2026-01-29 08:38:30.958026579,Integration,High,Resolved,5
900868,11785,2024-11-20,2024-11-20 11:16:51.659534766,Technical,Critical,Resolved,4
900869,13860,2024-10-19,2024-10-20 01:26:43.494687207,Technical,Low,Resolved,5
900870,13420,2026-03-16,2026-03-16 16:43:49.518501423,Technical,Medium,Resolved,4
900871,14829,2025-11-29,2025-11-29 09:03:55.378664784,Feature Request,High,Open,5
900872,14189,2026-06-11,2026-06-11 05:27:52.105659444,Technical,Low,Resolved,3
900873,19736,2025-04-17,2025-04-17 03:57:17.630436470,Performance,Low,Resolved,5
900874,14238,2024-09-07,2024-09-07 12:37:42.036197070,Performance,High,Resolved,5
900875,18862,2025-10-01,2025-10-01 05:03:31.445653608,Integration,High,Resolved,4
900876,18796,2026-02-24,2026-02-24 13:08:50.901573692,Account,High,Resolved,5
900877,12007,2026-05-07,2026-05-07 12:29:48.681359347,Billing,High,Resolved,4
900878,10050,2025-02-23,2025-02-23 08:28:45.245365348,Technical,Medium,Resolved,4
900879,15351,2026-03-31,2026-03-31 05:20:56.016534199,Billing,Critical,Resolved,3
900880,19782,2025-09-11,2025-09-11 03:08:32.418812583,Feature Request,Low,Resolved,2
900881,16161,2025-03-19,2025-03-19 21:01:12.106745706,Technical,Low,Resolved,2
900882,14918,2026-03-23,2026-03-23 23:49:33.845616634,Feature Request,High,Resolved,5
900883,12477,2025-08-21,2025-08-21 22:29:39.474053001,Integration,Medium,Resolved,5
900884,12943,2026-05-06,2026-05-06 09:06:35.984740284,Technical,Low,Resolved,5
900885,16771,2024-05-24,2024-05-24 23:22:12.659367666,Billing,Low,Resolved,4
900886,12892,2025-05-07,2025-05-07 06:04:14.570428281,Performance,Low,Resolved,4
900887,15461,2025-06-08,2025-06-08 08:36:03.634347013,Integration,Low,Resolved,4
900888,16201,2026-01-26,2026-01-26 10:12:37.690426022,Performance,Medium,Resolved,4
900889,10289,2026-06-29,2026-06-29 10:58:50.484428601,Billing,High,Resolved,4
900890,15903,2025-08-14,2025-08-14 11:17:33.620558546,Technical,High,Resolved,5
900891,13765,2026-08-10,2026-08-10 07:33:40.184015482,Technical,High,Resolved,5
900892,18647,2024-07-30,2024-07-30 09:19:50.758143016,Technical,Medium,Resolved,3
900893,12560,2026-05-16,2026-05-16 04:36:52.826966622,Technical,Low,Resolved,3
900894,14518,2025-04-28,2025-04-28 03:59:16.498714002,Integration,High,Resolved,4
900895,13602,2025-07-21,2025-07-21 19:16:02.434436842,Technical,Critical,Resolved,5
900896,11150,2024-03-31,2024-03-31 02:47:43.438985163,Security,Low,Resolved,3
900897,18871,2025-09-12,2025-09-12 19:40:34.013652596,Billing,Critical,Resolved,5
900898,18326,2025-04-09,2025-04-09 06:44:41.963101339,Feature Request,High,Resolved,2
900899,16581,2026-07-18,2026-07-18 12:59:01.787029530,Technical,Medium,Resolved,5
900900,17025,2024-08-15,2024-08-16 05:22:01.455518427,Account,Low,Resolved,4
900901,18091,2025-10-28,2025-10-28 08:47:36.810033900,Feature Request,Low,Resolved,1
900902,18688,2026-07-16,2026-07-16 22:31:22.751754369,Performance,Medium,Resolved,4
900903,11914,2025-10-22,2025-10-22 18:35:45.389630659,Security,High,Resolved,1
900904,16664,2026-05-13,2026-05-13 03:55:55.334959658,Integration,Medium,Resolved,2
900905,13310,2025-03-17,2025-03-17 03:04:11.700917320,Security,Low,Resolved,5
900906,16899,2025-07-07,2025-07-09 02:55:53.071573346,Performance,Medium,Resolved,2
900907,16932,2025-02-25,2025-02-25 04:58:44.470765545,Performance,High,Resolved,4
900908,14373,2025-11-09,2025-11-09 03:15:31.153194068,Integration,Medium,Resolved,3
900909,18308,2025-04-15,2025-04-15 03:48:34.233664546,Security,Medium,Open,1
900910,16821,2026-08-14,2026-08-15 15:08:51.774172670,Billing,Critical,Resolved,5
900911,13306,2026-08-12,2026-08-12 07:03:39.288480055,Account,Low,Resolved,3
900912,15908,2025-11-11,2025-11-12 03:31:37.402836754,Technical,Low,Resolved,5
900913,11403,2025-10-14,2025-10-14 03:25:13.552552380,Technical,Critical,Resolved,5
900914,17243,2026-06-20,2026-06-20 05:46:16.058894073,Technical,Critical,Resolved,1
900915,10304,2025-07-20,2025-07-20 15:55:54.113724840,Security,Low,Resolved,2
900916,16863,2026-08-24,2026-08-24 11:51:49.948854595,Technical,Low,Resolved,4
900917,16644,2026-04-23,2026-04-23 06:23:16.564396513,Technical,Medium,Resolved,3
900918,18668,2025-09-28,2025-09-28 07:06:54.032622958,Feature Request,High,Resolved,4
900919,15827,2024-10-10,2024-10-10 23:46:00.585564754,Technical,Low,Resolved,1
900920,12292,2025-01-15,2025-01-15 07:04:38.749637013,Feature Request,Critical,Resolved,3
900921,15873,2026-03-14,2026-03-14 05:22:05.306020762,Security,High,Resolved,3
900922,15926,2026-04-22,2026-04-22 05:37:32.587351042,Integration,High,Resolved,1
900923,15332,2025-12-22,2025-12-22 09:32:19.084297642,Integration,Low,Resolved,5
900924,10993,2026-03-07,2026-03-07 03:22:29.172917924,Integration,Low,Pending,4
900925,18097,2025-07-28,2025-07-29 02:56:17.422864836,Integration,Medium,Resolved,5
900926,14253,2024-08-08,2024-08-08 20:50:49.112784596,Technical,Medium,Resolved,1
900927,17949,2026-03-01,2026-03-01 07:35:27.457589266,Integration,High,Open,4
900928,15184,2025-02-13,2025-02-13 11:08:26.192319864,Feature Request,High,Resolved,3
900929,14817,2026-07-24,2026-07-24 12:23:50.978099418,Technical,Medium,Resolved,3
900930,13090,2024-08-17,2024-08-17 13:46:47.878121060,Technical,Low,Resolved,4
900931,12510,2026-08-08,2026-08-08 08:00:38.352689701,Technical,High,Resolved,1
900932,16224,2026-06-20,2026-06-20 08:07:35.000868190,Technical,Medium,Resolved,2
900933,14649,2026-07-02,2026-07-02 04:58:36.131923725,Billing,Medium,Open,4
900934,11892,2026-01-14,2026-01-14 16:55:53.345548264,Technical,Low,Resolved,5
900935,14329,2025-06-20,2025-06-20 07:29:35.463157785,Billing,Medium,Pending,4
900936,17558,2026-07-02,2026-07-02 02:22:20.832311805,Technical,Low,Resolved,2
900937,15868,2025-06-18,2025-06-19 01:12:40.527558648,Performance,High,Pending,5
900938,14395,2026-06-07,2026-06-07 16:32:59.153872848,Technical,High,Resolved,2
900939,10186,2025-07-01,2025-07-01 17:38:48.106167468,Technical,Medium,Resolved,1
900940,15183,2026-08-25,2026-08-25 20:25:30.878084236,Integration,Medium,Resolved,2
900941,17618,2025-08-26,2025-08-26 12:24:19.298569986,Technical,Medium,Resolved,4
900942,16528,2026-02-19,2026-02-19 20:15:13.613169970,Integration,Low,Resolved,4
900943,12329,2026-01-27,2026-01-27 09:18:11.524597228,Billing,Medium,Resolved,5
900944,18156,2026-04-13,2026-04-13 15:48:37.783907578,Account,Low,Resolved,5
900945,11861,2026-01-08,2026-01-08 07:00:10.487895624,Feature Request,Medium,Resolved,3
900946,11231,2026-01-20,2026-01-20 05:54:02.682962308,Account,Medium,Resolved,3
900947,14228,2025-04-30,2025-04-30 10:00:37.161906908,Performance,High,Resolved,5
900948,16483,2025-04-07,2025-04-07 12:21:47.064004851,Technical,Medium,Resolved,4
900949,16224,2025-10-16,2025-10-16 16:22:48.902230902,Technical,Low,Resolved,4
900950,19111,2026-06-26,2026-06-26 05:26:18.423337902,Account,High,Pending,5
900951,16094,2024-11-18,2024-11-18 19:36:03.828708964,Feature Request,Medium,Resolved,2
900952,12823,2026-01-13,2026-01-14 12:46:48.271458460,Performance,High,Resolved,2
900953,13664,2026-01-09,2026-01-09 22:57:38.507744689,Performance,High,Resolved,5
900954,11518,2026-07-16,2026-07-16 13:12:21.027731616,Account,Low,Resolved,4
900955,16692,2026-03-02,2026-03-03 15:58:59.773413169,Account,High,Open,5
900956,15423,2024-10-18,2024-10-18 08:22:37.583422633,Integration,Medium,Open,1
900957,15679,2025-10-27,2025-10-27 13:40:14.188576036,Technical,High,Resolved,2
900958,17509,2025-12-02,2025-12-02 11:19:23.495515975,Performance,Medium,Resolved,3
900959,16954,2025-01-18,2025-01-18 08:05:43.253745158,Integration,High,Resolved,4
900960,16373,2024-10-15,2024-10-15 22:37:15.384975531,Technical,High,Resolved,5
900961,11520,2024-09-23,2024-09-23 02:44:13.075076205,Integration,Low,Resolved,2
900962,11532,2026-05-05,2026-05-05 17:58:41.774655334,Billing,Medium,Resolved,5
900963,19906,2026-05-22,2026-05-22 04:37:32.331845744,Technical,Medium,Resolved,4
900964,12005,2025-12-27,2025-12-27 20:48:48.948138784,Feature Request,Low,Resolved,5
900965,14921,2025-09-21,2025-09-21 08:46:50.146952505,Security,High,Resolved,4
900966,10172,2024-11-06,2024-11-06 07:33:05.219223512,Account,Medium,Resolved,2
900967,10094,2025-08-07,2025-08-07 08:11:14.584931520,Account,Medium,Resolved,4
900968,11809,2024-12-14,2024-12-14 08:49:05.749321278,Technical,Low,Resolved,4
900969,14177,2025-05-11,2025-05-11 08:47:05.673844654,Integration,Low,Resolved,4
900970,11254,2025-02-13,2025-02-13 05:45:07.660329588,Integration,Medium,Open,3
900971,15308,2024-05-15,2024-05-15 21:10:07.154467086,Feature Request,Medium,Open,4
900972,14700,2026-06-26,2026-06-26 11:54:09.964271523,Technical,Low,Resolved,5
900973,18119,2025-05-22,2025-05-22 04:53:44.182009816,Technical,Medium,Resolved,4
900974,13279,2024-01-15,2024-01-15 13:02:09.527942007,Billing,Medium,Resolved,5
900975,15030,2025-06-15,2025-06-15 10:32:18.629864264,Integration,Low,Pending,4
900976,11729,2025-12-10,2025-12-10 17:18:24.530258228,Security,High,Resolved,5
900977,14733,2025-12-21,2025-12-22 21:23:09.890897341,Account,Medium,Resolved,1
900978,15822,2026-04-25,2026-04-25 02:40:44.923492012,Technical,Low,Resolved,4
900979,17280,2025-11-29,2025-11-29 04:55:27.472093557,Security,High,Resolved,1
900980,14241,2024-01-28,2024-01-28 09:53:02.158929384,Billing,Medium,Resolved,3
900981,19240,2026-05-01,2026-05-01 06:24:50.149468270,Performance,Medium,Resolved,4
900982,17304,2026-01-08,2026-01-08 05:44:28.363941139,Account,Medium,Resolved,4
900983,12268,2026-08-08,2026-08-08 02:04:02.718344578,Technical,Medium,Resolved,4
900984,14381,2026-03-23,2026-03-23 14:14:29.494247683,Integration,High,Resolved,4
900985,15910,2025-09-26,2025-09-26 02:39:48.877299896,Performance,Low,Resolved,3
900986,16521,2024-11-14,2024-11-14 13:14:25.564605334,Billing,High,Resolved,4
900987,18930,2025-12-15,2025-12-15 15:36:35.588036570,Integration,Low,Resolved,4
900988,17621,2024-05-16,2024-05-16 06:01:01.177819651,Billing,Medium,Open,5
900989,12893,2026-04-10,2026-04-10 21:04:16.961732637,Billing,Low,Open,4
900990,16008,2026-07-07,2026-07-07 03:32:04.866831870,Performance,High,Resolved,5
900991,18406,2024-11-19,2024-11-19 10:35:34.700306258,Billing,High,Resolved,4
900992,10472,2026-05-29,2026-05-29 07:53:54.351858375,Billing,Medium,Pending,4
900993,15135,2024-12-02,2024-12-02 15:31:04.878989983,Technical,High,Resolved,4
900994,12904,2024-10-10,2024-10-10 16:20:08.086375575,Performance,Medium,Resolved,5
900995,12869,2026-05-29,2026-05-29 03:40:56.330966647,Feature Request,Critical,Resolved,4
900996,19688,2026-05-05,2026-05-05 20:10:21.489899595,Integration,Low,Pending,3
900997,13995,2026-07-15,2026-07-15 03:03:11.365086409,Performance,Low,Resolved,5
900998,18250,2026-06-13,2026-06-13 07:53:27.958990606,Integration,Low,Resolved,4
900999,15098,2025-10-10,2025-10-10 16:30:55.926502315,Billing,Medium,Resolved,2
901000,16999,2025-02-20,2025-02-20 19:59:25.380502731,Billing,Low,Resolved,4
901001,12940,2024-09-23,2024-09-23 03:54:40.894631748,Technical,Low,Resolved,3
901002,19970,2025-04-01,2025-04-01 09:12:31.439269425,Technical,Critical,Resolved,4
901003,13853,2024-08-31,2024-08-31 13:57:28.911480332,Integration,High,Resolved,5
901004,14529,2025-03-28,2025-03-28 09:10:47.937776214,Feature Request,Medium,Resolved,5
901005,12161,2026-01-13,2026-01-13 04:34:42.639740454,Performance,Medium,Resolved,5
901006,11897,2025-04-10,2025-04-12 03:58:09.063066208,Security,Low,Pending,3
901007,11458,2026-02-17,2026-02-17 04:20:39.271750396,Account,Low,Resolved,3
901008,12282,2026-01-03,2026-01-03 10:19:56.309873019,Technical,High,Resolved,4
901009,13251,2026-08-19,2026-08-19 17:40:07.014736372,Feature Request,High,Resolved,5
901010,12757,2026-08-20,2026-08-20 09:17:17.742298066,Integration,Medium,Resolved,4
901011,11269,2026-08-17,2026-08-17 18:49:16.070147803,Billing,Medium,Resolved,4
901012,11066,2025-03-30,2025-03-30 15:46:29.710846682,Performance,Medium,Resolved,4
901013,12889,2025-11-02,2025-11-02 03:32:07.380135412,Technical,Medium,Resolved,1
901014,18029,2025-02-28,2025-02-28 05:38:59.382400092,Billing,Low,Resolved,5
901015,17900,2026-07-15,2026-07-16 14:56:13.425221360,Security,Medium,Resolved,3
901016,12255,2025-11-11,2025-11-11 09:45:20.556721173,Security,Low,Resolved,4
901017,17426,2025-10-24,2025-10-24 02:25:26.407152130,Account,Medium,Resolved,3
901018,13602,2025-07-21,2025-07-21 06:20:01.799275974,Performance,Medium,Resolved,4
901019,15976,2025-11-10,2025-11-10 05:53:34.836331142,Account,Medium,Resolved,4
901020,11406,2025-04-27,2025-04-27 10:52:45.206896728,Technical,Medium,Resolved,4
901021,10055,2025-11-09,2025-11-09 23:55:55.469325230,Performance,Medium,Resolved,3
901022,12585,2026-07-28,2026-07-28 04:34:49.923316207,Integration,High,Resolved,1
901023,10157,2025-08-11,2025-08-11 09:09:30.148234441,Technical,Low,Resolved,5
901024,14211,2025-06-07,2025-06-07 05:38:52.603021258,Performance,Medium,Resolved,5
901025,14060,2026-08-01,2026-08-02 07:40:48.776333750,Billing,Medium,Resolved,4
901026,15536,2024-08-06,2024-08-07 15:00:38.537211409,Integration,Medium,Resolved,5
901027,15347,2025-04-06,2025-04-06 14:30:07.391261905,Account,Medium,Pending,4
901028,17392,2024-11-30,2024-11-30 12:47:41.318245903,Integration,Low,Resolved,5
901029,16315,2026-07-20,2026-07-20 04:59:23.006470657,Technical,Medium,Resolved,5
901030,10042,2025-10-09,2025-10-09 20:09:08.935099279,Technical,Low,Resolved,5
901031,16314,2025-10-26,2025-10-26 10:40:19.966084734,Technical,Low,Resolved,5
901032,12737,2026-01-26,2026-01-26 06:27:46.217547266,Integration,Low,Resolved,1
901033,18777,2025-08-17,2025-08-18 03:48:13.613295132,Technical,Low,Resolved,4
901034,14971,2026-05-14,2026-05-14 09:47:51.821627917,Technical,Low,Resolved,5
901035,12999,2025-02-10,2025-02-10 06:13:48.519977246,Technical,High,Resolved,3
901036,12012,2026-08-08,2026-08-08 20:29:56.823015627,Billing,Critical,Resolved,4
901037,11060,2026-08-16,2026-08-16 10:29:50.534804940,Security,High,Resolved,3
901038,18508,2026-03-09,2026-03-09 20:39:12.808308596,Technical,High,Resolved,5
901039,19187,2025-10-25,2025-10-25 18:50:40.758462567,Feature Request,Medium,Resolved,5
901040,12169,2026-07-01,2026-07-01 03:39:03.276504147,Integration,Low,Pending,3
901041,14419,2026-03-23,2026-03-23 13:47:15.295242220,Performance,Medium,Resolved,5
901042,13272,2025-05-24,2025-05-24 12:15:07.044836223,Account,Critical,Open,3
901043,15515,2026-01-16,2026-01-16 11:22:40.961205278,Performance,Medium,Pending,4
901044,15303,2025-09-05,2025-09-05 07:24:55.826721792,Technical,Critical,Resolved,5
901045,16762,2024-09-14,2024-09-14 02:32:39.466814377,Feature Request,Low,Resolved,1
901046,11915,2026-08-18,2026-08-18 17:34:16.697491284,Billing,Low,Resolved,3
901047,10087,2026-01-14,2026-01-14 05:37:39.374146426,Performance,Low,Resolved,2
901048,12400,2026-08-28,2026-08-29 15:00:54.930799249,Integration,Medium,Resolved,4
901049,17300,2025-12-16,2025-12-16 10:22:30.674015864,Account,Low,Resolved,4
901050,19695,2025-05-14,2025-05-14 03:19:15.322679630,Performance,Low,Resolved,1
901051,10525,2026-01-20,2026-01-20 11:31:46.443220996,Feature Request,Low,Resolved,4
901052,10169,2025-06-12,2025-06-12 07:23:08.239796224,Security,Medium,Resolved,5
901053,16433,2025-05-17,2025-05-17 04:18:26.816399218,Account,Low,Resolved,1
901054,14853,2026-03-25,2026-03-25 06:19:23.945114136,Performance,Medium,Resolved,5
901055,19626,2025-11-08,2025-11-08 04:17:28.261129902,Technical,Low,Resolved,4
901056,17160,2026-07-09,2026-07-09 20:36:45.797253915,Billing,Low,Resolved,1
901057,14454,2026-05-14,2026-05-14 07:07:38.583737338,Feature Request,Low,Resolved,4
901058,18617,2025-03-03,2025-03-03 04:44:37.880413713,Feature Request,Medium,Resolved,4
901059,17327,2024-05-24,2024-05-24 16:56:47.727629653,Billing,Medium,Resolved,5
901060,15587,2026-02-21,2026-02-21 02:55:53.489577716,Technical,High,Resolved,4
901061,13873,2025-06-23,2025-06-24 18:18:31.381824787,Performance,Low,Resolved,3
901062,11824,2026-02-02,2026-02-02 08:00:20.257616512,Feature Request,Medium,Resolved,5
901063,17191,2026-04-29,2026-04-29 21:47:01.450958366,Account,Low,Open,2
901064,19674,2026-01-28,2026-01-28 06:51:33.324781057,Technical,Low,Resolved,5
901065,10908,2026-05-19,2026-05-19 07:49:41.757236011,Technical,Medium,Resolved,2
901066,14283,2025-01-24,2025-01-26 17:29:42.071276169,Integration,Medium,Resolved,5
901067,14472,2026-08-12,2026-08-13 01:12:09.711844228,Billing,Medium,Resolved,4
901068,16616,2025-09-22,2025-09-22 17:52:19.454686662,Technical,Medium,Resolved,1
901069,16555,2025-07-02,2025-07-02 14:13:31.754449927,Billing,High,Pending,5
901070,18048,2025-01-25,2025-01-25 10:43:20.102231427,Technical,High,Resolved,4
901071,15322,2025-10-01,2025-10-01 15:41:53.313422398,Account,Low,Open,4
901072,14651,2025-08-25,2025-08-25 02:17:25.461612906,Technical,Medium,Resolved,5
901073,12186,2025-11-20,2025-11-20 08:52:28.579167472,Performance,High,Resolved,5
901074,15484,2025-06-09,2025-06-09 07:32:37.411102482,Integration,Medium,Resolved,4
901075,11557,2024-05-29,2024-05-29 04:37:47.745365311,Feature Request,Low,Resolved,5
901076,19497,2026-05-16,2026-05-16 21:32:19.965533582,Security,Low,Resolved,4
901077,15558,2026-07-08,2026-07-08 15:53:16.117400011,Technical,Medium,Resolved,4
901078,17596,2025-03-02,2025-03-02 21:55:01.621395746,Feature Request,Low,Resolved,5
901079,19211,2025-02-22,2025-02-22 03:49:05.323727280,Performance,High,Resolved,4
901080,16881,2026-05-27,2026-05-27 21:17:08.177100482,Technical,Medium,Resolved,5
901081,17388,2026-01-01,2026-01-01 05:06:03.643042014,Security,Medium,Open,5
901082,12036,2025-04-22,2025-04-22 03:38:56.890773888,Technical,Low,Resolved,3
901083,19637,2026-05-15,2026-05-15 18:30:24.783776798,Integration,Low,Pending,4
901084,15553,2026-07-17,2026-07-18 02:00:51.517812805,Billing,High,Resolved,5
901085,14045,2025-11-26,2025-11-26 07:18:46.111774503,Feature Request,Critical,Resolved,1
901086,10599,2026-03-08,2026-03-09 17:45:53.341983928,Technical,Medium,Resolved,4
901087,14366,2026-01-10,2026-01-10 10:11:59.723653984,Account,Low,Resolved,4
901088,14362,2024-10-16,2024-10-16 17:22:29.579880892,Billing,Medium,Resolved,4
901089,17853,2025-05-06,2025-05-06 11:13:45.041734372,Integration,Low,Resolved,1
901090,16709,2026-08-27,2026-08-27 07:42:38.151449676,Performance,Medium,Resolved,1
901091,18900,2025-03-14,2025-03-14 03:18:11.839013128,Integration,Medium,Resolved,4
901092,14624,2025-05-08,2025-05-08 09:01:54.920203755,Account,Medium,Resolved,2
901093,19536,2025-12-04,2025-12-04 17:54:06.544564578,Billing,Medium,Resolved,5
901094,13064,2024-10-20,2024-10-21 03:42:05.236720970,Account,Low,Resolved,2
901095,11793,2024-02-17,2024-02-17 09:10:46.723191481,Technical,Low,Resolved,4
901096,11887,2025-02-26,2025-02-27 00:11:53.064536024,Technical,Medium,Resolved,5
901097,10367,2024-12-12,2024-12-12 06:57:20.735657089,Billing,Medium,Resolved,5
901098,16244,2024-09-07,2024-09-07 06:22:17.600865337,Technical,Medium,Resolved,5
901099,15857,2026-06-26,2026-06-26 12:33:31.407475928,Technical,Medium,Resolved,2
901100,14893,2025-08-06,2025-08-06 03:52:05.473337152,Performance,High,Pending,5
901101,19951,2025-11-21,2025-11-21 14:12:18.398884694,Account,Low,Resolved,4
901102,19570,2025-01-19,2025-01-19 12:04:52.263903637,Account,Critical,Resolved,2
901103,12098,2026-08-30,2026-08-30 08:19:44.031449539,Integration,Medium,Resolved,4
901104,13094,2026-07-28,2026-07-28 08:19:51.540017066,Technical,Medium,Resolved,1
901105,14313,2026-05-24,2026-05-24 06:02:43.550509336,Performance,Low,Resolved,5
901106,15660,2025-01-06,2025-01-06 13:00:53.071061680,Integration,High,Resolved,4
901107,10173,2026-07-17,2026-07-17 08:40:58.292291316,Account,High,Open,3
901108,19260,2026-07-10,2026-07-10 10:45:31.906982674,Performance,Low,Resolved,3
901109,19459,2025-08-17,2025-08-17 18:15:54.448283628,Integration,Medium,Resolved,4
901110,15789,2026-02-13,2026-02-13 06:20:46.130098534,Account,Medium,Resolved,4
901111,11749,2026-07-06,2026-07-06 10:28:20.294032558,Technical,Medium,Resolved,4
901112,14402,2025-11-11,2025-11-11 11:42:41.207204221,Performance,Medium,Resolved,4
901113,11415,2026-03-06,2026-03-06 10:58:49.144798671,Performance,Medium,Resolved,4
901114,13419,2025-05-29,2025-05-29 15:02:50.871997255,Technical,Medium,Resolved,4
901115,19487,2026-08-06,2026-08-06 06:17:19.961606500,Integration,High,Pending,4
901116,14946,2026-07-24,2026-07-24 02:37:57.356293569,Integration,Low,Resolved,5
901117,10020,2025-07-19,2025-07-19 19:47:31.326925952,Technical,Low,Resolved,2
901118,15969,2025-06-30,2025-06-30 05:22:23.594358720,Billing,Low,Resolved,4
901119,19532,2025-01-26,2025-01-26 05:00:32.852614445,Integration,Medium,Resolved,3
901120,17376,2026-05-03,2026-05-03 07:44:28.325828914,Integration,High,Resolved,2
901121,13420,2026-07-15,2026-07-15 19:33:53.615675905,Billing,High,Resolved,1
901122,11936,2024-12-22,2024-12-22 14:37:08.198748631,Feature Request,Low,Resolved,2
901123,19438,2026-08-03,2026-08-03 09:49:36.748908915,Billing,High,Resolved,3
901124,12915,2024-07-13,2024-07-13 04:23:22.573419410,Technical,High,Resolved,4
901125,10562,2026-06-12,2026-06-12 06:57:02.092281595,Account,High,Resolved,4
901126,17119,2025-05-22,2025-05-22 11:39:10.860989576,Technical,Medium,Resolved,4
901127,17720,2025-02-23,2025-02-23 01:33:22.983847210,Technical,Low,Pending,5
901128,19752,2024-07-10,2024-07-10 03:33:38.724281348,Technical,Medium,Resolved,1
901129,18719,2025-10-21,2025-10-21 09:32:30.234240441,Technical,Medium,Resolved,5
901130,15121,2024-12-07,2024-12-07 05:32:40.282242363,Security,High,Resolved,2
901131,16712,2024-08-14,2024-08-14 19:33:59.240981930,Billing,Low,Resolved,4
901132,19946,2025-06-19,2025-06-19 13:16:54.143825685,Feature Request,Medium,Open,5
901133,15261,2024-10-15,2024-10-15 10:52:14.745618692,Account,High,Resolved,1
901134,10478,2026-07-15,2026-07-15 17:53:49.983945396,Technical,Critical,Resolved,5
901135,13227,2025-08-09,2025-08-09 05:23:43.853973392,Integration,Low,Resolved,2
901136,14792,2025-06-07,2025-06-07 03:58:29.992597464,Account,Low,Resolved,4
901137,12294,2026-01-02,2026-01-02 04:48:27.848223208,Integration,Medium,Resolved,5
901138,17622,2026-01-18,2026-01-18 01:59:50.617382971,Integration,High,Pending,2
901139,18006,2025-06-09,2025-06-10 02:00:37.139310201,Billing,Low,Resolved,5
901140,12259,2026-08-20,2026-08-20 18:28:30.095238756,Technical,Medium,Resolved,5
901141,17333,2026-04-12,2026-04-12 04:28:33.872332821,Security,Critical,Resolved,1
901142,14069,2025-03-24,2025-03-24 21:20:00.122817544,Technical,Medium,Resolved,5
901143,15953,2025-11-29,2025-11-29 16:04:11.526311769,Technical,Medium,Resolved,4
901144,13045,2026-03-26,2026-03-26 03:17:20.088581586,Security,Medium,Resolved,4
901145,19217,2026-04-21,2026-04-21 20:10:47.593242505,Account,Medium,Resolved,3
901146,16670,2025-12-22,2025-12-22 04:41:52.682522960,Security,Low,Resolved,2
901147,19926,2026-05-06,2026-05-06 02:19:45.265235152,Technical,Medium,Resolved,3
901148,11635,2025-09-02,2025-09-02 08:49:44.894595097,Technical,Low,Resolved,4
901149,18378,2024-07-09,2024-07-09 08:53:33.631834030,Account,Medium,Resolved,4
901150,13198,2025-01-23,2025-01-23 08:10:29.664967814,Feature Request,Low,Resolved,5
901151,13404,2026-08-21,2026-08-21 20:36:05.677386253,Billing,Medium,Resolved,4
901152,18066,2026-03-25,2026-03-25 08:32:16.766302624,Account,Medium,Resolved,5
901153,16657,2025-12-29,2025-12-30 04:37:18.199960179,Account,Low,Pending,5
901154,16819,2026-02-12,2026-02-12 10:02:51.879015438,Technical,Medium,Resolved,5
901155,12382,2024-04-07,2024-04-08 14:11:43.538760603,Technical,Low,Resolved,3
901156,11511,2025-07-11,2025-07-11 15:20:56.498280079,Technical,Medium,Pending,4
901157,10653,2025-10-23,2025-10-23 05:50:12.030806619,Technical,Medium,Resolved,2
901158,14984,2025-05-01,2025-05-01 15:45:31.243207370,Integration,Low,Resolved,4
901159,15877,2026-04-12,2026-04-12 09:06:50.464034431,Integration,Low,Resolved,4
901160,12509,2025-08-23,2025-08-23 22:31:45.774288091,Security,Medium,Resolved,4
901161,11484,2024-11-04,2024-11-04 10:52:12.632837430,Technical,Low,Resolved,3
901162,14890,2025-07-29,2025-07-29 03:40:05.753284597,Account,Medium,Pending,5
901163,15451,2026-02-20,2026-02-20 23:01:04.683588783,Technical,Medium,Resolved,1
901164,17594,2026-02-22,2026-02-22 12:53:12.856110529,Integration,High,Resolved,4
901165,13034,2026-02-11,2026-02-11 14:54:45.248853013,Feature Request,Medium,Resolved,5
901166,10108,2025-12-24,2025-12-24 07:42:03.012663524,Billing,High,Resolved,5
901167,18464,2025-07-04,2025-07-04 20:57:06.513773364,Technical,Medium,Resolved,5
901168,12826,2024-05-04,2024-05-04 11:33:59.238834778,Account,Low,Resolved,4
901169,12431,2025-09-29,2025-09-29 18:34:18.217053458,Billing,Medium,Resolved,4
901170,14191,2025-05-20,2025-05-20 19:18:02.659372592,Technical,Low,Resolved,5
901171,13177,2025-03-20,2025-03-20 08:06:29.119923237,Performance,Critical,Resolved,4
901172,15729,2026-05-06,2026-05-06 13:35:15.193499517,Performance,High,Resolved,5
901173,14689,2025-01-14,2025-01-14 07:49:35.759785980,Billing,Medium,Resolved,4
901174,12634,2025-09-26,2025-09-26 03:04:13.194811142,Technical,Low,Open,5
901175,13418,2024-05-09,2024-05-09 13:49:09.752038010,Feature Request,Medium,Resolved,4
901176,18521,2025-07-28,2025-07-28 08:59:35.679067224,Performance,Low,Resolved,4
901177,16879,2025-04-10,2025-04-10 19:16:05.545402766,Billing,Low,Resolved,4
901178,10254,2025-07-03,2025-07-03 06:23:14.568636116,Performance,Low,Resolved,4
901179,14029,2026-04-20,2026-04-20 09:38:17.697367014,Integration,Critical,Resolved,4
901180,13414,2026-08-22,2026-08-22 03:15:50.037114985,Integration,High,Resolved,4
901181,14279,2024-03-08,2024-03-08 02:28:07.221422578,Technical,High,Resolved,3
901182,14907,2024-09-04,2024-09-04 11:20:14.865371404,Performance,High,Resolved,4
901183,12007,2024-10-26,2024-10-26 08:08:29.818790325,Security,Medium,Resolved,4
901184,18520,2025-01-21,2025-01-21 09:40:55.522814962,Billing,Medium,Resolved,5
901185,16880,2026-04-11,2026-04-11 07:46:17.940631670,Technical,High,Resolved,3
901186,12232,2025-12-31,2025-12-31 13:51:42.265767222,Feature Request,Low,Resolved,4
901187,14930,2026-06-07,2026-06-07 01:53:44.230320466,Account,High,Resolved,5
901188,16696,2024-09-02,2024-09-02 08:38:13.369516555,Technical,Medium,Resolved,3
901189,14082,2025-12-28,2025-12-29 12:18:27.904578948,Billing,High,Resolved,5
901190,18369,2025-05-29,2025-05-29 13:23:43.312899242,Billing,Medium,Resolved,3
901191,10972,2025-03-12,2025-03-12 20:36:25.320128979,Feature Request,Low,Resolved,3
901192,15990,2025-11-29,2025-11-29 09:58:03.942877353,Feature Request,Medium,Resolved,1
901193,14608,2026-05-13,2026-05-14 14:44:23.251240917,Performance,Low,Resolved,1
901194,13884,2026-04-23,2026-04-23 14:35:08.494225980,Performance,Low,Open,5
901195,17528,2024-02-25,2024-02-25 10:07:26.895970308,Feature Request,Low,Resolved,5
901196,14935,2024-04-03,2024-04-03 13:16:02.227980043,Security,Low,Open,4
901197,13286,2025-02-20,2025-02-20 16:24:02.123035272,Performance,Medium,Resolved,4
901198,17550,2024-12-19,2024-12-19 04:27:58.206053725,Technical,Low,Pending,4
901199,12492,2026-06-22,2026-06-22 18:54:29.160738331,Account,High,Resolved,4
901200,12958,2026-03-04,2026-03-04 14:32:12.061670895,Account,Medium,Resolved,2
901201,10893,2026-04-28,2026-04-28 08:59:29.986703210,Integration,Low,Resolved,3
901202,16022,2024-07-31,2024-07-31 17:05:08.188728864,Billing,Medium,Resolved,4
901203,13121,2025-10-25,2025-10-25 10:54:21.383822415,Performance,Medium,Resolved,2
901204,10134,2026-04-22,2026-04-22 09:01:41.846610774,Technical,Low,Resolved,4
901205,15470,2026-06-14,2026-06-14 05:04:20.194074886,Technical,High,Resolved,5
901206,12002,2026-07-17,2026-07-17 19:50:17.357134347,Integration,Low,Resolved,4
901207,10456,2026-03-11,2026-03-11 05:32:57.355163808,Integration,High,Resolved,4
901208,12658,2026-05-29,2026-05-29 08:14:58.723850929,Performance,High,Pending,5
901209,16839,2025-03-07,2025-03-08 17:09:15.259182498,Technical,Low,Resolved,4
901210,19047,2025-12-26,2025-12-26 06:16:12.914185076,Integration,Low,Resolved,3
901211,17186,2024-10-28,2024-10-28 14:47:12.327845157,Technical,Medium,Resolved,4
901212,11252,2024-11-30,2024-11-30 19:45:29.669186822,Integration,Low,Resolved,3
901213,10560,2026-06-30,2026-07-02 16:29:16.184934902,Technical,Low,Resolved,2
901214,11094,2026-04-24,2026-04-24 06:10:56.392368711,Billing,Medium,Resolved,4
901215,13221,2025-09-15,2025-09-15 23:23:23.458904113,Integration,Critical,Resolved,4
901216,19466,2025-10-29,2025-10-30 14:56:53.151598194,Performance,Medium,Open,5
901217,14543,2024-05-31,2024-05-31 07:36:19.889279553,Technical,High,Resolved,2
901218,17429,2025-04-01,2025-04-01 03:15:08.693743302,Technical,Medium,Open,4
901219,15964,2026-06-19,2026-06-19 03:44:11.585178088,Billing,Medium,Resolved,3
901220,17242,2025-12-19,2025-12-19 12:06:36.781462602,Billing,High,Resolved,4
901221,19110,2024-11-10,2024-11-10 16:22:06.718403042,Billing,Low,Resolved,2
901222,17405,2026-05-01,2026-05-01 08:20:36.629195859,Billing,Low,Resolved,4
901223,18018,2026-06-05,2026-06-05 09:56:12.296486900,Feature Request,Medium,Resolved,5
901224,10280,2025-08-09,2025-08-09 15:05:28.811764057,Technical,Medium,Resolved,3
901225,10483,2025-12-20,2025-12-20 15:37:28.741316782,Feature Request,Medium,Resolved,5
901226,14754,2025-07-26,2025-07-28 02:43:04.614334186,Billing,Medium,Resolved,3
901227,18718,2025-07-18,2025-07-18 14:59:00.771061905,Integration,Medium,Resolved,5
901228,16986,2026-01-14,2026-01-15 09:09:20.679854666,Technical,Low,Resolved,5
901229,13057,2026-08-24,2026-08-24 07:27:39.509924007,Performance,Medium,Resolved,4
901230,19079,2024-01-24,2024-01-24 21:35:17.737805900,Technical,Medium,Resolved,4
901231,11465,2025-09-11,2025-09-11 11:57:05.026712011,Feature Request,Low,Resolved,4
901232,14825,2025-05-27,2025-05-28 03:10:16.602987885,Technical,Critical,Resolved,4
901233,14406,2025-12-05,2025-12-05 17:21:01.124925253,Integration,Medium,Resolved,1
901234,12508,2024-03-12,2024-03-13 03:03:18.869985972,Technical,Medium,Resolved,3
901235,16787,2026-04-06,2026-04-06 05:35:19.109673099,Technical,Medium,Open,2
901236,17323,2025-07-05,2025-07-05 03:19:18.690899790,Integration,Medium,Resolved,2
901237,16468,2026-03-19,2026-03-19 19:28:04.423386568,Technical,Medium,Resolved,3
901238,16022,2025-07-10,2025-07-10 13:50:51.429821805,Account,Medium,Resolved,2
901239,13270,2025-10-22,2025-10-22 05:47:43.476018730,Billing,Critical,Resolved,5
901240,14084,2024-10-11,2024-10-11 04:52:56.749148079,Technical,Low,Open,5
901241,15041,2026-01-30,2026-01-30 09:49:39.034112170,Technical,Low,Resolved,4
901242,12712,2026-02-14,2026-02-14 04:40:42.520533391,Feature Request,Medium,Pending,5
901243,18954,2025-10-10,2025-10-10 05:45:02.221583972,Technical,High,Pending,4
901244,12849,2026-05-05,2026-05-05 21:57:22.044383406,Account,Low,Open,4
901245,17219,2025-12-17,2025-12-18 05:13:13.903177436,Account,Low,Resolved,3
901246,15829,2026-06-29,2026-06-29 07:37:30.767968617,Billing,Low,Resolved,3
901247,17431,2026-07-19,2026-07-19 03:40:09.154240845,Billing,Medium,Resolved,3
901248,11019,2025-12-25,2025-12-25 04:37:36.017884192,Billing,Medium,Resolved,4
901249,16122,2024-06-06,2024-06-06 12:03:00.366070996,Feature Request,Medium,Resolved,3
901250,14750,2026-06-05,2026-06-05 04:17:33.098392262,Technical,Low,Resolved,5
901251,16781,2026-05-16,2026-05-16 03:24:34.291973034,Performance,Medium,Resolved,5
901252,17355,2026-08-23,2026-08-23 11:54:33.898870994,Billing,High,Resolved,5
901253,19194,2026-05-09,2026-05-09 20:27:19.973201292,Technical,Low,Resolved,3
901254,11074,2025-11-15,2025-11-15 03:19:15.946421869,Technical,Low,Resolved,4
901255,11092,2026-01-31,2026-02-01 03:02:41.702337718,Billing,Low,Resolved,4
901256,14125,2025-08-30,2025-08-30 05:31:02.712299430,Performance,Medium,Resolved,5
901257,16510,2026-04-15,2026-04-16 09:51:33.571843912,Performance,High,Resolved,4
901258,19808,2024-09-12,2024-09-12 19:51:14.692355748,Technical,High,Resolved,2
901259,19906,2025-07-11,2025-07-11 03:52:55.079829548,Performance,Critical,Resolved,5
901260,15742,2025-08-01,2025-08-01 22:26:41.991967845,Billing,High,Resolved,3
901261,13316,2026-06-20,2026-06-21 08:14:58.916491990,Technical,High,Resolved,5
901262,12813,2025-05-12,2025-05-12 11:20:05.055499442,Account,Low,Resolved,5
901263,11846,2025-12-23,2025-12-23 18:34:58.241295249,Integration,Medium,Resolved,4
901264,19770,2025-06-01,2025-06-01 18:07:41.696943042,Billing,Critical,Resolved,3
901265,14924,2025-07-02,2025-07-02 03:55:10.034272477,Performance,Medium,Pending,5
901266,17514,2026-03-23,2026-03-23 15:39:50.914556258,Security,Medium,Resolved,5
901267,10601,2025-02-19,2025-02-19 05:35:33.870303646,Integration,Low,Resolved,5
901268,10401,2025-06-05,2025-06-05 07:53:17.604703417,Feature Request,High,Open,4
901269,18152,2025-09-20,2025-09-20 05:03:42.197721681,Billing,Medium,Resolved,5
901270,16028,2025-12-05,2025-12-05 15:31:41.117768346,Integration,Medium,Resolved,4
901271,13157,2026-08-26,2026-08-26 15:12:56.062575446,Performance,Medium,Resolved,5
901272,15033,2024-11-08,2024-11-08 03:06:59.917312188,Technical,Medium,Resolved,5
901273,17865,2025-12-02,2025-12-02 07:25:39.442205164,Technical,Medium,Resolved,2
901274,17346,2025-07-12,2025-07-12 06:08:21.068984605,Technical,Low,Resolved,5
901275,10653,2024-05-08,2024-05-08 06:34:42.111910912,Performance,Medium,Resolved,4
901276,18106,2026-01-20,2026-01-20 13:06:50.613863576,Billing,Medium,Resolved,2
901277,15666,2025-12-11,2025-12-11 13:54:04.367350101,Integration,Low,Resolved,4
901278,10816,2026-07-05,2026-07-06 09:56:34.450560625,Billing,Medium,Resolved,4
901279,10463,2026-04-02,2026-04-02 15:10:15.046463359,Technical,High,Resolved,1
901280,18856,2024-08-02,2024-08-02 10:37:21.730664964,Integration,High,Open,5
901281,19344,2026-06-11,2026-06-11 11:35:28.472785911,Technical,Low,Resolved,2
901282,18020,2026-06-03,2026-06-03 05:49:46.299067924,Feature Request,Medium,Resolved,4
901283,19368,2024-10-05,2024-10-05 08:40:31.763137771,Technical,Low,Resolved,2
901284,16594,2026-07-08,2026-07-08 04:14:06.082067684,Billing,Low,Resolved,5
901285,19471,2026-02-12,2026-02-13 03:11:13.143254676,Account,Medium,Resolved,4
901286,19706,2025-01-12,2025-01-12 11:12:19.242338166,Technical,Low,Open,3
901287,15259,2025-04-18,2025-04-18 12:10:26.459331924,Performance,Medium,Resolved,4
901288,18661,2025-06-08,2025-06-08 04:24:54.415967522,Technical,Low,Open,5
901289,10237,2025-05-08,2025-05-08 06:18:05.266367693,Performance,Critical,Resolved,3
901290,11793,2024-03-27,2024-03-27 06:28:42.836108656,Technical,Low,Resolved,5
901291,19184,2026-02-20,2026-02-20 08:47:03.317492482,Billing,High,Resolved,5
901292,11674,2024-09-27,2024-09-27 07:43:01.598289751,Billing,Medium,Resolved,4
901293,12450,2026-06-21,2026-06-21 16:23:48.036203977,Integration,High,Open,5
901294,11633,2026-01-10,2026-01-10 05:03:17.912062252,Technical,Low,Open,1
901295,11369,2026-04-27,2026-04-27 10:17:32.224021101,Technical,Low,Resolved,3
901296,16781,2024-06-27,2024-06-27 08:34:20.946511113,Feature Request,High,Resolved,3
901297,14829,2025-02-06,2025-02-06 13:17:28.877111105,Integration,Low,Resolved,5
901298,11064,2026-03-30,2026-03-31 04:55:04.233212130,Security,Low,Pending,2
901299,16209,2026-05-08,2026-05-09 06:44:39.905242004,Billing,Low,Resolved,4
901300,12336,2026-04-04,2026-04-04 06:27:39.948277942,Technical,Medium,Resolved,1
901301,13818,2025-04-05,2025-04-05 08:31:38.421818583,Billing,Medium,Resolved,4
901302,18474,2025-03-09,2025-03-09 17:39:45.537056488,Integration,Medium,Resolved,3
901303,12821,2025-11-27,2025-11-27 18:16:52.067714685,Technical,Low,Resolved,1
901304,15454,2026-06-21,2026-06-21 23:21:29.730503638,Billing,Low,Resolved,3
901305,10643,2026-07-13,2026-07-13 08:36:04.462787160,Billing,Medium,Resolved,3
901306,12339,2025-04-13,2025-04-13 15:58:05.430352465,Technical,Critical,Resolved,5
901307,10661,2026-05-05,2026-05-06 09:00:33.168193459,Technical,High,Resolved,3
901308,18935,2026-07-30,2026-07-30 09:50:20.187265927,Billing,Medium,Resolved,5
901309,13714,2025-10-04,2025-10-04 06:33:55.642256654,Integration,Low,Open,4
901310,14993,2026-08-24,2026-08-24 18:38:41.333692016,Performance,High,Resolved,1
901311,18544,2026-07-04,2026-07-04 05:59:43.111131165,Technical,Medium,Resolved,5
901312,13356,2024-07-29,2024-07-29 09:28:59.976454382,Technical,Low,Resolved,4
901313,16144,2026-05-27,2026-05-27 03:29:26.098804716,Technical,Critical,Resolved,5
901314,18844,2025-09-11,2025-09-12 04:48:01.026629971,Technical,Medium,Open,5
901315,18188,2025-05-03,2025-05-04 01:37:09.745909316,Performance,Low,Resolved,4
901316,17817,2025-08-20,2025-08-20 15:54:24.569284766,Technical,Medium,Resolved,3
901317,11896,2024-12-26,2024-12-26 05:59:56.821470957,Performance,Low,Resolved,4
901318,11691,2024-08-26,2024-08-26 14:11:46.700729851,Account,High,Resolved,4
901319,19002,2026-08-22,2026-08-22 06:31:25.210270196,Feature Request,Low,Resolved,1
901320,12612,2026-08-27,2026-08-27 15:03:23.879962785,Technical,High,Resolved,4
901321,13598,2025-03-15,2025-03-15 17:12:43.017854428,Technical,High,Resolved,5
901322,14319,2025-08-30,2025-08-30 02:20:20.078563858,Billing,Medium,Resolved,4
901323,15283,2025-10-17,2025-10-17 05:32:24.995261792,Performance,Low,Resolved,5
901324,14919,2026-08-26,2026-08-26 01:55:38.982253342,Security,Critical,Resolved,4
901325,16228,2026-08-16,2026-08-16 20:50:14.142069643,Technical,High,Resolved,4
901326,17699,2025-11-05,2025-11-05 14:38:16.397994483,Account,Low,Resolved,5
901327,19649,2025-11-13,2025-11-13 02:39:54.393448039,Technical,Medium,Pending,4
901328,16879,2025-02-09,2025-02-09 06:33:23.989961692,Billing,High,Resolved,4
901329,17498,2026-06-30,2026-06-30 11:27:30.291374440,Technical,Medium,Resolved,4
901330,18556,2026-02-22,2026-02-22 03:36:39.662597620,Performance,Critical,Resolved,4
901331,16681,2026-04-09,2026-04-09 09:46:50.177748104,Feature Request,Medium,Resolved,3
901332,13030,2025-09-02,2025-09-02 07:37:02.820382633,Account,Critical,Pending,5
901333,16561,2025-04-13,2025-04-13 09:22:38.408893690,Technical,Critical,Resolved,5
901334,10513,2025-02-26,2025-02-26 06:13:06.038042224,Account,Medium,Resolved,5
901335,19409,2026-02-25,2026-02-25 10:53:07.476117637,Feature Request,Low,Resolved,3
901336,16663,2025-01-21,2025-01-22 06:18:56.509622892,Billing,Medium,Resolved,3
901337,14924,2026-07-28,2026-07-28 14:24:46.606203262,Account,High,Resolved,3
901338,15668,2025-08-17,2025-08-17 10:10:51.999701710,Performance,Medium,Resolved,1
901339,11484,2025-09-24,2025-09-24 06:05:27.927426170,Integration,Medium,Resolved,5
901340,19939,2025-07-17,2025-07-17 23:25:30.232408684,Technical,Medium,Resolved,4
901341,17520,2026-03-30,2026-03-31 00:11:33.892838318,Technical,Medium,Resolved,4
901342,13761,2026-04-22,2026-04-22 01:56:14.036548236,Technical,Medium,Resolved,3
901343,18092,2025-01-22,2025-01-23 12:32:11.590556802,Billing,Low,Resolved,4
901344,19657,2026-03-31,2026-03-31 15:34:45.496125382,Technical,Low,Resolved,4
901345,10189,2025-07-14,2025-07-14 12:44:13.722740944,Integration,High,Resolved,5
901346,17811,2026-08-28,2026-08-28 23:13:24.609826743,Performance,High,Resolved,5
901347,16359,2025-11-29,2025-11-29 12:04:38.897142319,Billing,Critical,Resolved,1
901348,12764,2025-01-18,2025-01-18 08:41:24.635666104,Technical,Medium,Resolved,5
901349,16155,2025-07-01,2025-07-01 05:56:23.916593680,Technical,Low,Resolved,5
901350,19386,2025-08-22,2025-08-22 06:32:18.613741603,Technical,Medium,Open,2
901351,17135,2024-11-22,2024-11-22 03:35:18.044707448,Integration,High,Resolved,4
901352,16570,2025-12-10,2025-12-10 07:54:04.873837125,Technical,High,Resolved,2
901353,14504,2026-01-02,2026-01-02 11:12:26.933588794,Billing,High,Resolved,4
901354,13933,2026-01-14,2026-01-14 07:51:17.014723297,Technical,Medium,Resolved,4
901355,15508,2024-03-22,2024-03-22 09:03:49.420511820,Feature Request,High,Resolved,4
901356,11183,2025-11-12,2025-11-12 13:42:36.808401582,Performance,Critical,Resolved,4
901357,19176,2026-08-22,2026-08-22 14:28:32.641207078,Technical,Medium,Resolved,4
901358,16136,2025-02-14,2025-02-14 05:31:25.859455733,Feature Request,Medium,Resolved,3
901359,18331,2025-07-14,2025-07-14 05:35:01.690011693,Performance,High,Resolved,3
901360,18962,2024-05-03,2024-05-03 06:32:12.198856876,Feature Request,Medium,Resolved,4
901361,19111,2025-08-22,2025-08-22 09:15:33.272100691,Account,Medium,Resolved,4
901362,11491,2026-01-26,2026-01-26 18:32:31.783942964,Billing,Medium,Open,2
901363,11324,2025-02-25,2025-02-25 08:25:07.460929527,Integration,Low,Resolved,5
901364,13836,2026-07-07,2026-07-07 10:55:46.179757549,Feature Request,Low,Resolved,4
901365,13553,2026-03-28,2026-03-28 04:03:20.567962123,Billing,Low,Resolved,5
901366,11384,2024-11-10,2024-11-10 16:28:09.509666505,Account,Medium,Resolved,5
901367,10065,2026-08-30,2026-08-30 08:48:18.023044446,Technical,Medium,Resolved,3
901368,15738,2025-09-10,2025-09-10 03:25:34.145143986,Performance,Medium,Resolved,4
901369,15888,2026-05-02,2026-05-02 22:11:58.018551547,Performance,Medium,Resolved,4
901370,15256,2025-10-15,2025-10-15 04:48:52.354830884,Performance,Medium,Resolved,3
901371,15547,2024-07-15,2024-07-15 14:20:22.661238267,Integration,Critical,Resolved,5
901372,10124,2025-09-24,2025-09-24 10:03:27.212778536,Technical,High,Resolved,2
901373,13664,2026-01-09,2026-01-09 21:08:55.960323565,Performance,High,Resolved,3
901374,13028,2026-03-25,2026-03-25 10:05:27.336502759,Technical,Medium,Resolved,2
901375,18354,2025-01-09,2025-01-09 06:39:41.855420415,Performance,Medium,Resolved,3
901376,18008,2025-10-05,2025-10-05 16:59:47.247417466,Integration,Medium,Resolved,4
901377,16231,2025-01-03,2025-01-03 09:21:52.663653334,Performance,High,Resolved,1
901378,10175,2025-06-14,2025-06-16 08:14:12.195950845,Technical,Critical,Resolved,4
901379,19208,2024-12-07,2024-12-07 07:23:43.977711753,Technical,Medium,Resolved,5
901380,17561,2025-03-15,2025-03-15 11:44:34.155130214,Feature Request,Low,Resolved,3
901381,19399,2026-06-11,2026-06-11 06:45:00.603295693,Technical,Low,Resolved,5
901382,10898,2025-04-26,2025-04-26 19:19:11.475040234,Account,Medium,Pending,5
901383,15895,2026-06-15,2026-06-15 18:48:59.292814608,Billing,Medium,Open,3
901384,18402,2026-07-23,2026-07-23 11:25:52.172884848,Technical,High,Resolved,5
901385,16078,2026-06-24,2026-06-24 03:33:58.780183172,Security,Low,Resolved,5
901386,10896,2026-03-26,2026-03-26 09:25:41.666836684,Feature Request,High,Resolved,5
901387,11515,2025-12-22,2025-12-22 08:51:32.761259024,Integration,Medium,Resolved,4
901388,17779,2026-04-14,2026-04-14 08:22:13.834230621,Performance,Medium,Resolved,2
901389,15926,2026-05-07,2026-05-07 15:16:57.110253247,Integration,High,Resolved,2
901390,10629,2025-08-26,2025-08-26 18:27:49.252976395,Billing,Low,Resolved,5
901391,12668,2025-03-30,2025-03-30 11:25:09.081105790,Account,High,Resolved,5
901392,17432,2025-11-11,2025-11-11 08:08:30.236142382,Technical,Low,Resolved,5
901393,10265,2025-06-13,2025-06-13 10:01:40.878758773,Feature Request,High,Resolved,1
901394,18523,2026-06-01,2026-06-01 02:26:47.587512735,Integration,Low,Pending,4
901395,19049,2025-12-29,2025-12-29 09:46:13.632827966,Feature Request,Medium,Resolved,4
901396,16152,2026-01-11,2026-01-11 06:01:04.435106264,Performance,Medium,Resolved,5
901397,14397,2026-01-20,2026-01-20 05:37:30.208210125,Billing,Medium,Resolved,4
901398,14444,2025-01-16,2025-01-16 10:06:51.903389527,Billing,Low,Resolved,3
901399,18701,2025-04-24,2025-04-24 07:54:26.761622292,Technical,Low,Resolved,4
901400,14411,2024-09-15,2024-09-15 12:29:18.316298803,Performance,Low,Resolved,5
901401,12014,2025-01-24,2025-01-24 07:15:51.078745915,Performance,Medium,Resolved,5
901402,11456,2024-11-08,2024-11-08 09:30:14.175336567,Technical,Medium,Open,4
901403,13328,2026-04-15,2026-04-15 06:14:04.476118408,Technical,High,Resolved,4
901404,18579,2026-04-28,2026-04-28 12:08:17.135802481,Billing,Medium,Resolved,2
901405,12587,2025-11-18,2025-11-18 21:18:32.259459765,Billing,Medium,Resolved,4
901406,10930,2025-06-05,2025-06-05 10:32:03.746848239,Security,High,Resolved,3
901407,16404,2025-11-09,2025-11-09 10:59:56.702692406,Technical,Low,Resolved,3
901408,16049,2026-07-04,2026-07-04 02:27:14.724749012,Technical,Medium,Resolved,3
901409,12701,2025-12-20,2025-12-20 15:49:08.461426026,Technical,Medium,Resolved,4
901410,13257,2025-05-07,2025-05-07 13:04:34.956974737,Technical,Medium,Resolved,5
901411,15506,2025-11-06,2025-11-06 13:31:25.770866570,Performance,Low,Pending,3
901412,17483,2026-03-07,2026-03-08 11:49:21.277317039,Account,Low,Resolved,4
901413,18255,2026-06-10,2026-06-10 03:31:38.587805947,Technical,Low,Resolved,2
901414,15125,2024-12-07,2024-12-07 04:52:11.001308430,Performance,Medium,Resolved,4
901415,12152,2024-11-06,2024-11-06 05:30:24.357896017,Technical,Low,Resolved,4
901416,13177,2025-09-13,2025-09-13 07:34:52.424264924,Feature Request,Critical,Resolved,5
901417,11121,2025-05-09,2025-05-09 15:27:52.504636788,Technical,Low,Resolved,1
901418,12075,2025-10-02,2025-10-03 19:16:36.539308261,Technical,High,Resolved,2
901419,12331,2026-03-28,2026-03-28 13:13:46.102660233,Integration,Medium,Open,5
901420,16929,2026-02-17,2026-02-18 01:44:33.226717192,Technical,High,Resolved,3
901421,13147,2025-12-20,2025-12-20 07:37:01.147477807,Technical,Low,Resolved,4
901422,19007,2026-05-03,2026-05-03 09:58:56.012005729,Billing,Medium,Pending,4
901423,13418,2026-03-23,2026-03-23 06:08:55.554218149,Performance,Low,Resolved,2
901424,15265,2025-09-12,2025-09-13 06:36:31.799768529,Integration,Low,Resolved,3
901425,16588,2025-06-27,2025-06-27 09:37:40.104970399,Billing,Medium,Resolved,3
901426,15410,2025-05-04,2025-05-04 15:16:02.226227804,Technical,Critical,Resolved,5
901427,11942,2025-07-01,2025-07-01 11:42:22.752428731,Performance,High,Resolved,5
901428,19376,2025-11-30,2025-11-30 06:35:09.263418140,Technical,Low,Resolved,4
901429,12381,2025-11-12,2025-11-12 06:15:04.678427984,Performance,Low,Resolved,5
901430,12393,2026-07-26,2026-07-26 19:17:45.830045047,Account,High,Resolved,3
901431,10438,2026-05-02,2026-05-03 08:26:38.818601052,Technical,Low,Resolved,1
901432,11992,2025-10-19,2025-10-19 09:25:34.338252226,Security,Medium,Resolved,3
901433,10567,2025-05-12,2025-05-13 10:45:26.179718018,Technical,Medium,Resolved,4
901434,14351,2026-03-16,2026-03-16 04:28:26.099402728,Technical,Medium,Resolved,4
901435,16727,2025-02-15,2025-02-15 08:11:05.179999765,Billing,High,Pending,1
901436,13801,2026-07-02,2026-07-02 17:39:03.956480085,Performance,Low,Pending,4
901437,16857,2026-02-09,2026-02-09 19:18:10.488321608,Billing,Medium,Resolved,3
901438,16381,2025-07-18,2025-07-18 16:27:38.057981518,Technical,Medium,Resolved,4
901439,18902,2025-07-27,2025-07-27 07:16:37.095014542,Integration,Medium,Resolved,4
901440,19134,2026-08-04,2026-08-04 13:04:57.410331891,Billing,High,Resolved,5
901441,10374,2025-08-10,2025-08-10 17:12:04.340331964,Feature Request,Low,Resolved,4
901442,19055,2025-06-09,2025-06-09 05:11:15.703524261,Account,Medium,Resolved,3
901443,10211,2026-06-19,2026-06-19 03:44:47.848671045,Feature Request,High,Resolved,4
901444,14405,2026-02-18,2026-02-18 13:41:08.445906913,Billing,High,Resolved,4
901445,15573,2026-05-12,2026-05-12 12:36:44.909310859,Technical,Medium,Resolved,2
901446,17027,2026-05-15,2026-05-15 03:02:28.164144260,Billing,Medium,Resolved,4
901447,16331,2026-02-06,2026-02-07 19:40:52.497907503,Technical,High,Resolved,4
901448,18254,2024-11-27,2024-11-27 14:59:22.396734297,Technical,High,Resolved,1
901449,10869,2024-08-27,2024-08-27 09:31:04.291187498,Billing,Low,Pending,5
901450,11481,2025-07-26,2025-07-26 13:17:19.286769303,Billing,Low,Resolved,4
901451,10197,2025-12-12,2025-12-14 08:17:34.061870410,Billing,Medium,Resolved,5
901452,17717,2025-11-16,2025-11-16 08:28:05.237586429,Technical,Low,Resolved,4
901453,10611,2025-12-10,2025-12-11 12:29:40.567637356,Security,High,Resolved,1
901454,18750,2025-07-14,2025-07-14 12:35:04.908504976,Technical,High,Open,4
901455,14740,2026-01-07,2026-01-07 02:51:01.702408183,Billing,High,Open,5
901456,17269,2024-08-19,2024-08-19 09:22:26.734705345,Integration,Low,Resolved,5
901457,12317,2026-08-05,2026-08-05 12:28:19.597178978,Technical,High,Resolved,3
901458,11960,2024-12-02,2024-12-02 11:20:35.611182610,Technical,Low,Pending,3
901459,10054,2025-12-04,2025-12-04 03:48:12.690892260,Technical,High,Resolved,2
901460,17578,2024-09-14,2024-09-14 22:41:24.034770610,Account,High,Pending,4
901461,11930,2026-07-08,2026-07-08 04:55:21.056587982,Account,Medium,Open,5
901462,10357,2026-04-17,2026-04-17 09:06:25.777620525,Integration,High,Resolved,5
901463,12459,2026-08-02,2026-08-02 05:26:27.288632022,Feature Request,Medium,Resolved,3
901464,11141,2024-09-16,2024-09-16 23:00:38.278060232,Technical,High,Resolved,4
901465,19451,2026-07-14,2026-07-14 04:48:14.735768155,Billing,Medium,Resolved,5
901466,11777,2025-07-13,2025-07-13 04:03:28.410797142,Security,Medium,Resolved,5
901467,15255,2025-12-24,2025-12-24 15:20:21.818829220,Technical,Low,Resolved,4
901468,12822,2026-07-01,2026-07-02 02:57:47.587389717,Account,Medium,Resolved,5
901469,10897,2025-02-03,2025-02-03 14:24:37.309553409,Technical,Low,Resolved,4
901470,15199,2026-01-12,2026-01-12 02:27:11.496758378,Security,Medium,Resolved,5
901471,19398,2024-03-21,2024-03-21 05:24:02.898017362,Performance,High,Resolved,5
901472,13241,2026-08-16,2026-08-16 06:51:30.270219386,Billing,Low,Open,5
901473,19566,2026-07-12,2026-07-12 05:17:00.259473940,Account,Medium,Resolved,4
901474,13358,2025-06-01,2025-06-01 11:36:34.461797205,Billing,Medium,Resolved,5
901475,13982,2026-08-19,2026-08-19 07:52:53.746729824,Security,Low,Resolved,5
901476,11921,2025-10-13,2025-10-13 09:49:51.461913165,Account,Medium,Pending,5
901477,17891,2025-07-06,2025-07-06 17:42:56.161129442,Billing,Medium,Resolved,5
901478,13271,2025-01-20,2025-01-20 09:15:16.552484528,Billing,Medium,Resolved,2
901479,19719,2025-04-28,2025-04-28 12:38:19.456268308,Integration,Low,Resolved,4
901480,14373,2025-11-09,2025-11-09 09:14:48.146647678,Technical,Medium,Resolved,5
901481,16996,2026-06-20,2026-06-20 11:37:22.204568179,Performance,High,Resolved,3
901482,11692,2025-09-27,2025-09-27 03:06:35.890821414,Technical,Low,Resolved,4
901483,19671,2025-08-29,2025-08-29 08:19:05.222631702,Technical,High,Resolved,2
901484,18277,2025-10-17,2025-10-17 14:09:46.082252138,Integration,Medium,Resolved,5
901485,19879,2025-10-03,2025-10-05 00:20:59.899234585,Performance,Critical,Pending,3
901486,10720,2026-06-05,2026-06-06 05:48:50.374951405,Integration,Low,Resolved,5
901487,18265,2026-08-26,2026-08-26 05:54:33.792628788,Integration,Low,Resolved,4
901488,18669,2026-08-12,2026-08-17 15:23:09.030855202,Feature Request,High,Resolved,4
901489,10084,2026-07-26,2026-07-26 14:02:20.855165503,Integration,Low,Resolved,5
901490,14403,2025-06-08,2025-06-08 13:21:22.595184525,Performance,Low,Resolved,5
901491,17708,2025-11-24,2025-11-24 06:25:42.940556302,Integration,Medium,Resolved,4
901492,10882,2025-12-18,2025-12-18 07:05:00.457263978,Technical,Low,Resolved,5
901493,10882,2025-12-18,2025-12-18 02:55:15.861910875,Account,Medium,Open,3
901494,11748,2026-01-10,2026-01-10 08:40:15.730606444,Billing,Low,Resolved,3
901495,11289,2024-03-15,2024-03-15 07:28:31.135307253,Performance,Low,Resolved,5
901496,16745,2026-05-27,2026-05-27 07:14:35.274679612,Billing,Low,Resolved,4
901497,18420,2026-01-07,2026-01-07 02:38:09.061513011,Integration,Medium,Resolved,4
901498,17657,2026-03-19,2026-03-19 01:28:19.146364870,Technical,Medium,Open,4
901499,19124,2026-07-03,2026-07-03 21:24:25.734709929,Account,High,Resolved,5
901500,13708,2025-06-19,2025-06-19 11:25:25.172261954,Feature Request,Medium,Resolved,1
901501,18563,2025-01-25,2025-01-25 12:11:46.482518900,Technical,Medium,Resolved,2
901502,18670,2026-01-30,2026-01-30 04:32:48.752403644,Integration,High,Resolved,4
901503,16162,2024-10-22,2024-10-22 04:06:57.036151126,Integration,Critical,Resolved,5
901504,10105,2025-12-03,2025-12-03 08:25:35.789132571,Billing,Low,Resolved,3
901505,10429,2025-12-20,2025-12-20 07:52:34.768798770,Account,High,Resolved,1
901506,10230,2024-08-07,2024-08-07 12:20:00.780259513,Technical,Low,Resolved,5
901507,15751,2026-02-05,2026-02-05 07:44:48.470626208,Performance,High,Resolved,3
901508,14587,2026-06-18,2026-06-18 09:18:22.385786252,Technical,Low,Resolved,3
901509,17355,2026-07-11,2026-07-11 03:12:46.055051287,Performance,Medium,Resolved,4
901510,18652,2026-06-10,2026-06-10 15:22:18.502198824,Performance,Medium,Resolved,5
901511,16034,2026-06-09,2026-06-09 06:26:12.231371929,Integration,Medium,Resolved,5
901512,14586,2025-12-24,2025-12-24 14:25:27.365638846,Account,Medium,Resolved,5
901513,14554,2026-04-25,2026-04-25 20:45:44.579557674,Performance,Medium,Resolved,2
901514,11447,2026-08-01,2026-08-01 07:14:21.975432540,Feature Request,Medium,Resolved,5
901515,14423,2026-06-21,2026-06-21 10:28:49.039687992,Performance,Medium,Open,5
901516,13271,2024-09-03,2024-09-03 05:00:31.920578168,Account,Medium,Resolved,5
901517,17893,2025-09-22,2025-09-22 05:24:03.220664198,Account,High,Resolved,5
901518,14420,2026-04-26,2026-04-27 18:51:00.417503095,Performance,Low,Resolved,4
901519,14164,2025-02-27,2025-02-27 08:15:35.424934905,Performance,High,Resolved,4
901520,17035,2025-02-15,2025-02-15 04:02:37.500984488,Billing,Medium,Resolved,3
901521,15950,2026-08-17,2026-08-17 13:15:38.349000061,Technical,Low,Resolved,4
901522,17851,2024-07-31,2024-08-01 03:52:06.861270223,Technical,High,Resolved,4
901523,13956,2024-02-07,2024-02-07 16:08:26.254659490,Account,Medium,Resolved,3
901524,12545,2026-02-08,2026-02-08 07:51:02.654873672,Performance,High,Resolved,3
901525,10168,2026-08-18,2026-08-18 05:11:05.160715602,Integration,Medium,Pending,4
901526,13946,2026-04-14,2026-04-14 06:44:20.768100446,Technical,Low,Resolved,4
901527,14994,2026-02-09,2026-02-09 05:37:41.178368863,Integration,Low,Resolved,5
901528,13040,2026-04-30,2026-04-30 15:33:14.001208628,Integration,Medium,Resolved,4
901529,13108,2025-01-03,2025-01-03 11:52:10.137563670,Feature Request,High,Resolved,4
901530,12732,2025-01-16,2025-01-16 05:48:55.158780477,Integration,Medium,Resolved,4
901531,19809,2026-04-03,2026-04-03 15:41:26.833162020,Integration,Medium,Resolved,5
901532,17305,2026-07-21,2026-07-21 13:41:16.333956870,Billing,Medium,Resolved,3
901533,19129,2025-07-05,2025-07-05 15:37:13.025522229,Integration,Low,Resolved,5
901534,10216,2026-02-26,2026-02-26 04:35:34.956866868,Technical,Low,Resolved,1
901535,14745,2026-05-14,2026-05-14 10:16:09.278479934,Billing,Medium,Resolved,2
901536,11768,2025-03-14,2025-03-14 06:35:01.192116573,Performance,Medium,Resolved,5
901537,11109,2025-05-16,2025-05-16 13:09:35.168900335,Performance,High,Resolved,4
901538,10203,2026-08-29,2026-08-29 23:34:12.407904242,Technical,Medium,Resolved,3
901539,17531,2024-12-24,2024-12-24 08:15:26.815172065,Account,Low,Resolved,4
901540,15036,2026-04-16,2026-04-16 15:57:28.293463468,Account,Medium,Pending,2
901541,11619,2026-04-02,2026-04-02 12:12:20.629677978,Integration,Medium,Resolved,4
901542,10822,2025-01-28,2025-01-28 07:22:26.662061146,Technical,Medium,Resolved,4
901543,11489,2026-05-09,2026-05-09 07:44:24.199566244,Integration,Medium,Resolved,5
901544,11544,2026-03-13,2026-03-13 05:36:30.706446535,Feature Request,Medium,Resolved,3
901545,14596,2025-09-15,2025-09-15 04:46:46.625587442,Technical,Critical,Resolved,5
901546,10695,2026-02-04,2026-02-04 21:57:09.295156400,Integration,Low,Resolved,5
901547,12027,2026-07-24,2026-07-24 09:11:27.975761919,Account,Low,Resolved,2
901548,10523,2026-04-11,2026-04-11 06:31:18.661857700,Billing,High,Resolved,3
901549,18864,2026-04-08,2026-04-08 07:37:10.862132016,Technical,High,Resolved,4
901550,15929,2026-05-12,2026-05-12 14:59:16.545026022,Technical,Low,Resolved,4
901551,16834,2026-03-16,2026-03-16 13:14:48.185032491,Account,Medium,Resolved,5
901552,19169,2025-09-08,2025-09-08 10:03:38.949030180,Technical,Medium,Resolved,5
901553,15677,2026-04-25,2026-04-25 09:16:37.587434052,Performance,Medium,Resolved,4
901554,11742,2025-09-29,2025-09-29 11:52:59.773970784,Technical,Low,Resolved,5
901555,17798,2025-10-31,2025-10-31 02:39:18.031447774,Performance,Medium,Resolved,3
901556,18641,2026-07-22,2026-07-22 16:42:41.617730131,Billing,High,Pending,4
901557,14398,2024-04-19,2024-04-19 08:08:45.311772832,Billing,Medium,Pending,3
901558,11699,2026-07-19,2026-07-20 02:26:19.539986892,Integration,Low,Resolved,3
901559,12868,2026-08-12,2026-08-12 11:29:39.371514010,Integration,High,Resolved,3
901560,13728,2025-11-02,2025-11-02 10:48:55.134801057,Integration,Low,Resolved,5
901561,10462,2026-03-22,2026-03-22 06:41:17.901811611,Account,High,Resolved,3
901562,12647,2024-12-25,2024-12-25 09:28:09.429178152,Integration,Medium,Resolved,3
901563,13406,2025-01-20,2025-01-20 09:31:01.368504015,Account,Low,Resolved,3
901564,18381,2025-07-25,2025-07-25 12:45:46.766186200,Billing,High,Resolved,4
901565,15310,2026-04-18,2026-04-18 07:47:39.376646635,Technical,Low,Resolved,1
901566,19174,2026-06-13,2026-06-13 12:30:43.438213278,Performance,Low,Resolved,4
901567,10730,2026-08-31,,Security,Low,Resolved,4
901568,14333,2025-04-10,2025-04-10 09:52:36.333955743,Feature Request,Low,Open,5
901569,13937,2026-04-04,2026-04-04 09:49:58.477644030,Performance,High,Pending,3
901570,12108,2026-06-27,2026-06-27 17:50:45.981570469,Technical,High,Resolved,4
901571,12125,2026-04-28,2026-04-29 05:44:17.345924556,Integration,Low,Resolved,4
901572,15818,2026-07-27,2026-07-28 00:24:40.552220332,Performance,Medium,Resolved,5
901573,19207,2025-01-26,2025-01-26 06:29:38.539579772,Feature Request,Medium,Resolved,2
901574,19702,2025-07-29,2025-07-29 19:35:52.562818600,Billing,Medium,Resolved,5
901575,13166,2025-04-01,2025-04-01 07:12:59.868184420,Technical,Medium,Resolved,5
901576,19729,2025-10-05,2025-10-05 14:51:36.890682174,Performance,Medium,Resolved,5
901577,12072,2026-07-24,2026-07-24 17:20:04.812519829,Technical,Low,Open,3
901578,12921,2025-01-19,2025-01-19 10:53:22.702073042,Technical,Low,Resolved,5
901579,15756,2024-10-19,2024-10-19 05:52:10.339043325,Performance,Medium,Resolved,1
901580,10629,2026-01-27,2026-01-27 02:01:11.883148125,Performance,Low,Resolved,5
901581,18452,2024-11-27,2024-11-27 04:33:20.815584202,Technical,Critical,Resolved,5
901582,11707,2025-06-14,2025-06-14 03:38:51.019435377,Technical,Low,Pending,5
901583,12666,2024-12-20,2024-12-21 08:36:47.266545754,Integration,Medium,Resolved,1
901584,11148,2025-12-14,2025-12-14 07:00:02.561360144,Billing,Low,Resolved,4
901585,17679,2025-08-30,2025-08-30 09:15:45.856624399,Billing,Low,Resolved,3
901586,18035,2026-01-20,2026-01-20 08:50:06.364808822,Security,Medium,Resolved,5
901587,11331,2026-01-19,2026-01-19 07:47:54.416883912,Security,Low,Resolved,4
901588,10591,2025-11-19,2025-11-20 14:11:37.458531801,Account,Medium,Resolved,3
901589,14741,2024-09-30,2024-09-30 07:09:23.309204421,Technical,Low,Open,5
901590,18970,2025-01-17,2025-01-18 09:40:32.729059203,Feature Request,Medium,Resolved,5
901591,12404,2025-09-30,2025-09-30 22:50:55.464348606,Performance,Low,Resolved,4
901592,13904,2024-10-06,2024-10-07 02:21:55.361776125,Technical,Medium,Resolved,4
901593,10357,2026-04-09,2026-04-09 07:20:06.802814356,Feature Request,High,Resolved,3
901594,16433,2025-11-15,2025-11-15 03:43:36.574639089,Performance,High,Open,5
901595,14225,2025-01-16,2025-01-16 22:42:23.992350271,Billing,Medium,Resolved,4
901596,10398,2024-08-21,2024-08-21 06:15:56.632388482,Technical,Medium,Resolved,5
901597,11578,2025-03-04,2025-03-04 05:34:24.799508007,Billing,Medium,Resolved,3
901598,19300,2025-11-06,2025-11-06 09:30:04.760351697,Performance,High,Resolved,5
901599,12399,2024-05-19,2024-05-19 07:46:46.699267958,Performance,Low,Resolved,5
901600,17190,2025-06-05,2025-06-05 11:27:08.276530770,Technical,Medium,Resolved,2
901601,18966,2026-08-21,2026-08-21 03:32:51.265745084,Account,Medium,Open,3
901602,17927,2026-02-25,2026-02-25 06:40:01.436517328,Performance,Low,Resolved,4
901603,15696,2026-07-18,2026-07-18 15:15:48.378404509,Security,Medium,Resolved,4
901604,15430,2026-01-04,2026-01-04 15:50:05.125929907,Security,Critical,Resolved,2
901605,16898,2025-10-25,2025-10-25 11:18:14.856886630,Technical,Medium,Resolved,2
901606,10393,2026-03-29,2026-03-29 11:23:24.913541940,Billing,High,Resolved,5
901607,16744,2026-02-21,2026-02-21 11:43:28.708628044,Security,Medium,Resolved,4
901608,18138,2026-02-16,2026-02-16 05:07:40.293563264,Technical,Medium,Resolved,3
901609,18702,2025-10-13,2025-10-13 10:17:13.118637022,Technical,Medium,Pending,5
901610,15299,2025-06-27,2025-06-27 08:55:08.684373118,Performance,Medium,Pending,5
901611,16037,2024-08-22,2024-08-22 06:26:12.668819496,Performance,High,Resolved,4
901612,10875,2025-09-04,2025-09-06 05:15:21.614327834,Technical,Low,Open,4
901613,14623,2025-02-20,2025-02-20 08:28:56.391525904,Technical,Low,Resolved,3
901614,13780,2026-06-19,2026-06-19 15:34:28.872181351,Technical,Low,Resolved,4
901615,11945,2025-08-15,2025-08-15 12:51:10.601098858,Performance,Low,Open,4
901616,17762,2025-04-19,2025-04-19 06:22:48.098085736,Account,Low,Resolved,2
901617,14583,2025-07-15,2025-07-15 03:05:57.849855172,Feature Request,High,Resolved,5
901618,12211,2025-05-29,2025-05-29 08:46:06.963828952,Technical,Low,Resolved,4
901619,15823,2024-07-13,2024-07-15 06:28:08.390415655,Technical,High,Resolved,5
901620,17699,2025-11-05,2025-11-05 10:54:35.048044144,Security,Critical,Resolved,1
901621,17500,2026-02-16,2026-02-16 06:42:31.202173152,Billing,Medium,Resolved,3
901622,13268,2025-12-18,2025-12-18 05:06:16.882309933,Technical,Medium,Resolved,3
901623,10555,2025-10-14,2025-10-14 04:42:40.732471598,Integration,Low,Resolved,4
901624,11630,2025-12-01,2025-12-01 11:43:01.349367013,Technical,Low,Resolved,5
901625,19925,2025-06-05,2025-06-05 06:25:48.307452178,Account,High,Resolved,4
901626,16859,2025-10-02,2025-10-02 17:37:56.449005229,Technical,Low,Resolved,5
901627,11209,2025-10-19,2025-10-19 23:06:55.121532688,Account,Low,Pending,4
901628,16971,2025-10-28,2025-10-28 07:57:20.902701340,Account,Medium,Open,2
901629,18277,2025-10-17,2025-10-17 11:57:24.140574885,Account,Medium,Resolved,4
901630,19727,2025-10-30,2025-10-30 08:10:05.826595612,Security,Medium,Resolved,5
901631,16155,2025-07-01,2025-07-01 09:40:38.513264091,Technical,High,Resolved,4
901632,19563,2025-11-14,2025-11-14 08:46:07.201841923,Feature Request,Medium,Resolved,5
901633,10575,2025-03-18,2025-03-18 05:11:58.452160340,Integration,Low,Resolved,1
901634,16194,2025-05-14,2025-05-14 10:54:17.974846062,Feature Request,High,Open,4
901635,19555,2025-01-27,2025-01-27 07:45:28.634002038,Technical,Medium,Open,4
901636,14501,2025-08-24,2025-08-24 13:24:33.918239088,Performance,Medium,Resolved,4
901637,11107,2024-11-06,2024-11-06 04:40:03.825290668,Technical,Medium,Resolved,4
901638,15424,2026-02-17,2026-02-17 05:27:01.544485194,Feature Request,Medium,Resolved,4
901639,15530,2026-08-13,2026-08-13 02:20:06.545560527,Technical,Low,Open,4
901640,19322,2025-03-11,2025-03-11 16:09:56.482158286,Billing,Medium,Resolved,4
901641,12225,2026-07-03,2026-07-03 05:01:14.423227312,Technical,High,Resolved,4
901642,10675,2026-01-01,2026-01-01 23:02:31.869350509,Feature Request,Medium,Resolved,4
901643,13360,2026-05-12,2026-05-12 07:19:23.970535842,Technical,Medium,Resolved,1
901644,11216,2026-08-30,2026-08-30 03:17:13.713330451,Technical,High,Resolved,5
901645,10248,2026-04-04,2026-04-04 13:23:45.848303444,Billing,High,Resolved,4
901646,10605,2026-02-04,2026-02-04 20:52:34.986654055,Performance,High,Resolved,4
901647,12926,2026-05-09,2026-05-09 19:28:43.063617428,Security,High,Resolved,3
901648,18502,2026-02-09,2026-02-09 23:16:26.594583434,Performance,Low,Resolved,5
901649,10410,2026-06-16,2026-06-16 16:42:21.547519905,Technical,High,Resolved,4
901650,18661,2025-12-17,2025-12-17 03:54:33.220865620,Feature Request,Critical,Resolved,5
901651,18893,2026-02-12,2026-02-14 06:55:48.054500778,Technical,Medium,Resolved,4
901652,10123,2025-03-07,2025-03-07 06:04:22.826470648,Security,Medium,Pending,4
901653,19744,2026-04-26,2026-04-27 07:34:37.461388753,Integration,Low,Pending,3
901654,13044,2024-11-02,2024-11-02 07:53:58.360021206,Integration,Low,Resolved,4
901655,14218,2026-03-12,2026-03-12 16:02:34.730359630,Billing,High,Resolved,4
901656,10928,2026-03-14,2026-03-14 17:24:15.123300454,Account,Medium,Open,5
901657,19982,2025-07-31,2025-07-31 07:28:27.324529572,Technical,Medium,Resolved,2
901658,13295,2025-09-18,2025-09-19 00:31:56.449733483,Performance,Low,Resolved,5
901659,17584,2025-12-04,2025-12-04 09:29:14.220294255,Performance,High,Resolved,3
901660,11745,2026-03-24,2026-03-24 02:30:07.929409888,Feature Request,Medium,Resolved,4
901661,13323,2026-08-09,2026-08-09 22:49:30.202860000,Integration,High,Open,3
901662,11067,2024-05-18,2024-05-18 03:17:31.833746440,Account,Medium,Resolved,5
901663,16724,2025-04-19,2025-04-20 07:02:11.814012895,Billing,Low,Resolved,5
901664,15431,2025-11-27,2025-11-27 10:39:02.264412344,Account,High,Resolved,4
901665,17984,2025-12-26,2025-12-26 08:40:42.598783315,Integration,Low,Open,5
901666,11881,2026-05-22,2026-05-22 14:16:58.245691313,Billing,Medium,Resolved,5
901667,13237,2024-10-31,2024-10-31 06:46:08.125999557,Technical,Medium,Resolved,4
901668,10972,2025-03-12,2025-03-12 14:39:43.879983656,Integration,Medium,Resolved,5
901669,13368,2026-07-22,2026-07-22 19:34:46.104949747,Account,Low,Resolved,4
901670,14381,2025-11-05,2025-11-05 03:07:14.027451200,Performance,Low,Resolved,4
901671,16984,2026-07-09,2026-07-09 09:59:13.687749895,Performance,Medium,Resolved,4
901672,13766,2025-02-15,2025-02-15 14:34:23.668177468,Billing,Low,Resolved,5
901673,10586,2025-07-04,2025-07-05 04:34:02.835552345,Integration,Medium,Resolved,5
901674,16928,2026-08-09,2026-08-09 08:41:07.161204667,Feature Request,Low,Resolved,4
901675,11071,2026-07-03,2026-07-03 04:28:27.268354311,Technical,High,Resolved,4
901676,14128,2024-07-06,2024-07-06 12:39:31.705281104,Billing,Low,Resolved,4
901677,19573,2025-07-30,2025-07-30 18:30:19.634836834,Account,Low,Resolved,2
901678,17441,2025-10-05,2025-10-05 05:35:58.728585184,Billing,Medium,Resolved,4
901679,12584,2026-07-18,2026-07-18 02:37:51.753904348,Performance,Low,Resolved,4
901680,11113,2026-08-03,2026-08-04 04:03:54.572897995,Integration,Medium,Resolved,4
901681,19545,2025-05-24,2025-05-24 04:32:07.620174427,Performance,Low,Resolved,4
901682,17102,2025-09-30,2025-09-30 04:08:49.762805895,Integration,Low,Resolved,5
901683,16220,2025-08-11,2025-08-11 11:09:12.780764661,Feature Request,Medium,Resolved,2
901684,13090,2024-08-17,2024-08-17 02:45:07.066326646,Billing,High,Resolved,3
901685,10265,2025-07-11,2025-07-11 10:19:56.271998668,Feature Request,Low,Pending,5
901686,15221,2026-07-28,2026-07-28 02:58:04.850527922,Billing,Medium,Resolved,5
901687,16898,2025-10-25,2025-10-26 14:41:01.553361097,Billing,Low,Open,3
901688,11864,2026-01-01,2026-01-01 06:53:05.859775431,Billing,Low,Resolved,5
901689,14855,2026-08-04,2026-08-04 05:02:52.460153120,Billing,High,Resolved,2
901690,19261,2025-04-27,2025-04-27 06:58:05.179515582,Technical,Medium,Resolved,5
901691,18037,2025-01-27,2025-01-27 19:54:27.603630162,Account,Low,Resolved,4
901692,12322,2024-02-09,2024-02-09 16:15:50.152613986,Integration,Low,Resolved,3
901693,13965,2026-08-14,2026-08-14 04:19:10.338869348,Account,Medium,Resolved,4
901694,12164,2026-07-06,2026-07-06 01:36:15.361502133,Technical,Medium,Resolved,5
901695,11996,2025-06-13,2025-06-13 11:45:16.195008409,Feature Request,Medium,Resolved,5
901696,10382,2025-09-26,2025-09-26 09:43:42.052438020,Performance,Medium,Resolved,4
901697,19262,2025-04-15,2025-04-15 19:56:54.860925854,Performance,High,Resolved,5
901698,15721,2026-01-27,2026-01-27 14:21:34.743425983,Integration,Medium,Resolved,2
901699,16970,2024-11-17,2024-11-17 03:52:56.723119644,Account,Low,Resolved,5
901700,13394,2025-09-28,2025-09-29 02:26:22.535766103,Integration,Medium,Resolved,3
901701,15239,2024-03-05,2024-03-06 04:05:36.150288997,Feature Request,Medium,Resolved,2
901702,18042,2024-12-25,2024-12-25 09:20:59.920667743,Performance,Low,Resolved,3
901703,12782,2026-02-18,2026-02-18 06:43:47.043702908,Technical,Medium,Open,3
901704,15586,2026-08-16,2026-08-16 06:09:44.857042592,Account,Low,Resolved,4
901705,10877,2025-08-01,2025-08-01 14:13:05.282720799,Technical,Medium,Resolved,4
901706,19323,2025-08-19,2025-08-19 10:37:35.813365960,Feature Request,High,Resolved,3
901707,13899,2026-08-08,2026-08-08 07:47:20.089092807,Technical,Medium,Resolved,1
901708,15638,2026-05-17,2026-05-17 13:50:55.422344338,Integration,Medium,Resolved,3
901709,17108,2026-05-17,2026-05-17 04:28:39.688349592,Account,Low,Resolved,4
901710,12264,2026-08-10,2026-08-10 12:59:58.383086964,Integration,Low,Resolved,5
901711,17934,2026-05-03,2026-05-03 13:23:03.477587067,Performance,High,Resolved,4
901712,11683,2025-03-18,2025-03-18 04:06:54.874772366,Billing,High,Resolved,4
901713,18966,2026-08-21,2026-08-21 16:57:15.448069098,Feature Request,Medium,Resolved,4
901714,10442,2024-06-29,2024-06-29 05:54:30.190352180,Billing,Medium,Resolved,2
901715,14756,2026-05-27,2026-05-27 04:04:18.392596917,Technical,Low,Resolved,1
901716,14168,2026-02-24,2026-02-24 00:42:16.823812975,Integration,Low,Open,4
901717,10863,2025-06-16,2025-06-16 15:26:34.727692088,Technical,Low,Resolved,2
901718,14363,2026-03-24,2026-03-25 01:33:42.465040786,Integration,Medium,Resolved,4
901719,16861,2024-10-13,2024-10-13 08:56:36.793564314,Technical,Low,Resolved,5
901720,17446,2026-06-27,2026-06-28 01:00:03.111543752,Feature Request,Medium,Resolved,4
901721,10276,2026-05-01,2026-05-01 03:47:15.686751022,Technical,Medium,Resolved,1
901722,13456,2025-10-30,2025-10-30 22:38:02.585703663,Feature Request,High,Resolved,4
901723,18712,2026-01-25,2026-01-26 15:34:59.485911862,Account,Medium,Resolved,5
901724,14454,2026-05-14,2026-05-17 15:18:55.746942426,Account,Medium,Resolved,4
901725,15733,2025-10-02,2025-10-02 18:56:13.783976912,Technical,Low,Open,4
901726,19621,2025-04-13,2025-04-13 21:00:00.916545625,Security,High,Resolved,5
901727,13826,2026-05-11,2026-05-12 02:32:26.773340694,Feature Request,Medium,Open,3
901728,18683,2026-01-28,2026-01-28 06:09:29.299205844,Security,Medium,Open,5
901729,14906,2025-01-18,2025-01-18 09:47:14.757232938,Account,Medium,Pending,5
901730,17727,2025-05-26,2025-05-26 08:53:27.511139382,Account,High,Pending,3
901731,12406,2026-01-22,2026-01-22 05:19:32.125995087,Feature Request,Low,Pending,5
901732,18094,2025-11-24,2025-11-24 09:37:21.855732121,Technical,Medium,Resolved,3
901733,17728,2026-06-17,2026-06-17 19:01:52.845708410,Technical,Medium,Open,5
901734,12562,2026-05-27,2026-05-27 08:36:42.530594277,Integration,High,Resolved,3
901735,14004,2026-08-01,2026-08-01 02:37:16.889305666,Billing,Medium,Resolved,4
901736,12177,2024-06-12,2024-06-12 06:36:00.745277198,Technical,Low,Resolved,2
901737,19356,2025-12-29,2025-12-29 04:30:28.147281199,Technical,High,Resolved,5
901738,17531,2024-12-24,2024-12-24 16:39:53.016073272,Integration,Medium,Pending,2
901739,12848,2025-04-01,2025-04-01 08:44:25.670885380,Feature Request,Low,Resolved,4
901740,18667,2024-08-29,2024-08-29 07:16:50.542851140,Integration,High,Resolved,5
901741,10318,2026-06-22,2026-06-22 11:31:43.934483884,Security,Medium,Resolved,5
901742,19039,2025-07-28,2025-07-28 16:26:09.356597289,Billing,Low,Resolved,5
901743,17198,2026-05-06,2026-05-07 11:19:16.164073498,Integration,Medium,Resolved,3
901744,16985,2025-09-14,2025-09-14 02:41:57.496868476,Performance,Low,Resolved,1
901745,15401,2025-03-01,2025-03-01 05:12:30.951697359,Billing,Medium,Resolved,4
901746,19804,2025-08-16,2025-08-16 23:34:13.317710480,Technical,Low,Resolved,3
901747,17840,2026-08-08,2026-08-08 14:12:37.690260530,Billing,Medium,Resolved,3
901748,12111,2025-12-27,2025-12-27 09:03:10.035844297,Integration,High,Resolved,4
901749,10259,2025-01-05,2025-01-05 03:05:00.278608707,Technical,Medium,Resolved,1
901750,15867,2026-06-09,2026-06-09 10:09:46.697968220,Feature Request,High,Resolved,1
901751,15719,2025-04-11,2025-04-11 07:38:07.311087736,Performance,Low,Resolved,5
901752,18497,2026-02-22,2026-02-22 14:43:19.492970491,Integration,Medium,Resolved,4
901753,15283,2025-10-17,2025-10-17 08:54:52.213488800,Technical,High,Resolved,4
901754,10716,2026-01-26,2026-01-26 15:08:20.634910627,Technical,Medium,Resolved,4
901755,13295,2025-08-04,2025-08-04 03:46:56.526360553,Integration,Low,Resolved,5
901756,17394,2026-08-09,2026-08-09 06:44:52.729860660,Integration,Medium,Resolved,1
901757,17616,2024-09-07,2024-09-07 11:11:20.284481724,Security,Medium,Resolved,4
901758,12634,2025-09-26,2025-09-26 07:12:27.496221062,Technical,Medium,Resolved,3
901759,11152,2024-06-28,2024-06-28 12:49:46.764956600,Feature Request,Low,Resolved,4
901760,11754,2026-08-25,2026-08-25 08:41:43.285537737,Technical,Medium,Resolved,4
901761,15017,2025-03-22,2025-03-22 07:59:20.415342577,Feature Request,Low,Resolved,5
901762,14616,2025-09-07,2025-09-07 13:54:08.390763820,Feature Request,High,Resolved,3
901763,15500,2025-01-10,2025-01-10 03:50:00.115832979,Account,Medium,Resolved,2
901764,16786,2024-03-27,2024-03-27 05:34:31.653258592,Technical,Low,Resolved,4
901765,13911,2025-06-11,2025-06-12 01:46:46.055090524,Feature Request,Low,Resolved,4
901766,15444,2026-04-18,2026-04-18 11:29:31.341620126,Billing,Medium,Resolved,4
901767,11693,2025-10-17,2025-10-17 10:43:27.394760236,Integration,Low,Resolved,4
901768,10031,2026-04-13,2026-04-13 08:50:14.316818110,Integration,Low,Resolved,4
901769,10667,2024-10-09,2024-10-09 10:15:42.384513981,Technical,Medium,Pending,3
901770,12644,2025-11-10,2025-11-10 06:28:42.255854025,Integration,Medium,Open,3
901771,19676,2025-05-08,2025-05-08 11:03:12.542505141,Integration,Medium,Resolved,5
901772,13315,2026-02-10,2026-02-10 22:39:43.417741118,Technical,High,Resolved,2
901773,11802,2025-06-06,2025-06-06 08:54:07.085776932,Technical,Low,Resolved,3
901774,17328,2025-02-24,2025-02-24 04:07:50.998884700,Security,High,Resolved,4
901775,16242,2026-07-01,2026-07-01 05:53:44.341956380,Feature Request,Medium,Resolved,5
901776,12043,2025-07-23,2025-07-23 03:47:09.649016595,Security,Medium,Resolved,5
901777,16352,2025-09-30,2025-09-30 08:33:07.980919559,Integration,Low,Resolved,3
901778,10113,2024-04-04,2024-04-04 11:02:18.721618825,Integration,Low,Resolved,4
901779,14075,2026-07-15,2026-07-15 05:34:09.572323389,Billing,High,Resolved,4
901780,12980,2025-07-01,2025-07-02 01:53:17.332243548,Technical,High,Resolved,5
901781,17201,2025-12-20,2025-12-20 17:09:09.471987918,Technical,Low,Resolved,5
901782,12194,2024-02-21,2024-02-22 03:28:09.819142590,Feature Request,Medium,Resolved,4
901783,12286,2026-03-18,2026-03-18 08:26:17.237238651,Integration,High,Resolved,1
901784,18144,2025-12-14,2025-12-14 05:42:00.462614958,Integration,High,Resolved,5
901785,19595,2025-10-31,2025-10-31 06:46:47.609957697,Performance,Low,Resolved,4
901786,19181,2024-07-14,2024-07-14 05:07:55.697866924,Billing,Low,Resolved,1
901787,17132,2025-06-30,2025-06-30 23:14:28.536536497,Technical,Medium,Resolved,5
901788,12503,2024-04-11,2024-04-11 06:04:47.995183851,Performance,Medium,Resolved,4
901789,16308,2026-05-04,2026-05-04 15:22:07.221764348,Technical,Medium,Resolved,4
901790,15523,2025-12-15,2025-12-15 10:44:12.307295270,Performance,Medium,Resolved,4
901791,19780,2026-05-30,2026-05-30 04:29:17.851342884,Integration,Medium,Resolved,4
901792,12283,2025-12-27,2025-12-28 14:53:15.929816323,Feature Request,Medium,Resolved,4
901793,19537,2026-03-30,2026-03-30 08:16:28.625823868,Performance,Medium,Resolved,1
901794,10862,2025-11-14,2025-11-14 12:32:52.803753579,Account,Medium,Resolved,4
901795,18491,2024-07-16,2024-07-16 20:03:54.891618454,Integration,Critical,Resolved,4
901796,10577,2026-07-30,2026-07-31 01:45:39.857410544,Performance,High,Resolved,5
901797,10630,2026-04-24,2026-04-24 05:28:44.951929492,Performance,Medium,Resolved,5
901798,15604,2025-05-26,2025-05-26 07:19:53.135393516,Integration,Low,Resolved,3
901799,17288,2025-10-28,2025-10-28 07:25:06.765144225,Billing,Low,Resolved,5
901800,18817,2026-08-31,,Integration,Low,Open,4
901801,16735,2026-04-29,2026-04-29 09:08:27.239510216,Performance,Low,Pending,2
901802,10144,2026-06-25,2026-06-25 04:05:21.291584751,Security,Medium,Resolved,3
901803,12046,2026-06-18,2026-06-18 04:44:24.925703078,Performance,Low,Resolved,5
901804,16321,2026-03-25,2026-03-25 11:20:13.598820798,Technical,Medium,Resolved,4
901805,13711,2026-05-24,2026-05-25 00:17:09.196146319,Integration,Medium,Resolved,1
901806,16065,2026-01-24,2026-01-24 05:10:03.414535910,Technical,Critical,Open,5
901807,15562,2026-02-05,2026-02-05 07:38:42.345295494,Technical,Medium,Resolved,5
901808,15998,2025-05-29,2025-05-29 09:34:10.074877517,Technical,Medium,Resolved,5
901809,19305,2024-10-04,2024-10-04 23:58:09.616639800,Performance,Medium,Resolved,4
901810,15737,2025-04-07,2025-04-07 06:35:21.778493262,Account,Medium,Resolved,2
901811,12906,2026-07-24,2026-07-24 09:46:21.383674399,Technical,Medium,Resolved,5
901812,17287,2026-08-19,2026-08-19 04:28:38.307809373,Account,Medium,Resolved,5
901813,19833,2025-03-11,2025-03-11 03:23:41.633708668,Technical,Low,Resolved,4
901814,18048,2025-04-30,2025-04-30 16:30:48.417152090,Performance,Low,Resolved,5
901815,16696,2026-07-12,2026-07-12 11:06:52.952391154,Technical,Medium,Resolved,4
901816,14479,2026-07-19,2026-07-19 03:15:57.266051680,Account,Medium,Resolved,4
901817,17565,2025-05-15,2025-05-15 12:13:26.110865384,Performance,Critical,Resolved,4
901818,13841,2026-07-11,2026-07-11 08:04:44.754850750,Account,Low,Resolved,4
901819,13560,2025-12-15,2025-12-15 14:49:52.947572574,Billing,Low,Resolved,4
901820,19070,2026-07-31,2026-07-31 19:48:23.000165521,Technical,Medium,Resolved,4
901821,19755,2026-05-04,2026-05-04 10:08:06.294671444,Integration,Medium,Resolved,5
901822,11429,2025-04-27,2025-04-27 09:05:51.437355399,Technical,High,Resolved,1
901823,17156,2024-07-30,2024-07-30 10:58:31.223171812,Billing,Medium,Resolved,1
901824,18866,2026-08-28,2026-08-28 02:54:46.245807457,Performance,Medium,Open,3
901825,10309,2026-07-23,2026-07-23 06:47:42.048633829,Performance,Medium,Resolved,5
901826,11092,2026-01-31,2026-01-31 03:39:25.595714674,Billing,Medium,Resolved,4
901827,17106,2026-05-13,2026-05-13 20:33:12.522143595,Billing,Low,Resolved,5
901828,16718,2026-03-06,2026-03-06 09:38:15.996751393,Technical,Medium,Resolved,5
901829,14251,2025-06-27,2025-06-27 23:23:12.256762776,Security,Medium,Resolved,4
901830,17076,2026-05-09,2026-05-09 03:03:03.673913623,Technical,Low,Resolved,4
901831,10190,2025-05-04,2025-05-04 08:35:24.074520590,Integration,High,Resolved,4
901832,12639,2024-12-16,2024-12-16 08:13:16.849315905,Integration,Medium,Resolved,4
901833,19811,2026-03-11,2026-03-11 19:10:54.697809536,Account,Critical,Resolved,5
901834,17164,2025-04-04,2025-04-04 18:20:21.237496800,Technical,Low,Open,5
901835,11132,2026-03-19,2026-03-20 03:33:42.132233746,Billing,Medium,Resolved,5
901836,14523,2026-07-17,2026-07-17 13:27:27.498627802,Technical,High,Resolved,3
901837,12767,2026-06-27,2026-06-27 13:32:03.645094765,Integration,Low,Resolved,4
901838,15918,2026-06-02,2026-06-02 03:50:49.859677442,Billing,Medium,Resolved,5
901839,11019,2025-12-25,2025-12-25 09:26:25.119022862,Feature Request,Low,Open,2
901840,11909,2025-11-02,2025-11-02 05:23:09.108315607,Technical,Low,Resolved,3
901841,15218,2026-02-19,2026-02-19 10:12:38.262228487,Feature Request,High,Open,4
901842,19541,2025-10-16,2025-10-16 04:17:27.133054206,Feature Request,Medium,Resolved,2
901843,12513,2026-06-08,2026-06-08 07:32:32.759717287,Account,Medium,Resolved,4
901844,11895,2025-09-22,2025-09-22 14:03:06.779260339,Account,Low,Resolved,5
901845,10783,2025-08-06,2025-08-06 09:29:05.679969975,Integration,Medium,Resolved,4
901846,14165,2025-11-04,2025-11-04 07:37:16.723798816,Technical,Low,Resolved,5
901847,13170,2024-07-09,2024-07-09 16:59:22.437130880,Performance,High,Resolved,5
901848,10728,2025-10-11,2025-10-11 15:18:55.565368311,Billing,Medium,Resolved,2
901849,12909,2026-02-20,2026-02-20 18:24:02.279872220,Feature Request,Low,Resolved,4
901850,17796,2026-07-11,2026-07-11 16:19:56.156122930,Account,Medium,Resolved,4
901851,17483,2025-01-11,2025-01-11 05:33:44.924231015,Feature Request,Low,Resolved,5
901852,18408,2026-03-06,2026-03-06 14:15:13.566203463,Technical,High,Open,3
901853,11875,2026-01-04,2026-01-04 09:46:10.350195686,Technical,Medium,Resolved,5
901854,17009,2026-07-04,2026-07-04 09:12:22.993123176,Performance,Medium,Resolved,5
901855,16896,2026-02-27,2026-02-27 06:03:50.638231414,Integration,High,Resolved,5
901856,17578,2025-03-22,2025-03-22 03:41:47.732846100,Integration,Medium,Resolved,4
901857,11412,2024-05-30,2024-05-30 02:37:41.334503577,Integration,High,Resolved,3
901858,13685,2024-03-25,2024-03-26 17:51:11.078964342,Technical,Medium,Resolved,1
901859,16135,2026-08-09,2026-08-09 08:13:07.296026559,Integration,Medium,Resolved,1
901860,16428,2025-11-22,2025-11-22 08:48:46.819226286,Technical,Medium,Resolved,4
901861,18868,2025-09-26,2025-09-26 06:01:21.903063106,Integration,Low,Resolved,4
901862,11005,2026-03-29,2026-03-29 20:09:08.460188784,Integration,High,Resolved,5
901863,13639,2025-10-27,2025-10-27 10:08:47.556304083,Technical,Medium,Resolved,4
901864,18982,2024-12-31,2024-12-31 09:39:49.135003102,Technical,Low,Resolved,4
901865,12917,2026-06-06,2026-06-06 10:47:05.455973328,Performance,Medium,Resolved,5
901866,10066,2026-05-06,2026-05-06 12:14:50.215939148,Feature Request,Medium,Resolved,2
901867,11915,2026-08-18,2026-08-18 22:10:19.967642605,Account,High,Resolved,3
901868,12911,2026-02-16,2026-02-16 06:20:15.342434545,Technical,High,Open,4
901869,16641,2024-10-12,2024-10-12 12:49:29.319145478,Technical,High,Resolved,5
901870,11932,2024-12-14,2024-12-14 14:35:59.375237161,Technical,Medium,Open,2
901871,12156,2025-11-18,2025-11-18 02:19:23.818315843,Integration,Medium,Open,3
901872,16215,2024-03-05,2024-03-05 04:05:34.642750945,Account,Medium,Resolved,4
901873,10308,2026-03-04,2026-03-04 07:59:02.358527200,Performance,Medium,Resolved,4
901874,14207,2026-04-08,2026-04-08 10:13:56.382247174,Feature Request,Medium,Resolved,3
901875,14822,2025-06-22,2025-06-22 17:41:27.995831437,Technical,High,Resolved,2
901876,11878,2026-08-25,2026-08-25 02:47:55.026772047,Performance,Medium,Resolved,1
901877,14868,2026-06-18,2026-06-18 06:28:21.511730546,Integration,Low,Resolved,5
901878,11513,2025-01-09,2025-01-09 02:52:24.991900514,Feature Request,Low,Resolved,5
901879,12588,2024-10-22,2024-10-22 10:18:43.681493772,Integration,Low,Resolved,5
901880,17929,2026-03-20,2026-03-20 08:22:36.493283064,Feature Request,Medium,Resolved,4
901881,10341,2025-12-05,2025-12-05 12:01:41.043675817,Integration,Medium,Resolved,4
901882,17615,2024-04-03,2024-04-03 19:07:27.568314721,Performance,Medium,Resolved,4
901883,13616,2026-07-09,2026-07-10 11:17:30.551049513,Billing,Low,Resolved,3
901884,19135,2026-08-13,2026-08-14 16:18:04.557140748,Integration,Medium,Resolved,4
901885,19266,2025-12-09,2025-12-09 13:32:56.306186314,Technical,Medium,Resolved,5
901886,17439,2026-03-16,2026-03-16 06:31:51.143955182,Integration,Medium,Resolved,5
901887,15541,2024-08-30,2024-08-30 03:35:59.882469871,Account,Low,Resolved,4
901888,10157,2026-01-10,2026-01-10 04:46:27.072646050,Billing,Low,Resolved,5
901889,12094,2026-08-17,2026-08-18 00:41:09.341994364,Technical,Medium,Resolved,2
901890,15357,2026-07-26,2026-07-26 19:00:33.496394101,Technical,Low,Resolved,1
901891,15937,2025-07-14,2025-07-14 06:49:58.456526455,Feature Request,Low,Resolved,5
901892,11473,2025-08-16,2025-08-16 07:01:03.621243342,Performance,Low,Open,5
901893,14737,2026-04-03,2026-04-03 10:51:45.191488413,Integration,Low,Resolved,1
901894,13239,2024-11-10,2024-11-10 03:15:57.972871170,Account,Medium,Resolved,3
901895,15361,2026-08-22,2026-08-22 08:18:37.248206238,Performance,Low,Resolved,4
901896,11810,2026-07-16,2026-07-16 11:30:57.295469358,Integration,Medium,Resolved,5
901897,14016,2026-08-03,2026-08-04 22:20:09.665573607,Billing,Low,Resolved,5
901898,12972,2025-10-14,2025-10-14 06:42:14.310855273,Account,Medium,Open,2
901899,14579,2025-02-14,2025-02-14 17:14:42.899662543,Technical,High,Pending,5
901900,17350,2024-08-23,2024-08-23 10:29:39.021541922,Integration,Medium,Resolved,3
901901,13323,2025-03-19,2025-03-19 07:31:06.289143434,Account,Low,Pending,1
901902,16513,2024-11-08,2024-11-08 10:55:36.018172056,Account,Medium,Resolved,4
901903,10717,2026-02-26,2026-02-27 03:11:19.612500648,Performance,Medium,Open,4
901904,10585,2024-11-04,2024-11-04 12:38:54.575577704,Feature Request,Low,Resolved,2
901905,15125,2025-11-09,2025-11-10 09:02:14.167199695,Technical,Medium,Resolved,5
901906,19563,2026-04-10,2026-04-10 08:31:27.449970394,Technical,Low,Resolved,5
901907,11125,2026-08-22,2026-08-22 19:22:58.940420714,Feature Request,Low,Resolved,3
901908,11108,2026-08-16,2026-08-17 08:27:32.837667850,Technical,Medium,Resolved,5
901909,11225,2026-05-27,2026-05-27 06:11:41.093798629,Performance,Low,Resolved,5
901910,10908,2024-09-30,2024-09-30 06:28:04.857404764,Security,Medium,Resolved,3
901911,11665,2026-07-11,2026-07-11 08:11:01.339168833,Technical,Low,Resolved,3
901912,14442,2026-03-17,2026-03-18 16:00:07.794027414,Technical,Low,Open,3
901913,17914,2024-10-03,2024-10-03 07:30:38.043482680,Security,Medium,Resolved,5
901914,17320,2026-06-23,2026-06-23 20:11:34.705837842,Technical,Medium,Resolved,4
901915,15746,2025-07-02,2025-07-02 13:56:35.558294334,Billing,Low,Open,3
901916,16485,2025-03-10,2025-03-10 10:07:33.403757203,Feature Request,Low,Resolved,1
901917,13599,2025-10-26,2025-10-27 01:12:43.429587462,Account,Medium,Resolved,5
901918,15400,2025-05-26,2025-05-26 09:01:09.491511316,Billing,Low,Resolved,2
901919,15222,2026-08-03,2026-08-04 15:42:41.538573424,Billing,Medium,Resolved,4
901920,18580,2026-03-21,2026-03-21 20:05:40.554163392,Feature Request,Medium,Resolved,5
901921,12164,2026-02-05,2026-02-05 18:09:20.556636483,Performance,High,Resolved,5
901922,18878,2026-04-13,2026-04-14 01:54:20.270129767,Feature Request,Medium,Resolved,3
901923,19909,2026-01-05,2026-01-05 06:42:19.486637164,Feature Request,Low,Resolved,4
901924,15024,2026-01-07,2026-01-07 07:09:47.959789582,Technical,Medium,Resolved,4
901925,15892,2026-01-24,2026-01-24 06:52:13.795466988,Technical,Low,Resolved,2
901926,17736,2026-03-18,2026-03-18 17:47:21.657050372,Feature Request,Low,Resolved,5
901927,18159,2026-08-03,2026-08-03 09:14:23.195542023,Technical,Low,Resolved,4
901928,10357,2026-05-25,2026-05-25 20:35:41.714033402,Performance,Medium,Open,5
901929,15490,2026-06-23,2026-06-23 13:40:38.430793203,Performance,Medium,Resolved,3
901930,19794,2026-04-16,2026-04-16 16:24:41.960839046,Performance,High,Resolved,4
901931,11951,2024-07-03,2024-07-03 22:19:34.912330014,Technical,High,Resolved,4
901932,13139,2025-07-03,2025-07-03 09:39:45.756834670,Billing,Medium,Resolved,5
901933,14785,2025-05-13,2025-05-13 08:11:58.827357585,Billing,Medium,Resolved,2
901934,18123,2025-06-18,2025-06-18 10:05:26.501453185,Performance,Medium,Resolved,3
901935,19712,2026-03-04,2026-03-04 19:19:10.945241475,Billing,Critical,Resolved,3
901936,17929,2025-12-14,2025-12-14 09:39:32.813664645,Account,Low,Resolved,2
901937,17964,2026-01-03,2026-01-03 05:24:31.145767534,Billing,Medium,Resolved,5
901938,12888,2026-02-22,2026-02-22 14:50:28.911738786,Performance,Low,Resolved,2
901939,16529,2025-06-19,2025-06-19 07:40:27.138428241,Billing,Low,Resolved,5
901940,19646,2025-08-09,2025-08-09 07:11:26.967263816,Integration,High,Resolved,3
901941,11067,2024-10-25,2024-10-25 14:00:03.241063684,Billing,Low,Resolved,1
901942,18811,2026-04-22,2026-04-22 04:25:16.715929249,Technical,Medium,Resolved,4
901943,11995,2025-12-23,2025-12-23 10:13:50.855638551,Technical,High,Resolved,5
901944,16320,2024-11-18,2024-11-18 08:15:53.661258774,Account,Low,Resolved,4
901945,15271,2024-12-12,2024-12-12 15:48:28.724900965,Billing,Low,Resolved,4
901946,13833,2026-08-12,2026-08-12 11:15:32.599555974,Feature Request,High,Resolved,4
901947,10566,2026-02-19,2026-02-19 08:39:56.700709297,Billing,High,Resolved,4
901948,15622,2025-08-28,2025-08-28 03:20:32.007099019,Technical,High,Resolved,3
901949,17125,2025-12-10,2025-12-11 12:54:37.583561959,Technical,Low,Resolved,4
901950,18809,2026-03-18,2026-03-18 14:59:04.341896520,Integration,Low,Resolved,4
901951,17352,2026-08-07,2026-08-07 06:06:41.886396072,Performance,Medium,Resolved,3
901952,15449,2025-06-09,2025-06-09 04:22:05.699352201,Account,Low,Resolved,5
901953,10464,2024-07-19,2024-07-19 04:49:48.096294229,Account,Low,Resolved,4
901954,16155,2025-07-10,2025-07-10 10:49:54.283890255,Feature Request,Medium,Resolved,1
901955,11589,2026-04-08,2026-04-08 11:35:23.786322622,Technical,Medium,Resolved,4
901956,19820,2025-11-05,2025-11-05 09:09:16.414256106,Integration,Medium,Resolved,1
901957,10682,2024-10-21,2024-10-21 04:29:24.116391034,Billing,Low,Resolved,5
901958,16211,2025-02-08,2025-02-08 20:53:20.951005387,Technical,High,Resolved,5
901959,19494,2025-02-01,2025-02-01 03:38:38.534479587,Feature Request,Low,Resolved,5
901960,16210,2025-08-08,2025-08-08 17:19:09.273158979,Billing,Low,Pending,3
901961,14817,2026-08-31,,Security,High,Resolved,5
901962,10442,2025-10-14,2025-10-14 06:38:59.985214569,Technical,Medium,Resolved,3
901963,14607,2025-10-24,2025-10-24 12:02:10.824482817,Account,Medium,Resolved,4
901964,16012,2025-03-10,2025-03-10 16:21:07.126179213,Technical,Low,Resolved,3
901965,12686,2026-08-01,2026-08-01 17:06:42.399138261,Integration,Low,Resolved,3
901966,15277,2026-07-08,2026-07-08 18:11:41.714671740,Performance,High,Resolved,4
901967,16423,2026-05-30,2026-05-30 13:22:04.632382912,Technical,Low,Resolved,4
901968,19246,2026-01-10,2026-01-10 06:24:04.540386340,Integration,Medium,Resolved,4
901969,19591,2026-06-28,2026-06-28 04:59:19.340726748,Technical,Medium,Pending,5
901970,13270,2025-11-23,2025-11-23 10:50:24.696809988,Technical,Low,Resolved,5
901971,11673,2025-01-07,2025-01-07 04:44:46.124684282,Technical,Low,Resolved,3
901972,13244,2026-03-10,2026-03-10 08:39:15.763344688,Billing,Medium,Resolved,5
901973,17108,2026-05-17,2026-05-17 08:24:34.839436222,Technical,Medium,Resolved,4
901974,10376,2025-02-05,2025-02-05 08:46:52.698307188,Technical,Low,Resolved,3
901975,10719,2024-01-15,2024-01-15 04:29:04.461987188,Account,High,Resolved,1
901976,19811,2026-08-31,,Integration,Medium,Resolved,4
901977,10878,2025-08-17,2025-08-18 09:08:19.328376703,Technical,Low,Resolved,5
901978,16463,2025-08-27,2025-08-27 08:46:58.032527390,Performance,Medium,Resolved,3
901979,14405,2026-02-18,2026-02-19 13:07:05.448023983,Feature Request,Medium,Resolved,5
901980,10666,2026-05-13,2026-05-13 05:37:13.915005650,Technical,Low,Resolved,4
901981,16218,2026-07-22,2026-07-22 09:15:37.288165860,Technical,High,Open,4
901982,16769,2024-12-19,2024-12-19 09:26:19.618139745,Technical,Medium,Resolved,5
901983,10694,2024-12-11,2024-12-11 02:38:27.861150523,Feature Request,Medium,Pending,4
901984,10211,2026-05-01,2026-05-01 13:41:47.963632390,Feature Request,Medium,Resolved,3
901985,11916,2026-04-04,2026-04-04 18:39:40.764574753,Security,High,Resolved,5
901986,16105,2024-12-31,2024-12-31 09:06:23.060457050,Performance,Low,Resolved,4
901987,11944,2025-12-02,2025-12-02 22:13:12.417612330,Feature Request,Medium,Open,5
901988,11569,2026-07-04,2026-07-04 13:26:10.763609197,Performance,Low,Resolved,4
901989,11211,2025-03-14,2025-03-15 05:53:10.101512907,Technical,Critical,Resolved,5
901990,11596,2026-08-28,2026-08-28 09:53:17.645840275,Integration,Medium,Resolved,5
901991,16520,2025-08-12,2025-08-12 07:25:56.067571185,Billing,Low,Resolved,4
901992,12736,2025-05-06,2025-05-06 11:36:27.089349516,Integration,Low,Pending,1
901993,13959,2026-04-03,2026-04-03 06:40:20.828436902,Integration,Medium,Resolved,2
901994,18919,2026-08-12,2026-08-12 14:51:13.039867987,Feature Request,Medium,Resolved,5
901995,10004,2025-04-03,2025-04-03 10:51:19.745942868,Performance,Low,Open,5
901996,15017,2025-03-22,2025-03-22 15:35:42.871840249,Feature Request,Medium,Resolved,4
901997,14520,2026-06-14,2026-06-14 12:00:11.504482005,Security,High,Open,5
901998,17215,2025-05-07,2025-05-07 19:29:01.717890648,Account,Low,Resolved,2
901999,18631,2024-08-25,2024-08-25 07:50:55.847958982,Billing,High,Resolved,4
902000,18695,2025-04-07,2025-04-07 04:05:41.021857824,Account,Low,Resolved,5
902001,18877,2026-03-28,2026-03-28 07:50:41.686344675,Account,Medium,Resolved,4
902002,17804,2026-05-30,2026-05-30 11:24:45.390341671,Technical,Medium,Resolved,3
902003,10593,2025-12-09,2025-12-09 13:52:38.479703102,Technical,Medium,Resolved,5
902004,13100,2025-02-25,2025-02-25 03:23:08.211739279,Security,Critical,Resolved,5
902005,17512,2026-02-27,2026-02-27 12:00:18.784407913,Technical,High,Resolved,3
902006,14980,2026-05-20,2026-05-20 01:16:48.865172844,Technical,Medium,Resolved,1
902007,17813,2025-04-10,2025-04-10 02:55:08.492980414,Integration,Low,Resolved,4
902008,14497,2024-10-12,2024-10-12 10:01:14.499544155,Integration,Medium,Resolved,5
902009,17836,2024-06-17,2024-06-17 05:52:32.793110824,Feature Request,Medium,Resolved,5
902010,14528,2025-01-15,2025-01-15 08:24:40.338146073,Security,Low,Resolved,5
902011,11592,2025-04-08,2025-04-08 06:23:36.950162168,Technical,Medium,Resolved,4
902012,12795,2025-02-26,2025-02-26 12:20:28.383664678,Integration,Medium,Resolved,4
902013,19901,2025-05-31,2025-05-31 05:28:25.221841050,Feature Request,Low,Resolved,5
902014,16218,2026-04-30,2026-05-01 02:14:47.449019493,Billing,Low,Pending,1
902015,16073,2026-03-03,2026-03-03 07:52:24.950561534,Account,High,Resolved,3
902016,16670,2026-02-27,2026-02-27 13:38:58.468217308,Billing,Medium,Resolved,3
902017,19330,2025-08-22,2025-08-24 09:17:09.680923654,Integration,Low,Resolved,4
902018,13481,2025-03-09,2025-03-09 20:51:01.070115040,Integration,Medium,Resolved,4
902019,10841,2024-06-19,2024-06-19 06:12:21.033128070,Performance,Medium,Resolved,4
902020,12440,2025-07-28,2025-07-28 04:16:40.333020124,Technical,High,Resolved,5
902021,16055,2025-03-28,2025-03-28 19:56:47.786822696,Technical,Low,Resolved,4
902022,11097,2025-05-08,2025-05-08 04:22:44.166671292,Technical,Critical,Resolved,4
902023,17545,2026-02-03,2026-02-05 02:53:37.343367232,Technical,Low,Pending,4
902024,14049,2025-11-25,2025-11-25 02:13:04.351849518,Billing,High,Resolved,2
902025,14183,2024-08-01,2024-08-01 05:06:34.237106298,Technical,Low,Resolved,5
902026,19743,2026-04-21,2026-04-21 20:05:46.366969106,Technical,High,Resolved,3
902027,18650,2026-03-31,2026-03-31 13:49:07.996232452,Account,Medium,Resolved,3
902028,10812,2025-11-23,2025-11-23 09:35:35.321000060,Performance,Medium,Resolved,3
902029,15174,2025-12-11,2025-12-11 04:10:41.655047415,Feature Request,High,Resolved,2
902030,12619,2025-04-24,2025-04-24 03:49:23.760265634,Technical,Low,Resolved,3
902031,16868,2026-04-27,2026-04-27 18:29:28.503377394,Feature Request,Low,Resolved,4
902032,15468,2026-08-20,2026-08-20 09:24:17.866847592,Billing,Medium,Open,2
902033,15428,2025-09-10,2025-09-10 07:06:12.417793437,Account,Low,Open,5
902034,16441,2026-04-20,2026-04-20 04:56:18.217416519,Billing,High,Open,4
902035,10566,2026-02-19,2026-02-19 07:55:09.330412688,Billing,Medium,Resolved,4
902036,19185,2025-03-16,2025-03-16 02:51:47.857599111,Integration,Medium,Resolved,5
902037,13069,2024-08-06,2024-08-06 09:30:04.975350231,Account,Medium,Resolved,3
902038,11273,2026-08-16,2026-08-16 04:57:56.361803886,Performance,Medium,Resolved,5
902039,11245,2025-06-24,2025-06-25 19:08:00.283259911,Technical,Low,Resolved,3
902040,10599,2025-08-25,2025-08-25 11:06:25.033437907,Integration,Low,Resolved,4
902041,12431,2025-09-29,2025-09-29 03:58:04.412493778,Technical,Medium,Resolved,3
902042,13343,2026-04-24,2026-04-24 18:15:50.437589115,Integration,Low,Resolved,5
902043,15366,2024-12-02,2024-12-03 07:01:36.508766948,Performance,Medium,Resolved,5
902044,15869,2026-08-23,2026-08-23 16:26:01.820574927,Account,Critical,Resolved,5
902045,17311,2026-05-24,2026-05-25 22:22:09.179555905,Security,Low,Resolved,4
902046,10713,2026-06-28,2026-06-28 09:42:00.282225531,Integration,Low,Pending,4
902047,19959,2026-07-15,2026-07-15 17:17:06.961308900,Billing,Medium,Open,4
902048,12196,2025-09-29,2025-09-29 05:51:43.771633297,Integration,Low,Resolved,4
902049,15286,2025-02-03,2025-02-03 05:14:20.768259987,Security,Low,Resolved,4
902050,18249,2025-04-21,2025-04-21 11:40:12.705865946,Billing,High,Resolved,5
902051,13127,2026-01-17,2026-01-17 10:23:10.531578559,Billing,Medium,Resolved,3
902052,13869,2025-02-08,2025-02-08 07:38:51.904957128,Feature Request,Medium,Resolved,5
902053,18590,2026-05-19,2026-05-19 11:21:03.445460884,Performance,High,Resolved,2
902054,13891,2024-12-09,2024-12-09 16:47:33.004761525,Technical,Medium,Resolved,3
902055,12026,2025-08-22,2025-08-22 14:57:23.464636858,Account,Low,Resolved,2
902056,12831,2024-04-22,2024-04-22 15:32:39.190015082,Technical,Low,Resolved,3
902057,13645,2025-06-25,2025-06-25 05:31:32.378823912,Integration,Medium,Pending,4
902058,16385,2025-02-06,2025-02-06 14:19:13.691798688,Account,Low,Resolved,2
902059,10877,2026-04-24,2026-04-24 21:47:40.176694140,Account,Medium,Resolved,5
902060,18306,2025-03-13,2025-03-13 07:38:55.033609120,Account,Critical,Pending,2
902061,10440,2026-04-09,2026-04-09 05:43:50.452157348,Performance,Low,Resolved,5
902062,10874,2025-02-24,2025-02-24 13:38:48.656023908,Technical,Medium,Resolved,1
902063,11830,2025-02-19,2025-02-19 15:41:41.836466385,Technical,High,Resolved,4
902064,14238,2025-08-15,2025-08-15 04:44:36.132880948,Security,Medium,Resolved,4
902065,11926,2026-08-24,2026-08-24 17:20:31.579754438,Feature Request,Medium,Resolved,5
902066,14610,2025-10-09,2025-10-09 03:08:13.367812257,Account,Low,Resolved,5
902067,16292,2025-02-09,2025-02-09 06:50:40.391749158,Feature Request,Medium,Resolved,4
902068,18412,2025-05-13,2025-05-14 00:44:32.697614896,Feature Request,Low,Resolved,5
902069,13431,2025-09-07,2025-09-07 22:19:31.062054000,Technical,Low,Resolved,4
902070,12696,2024-06-24,2024-06-24 08:39:50.797746273,Feature Request,Medium,Resolved,4
902071,15044,2026-03-25,2026-03-25 18:03:48.729079393,Integration,Low,Resolved,1
902072,17422,2026-07-04,2026-07-04 11:49:36.059288948,Integration,High,Resolved,3
902073,17830,2025-01-26,2025-01-26 03:58:41.815208384,Account,High,Open,3
902074,14059,2025-09-18,2025-09-18 19:45:57.227700362,Technical,Critical,Resolved,4
902075,11939,2026-04-16,2026-04-16 05:06:01.901382843,Integration,Medium,Resolved,4
902076,12199,2026-04-08,2026-04-08 03:36:34.885124179,Feature Request,Low,Resolved,5
902077,18499,2024-04-11,2024-04-11 07:14:09.552544573,Billing,Low,Resolved,3
902078,17275,2025-07-31,2025-07-31 06:09:01.448615502,Integration,Low,Resolved,4
902079,10804,2025-09-30,2025-09-30 16:09:55.469088097,Billing,Low,Resolved,3
902080,18455,2026-08-29,2026-08-29 13:19:09.852184556,Technical,Low,Resolved,3
902081,17791,2024-02-15,2024-02-15 11:23:59.809598062,Account,Medium,Resolved,5
902082,16826,2025-06-21,2025-06-22 03:44:11.519281143,Integration,Medium,Pending,3
902083,11422,2025-02-01,2025-02-02 07:08:33.969758492,Billing,Medium,Resolved,3
902084,10055,2025-12-27,2025-12-28 01:13:32.867078397,Feature Request,Medium,Resolved,1
902085,11312,2025-06-23,2025-06-23 04:26:14.652694507,Security,Low,Resolved,3
902086,13759,2024-09-23,2024-09-23 06:53:59.635467801,Performance,Low,Resolved,3
902087,18326,2024-11-21,2024-11-21 15:56:35.608243930,Integration,Medium,Resolved,5
902088,13381,2024-02-29,2024-02-29 07:21:07.274175256,Technical,Low,Resolved,1
902089,16386,2025-10-14,2025-10-14 05:40:03.895375044,Technical,Low,Open,1
902090,13398,2026-05-29,2026-05-30 19:58:39.162706989,Performance,Low,Resolved,3
902091,18682,2026-03-01,2026-03-01 09:38:36.743121495,Billing,Low,Pending,5
902092,10743,2024-04-27,2024-04-27 16:11:23.847873676,Security,Medium,Resolved,4
902093,19367,2024-12-21,2024-12-21 05:28:27.028209615,Technical,Medium,Resolved,4
902094,12911,2025-12-14,2025-12-14 09:50:21.871593715,Technical,Medium,Open,3
902095,18658,2026-06-27,2026-06-27 11:56:32.296097670,Billing,Medium,Resolved,5
902096,12305,2025-05-14,2025-05-14 17:28:21.503982194,Technical,Low,Open,4
902097,16902,2026-07-23,2026-07-23 06:35:47.191280665,Performance,Low,Resolved,5
902098,17903,2026-08-27,2026-08-27 21:21:46.710283960,Technical,Low,Resolved,5
902099,16691,2026-03-06,2026-03-06 22:04:36.872810904,Billing,High,Resolved,3
902100,11366,2026-08-24,2026-08-24 07:46:50.382523840,Performance,Medium,Resolved,5
902101,15312,2024-11-04,2024-11-04 11:00:59.625054151,Technical,Low,Resolved,4
902102,14021,2025-12-08,2025-12-08 09:59:11.617560967,Performance,High,Pending,4
902103,14392,2025-11-04,2025-11-04 09:31:49.411449854,Account,Medium,Resolved,2
902104,18951,2024-07-25,2024-07-25 07:03:36.557635208,Feature Request,Low,Resolved,4
902105,19734,2025-01-13,2025-01-13 16:59:38.123645154,Billing,Medium,Resolved,3
902106,16503,2026-02-23,2026-02-24 00:52:22.944248122,Technical,Critical,Open,3
902107,14212,2026-08-26,2026-08-26 14:40:32.999500952,Technical,Medium,Resolved,5
902108,13946,2025-10-26,2025-10-27 08:32:10.379962860,Technical,Medium,Resolved,3
902109,15144,2026-03-17,2026-03-17 07:00:09.647894908,Technical,Medium,Resolved,4
902110,17414,2025-05-14,2025-05-14 13:07:42.848486778,Account,Low,Resolved,4
902111,10795,2025-07-30,2025-07-30 08:26:51.503751963,Performance,Medium,Resolved,4
902112,10675,2025-09-20,2025-09-20 06:47:00.922776694,Billing,Low,Resolved,5
902113,18346,2025-12-14,2025-12-14 21:34:59.118478006,Account,High,Resolved,5
902114,19947,2026-01-31,2026-01-31 01:15:29.403119318,Billing,Critical,Resolved,3
902115,16323,2026-01-19,2026-01-19 14:33:34.160502711,Technical,Medium,Resolved,3
902116,17283,2026-02-23,2026-02-23 05:23:59.428334774,Billing,High,Resolved,4
902117,13977,2026-08-17,2026-08-17 04:46:29.503631589,Integration,Low,Resolved,5
902118,13320,2026-03-19,2026-03-19 03:42:49.686806307,Feature Request,Medium,Resolved,2
902119,12762,2026-08-07,2026-08-07 07:20:13.571999077,Account,Critical,Resolved,4
902120,13780,2026-06-19,2026-06-19 06:14:41.482920152,Technical,Low,Resolved,5
902121,19925,2025-06-05,2025-06-05 06:45:20.922619514,Integration,Low,Resolved,5
902122,19511,2024-09-08,2024-09-08 07:29:13.681324248,Technical,Low,Resolved,3
902123,18668,2025-09-28,2025-09-28 11:17:32.223338861,Billing,Medium,Resolved,5
902124,13007,2026-03-21,2026-03-21 04:29:15.447596791,Account,Critical,Resolved,4
902125,13988,2026-03-31,2026-03-31 06:01:43.144435027,Feature Request,Medium,Resolved,4
902126,17228,2024-12-02,2024-12-02 12:24:06.188153482,Technical,Medium,Resolved,5
902127,12617,2025-07-13,2025-07-13 08:20:32.973780465,Billing,Medium,Resolved,5
902128,16440,2026-06-03,2026-06-06 02:41:47.975356708,Feature Request,High,Resolved,3
902129,18271,2026-08-24,2026-08-24 09:55:33.740756594,Integration,Medium,Resolved,1
902130,16546,2025-05-05,2025-05-05 12:52:22.213153131,Account,Medium,Resolved,2
902131,15325,2025-09-27,2025-09-27 17:45:43.308577440,Technical,High,Resolved,3
902132,16794,2026-07-02,2026-07-02 06:01:22.163553012,Security,Critical,Resolved,4
902133,15684,2026-06-26,2026-06-26 08:26:52.938730950,Account,Low,Open,5
902134,14769,2025-02-02,2025-02-02 02:54:27.995095972,Integration,Low,Resolved,4
902135,11858,2025-08-30,2025-08-30 05:48:24.853092026,Feature Request,Low,Resolved,5
902136,13185,2024-04-25,2024-04-25 18:19:15.836680372,Performance,Medium,Resolved,3
902137,10170,2026-06-20,2026-06-20 13:57:29.026956956,Integration,Low,Resolved,5
902138,17010,2026-08-06,2026-08-06 23:58:09.065341293,Technical,High,Open,5
902139,17959,2026-08-11,2026-08-11 04:18:37.508384998,Technical,Low,Resolved,5
902140,14621,2026-01-18,2026-01-18 08:13:36.924902238,Billing,Medium,Resolved,4
902141,16909,2025-03-10,2025-03-10 06:30:01.044852461,Integration,Medium,Resolved,4
902142,18051,2026-05-07,2026-05-07 06:08:13.141596426,Integration,Medium,Open,3
902143,13464,2024-10-26,2024-10-27 06:09:39.927119061,Technical,Low,Resolved,3
902144,13050,2025-08-13,2025-08-13 11:05:14.707976917,Billing,Low,Resolved,4
902145,12408,2026-07-12,2026-07-12 19:36:30.958146986,Feature Request,Low,Resolved,4
902146,13534,2025-09-13,2025-09-13 06:32:19.268815041,Security,Medium,Resolved,3
902147,14212,2026-07-25,2026-07-25 05:02:19.298184831,Technical,Low,Resolved,5
902148,14949,2024-12-09,2024-12-09 08:40:43.730662123,Integration,Low,Resolved,4
902149,12817,2026-06-20,2026-06-21 04:37:34.013198978,Billing,High,Resolved,5
902150,12987,2026-04-18,2026-04-18 13:43:15.433365205,Billing,Low,Resolved,5
902151,14271,2025-02-11,2025-02-11 10:00:18.531574210,Billing,Medium,Resolved,5
902152,19212,2025-02-01,2025-02-01 07:35:47.221390078,Billing,High,Resolved,2
902153,11571,2026-01-22,2026-01-22 04:23:34.707094479,Integration,Medium,Resolved,3
902154,10321,2026-08-05,2026-08-05 02:55:00.195055629,Technical,Medium,Resolved,5
902155,17062,2026-02-21,2026-02-21 10:21:19.288901545,Technical,Medium,Resolved,2
902156,17639,2026-03-05,2026-03-05 11:56:21.233766728,Integration,Low,Resolved,5
902157,11288,2026-05-01,2026-05-01 06:42:34.724129796,Account,Low,Resolved,5
902158,17222,2025-03-19,2025-03-19 12:34:29.449978172,Billing,Low,Resolved,1
902159,19077,2026-06-10,2026-06-10 06:30:33.377378173,Integration,Low,Resolved,5
902160,19606,2025-05-27,2025-05-28 11:35:35.484669769,Account,High,Resolved,4
902161,10259,2026-04-28,2026-04-28 19:17:32.347189186,Feature Request,Critical,Resolved,4
902162,11200,2025-01-21,2025-01-22 17:52:15.659701410,Billing,Low,Resolved,5
902163,14645,2025-12-08,2025-12-08 21:29:25.503826387,Feature Request,Medium,Pending,5
902164,18352,2025-07-21,2025-07-21 19:26:38.088691130,Performance,Low,Resolved,5
902165,13241,2026-08-16,2026-08-16 02:49:18.258338733,Integration,High,Open,4
902166,17733,2026-02-24,2026-02-24 17:22:13.592880188,Integration,High,Resolved,3
902167,17663,2026-03-31,2026-03-31 02:41:42.679536507,Performance,Medium,Resolved,5
902168,17153,2025-07-07,2025-07-07 03:43:51.119330646,Performance,Low,Resolved,3
902169,16826,2025-06-21,2025-06-21 03:34:10.576523899,Account,Medium,Resolved,4
902170,18768,2026-06-07,2026-06-07 08:49:52.280950558,Billing,Low,Resolved,5
902171,11287,2024-12-03,2024-12-04 04:19:57.322165170,Technical,High,Open,4
902172,17687,2025-08-12,2025-08-12 12:33:47.225373681,Technical,High,Resolved,4
902173,11837,2025-05-29,2025-05-29 05:51:19.367930246,Technical,Low,Pending,4
902174,16704,2024-05-10,2024-05-10 17:15:24.125288781,Technical,Medium,Resolved,5
902175,10228,2026-06-30,2026-06-30 08:29:59.340215022,Security,Medium,Resolved,4
902176,11634,2025-01-19,2025-01-19 03:09:27.092898604,Technical,Medium,Resolved,3
902177,17146,2025-08-06,2025-08-06 08:30:20.199910064,Technical,Low,Resolved,5
902178,13170,2025-12-11,2025-12-11 03:20:44.741472244,Technical,Medium,Resolved,2
902179,16204,2026-07-28,2026-07-28 15:26:15.008210887,Security,Low,Resolved,3
902180,18327,2025-05-01,2025-05-01 13:05:54.137250412,Technical,Medium,Resolved,5
902181,18805,2026-06-21,2026-06-21 04:05:40.995511029,Technical,Low,Open,5
902182,15609,2026-06-05,2026-06-05 18:19:56.762668329,Integration,Medium,Resolved,1
902183,10781,2025-04-05,2025-04-05 02:34:56.702939314,Billing,Medium,Resolved,4
902184,12092,2026-01-24,2026-01-24 05:48:19.759111095,Technical,Low,Resolved,5
902185,15896,2026-02-11,2026-02-11 07:15:12.796793755,Technical,Low,Resolved,5
902186,13733,2025-03-23,2025-03-24 12:43:44.272041952,Feature Request,Medium,Resolved,3
902187,17467,2026-03-15,2026-03-15 01:29:08.621283573,Account,High,Resolved,5
902188,11361,2024-12-14,2024-12-15 08:01:00.122386533,Integration,Low,Resolved,5
902189,16356,2026-05-02,2026-05-02 07:33:55.784033474,Technical,Medium,Resolved,4
902190,15560,2024-10-16,2024-10-16 07:44:12.094290963,Technical,High,Resolved,3
902191,16191,2025-04-15,2025-04-16 15:20:46.445622187,Technical,High,Open,2
902192,18349,2025-11-19,2025-11-19 09:28:46.771611402,Account,Medium,Resolved,1
902193,10913,2025-12-12,2025-12-12 12:31:53.668433582,Technical,High,Resolved,3
902194,17333,2026-04-12,2026-04-12 13:52:09.409215608,Integration,Medium,Resolved,5
902195,13090,2025-02-21,2025-02-21 10:17:24.457770628,Integration,Medium,Resolved,4
902196,16147,2025-11-05,2025-11-05 19:56:29.735025421,Billing,Medium,Resolved,4
902197,13443,2025-02-13,2025-02-14 15:10:36.305492739,Integration,High,Resolved,5
902198,10711,2026-01-31,2026-01-31 15:20:16.297152788,Feature Request,Low,Open,4
902199,18556,2024-06-26,2024-06-26 08:25:46.333539476,Technical,Medium,Resolved,3
902200,12724,2025-04-15,2025-04-16 01:07:56.423852158,Account,Medium,Resolved,4
902201,10431,2026-02-21,2026-02-21 03:47:26.596564062,Technical,Critical,Open,3
902202,14714,2024-08-18,2024-08-18 21:29:54.425531025,Feature Request,Low,Resolved,4
902203,13674,2025-09-30,2025-09-30 15:41:15.070979043,Technical,High,Resolved,5
902204,17897,2026-08-30,,Technical,Medium,Resolved,4
902205,18866,2026-08-28,2026-08-28 04:21:14.575904053,Integration,Medium,Resolved,2
902206,15633,2024-08-08,2024-08-08 05:18:05.948153625,Account,High,Resolved,4
902207,18339,2025-02-03,2025-02-03 10:12:11.604465093,Feature Request,High,Resolved,4
902208,15610,2025-02-08,2025-02-09 09:00:39.643725826,Technical,Low,Open,2
902209,11891,2025-04-28,2025-04-28 18:50:00.304106424,Performance,Critical,Resolved,4
902210,15216,2026-06-28,2026-06-29 11:58:03.290640124,Technical,Medium,Resolved,4
902211,15443,2026-02-05,2026-02-05 03:19:15.062652948,Performance,Low,Resolved,2
902212,13670,2025-05-26,2025-05-27 02:27:25.970825502,Technical,Medium,Resolved,2
902213,19249,2026-01-24,2026-01-24 20:26:01.992217516,Technical,Low,Resolved,4
902214,18634,2025-12-05,2025-12-05 07:36:31.370760165,Feature Request,High,Resolved,5
902215,16530,2025-12-17,2025-12-17 05:58:06.161789240,Integration,Medium,Resolved,4
902216,17291,2025-10-28,2025-10-28 07:23:43.383657429,Performance,Medium,Resolved,5
902217,18182,2024-08-31,2024-08-31 08:58:01.888093632,Feature Request,Low,Resolved,3
902218,11098,2026-01-23,2026-01-23 07:04:21.198046238,Technical,Medium,Pending,1
902219,14682,2026-02-17,2026-02-17 08:31:50.916957466,Security,High,Pending,5
902220,16938,2026-03-26,2026-03-26 06:33:40.258725418,Technical,Low,Open,4
902221,17403,2025-04-09,2025-04-09 05:06:48.659858366,Integration,Low,Open,3
902222,18571,2025-01-10,2025-01-10 04:51:25.606488038,Feature Request,Low,Resolved,2
902223,11735,2025-09-13,2025-09-13 07:10:26.004883868,Account,Low,Resolved,4
902224,18284,2026-02-24,2026-02-24 03:22:47.942211561,Account,Low,Open,3
902225,16451,2026-08-24,2026-08-25 08:10:21.258697587,Technical,Low,Resolved,3
902226,11023,2026-06-26,2026-06-26 08:54:12.498734577,Feature Request,Medium,Resolved,5
902227,18420,2026-01-07,2026-01-07 11:05:10.535735666,Technical,Low,Resolved,1
902228,15401,2026-02-28,2026-03-01 13:56:16.827817876,Technical,Medium,Resolved,5
902229,12344,2025-07-25,2025-07-25 08:10:59.757179545,Feature Request,Low,Resolved,5
902230,15492,2026-05-07,2026-05-07 08:57:51.673829839,Feature Request,High,Open,5
902231,12578,2025-02-10,2025-02-10 08:50:36.274257124,Technical,Medium,Resolved,1
902232,11838,2026-08-02,2026-08-02 11:34:24.667804077,Performance,Medium,Resolved,3
902233,17143,2026-01-04,2026-01-04 03:12:25.851370075,Integration,High,Resolved,4
902234,13626,2026-08-17,2026-08-17 12:39:45.476955028,Billing,Low,Resolved,2
902235,18903,2026-01-27,2026-01-29 07:09:04.928652126,Technical,High,Open,3
902236,10301,2026-06-22,2026-06-22 15:52:15.033246700,Technical,High,Resolved,5
902237,14564,2024-06-10,2024-06-10 06:36:26.150342518,Integration,Medium,Resolved,5
902238,15682,2025-11-24,2025-11-24 09:59:11.203805410,Integration,Low,Resolved,4
902239,19365,2025-03-18,2025-03-18 12:14:23.309798064,Performance,Medium,Resolved,4
902240,10687,2026-06-17,2026-06-17 03:56:55.390943875,Performance,Medium,Resolved,2
902241,14462,2026-08-04,2026-08-04 16:50:14.893419768,Technical,Medium,Resolved,3
902242,11686,2024-08-25,2024-08-25 04:59:51.252499741,Performance,Low,Resolved,4
902243,10327,2026-04-11,2026-04-11 13:04:55.937678538,Technical,Medium,Resolved,4
902244,14338,2025-10-29,2025-10-29 09:52:19.013250414,Account,Medium,Resolved,4
902245,15732,2025-07-28,2025-07-28 05:15:23.604547568,Performance,Medium,Open,1
902246,14070,2026-05-26,2026-05-26 12:47:45.009297024,Billing,High,Resolved,1
902247,18914,2025-02-24,2025-02-24 16:18:42.627718137,Technical,Low,Pending,4
902248,14055,2025-01-25,2025-01-25 07:53:19.528041163,Billing,Low,Resolved,4
902249,17936,2025-10-07,2025-10-07 06:03:11.883578587,Feature Request,High,Open,3
902250,18984,2025-10-27,2025-10-27 19:27:50.022221666,Technical,Low,Resolved,3
902251,15368,2026-04-20,2026-04-20 17:58:12.289711447,Account,High,Resolved,4
902252,14782,2025-10-02,2025-10-02 09:53:06.359285374,Integration,Medium,Resolved,3
902253,14742,2026-03-17,2026-03-17 10:35:47.926015810,Performance,Critical,Resolved,4
902254,18508,2026-03-09,2026-03-09 07:48:31.643850697,Integration,Low,Resolved,1
902255,15421,2025-09-09,2025-09-09 13:32:17.538519937,Account,Medium,Resolved,2
902256,12715,2025-10-02,2025-10-02 05:15:26.780686372,Technical,Medium,Resolved,4
902257,19552,2026-03-16,2026-03-16 06:18:38.854582642,Account,Critical,Resolved,3
902258,17837,2026-07-20,2026-07-20 20:08:07.696014759,Billing,High,Open,1
902259,16219,2026-02-20,2026-02-22 04:01:51.383175956,Technical,Medium,Resolved,4
902260,11685,2025-02-10,2025-02-10 17:03:38.025405457,Feature Request,Medium,Resolved,5
902261,10834,2026-07-28,2026-07-29 06:44:57.414993626,Integration,High,Resolved,3
902262,18978,2025-12-07,2025-12-08 16:57:33.614963416,Technical,Medium,Resolved,2
902263,15478,2026-01-12,2026-01-12 06:41:00.560619506,Billing,High,Resolved,3
902264,16717,2025-11-28,2025-11-28 07:37:46.690829871,Feature Request,Low,Resolved,5
902265,19983,2026-05-19,2026-05-19 05:36:06.731470364,Account,Low,Resolved,4
902266,10107,2026-02-26,2026-02-26 05:10:24.530560042,Billing,Medium,Resolved,5
902267,18272,2025-05-20,2025-05-20 10:34:44.980610131,Technical,High,Resolved,3
902268,17941,2025-03-09,2025-03-09 04:45:44.579062713,Feature Request,Medium,Resolved,3
902269,16399,2026-01-21,2026-01-21 05:30:10.969284106,Technical,Low,Resolved,5
902270,18740,2025-01-01,2025-01-01 21:41:00.508976678,Billing,Low,Resolved,4
902271,18429,2024-09-26,2024-09-26 16:01:40.005550178,Billing,Low,Resolved,5
902272,13664,2026-01-09,2026-01-09 06:21:02.964324250,Security,Medium,Resolved,3
902273,15199,2026-01-12,2026-01-12 11:04:17.583480814,Feature Request,Medium,Resolved,2
902274,19349,2026-05-11,2026-05-11 05:42:07.301421540,Feature Request,Medium,Resolved,5
902275,14993,2026-08-24,2026-08-24 13:28:12.543713292,Integration,Medium,Resolved,4
902276,16175,2024-12-23,2024-12-23 08:32:16.103408938,Performance,Medium,Resolved,4
902277,18611,2025-08-04,2025-08-04 14:28:53.336320474,Integration,Medium,Resolved,4
902278,19865,2025-10-17,2025-10-17 08:41:59.879328432,Account,Low,Resolved,4
902279,14302,2026-08-31,,Feature Request,Critical,Resolved,3
902280,10732,2026-02-19,2026-02-19 10:35:32.501758142,Technical,Medium,Resolved,4
902281,13324,2025-02-10,2025-02-10 08:24:35.019239443,Security,Low,Resolved,3
902282,16050,2026-01-11,2026-01-11 06:12:28.204225689,Billing,Medium,Resolved,3
902283,15351,2026-05-11,2026-05-12 05:47:26.675943169,Billing,Low,Pending,4
902284,14773,2024-06-20,2024-06-20 09:08:40.595062344,Performance,High,Resolved,4
902285,13495,2026-05-25,2026-05-25 22:14:07.794185334,Billing,Low,Pending,4
902286,17154,2026-05-13,2026-05-13 04:47:17.236026279,Performance,Low,Resolved,2
902287,11201,2025-03-13,2025-03-14 07:45:19.851713884,Technical,Low,Resolved,5
902288,14700,2026-06-26,2026-06-26 04:07:28.295974387,Technical,Medium,Resolved,2
902289,15848,2025-08-13,2025-08-13 02:19:18.508863266,Technical,Critical,Resolved,2
902290,18997,2025-12-29,2025-12-29 06:36:21.038384883,Billing,Medium,Resolved,4
902291,17856,2025-10-21,2025-10-21 06:34:18.928867130,Account,Low,Resolved,5
902292,15367,2026-03-08,2026-03-09 14:25:41.475867560,Technical,Medium,Resolved,5
902293,14698,2024-11-17,2024-11-17 20:16:45.228511596,Technical,Medium,Resolved,4
902294,13579,2026-03-30,2026-03-30 05:31:58.905788696,Integration,Low,Resolved,4
902295,16184,2025-08-05,2025-08-05 04:44:53.771778783,Performance,Medium,Pending,4
902296,12887,2025-08-06,2025-08-06 03:39:43.247610216,Performance,High,Resolved,3
902297,12887,2026-06-18,2026-06-18 15:57:42.862169588,Technical,Medium,Resolved,5
902298,13280,2025-12-04,2025-12-04 14:44:45.960721357,Feature Request,Low,Resolved,5
902299,19585,2026-01-01,2026-01-01 07:45:21.805540570,Integration,Low,Resolved,5
902300,15688,2026-08-29,2026-08-29 16:42:33.694812122,Performance,Medium,Resolved,5
902301,16948,2024-09-16,2024-09-16 05:48:04.684265974,Technical,Low,Resolved,3
902302,18393,2026-03-31,2026-03-31 04:58:21.534580063,Integration,High,Resolved,1
902303,12664,2026-07-21,2026-07-21 08:42:52.350851480,Billing,Low,Resolved,3
902304,17730,2024-12-31,2024-12-31 11:29:43.814111092,Performance,Medium,Resolved,4
902305,19489,2026-01-29,2026-01-29 08:41:13.266311010,Performance,Medium,Resolved,1
902306,11604,2025-12-13,2025-12-14 02:00:16.018734816,Performance,Low,Resolved,4
902307,15718,2025-11-28,2025-11-28 16:31:59.267792704,Technical,Medium,Resolved,5
902308,13127,2026-02-01,2026-02-01 15:09:41.735401203,Performance,Low,Resolved,3
902309,10014,2025-06-28,2025-06-28 15:33:49.323584437,Performance,Critical,Resolved,5
902310,11579,2024-12-16,2024-12-16 05:16:47.430365732,Feature Request,Low,Resolved,3
902311,13022,2025-11-18,2025-11-19 07:57:22.149345268,Technical,High,Resolved,3
902312,11508,2025-07-27,2025-07-29 14:32:01.462848388,Performance,Low,Resolved,4
902313,13373,2025-07-26,2025-07-26 03:20:52.532091150,Billing,Low,Resolved,3
902314,13986,2025-03-16,2025-03-16 05:58:35.525445124,Integration,Low,Resolved,4
902315,19826,2024-11-04,2024-11-04 06:16:35.477156125,Technical,High,Pending,5
902316,10406,2025-05-12,2025-05-12 06:11:54.958597270,Integration,Medium,Resolved,5
902317,10949,2024-11-20,2024-11-20 20:33:28.338156180,Technical,Medium,Open,4
902318,16388,2025-04-21,2025-04-21 07:20:06.345305314,Technical,High,Resolved,4
902319,12318,2025-10-21,2025-10-21 16:13:55.124987628,Account,Low,Resolved,5
902320,19324,2025-07-05,2025-07-05 17:51:49.490088004,Feature Request,Medium,Resolved,5
902321,10951,2025-10-19,2025-10-19 04:18:22.075488054,Account,Low,Resolved,4
902322,11971,2026-05-14,2026-05-14 09:53:06.119948544,Account,High,Resolved,3
902323,10020,2025-11-09,2025-11-09 05:04:56.996554242,Billing,Medium,Resolved,4
902324,14440,2025-09-23,2025-09-23 11:29:50.068566765,Feature Request,Medium,Resolved,4
902325,14016,2026-08-03,2026-08-05 04:41:51.885552145,Feature Request,Medium,Resolved,5
902326,16055,2025-03-28,2025-03-28 21:06:00.164937898,Integration,Medium,Resolved,5
902327,13383,2024-10-29,2024-10-29 23:50:49.389158335,Performance,Medium,Open,4
902328,13571,2025-12-08,2025-12-09 07:42:32.044096321,Feature Request,Medium,Resolved,1
902329,17980,2026-04-08,2026-04-08 07:49:48.411405854,Technical,Medium,Resolved,4
902330,10668,2026-04-07,2026-04-07 11:58:17.418132678,Integration,Medium,Resolved,5
902331,16811,2025-07-05,2025-07-05 04:04:03.488814868,Technical,Medium,Resolved,5
902332,19258,2026-04-14,2026-04-14 21:52:38.562346876,Technical,Low,Resolved,2
902333,13279,2026-01-20,2026-01-20 17:33:47.164192747,Integration,Low,Resolved,4
902334,16028,2025-12-05,2025-12-05 20:17:00.971384820,Feature Request,Low,Resolved,5
902335,11099,2026-02-27,2026-02-27 05:25:04.033125584,Technical,Medium,Resolved,5
902336,13353,2025-12-16,2025-12-16 16:30:52.472354310,Feature Request,Medium,Resolved,3
902337,19846,2025-08-17,2025-08-17 18:27:31.555355083,Integration,Medium,Resolved,4
902338,13314,2024-12-23,2024-12-25 00:20:46.020157162,Performance,Medium,Resolved,4
902339,18041,2026-03-07,2026-03-07 10:43:18.882943795,Integration,Low,Open,4
902340,14740,2026-01-07,2026-01-07 08:50:38.747698285,Billing,High,Open,4
902341,15050,2024-11-28,2024-11-28 07:37:47.636832460,Integration,Medium,Resolved,1
902342,18616,2025-08-12,2025-08-12 07:18:53.678314803,Technical,Medium,Resolved,5
902343,15333,2026-04-01,2026-04-02 03:51:03.116485710,Security,Low,Resolved,3
902344,17084,2025-06-01,2025-06-01 07:32:00.845568967,Billing,High,Resolved,4
902345,17534,2024-09-20,2024-09-20 04:27:04.783018608,Technical,High,Resolved,4
902346,16716,2026-02-05,2026-02-05 14:54:05.676032462,Performance,High,Resolved,4
902347,16799,2025-12-01,2025-12-01 01:57:28.276237490,Account,Low,Resolved,5
902348,18645,2026-05-12,2026-05-12 02:00:30.140088523,Performance,Medium,Resolved,4
902349,13462,2026-01-15,2026-01-15 08:49:19.766273574,Performance,Low,Resolved,1
902350,13820,2025-05-11,2025-05-11 10:25:27.567394050,Feature Request,Medium,Resolved,2
902351,18947,2026-04-15,2026-04-15 14:01:38.152915431,Performance,Medium,Resolved,3
902352,12866,2025-09-23,2025-09-24 05:56:25.645218536,Security,Critical,Open,5
902353,12274,2025-02-09,2025-02-09 06:14:26.335350740,Integration,High,Resolved,4
902354,12745,2026-06-24,2026-06-24 04:57:29.626542262,Security,Medium,Resolved,4
902355,16372,2025-06-25,2025-06-25 10:34:58.568130768,Integration,Low,Resolved,4
902356,15510,2025-11-22,2025-11-22 03:01:42.536441784,Technical,Medium,Resolved,2
902357,13321,2026-07-12,2026-07-12 05:30:43.502649926,Integration,High,Resolved,4
902358,19845,2025-09-25,2025-09-25 09:53:57.498480430,Billing,Low,Resolved,4
902359,10164,2025-04-22,2025-04-22 04:16:25.499683041,Feature Request,High,Resolved,2
902360,18277,2026-02-07,2026-02-07 16:30:25.115230652,Account,Medium,Resolved,5
902361,19335,2025-01-14,2025-01-14 03:13:48.051259669,Integration,High,Resolved,5
902362,11778,2026-05-01,2026-05-02 02:49:44.974887722,Feature Request,Low,Resolved,5
902363,15435,2026-08-30,2026-08-30 05:54:03.038449496,Account,Low,Resolved,2
902364,11567,2025-02-20,2025-02-20 22:08:09.431050074,Integration,Medium,Resolved,4
902365,13516,2025-04-09,2025-04-09 12:53:38.909618354,Integration,Low,Open,2
902366,12856,2025-04-01,2025-04-01 07:58:00.144918332,Feature Request,Medium,Resolved,5
902367,10322,2024-10-20,2024-10-20 02:53:20.049001069,Feature Request,Medium,Resolved,5
902368,19355,2024-07-13,2024-07-13 12:56:17.779149520,Technical,High,Resolved,2
902369,11041,2025-07-21,2025-07-22 01:45:57.888467715,Billing,Medium,Resolved,1
902370,12333,2026-02-14,2026-02-14 13:36:45.271375621,Account,High,Resolved,2
902371,11472,2026-05-03,2026-05-03 02:59:33.459854074,Integration,High,Open,4
902372,13264,2026-06-08,2026-06-08 23:33:35.946682653,Security,Medium,Resolved,4
902373,13856,2025-11-05,2025-11-05 06:48:45.364999467,Integration,Medium,Resolved,5
902374,16458,2026-02-26,2026-02-26 23:55:21.305284075,Technical,Medium,Resolved,4
902375,16844,2025-11-17,2025-11-18 03:19:21.513344397,Integration,Medium,Resolved,2
902376,19782,2026-02-04,2026-02-04 11:11:59.856377474,Technical,Critical,Resolved,5
902377,14598,2026-08-21,2026-08-21 11:50:59.043347574,Technical,High,Resolved,4
902378,16243,2026-08-30,2026-08-30 06:53:00.247575552,Feature Request,Low,Resolved,4
902379,11637,2025-08-10,2025-08-10 12:20:57.937517156,Security,Medium,Pending,2
902380,15609,2025-02-08,2025-02-09 04:10:04.540626523,Account,Medium,Open,5
902381,10738,2026-07-12,2026-07-12 12:50:27.237401631,Billing,Medium,Resolved,3
902382,12754,2025-10-27,2025-10-27 16:49:20.504126838,Technical,Low,Resolved,5
902383,13675,2026-05-18,2026-05-18 04:31:05.847581315,Account,High,Resolved,2
902384,13621,2024-08-07,2024-08-07 08:11:59.973180154,Account,Low,Resolved,3
902385,13803,2025-09-15,2025-09-15 17:26:36.821378562,Security,Medium,Pending,3
902386,18366,2025-04-08,2025-04-08 08:26:22.590294615,Technical,Medium,Resolved,3
902387,16243,2026-01-09,2026-01-09 23:36:30.031069572,Billing,Low,Resolved,4
902388,13287,2025-09-09,2025-09-09 05:39:14.751490730,Security,Medium,Resolved,2
902389,13954,2026-07-06,2026-07-06 03:49:11.610718014,Feature Request,Low,Resolved,3
902390,12181,2024-09-17,2024-09-17 13:54:59.811028221,Feature Request,Low,Resolved,3
902391,14281,2025-01-04,2025-01-04 12:40:20.244070592,Performance,Medium,Resolved,3
902392,18630,2025-07-29,2025-07-29 10:06:14.311507276,Performance,Medium,Resolved,5
902393,19529,2026-08-13,2026-08-13 14:53:15.876996090,Performance,Low,Resolved,4
902394,15938,2025-08-09,2025-08-09 09:35:15.824067957,Performance,Medium,Resolved,3
902395,10454,2025-05-12,2025-05-12 20:51:05.203233154,Technical,Medium,Resolved,5
902396,17583,2025-05-08,2025-05-08 19:17:00.009056792,Feature Request,Medium,Resolved,3
902397,16605,2024-12-27,2024-12-27 07:14:25.148056167,Technical,Medium,Resolved,4
902398,17166,2026-03-05,2026-03-05 06:09:14.707022976,Performance,Medium,Resolved,3
902399,14272,2026-03-05,2026-03-05 18:34:18.664277322,Technical,High,Resolved,4
902400,11574,2025-05-23,2025-05-24 05:44:29.542979403,Performance,Low,Resolved,4
902401,13048,2025-12-01,2025-12-02 14:36:47.306077344,Billing,Low,Resolved,3
902402,11459,2024-07-02,2024-07-02 11:05:13.505540175,Feature Request,Medium,Resolved,5
902403,18478,2025-12-18,2025-12-18 05:21:51.857411302,Feature Request,Medium,Pending,2
902404,10627,2025-06-02,2025-06-02 09:32:46.889231352,Account,Medium,Resolved,3
902405,15244,2026-04-11,2026-04-11 04:22:10.209431431,Integration,Low,Resolved,3
902406,12876,2025-09-06,2025-09-06 13:36:42.283618221,Account,Medium,Resolved,2
902407,17383,2025-12-26,2025-12-27 15:58:13.261465657,Account,High,Resolved,4
902408,16742,2025-07-01,2025-07-01 04:05:21.810053544,Account,Low,Resolved,1
902409,14656,2024-11-20,2024-11-20 12:41:49.589612484,Billing,Low,Resolved,4
902410,13039,2025-10-12,2025-10-12 09:57:47.641403696,Integration,Medium,Resolved,4
902411,18459,2026-05-29,2026-05-29 10:03:44.119785056,Integration,High,Resolved,3
902412,18660,2025-07-20,2025-07-20 22:36:44.137327744,Technical,Medium,Resolved,5
902413,10350,2026-06-27,2026-06-27 23:26:09.596792551,Technical,Medium,Resolved,4
902414,19408,2025-05-09,2025-05-09 09:02:49.682144864,Integration,Low,Resolved,3
902415,14042,2025-01-16,2025-01-16 13:45:37.674535294,Technical,Low,Resolved,4
902416,17682,2025-03-23,2025-03-24 00:18:13.871973326,Technical,Low,Resolved,5
902417,13388,2026-03-01,2026-03-01 08:02:35.493451310,Billing,Medium,Resolved,4
902418,19161,2026-07-10,2026-07-11 10:37:21.308148454,Billing,High,Resolved,3
902419,11553,2024-09-17,2024-09-17 06:46:56.225676039,Technical,Medium,Resolved,4
902420,10510,2024-12-22,2024-12-22 06:49:15.287066133,Billing,Critical,Resolved,4
902421,17922,2026-03-06,2026-03-06 04:17:42.922876581,Performance,Medium,Resolved,1
902422,16722,2026-04-18,2026-04-18 09:16:42.874181749,Performance,Medium,Resolved,3
902423,17104,2026-02-21,2026-02-21 11:42:49.723923697,Account,Low,Resolved,5
902424,18485,2025-04-05,2025-04-05 06:28:47.546425574,Account,Medium,Pending,4
902425,15379,2026-08-22,2026-08-22 12:20:59.699360162,Feature Request,Low,Open,4
902426,16772,2025-07-22,2025-07-22 21:27:24.800524902,Billing,Medium,Resolved,2
902427,19433,2025-04-21,2025-04-23 01:34:00.688571785,Technical,Medium,Resolved,2
902428,15115,2025-05-02,2025-05-02 03:25:16.996805666,Technical,Medium,Resolved,2
902429,17500,2026-02-16,2026-02-16 14:05:23.714210976,Performance,Medium,Resolved,5
902430,15114,2025-07-28,2025-07-28 19:51:13.261792590,Performance,Low,Resolved,3
902431,15467,2026-07-28,2026-07-29 09:08:22.224766606,Feature Request,Medium,Open,4
902432,17798,2025-12-26,2025-12-26 16:58:40.165526064,Technical,Medium,Resolved,3
902433,14223,2026-04-22,2026-04-22 18:17:53.996708569,Performance,Low,Resolved,2
902434,17026,2026-03-22,2026-03-22 09:59:45.964872186,Feature Request,Low,Resolved,2
902435,14542,2025-07-19,2025-07-20 19:31:14.720285362,Billing,Medium,Resolved,5
902436,17943,2024-06-24,2024-06-24 08:36:51.717589956,Security,Medium,Resolved,4
902437,14913,2025-10-03,2025-10-03 08:18:34.844760810,Billing,Medium,Resolved,5
902438,10912,2024-06-17,2024-06-17 12:49:48.284740689,Feature Request,Low,Open,3
902439,13475,2025-09-15,2025-09-15 03:57:56.954912029,Technical,Low,Resolved,3
902440,15882,2026-03-18,2026-03-18 01:44:14.878779806,Technical,Medium,Resolved,2
902441,12377,2026-02-19,2026-02-19 05:50:45.169835287,Technical,Medium,Resolved,2
902442,18614,2025-04-07,2025-04-07 00:55:03.927416080,Billing,High,Resolved,3
902443,11869,2026-06-06,2026-06-06 06:41:28.218796710,Performance,Low,Resolved,4
902444,10899,2024-02-14,2024-02-14 02:08:11.614697376,Billing,High,Resolved,4
902445,14062,2024-12-17,2024-12-17 07:26:52.021510018,Performance,High,Resolved,1
902446,13421,2025-12-16,2025-12-16 18:42:03.002304650,Billing,Medium,Resolved,4
902447,15322,2026-01-03,2026-01-03 08:47:15.189808945,Billing,Low,Resolved,4
902448,14170,2025-03-17,2025-03-17 07:50:17.586556083,Integration,Low,Resolved,5
902449,13352,2025-12-27,2025-12-27 09:23:35.433472200,Performance,High,Resolved,5
902450,12565,2025-05-07,2025-05-07 21:41:26.249878978,Technical,Low,Pending,5
902451,15175,2026-06-17,2026-06-17 05:45:24.263063532,Performance,Medium,Resolved,4
902452,12198,2025-11-22,2025-11-22 20:20:00.798064944,Account,Low,Open,4
902453,11756,2024-04-27,2024-04-27 07:49:41.591351769,Technical,Medium,Resolved,5
902454,10034,2025-04-21,2025-04-21 05:56:07.660098704,Technical,Medium,Resolved,3
902455,15881,2025-08-26,2025-08-27 00:06:48.995642224,Feature Request,Medium,Resolved,3
902456,16942,2025-08-20,2025-08-20 05:49:20.913235021,Account,Low,Resolved,4
902457,10655,2026-05-06,2026-05-06 07:20:04.738490624,Technical,Low,Resolved,4
902458,13850,2025-08-25,2025-08-25 08:21:45.050491605,Integration,Medium,Resolved,1
902459,10637,2025-12-19,2025-12-19 05:57:20.950956529,Integration,Low,Resolved,5
902460,10265,2025-01-29,2025-01-29 10:18:59.533533867,Billing,High,Resolved,5
902461,10118,2025-02-24,2025-02-24 13:50:14.578672653,Technical,High,Resolved,5
902462,10234,2025-09-14,2025-09-14 11:30:24.445001052,Technical,Low,Resolved,3
902463,10644,2026-06-30,2026-06-30 19:18:23.508626184,Technical,Medium,Resolved,5
902464,16133,2024-09-25,2024-09-25 11:02:20.368370580,Technical,Low,Pending,2
902465,14189,2026-02-20,2026-02-21 11:19:51.593892106,Billing,High,Open,5
902466,19541,2024-09-06,2024-09-06 12:01:03.768778992,Account,Medium,Resolved,3
902467,19658,2025-01-18,2025-01-18 12:03:20.255097290,Feature Request,High,Resolved,2
902468,19313,2026-04-08,2026-04-08 02:18:09.843653059,Technical,Low,Resolved,5
902469,11632,2026-05-14,2026-05-15 01:48:30.421894712,Account,Low,Resolved,3
902470,10236,2026-08-24,2026-08-24 06:50:36.838919403,Feature Request,High,Resolved,5
902471,11012,2025-10-14,2025-10-14 13:20:36.572737041,Technical,Low,Resolved,3
902472,16416,2026-01-13,2026-01-13 07:22:02.585735230,Performance,Low,Resolved,1
902473,11959,2026-01-18,2026-01-18 07:42:26.500164624,Feature Request,Low,Resolved,4
902474,11506,2026-08-25,2026-08-25 04:11:13.256183688,Technical,Medium,Resolved,5
902475,13977,2026-07-03,2026-07-03 15:17:00.505807040,Technical,Low,Resolved,5
902476,19786,2026-04-12,2026-04-13 02:27:10.391984128,Feature Request,Low,Resolved,2
902477,15127,2025-07-23,2025-07-23 03:17:06.485393126,Billing,Medium,Resolved,4
902478,14957,2025-08-15,2025-08-15 04:50:12.926395867,Performance,Medium,Resolved,3
902479,16362,2026-05-24,2026-05-25 02:37:45.049352545,Account,Medium,Resolved,4
902480,14987,2026-01-08,2026-01-08 14:47:46.934396257,Account,Critical,Pending,5
902481,16177,2026-01-20,2026-01-20 10:38:45.250944680,Technical,High,Pending,4
902482,17712,2024-10-23,2024-10-23 15:35:00.280629085,Technical,Medium,Pending,4
902483,17025,2024-08-15,2024-08-15 21:14:08.503829228,Integration,Low,Resolved,2
902484,16868,2026-08-08,2026-08-08 08:04:51.930719040,Billing,Critical,Resolved,5
902485,10712,2024-09-03,2024-09-03 12:42:31.160679670,Technical,Low,Resolved,4
902486,14169,2026-01-14,2026-01-14 17:50:38.944063939,Billing,Medium,Resolved,5
902487,19878,2024-12-10,2024-12-10 11:21:42.410401081,Integration,Medium,Resolved,5
902488,18576,2026-05-04,2026-05-04 20:16:29.809164086,Performance,High,Resolved,5
902489,19493,2025-01-02,2025-01-02 03:11:23.583160186,Integration,Medium,Resolved,5
902490,13849,2025-07-28,2025-07-28 03:02:56.482134838,Performance,Medium,Resolved,4
902491,12906,2025-09-02,2025-09-02 13:18:34.291224662,Account,Medium,Open,3
902492,13681,2026-06-18,2026-06-18 15:42:26.631327816,Integration,Medium,Resolved,5
902493,12273,2025-08-24,2025-08-24 11:35:54.558020270,Feature Request,High,Resolved,4
902494,10675,2026-05-11,2026-05-11 23:54:11.762449808,Technical,Low,Resolved,5
902495,10322,2026-04-06,2026-04-06 15:39:26.933866416,Technical,Low,Resolved,4
902496,19352,2025-12-27,2025-12-27 11:26:16.315909900,Billing,Low,Resolved,5
902497,14464,2025-11-20,2025-11-20 22:05:55.502148512,Billing,Medium,Resolved,1
902498,13132,2025-12-28,2025-12-28 04:09:16.671085408,Account,High,Resolved,4
902499,10510,2024-12-22,2024-12-22 06:45:03.180146155,Integration,Medium,Resolved,5
902500,17138,2025-09-18,2025-09-18 06:29:36.098173096,Billing,Medium,Resolved,4
902501,18399,2026-06-21,2026-06-21 12:00:08.766062164,Integration,Medium,Resolved,5
902502,16349,2026-01-29,2026-01-30 00:33:06.322677757,Billing,Low,Resolved,2
902503,15958,2025-02-01,2025-02-01 10:56:11.490248349,Security,High,Resolved,2
902504,11992,2026-04-27,2026-04-27 04:19:59.587853944,Billing,Low,Resolved,3
902505,13527,2026-06-30,2026-06-30 22:22:45.111590137,Technical,Medium,Resolved,2
902506,13847,2026-04-27,2026-04-27 05:58:48.242184690,Account,High,Resolved,5
902507,18564,2024-06-15,2024-06-15 17:39:33.308817476,Performance,Medium,Resolved,3
902508,19092,2024-11-09,2024-11-09 02:13:47.049297153,Account,Low,Resolved,5
902509,18462,2024-08-10,2024-08-10 04:07:43.004313843,Technical,High,Pending,4
902510,14987,2026-06-05,2026-06-05 04:38:49.013455668,Billing,Low,Pending,4
902511,15295,2025-02-20,2025-02-20 06:58:09.296945407,Account,High,Pending,3
902512,18112,2025-10-01,2025-10-04 11:46:07.645816711,Account,High,Resolved,5
902513,13704,2024-06-22,2024-06-22 13:34:09.824651475,Account,Medium,Resolved,5
902514,19737,2024-11-08,2024-11-08 04:47:27.264914556,Technical,Medium,Pending,5
902515,13841,2026-07-11,2026-07-11 10:02:36.611279451,Integration,Medium,Resolved,5
902516,14163,2024-06-14,2024-06-14 07:17:12.795124462,Technical,Low,Resolved,4
902517,19060,2026-05-10,2026-05-10 10:24:36.680507532,Performance,Low,Resolved,3
902518,13923,2026-03-08,2026-03-08 11:56:54.436388064,Integration,Medium,Resolved,2
902519,19246,2026-01-10,2026-01-10 07:33:45.778549035,Integration,Medium,Resolved,4
902520,17538,2026-06-30,2026-06-30 03:14:50.544207175,Technical,High,Resolved,3
902521,10019,2025-01-24,2025-01-24 16:03:28.176896386,Account,Medium,Resolved,5
902522,13358,2025-06-01,2025-06-01 09:31:58.774387724,Technical,Medium,Pending,4
902523,10928,2025-08-08,2025-08-08 06:57:47.307781954,Billing,High,Resolved,2
902524,17620,2026-05-10,2026-05-10 11:39:07.315216272,Billing,Critical,Resolved,3
902525,14810,2026-04-17,2026-04-17 04:45:34.284381501,Billing,Medium,Pending,5
902526,17965,2025-11-08,2025-11-08 07:52:31.071790282,Account,Medium,Resolved,4
902527,17448,2026-07-29,2026-07-29 02:26:44.267770021,Feature Request,Medium,Resolved,5
902528,11998,2025-06-11,2025-06-11 18:50:44.743105903,Performance,Medium,Pending,4
902529,15799,2026-07-23,2026-07-23 04:06:13.861641135,Performance,Low,Resolved,4
902530,14160,2026-04-02,2026-04-02 13:40:15.614732910,Integration,High,Open,4
902531,16517,2026-07-17,2026-07-17 05:39:30.663689310,Feature Request,Medium,Resolved,5
902532,18374,2026-04-20,2026-04-20 19:34:51.723799021,Performance,Medium,Resolved,2
902533,14237,2026-07-28,2026-07-29 00:50:43.417108669,Billing,Medium,Resolved,4
902534,14065,2024-02-27,2024-02-28 01:59:21.767107084,Feature Request,Low,Open,4
902535,18554,2025-03-30,2025-03-30 02:43:36.507087944,Technical,Critical,Resolved,5
902536,12578,2025-05-06,2025-05-06 12:22:29.426784682,Account,Low,Resolved,2
902537,14686,2026-01-03,2026-01-03 08:52:25.548552771,Integration,Medium,Resolved,5
902538,10297,2026-08-02,2026-08-02 06:14:10.440808429,Billing,High,Resolved,4
902539,11939,2025-12-15,2025-12-15 17:01:41.079758062,Security,High,Resolved,3
902540,19418,2025-02-05,2025-02-07 06:41:16.505506662,Security,High,Resolved,4
902541,10999,2025-12-05,2025-12-06 01:49:46.052681426,Account,Low,Resolved,5
902542,16884,2025-07-09,2025-07-09 11:27:48.780971092,Technical,Medium,Resolved,4
902543,19220,2025-08-06,2025-08-06 13:14:34.061740018,Performance,Medium,Resolved,2
902544,16199,2025-04-01,2025-04-01 18:45:26.256486621,Billing,Low,Open,3
902545,15577,2025-07-22,2025-07-22 06:30:38.195916602,Integration,Medium,Pending,5
902546,19786,2024-10-03,2024-10-03 09:11:36.454384572,Feature Request,Medium,Resolved,4
902547,18665,2025-02-13,2025-02-13 22:07:37.624898164,Technical,Medium,Resolved,4
902548,16471,2025-01-15,2025-01-15 04:08:49.864073118,Technical,High,Resolved,4
902549,17557,2026-01-10,2026-01-10 13:09:35.332861114,Feature Request,Low,Resolved,3
902550,13069,2025-06-25,2025-06-25 02:11:09.188834085,Feature Request,High,Resolved,4
902551,12729,2025-07-14,2025-07-14 07:48:09.427545972,Integration,Medium,Resolved,1
902552,19212,2025-07-09,2025-07-09 09:00:24.475934412,Technical,Medium,Resolved,4
902553,18056,2025-08-23,2025-08-23 16:29:03.954245931,Technical,Medium,Resolved,1
902554,19874,2025-10-13,2025-10-13 21:08:28.951631430,Feature Request,Medium,Pending,2
902555,19165,2025-01-31,2025-01-31 15:05:40.447672641,Performance,Low,Resolved,5
902556,18022,2025-01-17,2025-01-17 07:43:00.716041668,Billing,Low,Resolved,4
902557,16179,2025-01-13,2025-01-13 15:16:32.558011701,Feature Request,Low,Resolved,5
902558,16032,2026-06-02,2026-06-02 03:35:02.470775758,Technical,Medium,Resolved,4
902559,16656,2026-07-08,2026-07-10 07:44:15.044137386,Integration,Low,Resolved,4
902560,18847,2025-11-24,2025-11-24 07:36:51.994465437,Performance,Low,Open,3
902561,18704,2026-02-21,2026-02-21 07:39:54.880638519,Technical,Low,Resolved,1
902562,13416,2025-03-26,2025-03-26 09:56:05.852654808,Integration,Critical,Resolved,5
902563,17227,2025-11-02,2025-11-02 04:59:55.394884338,Feature Request,Low,Resolved,5
902564,18959,2025-01-01,2025-01-04 13:11:21.401731370,Integration,Low,Resolved,4
902565,10871,2024-12-17,2024-12-17 07:57:19.131105315,Technical,Medium,Resolved,1
902566,10096,2024-11-12,2024-11-12 19:43:03.138209922,Performance,Low,Open,3
902567,18932,2025-06-27,2025-06-27 03:58:01.651181268,Feature Request,Medium,Resolved,2
902568,17289,2025-06-08,2025-06-08 05:32:37.302131648,Technical,Medium,Open,3
902569,13699,2026-02-20,2026-02-20 05:23:24.310089603,Billing,Medium,Resolved,4
902570,14910,2026-02-25,2026-02-25 11:41:05.004864445,Integration,Low,Resolved,2
902571,19780,2025-11-04,2025-11-04 12:35:43.230913749,Performance,Medium,Resolved,1
902572,10431,2026-02-21,2026-02-21 08:09:56.909665612,Technical,Medium,Resolved,5
902573,14470,2024-12-13,2024-12-13 12:30:17.509268145,Billing,High,Resolved,4
902574,15535,2026-02-09,2026-02-09 11:45:47.629591808,Feature Request,Low,Pending,3
902575,19120,2025-05-13,2025-05-13 07:59:32.082681231,Account,Low,Resolved,2
902576,16625,2026-04-25,2026-04-25 12:41:18.607239186,Feature Request,High,Open,5
902577,12780,2025-04-03,2025-04-03 04:14:02.566296560,Feature Request,Low,Resolved,1
902578,18469,2025-05-19,2025-05-19 07:08:56.508206125,Security,Medium,Resolved,3
902579,10127,2026-06-02,2026-06-02 23:44:14.049918981,Feature Request,Medium,Resolved,5
902580,15679,2025-07-01,2025-07-01 16:09:22.948867666,Integration,High,Resolved,4
902581,13811,2025-11-21,2025-11-21 06:57:53.398107802,Billing,Medium,Resolved,5
902582,13855,2026-05-23,2026-05-23 02:27:16.052765648,Feature Request,Low,Resolved,4
902583,10064,2026-06-10,2026-06-10 06:41:24.754133907,Technical,Low,Resolved,2
902584,14033,2026-06-07,2026-06-07 04:34:28.108852057,Account,Medium,Resolved,4
902585,12716,2026-01-21,2026-01-21 09:41:07.629037641,Billing,Medium,Resolved,1
902586,12526,2025-06-21,2025-06-21 09:58:56.025686971,Integration,Low,Resolved,4
902587,19692,2026-08-24,2026-08-24 02:46:15.743773740,Performance,Medium,Resolved,5
902588,14626,2025-05-26,2025-05-26 16:14:04.459480738,Technical,High,Resolved,4
902589,16328,2025-11-08,2025-11-08 11:19:35.407353939,Performance,Low,Resolved,5
902590,15423,2026-03-26,2026-03-26 11:13:54.298294636,Technical,Low,Resolved,3
902591,17242,2025-12-19,2025-12-19 15:44:04.785450514,Technical,Low,Resolved,1
902592,18857,2026-01-19,2026-01-19 11:47:21.501607822,Billing,Low,Resolved,3
902593,15261,2025-02-06,2025-02-06 09:32:36.694539520,Security,Low,Resolved,5
902594,17957,2025-06-02,2025-06-02 02:01:59.818134630,Technical,High,Resolved,4
902595,18799,2025-11-17,2025-11-17 14:35:25.907655447,Integration,Low,Pending,4
902596,17501,2026-07-01,2026-07-01 09:53:00.447159584,Performance,Medium,Resolved,4
902597,18641,2026-07-22,2026-07-22 08:39:59.709852266,Technical,Medium,Resolved,5
902598,19239,2026-02-07,2026-02-07 15:47:37.812550462,Technical,Medium,Open,5
902599,10724,2026-05-05,2026-05-05 03:03:53.935628432,Feature Request,Low,Resolved,4
902600,10491,2026-03-23,2026-03-23 19:52:30.703490716,Performance,Low,Resolved,4
902601,15190,2025-03-17,2025-03-17 06:54:13.686570532,Technical,Low,Resolved,3
902602,19088,2025-09-26,2025-09-26 08:09:32.325308128,Feature Request,High,Resolved,1
902603,11902,2025-10-29,2025-10-29 03:16:45.193410249,Billing,Low,Resolved,4
902604,18679,2026-04-05,2026-04-05 21:55:20.966026303,Account,Medium,Resolved,3
902605,14752,2026-07-21,2026-07-21 07:46:26.875265052,Feature Request,Medium,Resolved,5
902606,18982,2024-12-22,2024-12-24 01:51:04.634340026,Technical,Medium,Resolved,2
902607,13095,2026-04-20,2026-04-21 01:05:47.537349637,Account,Low,Resolved,3
902608,13487,2025-07-12,2025-07-12 11:42:14.949982116,Integration,Medium,Resolved,4
902609,11175,2026-07-15,2026-07-15 20:59:05.204841723,Billing,Medium,Resolved,5
902610,10311,2024-08-18,2024-08-18 23:06:32.423918464,Technical,High,Resolved,4
902611,11096,2024-10-19,2024-10-19 11:09:29.320793071,Feature Request,High,Open,4
902612,15396,2025-11-11,2025-11-13 01:32:27.775408416,Integration,Critical,Resolved,5
902613,17582,2025-02-16,2025-02-16 16:52:35.312148894,Account,High,Resolved,5
902614,15552,2026-07-27,2026-07-27 04:48:30.352121953,Performance,Low,Resolved,4
902615,10734,2025-07-24,2025-07-26 20:17:20.696190817,Billing,High,Resolved,5
902616,10110,2024-08-14,2024-08-14 11:29:45.794873558,Account,Low,Resolved,2
902617,18602,2024-08-24,2024-08-24 02:51:34.735232829,Performance,Medium,Resolved,4
902618,11964,2025-10-12,2025-10-12 04:25:31.797671401,Account,Low,Pending,5
902619,11428,2026-04-19,2026-04-19 11:40:38.193956349,Account,Medium,Resolved,5
902620,12828,2025-05-14,2025-05-14 08:21:02.365976736,Feature Request,Medium,Resolved,2
902621,10021,2026-08-15,2026-08-15 01:39:20.790286074,Technical,High,Resolved,2
902622,13106,2026-01-21,2026-01-22 00:26:23.665725081,Account,Low,Resolved,4
902623,14015,2026-08-19,2026-08-19 06:37:10.553529997,Billing,Low,Resolved,3
902624,19274,2026-06-27,2026-06-27 09:58:42.181860136,Account,Medium,Resolved,2
902625,17257,2025-08-13,2025-08-14 11:00:22.439333199,Technical,Medium,Pending,4
902626,10701,2024-12-06,2024-12-06 14:36:08.223591394,Integration,Low,Resolved,4
902627,16830,2025-09-16,2025-09-16 13:50:09.512695503,Technical,Low,Resolved,4
902628,10433,2026-03-17,2026-03-17 22:29:43.212462903,Performance,Low,Resolved,4
902629,14659,2025-07-03,2025-07-03 11:51:23.036686682,Billing,Medium,Open,5
902630,19709,2026-07-22,2026-07-22 03:51:08.531150774,Billing,Low,Resolved,5
902631,19767,2026-05-06,2026-05-06 15:28:18.267414193,Technical,Medium,Resolved,1
902632,10550,2024-07-13,2024-07-13 09:48:28.845782694,Integration,Medium,Resolved,3
902633,16644,2026-04-23,2026-04-23 12:57:45.209018361,Billing,Low,Resolved,1
902634,16581,2026-05-17,2026-05-17 10:48:07.720545790,Integration,Medium,Resolved,4
902635,13870,2025-04-07,2025-04-07 15:06:08.315668771,Technical,Medium,Resolved,5
902636,17235,2026-06-20,2026-06-20 21:27:38.886983136,Integration,Medium,Resolved,1
902637,10287,2025-03-24,2025-03-24 15:17:21.345661042,Billing,Low,Resolved,4
902638,10239,2024-09-08,2024-09-09 00:52:12.634598319,Billing,Medium,Resolved,4
902639,16901,2026-05-10,2026-05-10 05:28:27.053111355,Technical,High,Resolved,3
902640,15660,2025-11-03,2025-11-03 19:20:40.644701782,Technical,Critical,Pending,5
902641,14903,2025-10-26,2025-10-26 03:16:24.280252305,Integration,Medium,Resolved,3
902642,16877,2024-11-27,2024-11-28 01:02:11.509156122,Account,Medium,Resolved,5
902643,11159,2024-04-17,2024-04-17 06:18:42.725297710,Account,Low,Resolved,1
902644,12999,2025-10-08,2025-10-08 07:39:45.895050309,Account,Medium,Resolved,5
902645,12108,2026-06-27,2026-06-28 12:25:07.574441214,Integration,High,Resolved,5
902646,13439,2024-10-30,2024-10-30 06:03:11.720321478,Technical,High,Resolved,3
902647,12319,2026-04-02,2026-04-02 05:18:56.555124591,Performance,Low,Resolved,3
902648,16158,2026-01-26,2026-01-27 23:55:48.851910616,Integration,High,Resolved,5
902649,13283,2024-06-01,2024-06-01 06:38:34.485202896,Integration,Low,Resolved,4
902650,10222,2024-12-17,2024-12-17 01:17:01.207985398,Security,Low,Resolved,4
902651,18032,2025-01-31,2025-01-31 12:19:02.351414323,Billing,Low,Resolved,1
902652,15931,2025-02-08,2025-02-08 08:57:40.611815643,Feature Request,High,Resolved,4
902653,17294,2025-02-21,2025-02-21 04:49:05.180147533,Billing,Low,Resolved,3
902654,19494,2025-02-01,2025-02-01 06:57:29.700859395,Account,Low,Resolved,5
902655,13467,2025-03-16,2025-03-16 14:45:47.692966604,Feature Request,Low,Resolved,1
902656,18154,2025-08-14,2025-08-14 05:26:30.722107120,Integration,Low,Resolved,5
902657,15972,2026-08-08,2026-08-08 07:26:05.354861085,Security,Low,Resolved,4
902658,14168,2026-04-05,2026-04-05 03:45:49.409737218,Integration,High,Resolved,3
902659,17928,2026-05-28,2026-05-28 04:21:26.467012339,Feature Request,Low,Resolved,2
902660,14014,2025-12-12,2025-12-12 05:10:42.222844387,Feature Request,High,Pending,5
902661,10802,2025-07-11,2025-07-11 06:21:49.534780737,Technical,High,Resolved,5
902662,11700,2024-10-14,2024-10-14 13:09:53.846054110,Billing,Medium,Resolved,4
902663,19770,2025-06-01,2025-06-01 03:28:33.399338361,Feature Request,Medium,Resolved,5
902664,11778,2026-05-01,2026-05-01 14:19:18.708365366,Billing,Medium,Resolved,3
902665,16032,2026-06-02,2026-06-02 06:17:40.145259310,Technical,Low,Pending,3
902666,13573,2025-08-04,2025-08-04 01:18:14.889662470,Security,Medium,Resolved,4
902667,16842,2025-03-06,2025-03-06 03:39:23.259854502,Performance,High,Resolved,3
902668,15061,2026-04-12,2026-04-12 10:00:51.443990852,Technical,High,Resolved,3
902669,14951,2026-06-04,2026-06-04 09:33:28.263494710,Technical,Medium,Resolved,2
902670,18087,2026-06-17,2026-06-17 07:50:21.937135221,Technical,Critical,Resolved,5
902671,15551,2026-07-16,2026-07-16 11:47:37.041585648,Performance,Medium,Resolved,3
902672,10833,2026-05-29,2026-05-31 02:31:19.409322723,Technical,Medium,Resolved,3
902673,11569,2026-07-04,2026-07-05 02:49:10.862955508,Technical,Medium,Resolved,5
902674,18867,2025-12-27,2025-12-27 09:36:12.445206868,Billing,Low,Resolved,4
902675,14061,2025-09-28,2025-09-28 19:09:52.755548508,Performance,Medium,Resolved,3
902676,19070,2026-04-11,2026-04-11 07:08:13.517760274,Account,Low,Resolved,4
902677,15067,2026-04-20,2026-04-20 12:17:26.953837450,Integration,Medium,Resolved,1
902678,13829,2026-08-25,2026-08-25 16:12:39.397705254,Feature Request,Medium,Resolved,5
902679,12249,2024-06-19,2024-06-19 04:24:46.369403226,Account,Medium,Resolved,5
902680,15101,2025-04-24,2025-04-24 13:39:44.861333490,Integration,Medium,Resolved,4
902681,18125,2025-08-03,2025-08-03 07:48:21.079959393,Performance,High,Resolved,5
902682,15474,2026-08-24,2026-08-24 15:19:45.084826898,Technical,High,Resolved,5
902683,19038,2025-08-08,2025-08-08 04:35:56.327622345,Billing,Medium,Open,4
902684,10279,2024-09-30,2024-09-30 02:44:06.494114256,Billing,Low,Resolved,5
902685,15642,2025-11-21,2025-11-21 04:24:34.334580484,Billing,High,Resolved,4
902686,17535,2025-12-23,2025-12-23 17:30:24.172495293,Feature Request,High,Resolved,5
902687,12989,2026-05-27,2026-05-27 15:10:27.463936591,Security,Low,Resolved,4
902688,11833,2025-05-12,2025-05-12 04:58:28.505945413,Billing,High,Resolved,4
902689,19541,2026-07-01,2026-07-01 18:04:52.387791960,Performance,Low,Resolved,4
902690,11215,2026-07-11,2026-07-11 02:56:11.021707474,Billing,Low,Resolved,4
902691,19971,2026-03-15,2026-03-15 05:17:15.696190917,Account,Medium,Resolved,4
902692,19887,2026-07-26,2026-07-26 11:37:56.298158277,Security,Medium,Resolved,5
902693,10644,2026-06-30,2026-06-30 10:09:24.614706686,Billing,Medium,Resolved,3
902694,12492,2026-06-22,2026-06-22 04:32:36.554549949,Integration,Medium,Resolved,3
902695,16620,2025-03-05,2025-03-05 19:09:50.763594232,Performance,Medium,Resolved,3
902696,18967,2025-10-27,2025-10-27 06:17:24.834278292,Billing,High,Resolved,4
902697,12184,2026-05-06,2026-05-06 17:21:29.629274097,Technical,Critical,Resolved,5
902698,18965,2025-07-06,2025-07-06 02:36:46.994136134,Billing,Low,Resolved,1
902699,18170,2025-04-07,2025-04-07 01:18:56.979062186,Billing,High,Resolved,3
902700,19495,2025-12-11,2025-12-11 08:31:08.947746055,Technical,Medium,Resolved,4
902701,14986,2026-07-26,2026-07-26 01:15:40.931232919,Technical,Low,Resolved,4
902702,15329,2025-02-21,2025-02-21 13:29:21.338536189,Billing,Medium,Pending,4
902703,17361,2025-09-20,2025-09-20 04:18:11.361687966,Technical,Low,Resolved,2
902704,12583,2026-02-14,2026-02-14 17:26:52.494203864,Technical,Low,Open,5
902705,11335,2025-07-11,2025-07-11 03:05:30.759684702,Performance,Low,Resolved,4
902706,18674,2025-08-18,2025-08-18 05:43:53.959689393,Technical,Medium,Resolved,4
902707,14436,2025-01-07,2025-01-07 12:24:35.866495929,Security,Medium,Resolved,1
902708,11706,2026-05-28,2026-05-28 15:37:06.973887878,Technical,Medium,Resolved,5
902709,18563,2024-11-12,2024-11-12 03:35:01.510245063,Performance,Low,Resolved,4
902710,12592,2024-01-24,2024-01-24 08:58:23.230701811,Technical,Low,Resolved,4
902711,10935,2025-05-23,2025-05-23 05:28:57.126154616,Account,High,Resolved,5
902712,14391,2024-10-18,2024-10-18 03:24:12.809503706,Technical,Low,Resolved,3
902713,17634,2024-08-20,2024-08-20 07:17:17.481673215,Integration,Medium,Resolved,3
902714,11053,2025-01-16,2025-01-16 12:31:31.343844608,Performance,Medium,Resolved,5
902715,14552,2025-11-02,2025-11-02 10:49:29.649018518,Technical,Medium,Resolved,3
902716,16908,2026-08-04,2026-08-04 15:42:59.838718680,Billing,Low,Resolved,4
902717,19452,2026-04-25,2026-04-25 14:44:46.656597343,Billing,Low,Resolved,3
902718,11596,2026-05-05,2026-05-06 04:09:07.849239933,Technical,Low,Resolved,5
902719,14975,2026-08-19,2026-08-19 13:26:07.287867056,Technical,Medium,Open,3
902720,19236,2025-11-27,2025-11-27 19:00:58.625255300,Billing,Low,Resolved,4
902721,14468,2025-05-28,2025-05-28 06:35:56.953649990,Performance,High,Pending,1
902722,13563,2025-08-23,2025-08-23 04:27:48.167366338,Technical,Low,Resolved,5
902723,14265,2026-08-20,2026-08-20 03:26:13.832276755,Integration,Medium,Resolved,5
902724,15599,2024-03-14,2024-03-14 04:36:21.357150926,Technical,Low,Pending,4
902725,18586,2026-06-19,2026-06-19 06:16:15.816076240,Performance,Medium,Resolved,4
902726,14335,2025-10-10,2025-10-10 18:14:48.261484993,Technical,High,Resolved,1
902727,15669,2026-07-14,2026-07-14 21:09:55.794290857,Security,Low,Open,3
902728,19475,2026-04-29,2026-04-29 03:12:55.831390333,Technical,Medium,Resolved,4
902729,16414,2026-06-29,2026-06-29 15:36:09.890393821,Security,Medium,Resolved,4
902730,10551,2026-08-28,2026-08-28 04:07:28.984061823,Technical,High,Resolved,3
902731,11062,2026-06-22,2026-06-22 15:43:54.679250388,Performance,Low,Resolved,5
902732,14566,2025-12-09,2025-12-09 04:00:59.905734479,Integration,Medium,Resolved,5
902733,19791,2026-07-02,2026-07-02 08:23:53.835319107,Feature Request,Low,Resolved,2
902734,16154,2026-04-01,2026-04-01 14:08:12.125521251,Integration,High,Resolved,3
902735,16661,2026-05-06,2026-05-06 20:59:46.050908053,Feature Request,High,Resolved,1
902736,17551,2025-10-21,2025-10-21 03:57:07.572866025,Billing,Low,Open,4
902737,17735,2025-12-28,2025-12-28 06:27:22.722956067,Technical,Medium,Resolved,5
902738,14443,2025-10-08,2025-10-09 04:07:49.242748303,Billing,Medium,Resolved,3
902739,14130,2025-05-07,2025-05-07 13:50:48.653531689,Feature Request,Medium,Resolved,1
902740,15164,2026-01-10,2026-01-10 08:53:13.802462642,Performance,Low,Resolved,2
902741,12203,2025-09-04,2025-09-05 00:18:36.688306993,Billing,Critical,Open,2
902742,11672,2026-05-08,2026-05-08 09:21:16.110007812,Technical,Low,Resolved,2
902743,12565,2025-06-07,2025-06-08 08:41:25.018235718,Billing,Low,Resolved,4
902744,19948,2025-05-26,2025-05-26 10:27:24.446196986,Feature Request,Medium,Resolved,5
902745,12651,2025-10-05,2025-10-05 09:41:14.502042834,Security,Low,Resolved,5
902746,19260,2026-03-10,2026-03-10 14:01:16.760204043,Technical,Medium,Resolved,5
902747,10001,2026-08-19,2026-08-19 15:04:40.378933380,Integration,Medium,Resolved,5
902748,16867,2025-05-30,2025-05-30 05:34:52.307464731,Technical,Low,Resolved,5
902749,10101,2025-06-02,2025-06-02 11:01:19.545764257,Billing,Low,Resolved,4
902750,15662,2025-08-10,2025-08-10 09:10:13.337349996,Technical,Low,Resolved,4
902751,19814,2024-12-26,2024-12-26 14:05:00.759882512,Technical,Medium,Resolved,1
902752,19867,2025-07-29,2025-07-29 10:57:53.406513950,Feature Request,High,Resolved,4
902753,15010,2025-08-11,2025-08-12 00:06:27.889392344,Security,Critical,Resolved,4
902754,11929,2026-01-01,2026-01-01 06:06:39.161396091,Performance,Medium,Resolved,2
902755,15412,2026-07-09,2026-07-09 14:41:41.079128974,Technical,Low,Resolved,5
902756,11824,2024-09-27,2024-09-27 03:24:05.345056184,Technical,Low,Resolved,4
902757,14593,2026-05-13,2026-05-13 12:03:40.406796082,Technical,Medium,Resolved,3
902758,19130,2025-01-03,2025-01-03 04:21:26.137005703,Performance,Low,Resolved,4
902759,17243,2025-11-23,2025-11-23 02:11:43.753764886,Performance,Medium,Resolved,3
902760,18701,2026-07-10,2026-07-10 09:21:47.439901180,Technical,Medium,Resolved,5
902761,17285,2025-09-26,2025-09-27 00:02:23.810639715,Performance,Medium,Resolved,1
902762,13935,2025-06-08,2025-06-08 06:57:32.865013386,Billing,Low,Resolved,4
902763,12808,2025-04-08,2025-04-08 08:52:54.618501176,Security,Low,Open,5
902764,11870,2026-06-18,2026-06-18 11:45:00.301851748,Account,Medium,Resolved,4
902765,14222,2026-08-24,2026-08-24 04:03:36.184799440,Account,Low,Resolved,3
902766,17810,2024-12-01,2024-12-01 08:15:57.302260030,Technical,High,Resolved,4
902767,11295,2025-07-23,2025-07-24 19:22:15.011970794,Technical,High,Resolved,3
902768,18361,2025-09-10,2025-09-10 04:10:27.661141970,Performance,High,Resolved,5
902769,12459,2026-08-02,2026-08-02 15:51:35.761644252,Technical,Medium,Resolved,4
902770,14991,2025-06-18,2025-06-19 05:03:07.205774007,Technical,Medium,Resolved,5
902771,14424,2025-08-19,2025-08-19 23:33:31.928116356,Integration,High,Resolved,4
902772,19637,2025-04-15,2025-04-15 04:35:40.464169079,Technical,Medium,Resolved,4
902773,15222,2025-08-21,2025-08-21 18:51:29.140549272,Technical,Medium,Resolved,3
902774,13843,2026-05-10,2026-05-10 03:29:16.643303073,Account,High,Resolved,3
902775,13754,2026-01-04,2026-01-04 06:58:26.413072989,Feature Request,Medium,Open,3
902776,19090,2026-02-06,2026-02-07 06:29:15.658141210,Account,Medium,Resolved,4
902777,11889,2026-02-06,2026-02-06 12:37:17.399387197,Technical,Medium,Resolved,4
902778,10702,2025-10-10,2025-10-10 10:17:18.569294617,Billing,Medium,Resolved,5
902779,10901,2025-03-16,2025-03-16 23:48:18.031565970,Technical,Medium,Resolved,5
902780,17678,2025-12-06,2025-12-06 12:28:59.423644160,Technical,Medium,Resolved,3
902781,11595,2025-09-19,2025-09-19 09:13:37.872678766,Integration,Low,Resolved,2
902782,10057,2025-11-29,2025-11-29 02:02:02.871200860,Account,Medium,Resolved,4
902783,11607,2026-07-14,2026-07-14 07:51:43.821485960,Technical,Low,Resolved,4
902784,15469,2026-02-26,2026-02-26 10:05:19.130647164,Performance,Medium,Resolved,4
902785,15657,2026-08-01,2026-08-01 04:59:00.882909553,Feature Request,Medium,Resolved,4
902786,12426,2025-01-22,2025-01-22 14:47:34.040162112,Feature Request,Low,Open,3
902787,12449,2026-08-06,2026-08-07 03:06:54.667047938,Integration,Medium,Resolved,4
902788,10984,2024-05-26,2024-05-26 04:42:00.547213424,Performance,Medium,Resolved,4
902789,17933,2025-12-30,2025-12-31 05:12:14.762935130,Performance,Medium,Open,4
902790,19371,2026-08-01,2026-08-01 11:57:18.232146345,Billing,Low,Resolved,4
902791,15232,2025-05-02,2025-05-02 01:22:19.705757498,Feature Request,Medium,Resolved,4
902792,18186,2025-03-02,2025-03-02 11:57:13.743836452,Feature Request,Medium,Resolved,4
902793,19582,2025-07-18,2025-07-18 08:26:14.753635836,Technical,Medium,Resolved,5
902794,13459,2026-05-08,2026-05-08 09:30:06.083432575,Account,Medium,Resolved,5
902795,16464,2025-12-02,2025-12-02 14:51:30.676481524,Security,Medium,Open,1
902796,11630,2025-12-01,2025-12-01 14:35:07.812342564,Technical,Low,Resolved,5
902797,16097,2025-03-03,2025-03-03 16:14:52.517914353,Billing,Low,Open,4
902798,11056,2026-01-08,2026-01-08 16:24:24.211434362,Technical,Medium,Resolved,4
902799,19677,2025-08-29,2025-08-29 10:22:40.978793406,Billing,Low,Resolved,3
902800,19592,2026-07-13,2026-07-13 06:07:42.663846432,Feature Request,High,Resolved,5
902801,10922,2026-04-14,2026-04-14 08:51:21.029503442,Performance,High,Resolved,4
902802,10949,2025-06-05,2025-06-05 01:04:13.999717714,Billing,Low,Resolved,4
902803,17609,2025-07-21,2025-07-21 07:20:15.227238591,Performance,Critical,Resolved,3
902804,14428,2026-03-31,2026-03-31 17:10:20.166601854,Integration,High,Resolved,4
902805,18081,2025-03-04,2025-03-04 13:21:49.459241728,Billing,Medium,Resolved,5
902806,15296,2025-03-26,2025-03-26 04:08:48.851952990,Integration,High,Resolved,5
902807,16395,2026-02-27,2026-02-27 10:38:18.976640794,Performance,High,Resolved,3
902808,14499,2026-05-21,2026-05-21 11:58:58.348560817,Integration,Low,Resolved,2
902809,16146,2025-08-30,2025-08-30 06:20:53.693888517,Technical,High,Resolved,4
902810,13762,2025-12-28,2025-12-28 15:12:59.767714767,Technical,Low,Pending,5
902811,16301,2025-12-04,2025-12-04 03:48:44.192192313,Performance,Low,Open,3
902812,19925,2026-03-27,2026-03-27 03:40:46.903496264,Performance,Low,Resolved,4
902813,17033,2026-08-14,2026-08-14 05:28:12.457411345,Integration,Medium,Resolved,5
902814,14724,2024-07-11,2024-07-11 11:44:43.903549780,Performance,Medium,Pending,5
902815,13810,2026-05-23,2026-05-23 17:39:42.697854925,Feature Request,High,Open,4
902816,11129,2025-07-19,2025-07-19 07:13:06.099830176,Performance,Medium,Resolved,2
902817,15746,2025-07-02,2025-07-02 03:31:25.121373509,Performance,Low,Resolved,3
902818,15959,2025-07-15,2025-07-16 01:21:04.562841150,Technical,Medium,Resolved,4
902819,12406,2026-01-24,2026-01-24 06:05:25.087510917,Account,Medium,Resolved,4
902820,19190,2026-08-22,2026-08-22 04:00:26.540842168,Technical,Low,Resolved,4
902821,10316,2026-07-23,2026-07-23 07:44:21.970597448,Performance,Medium,Resolved,1
902822,17086,2025-09-28,2025-09-28 05:08:11.304668583,Billing,Low,Pending,5
902823,10852,2025-02-11,2025-02-11 09:59:44.897405240,Technical,Medium,Resolved,2
902824,18113,2026-04-25,2026-04-25 11:14:11.123811992,Feature Request,Medium,Resolved,2
902825,14593,2026-05-13,2026-05-13 12:22:25.230729298,Technical,Medium,Resolved,3
902826,12956,2025-12-29,2025-12-29 06:47:27.413755832,Account,Medium,Resolved,5
902827,18507,2026-02-02,2026-02-03 17:01:56.265842229,Billing,High,Resolved,4
902828,15594,2025-10-05,2025-10-05 05:22:17.753685463,Billing,Low,Resolved,3
902829,14285,2026-06-16,2026-06-16 13:36:04.692377286,Billing,Low,Resolved,2
902830,19515,2025-12-03,2025-12-04 04:29:25.638529927,Feature Request,Medium,Resolved,1
902831,17206,2026-05-16,2026-05-16 18:59:14.183463080,Billing,Low,Open,4
902832,17159,2025-07-11,2025-07-11 05:46:21.373001043,Integration,High,Resolved,2
902833,16506,2025-06-15,2025-06-15 18:58:28.207998753,Technical,Low,Resolved,4
902834,15913,2026-01-19,2026-01-19 05:54:40.111268007,Performance,Medium,Resolved,4
902835,13006,2026-05-16,2026-05-17 00:24:08.811924951,Feature Request,Medium,Resolved,5
902836,14094,2026-08-29,2026-08-29 07:59:57.661194145,Technical,Low,Resolved,3
902837,11109,2024-09-13,2024-09-13 07:43:45.067600642,Performance,Medium,Resolved,5
902838,17604,2025-02-08,2025-02-08 08:45:11.142368308,Billing,Low,Resolved,4
902839,11111,2026-03-11,2026-03-11 04:30:19.969693120,Account,Medium,Resolved,3
902840,18151,2024-11-30,2024-11-30 02:28:44.606529303,Billing,Medium,Resolved,4
902841,11044,2025-06-01,2025-06-01 11:18:44.913778239,Feature Request,Low,Pending,5
902842,12362,2026-04-17,2026-04-18 17:53:18.933401508,Feature Request,Medium,Resolved,4
902843,17131,2024-11-28,2024-11-28 16:18:05.222686078,Technical,Medium,Resolved,4
902844,19274,2026-02-09,2026-02-09 08:56:00.174561439,Account,Medium,Resolved,3
902845,19342,2024-11-04,2024-11-04 06:30:04.692509287,Integration,Low,Resolved,3
902846,17052,2026-02-18,2026-02-18 11:52:58.224591894,Integration,Medium,Resolved,1
902847,16023,2025-06-28,2025-06-28 11:35:22.828084371,Technical,Medium,Resolved,5
902848,13655,2026-03-06,2026-03-06 06:56:02.157812829,Integration,Medium,Resolved,3
902849,12238,2025-04-02,2025-04-02 10:58:14.410424416,Technical,Medium,Resolved,2
902850,13234,2025-12-10,2025-12-12 09:43:31.362235752,Technical,Low,Resolved,5
902851,13941,2025-08-27,2025-08-27 07:53:31.575452712,Billing,Low,Resolved,5
902852,16104,2026-08-21,2026-08-21 03:37:27.940536321,Billing,Low,Resolved,5
902853,18647,2025-04-25,2025-04-25 13:29:42.371981725,Integration,Low,Resolved,1
902854,13076,2025-11-03,2025-11-04 05:02:45.529434790,Account,Medium,Open,3
902855,17329,2025-12-04,2025-12-04 11:38:47.165272868,Technical,Medium,Resolved,5
902856,17120,2026-07-28,2026-07-28 05:01:05.598055606,Billing,Low,Resolved,5
902857,18434,2026-05-21,2026-05-21 11:53:45.741715206,Integration,Medium,Pending,1
902858,15781,2026-06-24,2026-06-24 14:01:26.509821672,Feature Request,Medium,Resolved,5
902859,15165,2026-08-24,2026-08-24 03:54:43.942349743,Feature Request,Low,Resolved,4
902860,14875,2025-09-17,2025-09-17 03:03:58.821516201,Account,Low,Pending,5
902861,10175,2025-06-14,2025-06-15 05:58:26.755172684,Account,High,Pending,4
902862,19200,2024-05-31,2024-05-31 23:08:40.254642445,Technical,Medium,Resolved,5
902863,10243,2025-12-06,2025-12-06 04:20:15.620477114,Billing,Medium,Resolved,2
902864,11512,2026-05-23,2026-05-23 09:37:28.429704703,Feature Request,Medium,Resolved,5
902865,14548,2026-05-10,2026-05-10 13:57:54.142017742,Technical,Low,Resolved,2
902866,18059,2025-10-16,2025-10-16 03:22:47.497444320,Billing,Medium,Resolved,5
902867,14244,2026-07-31,2026-07-31 02:29:38.470664324,Integration,Low,Resolved,3
902868,16030,2026-04-26,2026-04-28 16:20:08.969625409,Billing,Medium,Resolved,4
902869,13245,2025-05-29,2025-05-29 12:11:20.549151866,Performance,Low,Resolved,3
902870,10046,2026-05-30,2026-05-30 23:46:54.980070322,Performance,Medium,Resolved,4
902871,14920,2026-01-13,2026-01-13 05:15:01.688318787,Feature Request,Medium,Resolved,5
902872,19478,2026-08-30,2026-08-30 07:30:29.335883738,Account,Medium,Resolved,4
902873,15739,2025-05-08,2025-05-09 04:08:50.740636837,Integration,Medium,Resolved,2
902874,18962,2024-11-22,2024-11-22 23:27:47.448271407,Technical,Medium,Resolved,3
902875,13389,2026-04-23,2026-04-23 07:52:44.124185992,Technical,Medium,Resolved,5
902876,16753,2026-08-22,2026-08-22 17:46:08.125863942,Security,Medium,Pending,4
902877,10204,2026-06-11,2026-06-12 21:11:15.461451247,Technical,Low,Resolved,1
902878,16238,2025-03-12,2025-03-12 03:43:38.062732382,Feature Request,Medium,Pending,4
902879,10526,2025-07-31,2025-07-31 03:26:05.315950683,Billing,Medium,Resolved,5
902880,18917,2026-07-09,2026-07-09 02:36:28.076028307,Security,Critical,Resolved,4
902881,15836,2025-11-22,2025-11-22 09:58:41.856655206,Technical,Low,Resolved,4
902882,18123,2025-06-18,2025-06-19 09:57:44.804596240,Security,Medium,Resolved,4
902883,10295,2024-02-18,2024-02-18 09:23:30.484720096,Integration,Low,Resolved,5
902884,12276,2026-06-25,2026-06-25 08:22:07.743279817,Technical,Medium,Resolved,4
902885,19971,2024-10-20,2024-10-20 13:08:50.038555340,Feature Request,Medium,Resolved,3
902886,16747,2025-12-22,2025-12-22 07:17:31.558492096,Security,Low,Resolved,5
902887,13843,2025-10-01,2025-10-01 19:44:31.161250078,Account,Medium,Resolved,4
902888,10876,2025-09-01,2025-09-02 01:38:03.186700411,Integration,High,Resolved,3
902889,14111,2026-01-03,2026-01-03 07:16:14.799648431,Technical,High,Resolved,2
902890,12246,2025-04-04,2025-04-04 17:13:00.573128893,Feature Request,High,Resolved,3
902891,19071,2024-12-15,2024-12-15 02:28:22.588177414,Technical,Medium,Resolved,5
902892,12266,2026-07-21,2026-07-21 11:20:44.485061499,Billing,Medium,Resolved,4
902893,15643,2025-01-20,2025-01-20 10:12:16.915875094,Performance,Low,Resolved,4
902894,19411,2025-10-20,2025-10-20 06:01:31.698480957,Performance,Critical,Resolved,5
902895,14209,2025-04-04,2025-04-04 22:43:50.983590118,Billing,Medium,Resolved,5
902896,15830,2025-05-07,2025-05-07 11:52:30.325315915,Integration,Low,Resolved,4
902897,18220,2026-07-14,2026-07-15 13:18:57.996691470,Integration,Low,Resolved,1
902898,13378,2025-10-25,2025-10-25 08:37:03.482778266,Account,Low,Resolved,3
902899,12616,2025-11-20,2025-11-20 09:16:31.767775636,Performance,Medium,Resolved,2
902900,15943,2025-01-03,2025-01-03 04:00:02.468224641,Billing,High,Resolved,3
902901,16715,2025-08-12,2025-08-14 02:55:37.474460320,Performance,Low,Open,5
902902,12912,2024-12-25,2024-12-25 08:51:05.289459465,Integration,Medium,Resolved,4
902903,19165,2026-02-21,2026-02-21 12:32:10.889235776,Performance,Low,Resolved,3
902904,10517,2026-04-02,2026-04-02 09:59:03.203266329,Integration,High,Resolved,2
902905,11727,2026-07-05,2026-07-06 01:30:04.617437281,Technical,Medium,Resolved,3
902906,10907,2024-10-20,2024-10-26 02:24:11.846340889,Billing,Medium,Resolved,4
902907,15606,2024-11-05,2024-11-06 01:19:05.316653546,Feature Request,Critical,Open,4
902908,17083,2024-10-17,2024-10-17 08:02:43.677460881,Integration,High,Resolved,5
902909,12895,2025-04-22,2025-04-22 07:22:50.957135277,Performance,Low,Resolved,4
902910,16095,2025-11-22,2025-11-22 15:46:45.700371933,Billing,Medium,Resolved,1
902911,17047,2026-03-15,2026-03-15 08:35:45.920187218,Technical,High,Resolved,4
902912,11834,2025-03-28,2025-03-28 15:40:56.182754100,Account,Medium,Open,5
902913,16864,2026-04-08,2026-04-08 09:44:46.306103499,Account,Medium,Resolved,5
902914,18051,2026-05-07,2026-05-07 04:18:12.096580957,Technical,Low,Open,4
902915,11984,2025-07-19,2025-07-19 04:06:05.901469621,Performance,Medium,Resolved,5
902916,10692,2026-05-06,2026-05-06 14:40:15.901190958,Technical,Low,Resolved,2
902917,16574,2026-02-13,2026-02-13 13:28:25.951559880,Billing,Low,Pending,1
902918,19826,2024-12-03,2024-12-03 08:49:10.789345830,Integration,Medium,Resolved,2
902919,13332,2025-01-13,2025-01-13 07:28:41.645627317,Integration,Medium,Resolved,4
902920,17605,2026-05-14,2026-05-14 08:56:01.675847223,Performance,Medium,Resolved,4
902921,14259,2025-12-17,2025-12-18 00:37:39.641139973,Integration,Low,Resolved,4
902922,11803,2026-03-14,2026-03-14 06:33:26.296994152,Account,Medium,Resolved,5
902923,16287,2026-06-08,2026-06-08 03:36:27.282080242,Performance,High,Resolved,4
902924,18503,2026-05-06,2026-05-07 07:44:16.632278091,Technical,High,Resolved,5
902925,15645,2026-08-12,2026-08-12 12:51:05.551390465,Billing,Medium,Open,2
902926,15037,2026-06-23,2026-06-24 05:04:52.454138008,Feature Request,Medium,Resolved,5
902927,12489,2025-05-27,2025-05-27 14:51:02.778799100,Integration,Low,Resolved,4
902928,11526,2024-11-17,2024-11-17 16:01:22.285058113,Performance,Medium,Resolved,2
902929,15168,2026-04-20,2026-04-20 05:19:05.178053395,Performance,Medium,Resolved,5
902930,13785,2026-04-30,2026-04-30 11:47:18.473500075,Feature Request,High,Resolved,1
902931,15835,2025-10-24,2025-10-24 05:23:14.440192825,Security,Medium,Resolved,5
902932,15071,2025-12-15,2025-12-15 19:59:11.606640298,Performance,Low,Resolved,3
902933,10271,2026-02-11,2026-02-11 08:32:44.085311980,Account,Medium,Resolved,3
902934,17564,2025-09-18,2025-09-18 11:51:58.146550390,Technical,Medium,Resolved,5
902935,15943,2025-01-03,2025-01-03 04:12:28.601343172,Integration,Medium,Pending,5
902936,15340,2026-05-19,2026-05-19 07:58:28.343973651,Technical,High,Resolved,4
902937,19360,2025-09-13,2025-09-13 04:25:40.964259856,Integration,High,Resolved,3
902938,13393,2025-05-01,2025-05-01 14:35:02.036508230,Billing,Low,Resolved,5
902939,10939,2025-02-17,2025-02-17 02:01:51.960240310,Security,Low,Resolved,5
902940,17938,2025-04-12,2025-04-12 11:09:23.995330297,Integration,Low,Resolved,5
902941,18903,2026-01-27,2026-02-01 16:21:19.921375605,Integration,Medium,Resolved,4
902942,13101,2025-11-12,2025-11-12 04:42:38.437112001,Account,Critical,Resolved,4
902943,15972,2026-08-08,2026-08-09 09:02:39.634474812,Technical,Medium,Resolved,4
902944,14529,2026-08-04,2026-08-04 12:26:14.906423349,Technical,Medium,Resolved,4
902945,17833,2026-06-04,2026-06-06 04:19:55.364076926,Technical,Low,Resolved,1
902946,18316,2025-05-10,2025-05-10 06:56:11.443969492,Feature Request,Low,Resolved,3
902947,15519,2025-02-08,2025-02-08 17:25:28.216291314,Account,High,Resolved,4
902948,10335,2025-08-04,2025-08-04 10:25:28.898974743,Account,High,Pending,4
902949,11135,2026-07-10,2026-07-10 04:16:12.324870530,Technical,Low,Resolved,4
902950,15784,2026-01-26,2026-01-26 09:10:27.536106766,Technical,Medium,Resolved,4
902951,17928,2026-05-28,2026-05-28 13:26:11.407559409,Integration,Low,Resolved,4
902952,15487,2026-01-15,2026-01-16 02:40:39.782189488,Billing,Medium,Resolved,5
902953,17769,2026-03-20,2026-03-20 04:23:16.668372051,Technical,Low,Resolved,5
902954,17433,2025-05-01,2025-05-01 09:50:37.163935050,Security,Low,Resolved,4
902955,10590,2025-03-29,2025-03-29 08:04:26.244130663,Technical,High,Resolved,3
902956,16222,2026-08-18,2026-08-18 05:14:03.123629638,Integration,Medium,Resolved,5
902957,18185,2024-11-17,2024-11-17 14:20:54.575155093,Technical,Low,Open,4
902958,19046,2026-04-07,2026-04-07 17:38:48.944603623,Account,Medium,Open,4
902959,16616,2026-06-02,2026-06-02 09:46:21.767942139,Performance,High,Resolved,4
902960,13900,2026-08-27,2026-08-27 09:27:00.627503860,Technical,High,Resolved,5
902961,13052,2026-07-03,2026-07-03 07:12:43.631550255,Integration,Low,Resolved,3
902962,12061,2025-11-12,2025-11-12 15:45:32.797355911,Billing,Medium,Resolved,4
902963,19687,2026-05-11,2026-05-11 15:09:12.681634604,Billing,Medium,Resolved,2
902964,15438,2024-09-09,2024-09-09 05:34:27.244301502,Technical,Medium,Resolved,3
902965,11042,2025-04-30,2025-04-30 19:59:24.432216979,Billing,Medium,Open,2
902966,15197,2025-09-23,2025-09-23 18:47:55.398231751,Technical,Medium,Resolved,1
902967,19270,2025-01-24,2025-01-24 06:30:44.338032360,Feature Request,Medium,Resolved,4
902968,16348,2024-06-17,2024-06-17 16:45:30.534264687,Performance,Low,Open,3
902969,13509,2026-04-03,2026-04-04 18:32:41.542026478,Technical,High,Resolved,4
902970,11850,2024-05-28,2024-05-28 12:53:14.625799317,Technical,Medium,Resolved,1
902971,10325,2026-01-20,2026-01-20 22:12:33.437364886,Technical,High,Resolved,5
902972,15134,2025-06-29,2025-06-29 21:06:51.231815049,Account,Medium,Resolved,3
902973,18780,2024-07-19,2024-07-19 15:27:04.099781019,Security,Medium,Resolved,3
902974,16548,2025-12-24,2025-12-24 05:16:24.224518480,Integration,Low,Resolved,4
902975,14784,2025-12-02,2025-12-02 07:18:12.525787929,Integration,Medium,Resolved,4
902976,10889,2025-12-15,2025-12-15 05:28:13.010517465,Performance,High,Resolved,5
902977,15484,2025-05-31,2025-05-31 06:43:08.052350862,Performance,Medium,Resolved,5
902978,15442,2024-12-28,2024-12-28 13:22:36.300049698,Performance,High,Resolved,3
902979,19066,2025-12-28,2025-12-28 13:54:31.415759082,Account,Medium,Resolved,4
902980,16389,2025-10-19,2025-10-19 08:18:34.559525862,Security,Medium,Resolved,4
902981,17518,2025-12-26,2025-12-26 15:01:03.900775360,Technical,Low,Resolved,4
902982,17547,2025-07-05,2025-07-05 03:03:24.038417995,Billing,Medium,Resolved,4
902983,12135,2026-02-21,2026-02-21 07:23:31.192962680,Account,Low,Resolved,4
902984,11815,2025-04-13,2025-04-13 13:44:37.306676389,Feature Request,Medium,Resolved,3
902985,12467,2026-08-11,2026-08-11 23:16:49.590095228,Feature Request,Low,Resolved,4
902986,19028,2024-12-20,2024-12-20 12:04:39.742425591,Performance,High,Open,3
902987,13828,2024-12-25,2024-12-31 12:49:15.623658483,Feature Request,Medium,Resolved,4
902988,11220,2025-03-09,2025-03-09 08:16:42.572861310,Technical,High,Open,3
902989,17591,2024-09-13,2024-09-13 11:27:16.508203718,Performance,Low,Resolved,4
902990,15677,2026-04-25,2026-04-26 20:52:21.112778064,Account,Low,Resolved,4
902991,13985,2026-08-23,2026-08-23 03:03:48.914903901,Technical,Medium,Resolved,4
902992,16370,2024-04-30,2024-04-30 05:33:25.888858200,Security,Low,Resolved,3
902993,15976,2025-09-17,2025-09-17 08:14:49.851578616,Performance,Medium,Resolved,3
902994,13461,2026-05-08,2026-05-09 06:34:55.905775989,Billing,Critical,Resolved,5
902995,10125,2026-03-26,2026-03-26 18:58:12.795474453,Technical,Low,Resolved,5
902996,16692,2026-03-02,2026-03-03 09:10:36.732285742,Performance,Low,Resolved,5
902997,13535,2025-10-13,2025-10-13 06:14:43.238924487,Account,High,Resolved,4
902998,15408,2025-10-19,2025-10-19 17:23:07.663398453,Integration,Medium,Resolved,5
902999,17441,2026-05-21,2026-05-21 03:37:48.952063038,Account,Medium,Resolved,5
903000,10926,2026-08-16,2026-08-17 01:03:20.946358281,Feature Request,Low,Resolved,3
903001,17378,2024-12-27,2024-12-27 08:43:23.420451543,Billing,Low,Resolved,4
903002,18700,2026-05-17,2026-05-17 07:46:50.095538338,Billing,High,Resolved,3
903003,18445,2025-07-14,2025-07-14 05:04:53.613842948,Feature Request,Medium,Resolved,5
903004,14179,2024-05-10,2024-05-10 14:56:45.411218167,Technical,High,Resolved,4
903005,17601,2024-04-28,2024-04-28 05:58:11.511405008,Account,Low,Resolved,4
903006,14155,2026-01-12,2026-01-12 03:03:50.287679971,Technical,Low,Pending,3
903007,16696,2024-09-02,2024-09-02 20:00:39.625907882,Security,Critical,Resolved,5
903008,10169,2026-08-23,2026-08-23 13:04:50.127224898,Account,Medium,Resolved,2
903009,13062,2024-07-28,2024-07-28 09:40:16.880706300,Account,Critical,Resolved,5
903010,14415,2026-04-10,2026-04-10 10:30:22.535271529,Integration,Medium,Resolved,5
903011,18438,2025-10-04,2025-10-04 13:40:15.612294651,Performance,Low,Resolved,1
903012,13848,2025-05-04,2025-05-04 07:40:24.520514012,Feature Request,Low,Resolved,1
903013,10925,2025-11-21,2025-11-21 06:45:06.686888580,Technical,Low,Resolved,5
903014,12966,2025-01-15,2025-01-15 13:17:59.278362061,Technical,Low,Resolved,3
903015,19524,2025-11-01,2025-11-01 05:18:47.628523040,Performance,Low,Open,3
903016,13830,2025-07-04,2025-07-04 10:43:41.600476135,Performance,Medium,Open,2
903017,15209,2025-12-27,2025-12-28 00:48:35.014848624,Account,Medium,Resolved,4
903018,15660,2026-08-22,2026-08-22 14:56:58.659432050,Technical,Low,Resolved,4
903019,11666,2026-03-13,2026-03-13 04:40:57.360961599,Feature Request,Low,Resolved,5
903020,15270,2026-05-02,2026-05-02 11:38:26.456641843,Technical,Medium,Resolved,2
903021,19508,2026-07-05,2026-07-05 08:52:29.755686068,Technical,Low,Resolved,4
903022,13675,2026-05-18,2026-05-18 08:01:32.185514935,Account,Low,Open,5
903023,11296,2026-08-13,2026-08-13 07:29:19.484418552,Billing,High,Resolved,4
903024,15251,2026-02-02,2026-02-02 05:33:51.910654060,Feature Request,High,Resolved,4
903025,19034,2026-03-11,2026-03-11 08:25:52.165022138,Account,Medium,Resolved,4
903026,11192,2025-11-13,2025-11-13 04:59:10.451383573,Performance,Low,Resolved,4
903027,10380,2026-03-31,2026-03-31 05:40:10.620811142,Technical,Medium,Resolved,4
903028,10807,2025-06-11,2025-06-11 07:34:53.215001036,Account,Low,Resolved,3
903029,12779,2026-02-14,2026-02-14 15:09:55.489997163,Integration,Medium,Resolved,5
903030,14983,2025-02-23,2025-02-23 13:28:38.732552554,Technical,Medium,Resolved,1
903031,17246,2026-02-03,2026-02-04 01:10:22.013428105,Performance,Medium,Resolved,4
903032,13775,2026-06-21,2026-06-21 05:51:14.385017232,Technical,Medium,Resolved,5
903033,11937,2025-12-16,2025-12-16 08:39:11.303802925,Integration,Medium,Open,4
903034,10602,2026-06-26,2026-06-26 11:50:27.069329018,Technical,Low,Resolved,3
903035,16213,2025-09-25,2025-09-25 19:18:18.318138213,Technical,Medium,Open,5
903036,18491,2026-06-11,2026-06-11 06:26:52.361083420,Billing,Medium,Resolved,4
903037,10031,2026-04-13,2026-04-13 07:58:35.603940090,Integration,Medium,Resolved,5
903038,17384,2025-05-13,2025-05-13 03:55:33.020670558,Feature Request,Low,Resolved,5
903039,14390,2026-07-30,2026-07-30 18:03:01.289568657,Security,Medium,Open,1
903040,11798,2025-04-22,2025-04-22 17:33:59.596588328,Billing,Medium,Resolved,1
903041,15332,2026-03-27,2026-03-27 18:34:18.210547055,Performance,High,Open,3
903042,10633,2026-07-20,2026-07-20 21:24:00.881626449,Feature Request,High,Resolved,4
903043,14435,2026-02-10,2026-02-10 04:19:28.570786708,Account,Low,Resolved,3
903044,13125,2026-01-05,2026-01-05 13:06:14.110239942,Security,Low,Resolved,4
903045,12025,2024-12-19,2024-12-19 08:39:11.926719547,Performance,Medium,Resolved,4
903046,10127,2026-01-07,2026-01-07 11:14:15.868976283,Technical,Medium,Resolved,3
903047,10320,2025-01-22,2025-01-22 23:44:20.621310856,Technical,Low,Resolved,5
903048,12438,2026-04-23,2026-04-23 07:57:17.658212468,Performance,High,Resolved,4
903049,11999,2025-06-15,2025-06-15 07:42:56.745444618,Security,High,Resolved,5
903050,17861,2026-05-08,2026-05-08 05:27:30.118755697,Technical,Medium,Resolved,3
903051,11638,2025-10-19,2025-10-19 07:00:09.714795850,Technical,High,Resolved,3
903052,15796,2025-07-15,2025-07-15 10:38:32.407875272,Feature Request,Low,Pending,4
903053,12121,2026-03-21,2026-03-21 20:40:24.966818220,Technical,High,Resolved,3
903054,10041,2026-08-28,2026-08-28 08:22:11.152325366,Technical,Low,Resolved,5
903055,19008,2026-03-03,2026-03-03 02:05:10.574186067,Integration,High,Resolved,3
903056,13444,2026-02-14,2026-02-14 02:31:42.195207925,Technical,Low,Resolved,3
903057,12184,2026-05-06,2026-05-06 08:39:41.549227416,Feature Request,Low,Resolved,5
903058,16277,2025-07-04,2025-07-04 04:25:27.948208044,Technical,High,Resolved,4
903059,14016,2026-08-03,2026-08-03 11:28:53.091869160,Technical,Medium,Resolved,4
903060,18911,2024-10-13,2024-10-13 04:31:02.808811937,Security,High,Resolved,3
903061,16181,2026-08-05,2026-08-05 18:14:36.730612870,Performance,Medium,Resolved,1
903062,14876,2025-03-14,2025-03-14 10:00:22.530856528,Billing,Low,Open,4
903063,18923,2025-06-13,2025-06-13 15:28:56.363613866,Technical,Medium,Resolved,4
903064,12637,2026-05-11,2026-05-11 07:25:05.012694915,Performance,Medium,Pending,4
903065,15168,2026-04-20,2026-04-20 06:45:42.364935262,Billing,Medium,Open,4
903066,17073,2026-07-18,2026-07-19 02:44:26.258824086,Billing,Medium,Resolved,4
903067,19756,2025-12-06,2025-12-06 06:14:27.441224257,Feature Request,Medium,Resolved,5
903068,13340,2026-04-08,2026-04-08 11:46:25.989083238,Integration,Medium,Resolved,4
903069,14454,2026-05-14,2026-05-14 14:41:00.398589244,Technical,High,Resolved,5
903070,16847,2026-05-30,2026-05-30 07:46:26.948331937,Performance,Medium,Open,5
903071,13953,2026-06-07,2026-06-07 07:09:35.897973055,Performance,Medium,Resolved,3
903072,19475,2025-05-01,2025-05-01 05:44:24.324709725,Technical,Low,Resolved,5
903073,19343,2025-01-27,2025-01-27 10:05:07.616931180,Integration,Critical,Open,4
903074,15810,2025-01-10,2025-01-10 03:36:40.660486984,Billing,Low,Resolved,4
903075,10535,2025-10-19,2025-10-19 22:17:29.266243699,Technical,Medium,Open,5
903076,14531,2025-09-08,2025-09-08 05:57:23.006648023,Technical,High,Resolved,4
903077,18174,2024-08-04,2024-08-04 05:31:20.186333310,Account,Medium,Resolved,3
903078,11773,2026-05-06,2026-05-06 11:18:05.755512852,Technical,Critical,Resolved,5
903079,14957,2025-12-11,2025-12-11 14:01:56.060137898,Billing,High,Resolved,5
903080,15849,2026-08-24,2026-08-25 04:00:03.118688535,Billing,Low,Resolved,5
903081,13032,2025-04-14,2025-04-14 08:04:06.025174366,Performance,Low,Resolved,3
903082,10249,2025-05-30,2025-05-31 14:26:35.819843848,Account,Medium,Resolved,5
903083,10709,2026-05-11,2026-05-11 05:31:10.967087643,Billing,Medium,Resolved,4
903084,11381,2025-05-30,2025-05-30 12:32:46.423303936,Integration,Low,Resolved,4
903085,13288,2025-12-19,2025-12-19 13:14:46.920434773,Integration,Medium,Resolved,5
903086,14373,2025-11-09,2025-11-09 13:05:44.217453850,Performance,Medium,Resolved,4
903087,10059,2026-05-27,2026-05-27 07:41:28.585478432,Billing,High,Resolved,2
903088,12267,2026-07-17,2026-07-17 08:40:09.025054906,Technical,High,Resolved,3
903089,17573,2026-05-12,2026-05-12 08:24:09.804585956,Feature Request,Low,Resolved,4
903090,12585,2024-04-10,2024-04-10 08:11:45.881630466,Integration,Low,Resolved,4
903091,15171,2026-05-21,2026-05-21 08:43:58.887582758,Performance,Low,Resolved,3
903092,15565,2026-04-06,2026-04-06 02:20:05.765979332,Technical,High,Pending,5
903093,18293,2026-07-22,2026-07-22 10:47:14.420785322,Billing,Low,Resolved,1
903094,14702,2026-01-23,2026-01-23 02:17:30.729701842,Feature Request,Medium,Resolved,5
903095,10984,2026-07-23,2026-07-23 14:20:04.960618396,Integration,Critical,Resolved,2
903096,13632,2026-02-16,2026-02-16 12:58:26.632363807,Account,Low,Resolved,1
903097,13455,2026-07-17,2026-07-17 07:30:00.854583404,Account,Medium,Resolved,4
903098,11092,2026-01-31,2026-02-01 19:42:13.308114841,Billing,High,Resolved,4
903099,17970,2025-04-13,2025-04-13 05:04:56.961569460,Billing,Medium,Resolved,4
903100,13059,2024-11-13,2024-11-13 21:03:45.947037675,Technical,High,Resolved,4
903101,17401,2024-09-02,2024-09-02 07:10:31.546948688,Billing,High,Resolved,4
903102,15160,2024-07-12,2024-07-12 12:22:41.635045124,Performance,Low,Resolved,4
903103,12529,2026-06-30,2026-06-30 08:09:23.038273065,Integration,Medium,Resolved,5
903104,10832,2025-12-01,2025-12-01 18:24:49.691917591,Performance,Critical,Resolved,1
903105,17775,2025-12-25,2025-12-25 09:18:51.753511760,Technical,Low,Resolved,4
903106,19470,2026-05-05,2026-05-05 03:22:01.345951308,Technical,Low,Resolved,4
903107,10620,2026-05-25,2026-05-25 03:38:28.353300925,Performance,High,Resolved,4
903108,14258,2025-03-07,2025-03-07 05:05:47.100426961,Performance,Medium,Resolved,4
903109,14215,2026-06-11,2026-06-11 05:46:57.114130044,Feature Request,Medium,Resolved,3
903110,10931,2025-05-10,2025-05-10 07:38:29.972820710,Technical,Low,Resolved,4
903111,14431,2026-08-15,2026-08-15 08:19:23.570052553,Security,Low,Resolved,4
903112,15551,2025-02-28,2025-02-28 07:46:29.943152014,Feature Request,Medium,Resolved,4
903113,18843,2026-05-11,2026-05-11 17:38:29.768344832,Account,Low,Resolved,1
903114,13608,2026-03-03,2026-03-03 03:02:46.031367343,Technical,High,Resolved,3
903115,19409,2026-06-03,2026-06-03 07:17:40.060629661,Performance,Medium,Resolved,3
903116,14566,2025-12-09,2025-12-09 05:11:57.744496024,Feature Request,High,Resolved,4
903117,19677,2026-03-25,2026-03-25 13:34:29.523097041,Account,Low,Resolved,4
903118,12755,2025-01-08,2025-01-08 03:01:46.294276321,Billing,Medium,Resolved,4
903119,10823,2026-06-08,2026-06-08 17:37:34.224630985,Billing,Medium,Resolved,3
903120,14794,2025-08-13,2025-08-13 08:14:55.926273886,Technical,High,Pending,3
903121,13666,2026-04-25,2026-04-25 11:06:36.823479454,Technical,High,Resolved,3
903122,17179,2025-02-23,2025-02-23 08:47:31.383930782,Feature Request,Low,Resolved,5
903123,18617,2025-08-12,2025-08-12 07:11:20.162070351,Billing,Medium,Resolved,4
903124,11287,2026-08-21,2026-08-22 01:43:40.055753470,Feature Request,Low,Resolved,5
903125,13747,2025-09-24,2025-09-24 04:37:02.024289472,Feature Request,Low,Resolved,3
903126,13596,2026-07-25,2026-07-25 21:03:26.736392480,Technical,Medium,Resolved,4
903127,14390,2026-07-30,2026-07-30 05:33:55.252358542,Feature Request,Medium,Resolved,3
903128,17431,2025-11-20,2025-11-20 06:54:57.929241906,Billing,Medium,Pending,2
903129,17680,2024-07-06,2024-07-06 09:21:36.898129454,Billing,Medium,Resolved,3
903130,19795,2026-01-08,2026-01-08 17:46:12.401862398,Technical,Medium,Resolved,2
903131,19517,2026-08-31,,Billing,Medium,Resolved,2
903132,16645,2025-04-15,2025-04-15 12:08:34.123719462,Integration,Low,Pending,2
903133,12222,2025-10-29,2025-10-29 14:56:44.312119893,Security,Low,Resolved,3
903134,17877,2026-06-13,2026-06-13 09:58:48.618617239,Feature Request,Low,Resolved,2
903135,12515,2025-03-08,2025-03-09 20:12:42.604906413,Billing,Medium,Open,5
903136,12105,2025-05-25,2025-05-25 12:12:25.916520578,Performance,High,Resolved,4
903137,13129,2025-09-08,2025-09-08 08:23:17.847443572,Account,Medium,Resolved,3
903138,19576,2025-09-30,2025-09-30 06:08:35.460754562,Billing,Medium,Resolved,5
903139,15152,2025-02-21,2025-02-21 13:56:43.639962036,Feature Request,High,Pending,4
903140,18992,2025-12-27,2025-12-27 09:22:47.496690814,Technical,Medium,Resolved,1
903141,17541,2025-08-20,2025-08-20 06:31:04.957470696,Account,Medium,Resolved,3
903142,18788,2025-10-05,2025-10-05 09:10:14.546522298,Billing,Critical,Open,5
903143,11869,2024-11-12,2024-11-12 02:53:31.038721994,Account,Low,Open,4
903144,10480,2025-09-17,2025-09-17 18:05:40.703655094,Security,Low,Resolved,2
903145,17730,2026-01-06,2026-01-07 06:43:22.919234030,Billing,Medium,Resolved,3
903146,11600,2025-12-01,2025-12-01 20:29:45.418091827,Account,Low,Resolved,1
903147,14164,2025-08-14,2025-08-14 05:22:41.848415216,Technical,Medium,Open,4
903148,11393,2025-12-25,2025-12-25 05:15:42.465830994,Technical,Medium,Resolved,3
903149,12176,2026-02-19,2026-02-19 08:28:23.056413772,Integration,Low,Resolved,5
903150,19395,2025-09-08,2025-09-08 21:12:25.317207118,Billing,Medium,Resolved,4
903151,19887,2025-09-14,2025-09-14 09:26:32.862003943,Feature Request,Medium,Resolved,3
903152,10241,2026-04-03,2026-04-05 00:19:18.326770078,Technical,Low,Open,4
903153,15639,2025-06-07,2025-06-07 04:24:25.033527846,Technical,Medium,Resolved,2
903154,11026,2025-04-15,2025-04-15 03:53:02.859709225,Feature Request,High,Resolved,5
903155,14052,2026-05-13,2026-05-13 07:37:17.648107168,Account,Low,Resolved,4
903156,19778,2025-09-30,2025-09-30 12:20:12.895736568,Billing,Low,Resolved,3
903157,17583,2025-05-08,2025-05-08 18:24:46.464471403,Performance,Medium,Resolved,2
903158,17132,2025-10-02,2025-10-02 10:25:29.265155490,Feature Request,High,Resolved,4
903159,10493,2026-02-02,2026-02-03 03:56:31.105079984,Integration,Medium,Resolved,4
903160,14401,2026-08-22,2026-08-22 04:27:15.799066610,Technical,High,Resolved,3
903161,14007,2025-06-26,2025-06-26 03:57:20.732657446,Account,Medium,Resolved,3
903162,12530,2026-06-04,2026-06-04 18:15:37.924793416,Performance,Medium,Resolved,5
903163,13146,2026-05-31,2026-05-31 12:21:52.625713334,Account,Low,Resolved,4
903164,13035,2024-06-25,2024-06-25 19:37:59.668652334,Performance,High,Resolved,5
903165,11032,2025-05-06,2025-05-06 11:46:09.307023312,Feature Request,Medium,Resolved,5
903166,11748,2026-01-10,2026-01-10 04:09:17.921250712,Performance,Medium,Resolved,4
903167,19250,2026-08-28,2026-08-28 23:48:43.192919937,Technical,Low,Open,1
903168,12497,2026-08-24,2026-08-25 08:42:25.986029256,Feature Request,Low,Resolved,4
903169,13900,2026-06-02,2026-06-03 02:27:16.157900808,Integration,Low,Open,5
903170,18534,2025-08-15,2025-08-15 07:05:06.639632350,Performance,High,Resolved,3
903171,15250,2026-02-10,2026-02-11 00:16:21.008061249,Feature Request,High,Resolved,3
903172,14223,2026-05-07,2026-05-07 04:21:44.503152537,Feature Request,Low,Resolved,4
903173,13838,2025-12-16,2025-12-16 06:19:24.736247576,Technical,Medium,Resolved,4
903174,16071,2026-05-28,2026-05-28 03:06:56.530625886,Billing,Low,Resolved,4
903175,15899,2026-03-08,2026-03-10 06:55:07.871764267,Performance,Medium,Resolved,4
903176,16873,2026-06-06,2026-06-07 15:50:27.473911454,Technical,Medium,Resolved,5
903177,13258,2025-08-06,2025-08-07 08:29:49.687939532,Billing,Medium,Resolved,4
903178,11379,2025-03-31,2025-04-01 04:18:32.826342268,Billing,Medium,Resolved,3
903179,18374,2026-04-12,2026-04-12 10:59:31.396092198,Technical,Low,Resolved,5
903180,10961,2026-06-15,2026-06-15 18:38:09.648659464,Integration,Medium,Resolved,5
903181,15379,2026-08-22,2026-08-22 10:45:32.046508558,Billing,Medium,Resolved,4
903182,11953,2025-12-22,2025-12-22 03:33:08.462567048,Technical,High,Resolved,2
903183,14560,2025-06-23,2025-06-23 12:07:23.714402419,Billing,Medium,Resolved,4
903184,16793,2024-10-14,2024-10-15 03:05:33.251183710,Performance,Medium,Resolved,4
903185,17545,2026-02-03,2026-02-03 05:46:09.712368138,Technical,Low,Resolved,3
903186,13815,2026-08-29,2026-08-29 07:54:09.773383744,Integration,Medium,Resolved,4
903187,13152,2026-07-16,2026-07-16 08:29:17.014923819,Technical,Medium,Resolved,4
903188,19816,2024-11-05,2024-11-05 08:30:27.731055189,Feature Request,Medium,Resolved,4
903189,19907,2026-07-31,2026-07-31 13:19:20.557009408,Technical,Low,Resolved,4
903190,11452,2025-07-05,2025-07-06 20:37:30.409214923,Security,Medium,Resolved,5
903191,18940,2025-09-09,2025-09-09 07:01:56.119846807,Technical,High,Resolved,3
903192,17407,2026-04-10,2026-04-10 04:49:04.669366591,Feature Request,Low,Resolved,5
903193,15432,2024-12-11,2024-12-11 09:30:25.184092064,Feature Request,High,Resolved,4
903194,16948,2026-03-02,2026-03-02 16:59:43.454719503,Feature Request,Low,Resolved,5
903195,17075,2025-12-24,2025-12-24 19:21:25.741750719,Integration,Medium,Resolved,4
903196,18396,2025-03-29,2025-03-29 09:31:39.865532577,Integration,Medium,Open,4
903197,14324,2025-10-15,2025-10-15 09:09:30.649797831,Integration,Low,Resolved,5
903198,15283,2025-10-17,2025-10-17 07:06:39.594479986,Feature Request,High,Resolved,4
903199,17101,2024-12-13,2024-12-13 10:26:49.479648399,Technical,Medium,Resolved,3
903200,19722,2025-10-07,2025-10-07 04:10:37.590778362,Account,Medium,Resolved,5
903201,12062,2024-08-21,2024-08-21 06:40:13.796083120,Billing,Medium,Resolved,2
903202,19769,2026-06-28,2026-06-28 06:20:12.612372115,Account,Medium,Resolved,3
903203,14468,2026-07-23,2026-07-23 04:21:25.203629610,Performance,Medium,Resolved,2
903204,18487,2024-11-05,2024-11-05 05:15:38.307203611,Performance,High,Resolved,5
903205,11842,2026-08-20,2026-08-20 15:29:39.971728233,Feature Request,Low,Open,4
903206,13333,2026-06-21,2026-06-21 06:58:24.517967311,Feature Request,Low,Pending,5
903207,18954,2025-11-09,2025-11-09 08:43:31.456201872,Technical,High,Resolved,5
903208,12059,2025-09-01,2025-09-01 02:50:09.502335330,Integration,Medium,Resolved,4
903209,14761,2025-01-05,2025-01-05 12:30:39.034326960,Performance,Medium,Resolved,5
903210,19291,2026-03-31,2026-03-31 04:27:52.332625810,Feature Request,Medium,Resolved,3
903211,14025,2024-12-17,2024-12-17 12:11:24.175659757,Integration,Low,Open,3
903212,16431,2025-07-02,2025-07-02 07:39:17.646936274,Integration,Low,Resolved,4
903213,13484,2026-06-17,2026-06-17 16:11:30.526475517,Technical,Low,Resolved,4
903214,11065,2026-05-22,2026-05-22 04:28:03.260138214,Technical,Low,Resolved,3
903215,15012,2025-03-07,2025-03-07 19:15:08.316226000,Feature Request,High,Resolved,5
903216,16944,2026-06-16,2026-06-16 16:31:15.510724283,Integration,Medium,Resolved,5
903217,13914,2024-12-14,2024-12-14 08:45:28.419236834,Integration,Low,Resolved,5
903218,16741,2026-08-27,2026-08-27 14:37:49.185703383,Technical,Medium,Resolved,4
903219,16803,2025-04-04,2025-04-04 11:56:24.973294221,Account,Low,Resolved,4
903220,14490,2025-02-28,2025-02-28 04:02:17.887650702,Integration,Medium,Resolved,4
903221,17646,2025-11-25,2025-11-25 06:59:31.355977084,Account,Medium,Resolved,4
903222,11590,2026-04-29,2026-04-29 04:12:17.157517142,Billing,Low,Resolved,5
903223,16435,2025-02-09,2025-02-09 09:51:19.002412047,Technical,Low,Resolved,4
903224,12752,2026-08-08,2026-08-08 07:12:06.625941609,Integration,Medium,Resolved,3
903225,15060,2025-04-23,2025-04-23 09:46:46.612104967,Feature Request,Low,Resolved,1
903226,18044,2026-01-22,2026-01-22 15:32:18.178973628,Security,High,Resolved,1
903227,14176,2026-08-26,2026-08-26 09:13:19.410797186,Technical,Medium,Resolved,4
903228,11345,2026-04-29,2026-04-29 04:05:11.226131228,Performance,Medium,Pending,5
903229,12947,2026-03-18,2026-03-18 05:10:24.283465546,Technical,Low,Resolved,5
903230,14718,2024-05-04,2024-05-04 07:44:20.758678951,Technical,Medium,Resolved,4
903231,12056,2026-06-16,2026-06-16 14:13:11.563556127,Technical,High,Open,4
903232,15573,2026-05-12,2026-05-12 10:22:33.781984669,Security,Medium,Open,3
903233,14533,2024-11-18,2024-11-18 01:47:36.022082884,Integration,Medium,Resolved,5
903234,12481,2026-06-30,2026-06-30 07:55:55.255518343,Performance,High,Open,2
903235,17984,2025-10-13,2025-10-13 04:50:07.457720211,Feature Request,Low,Resolved,3
903236,11534,2025-08-03,2025-08-03 04:31:51.791226830,Feature Request,High,Resolved,5
903237,19966,2024-12-25,2024-12-25 09:42:55.285669461,Technical,High,Open,4
903238,16709,2025-04-05,2025-04-05 05:53:41.594261218,Technical,Critical,Resolved,4
903239,14064,2026-04-10,2026-04-10 14:22:53.309415860,Technical,Medium,Resolved,3
903240,13732,2025-06-19,2025-06-19 06:46:08.581464454,Technical,Low,Resolved,4
903241,13529,2026-08-30,2026-08-30 04:04:59.237460048,Integration,Low,Resolved,5
903242,14456,2026-04-15,2026-04-15 06:34:52.765371987,Integration,Low,Resolved,2
903243,11010,2025-09-24,2025-09-25 08:25:25.322872828,Feature Request,Medium,Resolved,1
903244,11487,2025-09-05,2025-09-05 07:40:20.963127381,Account,Medium,Resolved,4
903245,10761,2024-09-17,2024-09-17 09:20:22.723528088,Technical,Low,Resolved,3
903246,19706,2025-09-06,2025-09-06 13:32:43.174645213,Integration,High,Resolved,5
903247,19796,2025-03-13,2025-03-13 06:42:06.967456027,Technical,Medium,Resolved,5
903248,10893,2026-04-13,2026-04-13 04:06:42.459723363,Account,High,Resolved,4
903249,17350,2025-05-13,2025-05-13 21:34:42.281563749,Feature Request,Medium,Resolved,4
903250,13353,2025-12-16,2025-12-16 18:01:39.404607099,Billing,Critical,Resolved,4
903251,18722,2025-04-20,2025-04-20 07:44:08.642773168,Billing,High,Resolved,2
903252,12525,2025-03-16,2025-03-16 05:37:05.523743157,Account,Medium,Resolved,5
903253,19764,2026-01-03,2026-01-03 04:22:05.337220026,Billing,Medium,Resolved,3
903254,13052,2026-07-03,2026-07-03 04:58:08.268106890,Performance,Medium,Resolved,4
903255,10865,2025-11-01,2025-11-02 17:42:08.579605374,Billing,Medium,Resolved,1
903256,10090,2026-01-28,2026-01-28 13:40:02.924136138,Integration,Medium,Resolved,2
903257,18935,2026-07-30,2026-07-30 13:31:48.050660492,Billing,Low,Resolved,5
903258,19420,2026-04-07,2026-04-07 02:19:33.644801611,Integration,High,Resolved,3
903259,15702,2025-11-17,2025-11-17 14:23:25.844736706,Integration,Medium,Resolved,5
903260,14512,2025-05-17,2025-05-18 07:06:21.476694722,Performance,High,Resolved,5
903261,12720,2026-08-04,2026-08-04 04:25:54.233066226,Technical,Medium,Resolved,5
903262,13729,2025-12-22,2025-12-22 17:39:33.507606985,Security,Low,Open,4
903263,13671,2024-06-19,2024-06-19 19:52:08.368556080,Technical,Low,Open,5
903264,16448,2026-03-25,2026-03-25 01:45:55.713947414,Integration,High,Resolved,4
903265,16175,2024-03-06,2024-03-06 08:38:14.841324175,Account,Low,Resolved,4
903266,17252,2024-06-23,2024-06-23 11:10:43.244328288,Technical,Low,Resolved,4
903267,15521,2026-03-19,2026-03-19 11:30:15.857077773,Technical,Medium,Open,4
903268,15092,2026-07-03,2026-07-03 05:23:03.420345958,Billing,Low,Resolved,5
903269,14762,2026-08-29,2026-08-29 05:28:07.428670546,Technical,Low,Open,3
903270,10188,2025-06-23,2025-06-23 08:53:59.023680781,Billing,High,Resolved,4
903271,10093,2026-02-07,2026-02-07 05:15:10.226830226,Feature Request,Low,Resolved,4
903272,17012,2026-04-09,2026-04-11 17:05:43.322319312,Billing,High,Pending,4
903273,12480,2025-02-13,2025-02-13 04:03:16.840832652,Technical,Medium,Resolved,4
903274,18894,2026-02-26,2026-02-26 14:34:11.250808564,Billing,Low,Resolved,5
903275,15833,2024-08-29,2024-08-29 15:32:51.871205731,Performance,High,Resolved,5
903276,18569,2025-06-07,2025-06-07 08:45:40.516002216,Performance,Critical,Resolved,4
903277,11244,2025-07-22,2025-07-22 09:05:08.709652467,Account,Low,Resolved,5
903278,15014,2025-08-03,2025-08-03 09:12:12.253330404,Account,Medium,Open,3
903279,12290,2025-06-14,2025-06-14 13:58:22.258823012,Billing,High,Pending,4
903280,10514,2025-01-04,2025-01-04 03:43:15.607016788,Performance,Low,Resolved,3
903281,11635,2026-05-17,2026-05-17 04:16:50.190048814,Account,Critical,Open,3
903282,11013,2026-02-12,2026-02-12 13:29:06.291427153,Technical,Low,Resolved,4
903283,13339,2026-03-30,2026-03-30 18:39:39.810460629,Billing,Critical,Resolved,1
903284,17540,2025-12-29,2025-12-29 04:52:41.088006213,Billing,High,Resolved,4
903285,10011,2025-07-04,2025-07-04 08:21:18.770361966,Performance,Medium,Resolved,3
903286,17239,2026-05-04,2026-05-05 00:45:38.191835689,Account,Medium,Resolved,5
903287,18490,2025-02-15,2025-02-15 11:35:27.365328992,Feature Request,Medium,Resolved,4
903288,17500,2026-02-16,2026-02-16 08:32:40.360676661,Security,Medium,Resolved,1
903289,18904,2025-09-28,2025-09-28 10:34:14.688825117,Security,Medium,Resolved,3
903290,13275,2024-11-24,2024-11-24 11:26:57.112692331,Technical,Low,Resolved,2
903291,18577,2025-12-09,2025-12-09 12:44:58.936219789,Billing,Low,Resolved,4
903292,15282,2025-11-01,2025-11-02 05:46:25.358910398,Account,Low,Resolved,4
903293,19349,2026-05-24,2026-05-24 03:34:00.777613760,Account,Medium,Resolved,5
903294,11843,2024-07-30,2024-07-30 10:42:50.044091608,Billing,Medium,Resolved,5
903295,16733,2025-10-21,2025-10-21 18:54:46.334340676,Technical,Medium,Resolved,5
903296,16073,2024-09-15,2024-09-15 11:00:09.324985154,Technical,Low,Resolved,1
903297,12752,2026-08-08,2026-08-08 13:40:32.896387146,Billing,Critical,Resolved,5
903298,18910,2025-04-07,2025-04-07 03:51:08.230886431,Security,Low,Resolved,5
903299,12607,2025-09-02,2025-09-02 04:10:44.420540613,Performance,Low,Resolved,3
903300,14662,2025-11-04,2025-11-04 02:49:15.377306534,Account,Low,Resolved,5
903301,11442,2026-02-19,2026-02-19 06:40:28.361739396,Account,High,Resolved,5
903302,10528,2026-03-24,2026-03-24 04:48:14.499078112,Integration,Critical,Resolved,1
903303,19147,2026-04-19,2026-04-19 05:06:48.806516919,Performance,Medium,Resolved,1
903304,12111,2025-09-08,2025-09-08 10:38:08.349594039,Feature Request,Low,Resolved,5
903305,19484,2024-07-22,2024-07-22 11:44:58.979615193,Technical,Low,Resolved,5
903306,11703,2026-06-08,2026-06-08 23:45:11.206019390,Integration,Low,Resolved,5
903307,15629,2026-06-17,2026-06-18 02:58:11.153288092,Performance,Medium,Resolved,3
903308,12172,2026-05-13,2026-05-13 04:24:09.195569208,Billing,Medium,Resolved,5
903309,14744,2025-11-30,2025-11-30 17:44:00.093248743,Technical,Medium,Resolved,5
903310,15791,2024-10-14,2024-10-14 04:32:57.144255363,Feature Request,Medium,Resolved,5
903311,10219,2026-02-14,2026-02-14 04:44:30.940411491,Account,High,Resolved,4
903312,17657,2026-03-19,2026-03-19 06:47:26.146317314,Technical,Medium,Resolved,5
903313,13971,2025-12-18,2025-12-18 08:33:46.762105017,Billing,Low,Resolved,4
903314,19597,2025-08-20,2025-08-20 10:56:28.948062228,Billing,Low,Resolved,3
903315,18182,2024-08-31,2024-08-31 04:23:58.190039563,Technical,Medium,Resolved,3
903316,17837,2025-10-31,2025-10-31 09:54:32.193684514,Billing,High,Resolved,5
903317,17080,2026-05-06,2026-05-06 10:00:33.273238485,Billing,Medium,Resolved,5
903318,17734,2025-08-18,2025-08-18 17:11:04.366149633,Billing,Medium,Resolved,4
903319,13851,2025-06-13,2025-06-13 09:14:21.933621916,Billing,Medium,Resolved,3
903320,14442,2025-06-06,2025-06-06 08:26:53.069789418,Technical,Medium,Pending,3
903321,17917,2026-07-27,2026-07-27 07:54:12.305047496,Performance,Medium,Pending,5
903322,15491,2024-10-01,2024-10-01 05:43:25.301515882,Technical,Medium,Resolved,1
903323,16308,2026-07-26,2026-07-26 04:49:26.944998830,Integration,Critical,Resolved,4
903324,13360,2026-01-29,2026-01-29 05:26:11.600182410,Technical,High,Resolved,2
903325,16222,2026-08-28,2026-08-28 02:23:32.765384698,Feature Request,Low,Resolved,4
903326,15045,2026-08-25,2026-08-25 07:56:27.896024544,Feature Request,Medium,Resolved,2
903327,12272,2026-07-11,2026-07-11 03:03:47.256805900,Integration,Medium,Open,2
903328,10651,2025-09-26,2025-09-26 05:52:45.537556360,Account,Low,Resolved,5
903329,11278,2025-11-15,2025-11-15 21:54:49.137407276,Integration,Medium,Resolved,2
903330,18829,2026-07-01,2026-07-01 11:47:37.975058696,Technical,High,Resolved,4
903331,18986,2025-03-07,2025-03-07 11:56:13.280595248,Integration,Medium,Resolved,5
903332,12292,2025-08-26,2025-08-26 05:22:57.227320898,Account,High,Resolved,4
903333,19876,2026-06-28,2026-06-28 10:01:08.614712776,Account,Medium,Resolved,1
903334,17963,2025-05-18,2025-05-18 13:09:21.721975639,Account,Low,Pending,5
903335,16947,2026-02-27,2026-02-27 06:01:16.973613516,Technical,Medium,Resolved,5
903336,17232,2026-05-05,2026-05-05 07:56:30.268596688,Feature Request,Low,Resolved,4
903337,19374,2025-03-07,2025-03-07 12:20:52.821172503,Integration,Low,Resolved,1
903338,19101,2025-06-16,2025-06-16 04:45:28.845773870,Performance,Medium,Resolved,4
903339,14973,2024-02-15,2024-02-15 06:21:23.534423100,Performance,Medium,Resolved,5
903340,19238,2024-12-14,2024-12-14 15:16:07.699919822,Account,Medium,Resolved,5
903341,12730,2024-12-18,2024-12-18 04:15:01.029373808,Account,Low,Pending,5
903342,13313,2025-04-07,2025-04-07 07:04:52.466187032,Billing,Medium,Resolved,3
903343,10343,2025-12-30,2025-12-31 11:02:19.213392710,Security,Low,Resolved,4
903344,15383,2026-03-30,2026-03-30 04:50:40.855026321,Billing,Medium,Resolved,4
903345,14503,2026-08-16,2026-08-16 09:13:59.748414780,Integration,Medium,Resolved,4
903346,14014,2025-08-26,2025-08-26 09:06:49.818703406,Technical,High,Resolved,4
903347,19792,2026-08-20,2026-08-20 08:12:38.366852857,Technical,High,Resolved,2
903348,13714,2025-10-04,2025-10-04 05:15:07.658727163,Billing,High,Resolved,4
903349,11314,2025-07-01,2025-07-01 18:48:06.127290979,Feature Request,High,Resolved,5
903350,19398,2025-01-22,2025-01-22 16:05:05.973717325,Billing,Medium,Resolved,4
903351,12937,2026-02-20,2026-02-20 05:28:33.902802058,Technical,Low,Resolved,3
903352,10513,2025-02-26,2025-02-26 14:36:45.509646045,Account,Medium,Resolved,4
903353,10783,2024-08-01,2024-08-01 12:56:13.140923154,Feature Request,Low,Open,4
903354,19143,2026-02-01,2026-02-01 11:53:33.042729426,Technical,Low,Resolved,5
903355,12132,2025-10-01,2025-10-01 17:47:05.978672941,Performance,High,Resolved,4
903356,19105,2024-03-12,2024-03-12 06:38:13.513560910,Feature Request,High,Resolved,4
903357,14492,2024-11-12,2024-11-12 20:39:20.132904661,Feature Request,Medium,Resolved,3
903358,17265,2026-02-18,2026-02-18 05:28:29.353705086,Billing,High,Pending,1
903359,19832,2026-06-18,2026-06-19 16:35:00.136551195,Integration,Medium,Open,4
903360,16557,2026-02-24,2026-02-24 18:48:48.392507116,Integration,Medium,Resolved,4
903361,15859,2024-07-19,2024-07-19 03:34:10.017244704,Technical,Medium,Resolved,2
903362,11098,2025-12-26,2025-12-26 07:56:36.823400757,Feature Request,High,Resolved,3
903363,16238,2024-01-05,2024-01-05 10:08:03.792502791,Technical,Low,Resolved,4
903364,13325,2026-06-13,2026-06-13 12:04:32.569846575,Billing,Medium,Resolved,1
903365,10763,2025-04-26,2025-04-26 06:56:35.159813894,Feature Request,Medium,Resolved,4
903366,18604,2025-06-11,2025-06-11 17:46:57.818044574,Security,Medium,Resolved,4
903367,14462,2026-08-04,2026-08-04 16:06:08.071589052,Integration,Low,Resolved,4
903368,18290,2026-04-25,2026-04-26 04:45:12.445764926,Account,High,Resolved,3
903369,12458,2026-07-06,2026-07-06 02:38:04.089516183,Billing,High,Resolved,2
903370,13210,2026-06-12,2026-06-12 10:07:21.021746268,Billing,High,Resolved,4
903371,17343,2026-01-11,2026-01-11 10:33:40.415204340,Integration,Low,Resolved,2
903372,13389,2024-05-14,2024-05-14 06:13:23.818274774,Technical,Medium,Resolved,4
903373,19032,2024-07-04,2024-07-04 08:17:49.097550840,Technical,Low,Resolved,4
903374,11200,2025-01-21,2025-01-21 13:07:02.256641306,Performance,Medium,Resolved,5
903375,15825,2026-01-20,2026-01-20 19:03:11.968183069,Performance,Medium,Pending,4
903376,15011,2024-11-10,2024-11-10 18:38:06.806927187,Security,Medium,Resolved,1
903377,16908,2026-08-04,2026-08-04 06:10:51.913912584,Technical,Medium,Resolved,3
903378,19092,2025-01-24,2025-01-24 17:59:22.074243576,Account,Medium,Resolved,2
903379,19089,2026-06-23,2026-06-23 13:50:31.865781595,Technical,Medium,Resolved,3
903380,17435,2025-08-25,2025-08-25 17:37:25.938061262,Integration,Medium,Resolved,2
903381,10295,2026-03-21,2026-03-21 02:23:21.492655242,Account,Low,Resolved,4
903382,14117,2026-07-09,2026-07-09 08:01:08.295592198,Billing,High,Resolved,2
903383,14832,2024-03-12,2024-03-12 05:21:50.431093765,Account,Medium,Resolved,3
903384,16020,2025-03-12,2025-03-12 13:12:06.580599710,Account,High,Resolved,4
903385,19151,2026-07-24,2026-07-24 10:48:32.790336102,Technical,Medium,Resolved,4
903386,18019,2026-05-09,2026-05-09 13:47:53.136801085,Technical,Medium,Resolved,4
903387,11617,2025-05-04,2025-05-04 06:53:24.959765050,Technical,High,Resolved,4
903388,15187,2025-01-18,2025-01-18 11:57:51.204202178,Security,Medium,Resolved,4
903389,19866,2026-04-28,2026-04-28 13:44:45.408888038,Account,Low,Resolved,5
903390,11247,2026-01-26,2026-01-26 04:04:07.441896518,Technical,High,Resolved,4
903391,16568,2024-11-07,2024-11-07 11:38:04.532035315,Technical,Medium,Resolved,5
903392,13428,2026-05-09,2026-05-09 04:33:39.674655259,Performance,Low,Open,4
903393,19724,2026-02-12,2026-02-13 10:46:08.128272813,Account,Medium,Resolved,1
903394,11268,2025-12-11,2025-12-11 22:11:47.104821855,Technical,Low,Resolved,4
903395,18155,2024-08-04,2024-08-04 10:57:09.951567634,Account,Critical,Resolved,4
903396,16629,2024-12-20,2024-12-20 13:15:38.442857763,Feature Request,Medium,Resolved,5
903397,13379,2024-04-29,2024-04-30 02:09:14.492347131,Billing,Medium,Resolved,4
903398,14161,2025-04-11,2025-04-11 07:24:02.720255450,Integration,Low,Resolved,1
903399,16822,2026-05-12,2026-05-12 19:30:21.553352856,Account,Medium,Resolved,5
903400,17463,2025-10-30,2025-10-30 09:11:03.314498168,Feature Request,Low,Open,3
903401,12843,2026-08-05,2026-08-05 03:03:48.133814529,Billing,High,Resolved,3
903402,15112,2025-04-26,2025-04-26 15:16:09.701585054,Technical,Medium,Open,5
903403,12637,2026-05-11,2026-05-11 15:56:40.233251932,Technical,Low,Resolved,1
903404,17746,2026-07-31,2026-07-31 06:02:45.204845733,Technical,Low,Resolved,4
903405,13214,2026-04-06,2026-04-06 10:37:45.731888529,Performance,Low,Pending,5
903406,13164,2024-11-25,2024-11-26 06:33:44.826758456,Account,Medium,Resolved,5
903407,17204,2026-06-03,2026-06-03 16:41:15.156600291,Integration,Medium,Resolved,4
903408,11646,2026-06-30,2026-06-30 09:10:02.150687686,Feature Request,Medium,Pending,4
903409,14963,2025-02-02,2025-02-02 04:23:26.089214895,Integration,High,Resolved,4
903410,12024,2025-08-17,2025-08-19 15:22:18.397897492,Performance,Medium,Resolved,5
903411,19555,2025-06-15,2025-06-15 18:20:17.348601487,Performance,High,Resolved,5
903412,10340,2025-10-20,2025-10-20 17:36:18.024076202,Technical,Medium,Resolved,5
903413,15644,2024-04-01,2024-04-01 06:05:08.993364482,Integration,High,Resolved,4
903414,10611,2026-05-03,2026-05-03 11:38:13.199386920,Technical,Low,Resolved,5
903415,14962,2025-05-09,2025-05-09 10:31:49.435478241,Integration,Critical,Resolved,4
903416,14537,2026-05-22,2026-05-22 10:50:20.632241270,Billing,Medium,Resolved,4
903417,12337,2026-07-30,2026-07-30 03:26:58.763119704,Technical,Medium,Resolved,4
903418,13295,2025-10-28,2025-10-28 15:53:45.503428308,Feature Request,Medium,Open,4
903419,14661,2026-04-07,2026-04-07 20:58:37.799571817,Performance,Low,Resolved,4
903420,19303,2026-02-02,2026-02-02 12:36:27.744184936,Integration,Medium,Resolved,3
903421,10827,2026-08-06,2026-08-06 02:31:34.966881854,Technical,Medium,Resolved,4
903422,13647,2025-12-25,2025-12-25 13:01:02.079776258,Technical,Low,Resolved,3
903423,18599,2025-09-02,2025-09-02 08:23:10.473904370,Performance,High,Resolved,3
903424,18210,2025-09-14,2025-09-14 21:06:25.145951619,Performance,Low,Resolved,4
903425,18708,2025-05-25,2025-05-25 13:39:42.057169858,Billing,Low,Resolved,5
903426,14898,2025-06-02,2025-06-02 08:03:49.581144532,Integration,Low,Resolved,5
903427,11912,2025-12-10,2025-12-10 19:58:18.702332061,Technical,Low,Resolved,1
903428,14118,2025-12-16,2025-12-16 05:53:59.160801310,Feature Request,Medium,Pending,2
903429,12577,2024-05-04,2024-05-04 12:18:56.449620414,Account,Medium,Resolved,5
903430,18249,2026-02-15,2026-02-15 09:52:59.873130429,Technical,Medium,Resolved,4
903431,15445,2026-04-09,2026-04-09 02:18:26.562489883,Account,High,Resolved,5
903432,17600,2026-06-14,2026-06-14 16:49:02.149397137,Security,Medium,Resolved,1
903433,12947,2026-03-18,2026-03-18 05:26:51.562244565,Billing,Low,Resolved,5
903434,15808,2025-07-30,2025-07-30 23:25:34.263111237,Technical,High,Resolved,5
903435,16858,2024-08-10,2024-08-10 06:25:39.894956425,Technical,Medium,Resolved,3
903436,17903,2026-08-27,2026-08-27 06:30:41.735851347,Technical,Medium,Resolved,4
903437,15198,2026-03-17,2026-03-17 10:54:56.476442239,Billing,High,Resolved,5
903438,14143,2026-02-09,2026-02-09 15:40:35.973649736,Account,Low,Resolved,5
903439,15218,2026-01-31,2026-01-31 21:39:06.742164697,Feature Request,Medium,Resolved,2
903440,17126,2026-08-11,2026-08-12 02:14:54.987684414,Account,Medium,Pending,1
903441,12870,2025-02-21,2025-02-21 05:53:24.953966278,Billing,Medium,Open,5
903442,18553,2025-12-13,2025-12-13 08:07:45.233132390,Account,High,Resolved,1
903443,18425,2026-04-16,2026-04-16 10:28:42.772379750,Performance,Low,Resolved,3
903444,12811,2025-11-18,2025-11-18 11:56:31.355720991,Account,Medium,Resolved,5
903445,14749,2026-06-16,2026-06-16 11:45:27.457223842,Technical,Medium,Pending,3
903446,14989,2024-12-02,2024-12-02 04:50:56.347473721,Technical,Medium,Resolved,5
903447,10404,2026-05-19,2026-05-19 02:31:28.385634500,Integration,Medium,Resolved,1
903448,15516,2025-08-04,2025-08-04 04:10:07.653260488,Account,High,Resolved,2
903449,14723,2024-07-14,2024-07-15 14:20:45.349239206,Account,Low,Resolved,4
903450,10405,2024-11-06,2024-11-06 05:48:28.915834899,Feature Request,Low,Resolved,3
903451,18987,2025-04-06,2025-04-06 16:09:40.181766055,Performance,Medium,Resolved,5
903452,14505,2026-04-21,2026-04-21 10:03:11.176011133,Integration,Low,Resolved,5
903453,19016,2025-04-02,2025-04-02 02:15:17.732405905,Integration,Medium,Open,4
903454,13299,2024-04-04,2024-04-04 02:05:05.024011639,Account,Medium,Open,4
903455,10811,2025-06-07,2025-06-07 12:18:17.843709128,Billing,Critical,Resolved,5
903456,16059,2026-07-12,2026-07-12 17:38:06.872738272,Technical,Medium,Resolved,4
903457,17989,2025-12-02,2025-12-02 09:12:20.577983641,Feature Request,High,Resolved,5
903458,15342,2026-08-08,2026-08-08 15:20:52.862851287,Technical,High,Resolved,4
903459,17089,2025-12-16,2025-12-16 16:45:44.111516727,Feature Request,Low,Resolved,4
903460,13483,2025-06-10,2025-06-10 02:19:20.434260511,Account,High,Resolved,4
903461,11422,2026-05-30,2026-05-31 14:14:31.864374499,Technical,Medium,Resolved,4
903462,11676,2026-02-18,2026-02-18 07:23:05.393796500,Technical,Medium,Resolved,4
903463,19156,2025-11-02,2025-11-02 15:29:29.226017814,Performance,Medium,Resolved,5
903464,11538,2026-05-01,2026-05-01 12:51:19.228627494,Billing,High,Resolved,2
903465,14609,2024-09-21,2024-09-21 02:23:43.056126470,Account,Low,Resolved,4
903466,15088,2026-01-03,2026-01-03 07:30:58.622900101,Integration,Low,Resolved,2
903467,12614,2025-03-07,2025-03-07 14:27:15.833281345,Integration,Medium,Resolved,4
903468,12095,2025-10-06,2025-10-06 08:35:54.328486682,Account,Medium,Resolved,4
903469,11714,2026-06-22,2026-06-23 12:14:14.513142361,Technical,Medium,Resolved,5
903470,17157,2025-03-26,2025-03-27 22:14:09.703598838,Integration,Medium,Resolved,4
903471,15067,2026-04-20,2026-04-20 20:57:04.625510648,Feature Request,Medium,Resolved,5
903472,19791,2026-07-02,2026-07-02 04:28:16.517612218,Integration,Medium,Resolved,3
903473,18871,2026-07-22,2026-07-22 22:53:52.427477032,Feature Request,Medium,Resolved,5
903474,13480,2025-08-28,2025-08-28 03:31:40.036774911,Security,Low,Pending,3
903475,14420,2026-08-24,2026-08-24 06:03:38.309717250,Billing,Low,Resolved,3
903476,14845,2026-07-09,2026-07-09 13:36:31.129141438,Technical,Medium,Resolved,4
903477,14449,2025-01-20,2025-01-21 04:32:03.475113252,Account,Low,Resolved,5
903478,14390,2026-07-30,2026-07-30 18:01:24.248096274,Technical,Medium,Open,4
903479,11634,2025-02-10,2025-02-10 06:26:18.944507623,Performance,Low,Resolved,3
903480,18244,2025-09-22,2025-09-22 09:14:45.241195318,Feature Request,Medium,Resolved,3
903481,15425,2026-08-26,2026-08-27 01:22:00.565036273,Technical,Low,Resolved,4
903482,19642,2024-10-17,2024-10-17 03:23:44.782342836,Performance,High,Resolved,4
903483,19830,2025-07-21,2025-07-21 05:23:50.099002227,Integration,Low,Resolved,5
903484,12078,2026-04-18,2026-04-18 13:59:36.297127510,Feature Request,Medium,Resolved,4
903485,19584,2026-05-14,2026-05-14 09:24:28.253399356,Technical,Critical,Resolved,4
903486,16579,2025-10-24,2025-10-24 20:38:55.072301654,Account,Critical,Resolved,4
903487,18497,2026-08-21,2026-08-21 15:20:10.412461633,Feature Request,Medium,Resolved,1
903488,11916,2026-07-11,2026-07-11 09:10:07.847062082,Performance,Low,Resolved,1
903489,19710,2024-12-12,2024-12-12 06:31:38.751874957,Integration,High,Open,4
903490,18608,2026-08-11,2026-08-12 00:03:08.059086770,Account,Low,Resolved,5
903491,13475,2024-12-18,2024-12-18 01:15:07.045376367,Performance,Medium,Resolved,5
903492,19785,2025-08-25,2025-08-25 02:48:10.388212336,Feature Request,Medium,Resolved,5
903493,11295,2025-07-23,2025-07-23 12:54:12.417757257,Performance,High,Resolved,4
903494,17296,2026-06-02,2026-06-02 23:00:59.116542346,Feature Request,Medium,Open,4
903495,19163,2026-07-28,2026-07-28 23:21:04.235592103,Technical,Medium,Resolved,5
903496,12414,2025-05-21,2025-05-21 12:26:41.746983446,Feature Request,Medium,Resolved,5
903497,17994,2026-02-04,2026-02-04 06:30:12.556818082,Performance,Medium,Open,4
903498,15837,2025-08-01,2025-08-01 10:31:04.842923116,Billing,Medium,Pending,5
903499,12166,2026-04-09,2026-04-09 16:38:40.906294825,Security,Medium,Resolved,4
903500,13721,2026-04-28,2026-04-28 03:33:05.341470015,Billing,Low,Resolved,3
903501,11013,2026-02-12,2026-02-13 14:08:35.046503653,Billing,Medium,Open,3
903502,10399,2025-07-02,2025-07-02 01:51:08.326974340,Technical,Low,Resolved,1
903503,17744,2025-07-24,2025-07-24 23:25:38.766266266,Account,High,Resolved,3
903504,11794,2026-01-27,2026-01-27 06:17:34.700238441,Technical,High,Resolved,5
903505,19336,2025-12-14,2025-12-14 04:38:49.289180596,Performance,Low,Resolved,4
903506,19299,2025-06-02,2025-06-02 09:34:16.529217574,Feature Request,Low,Resolved,1
903507,16150,2025-12-03,2025-12-03 06:11:33.755350664,Technical,High,Resolved,4
903508,18391,2025-10-20,2025-10-20 04:41:34.923966745,Integration,Critical,Resolved,5
903509,11502,2025-04-25,2025-04-25 03:09:56.091290108,Billing,High,Resolved,5
903510,11778,2026-05-01,2026-05-01 12:45:29.385748864,Billing,Low,Resolved,5
903511,10691,2024-02-13,2024-02-13 15:20:17.389736714,Performance,High,Resolved,5
903512,13247,2025-09-29,2025-09-29 11:52:15.066891231,Billing,Low,Resolved,2
903513,13940,2026-06-20,2026-06-20 05:59:55.274839155,Account,Medium,Resolved,5
903514,19436,2026-01-03,2026-01-03 09:04:42.679565256,Feature Request,Low,Resolved,5
903515,15182,2026-08-25,2026-08-25 07:05:53.600334522,Performance,Low,Resolved,4
903516,11231,2024-10-31,2024-10-31 07:03:17.869707122,Technical,Medium,Resolved,4
903517,11778,2026-05-01,2026-05-01 15:07:51.595360460,Technical,High,Resolved,5
903518,14290,2025-09-15,2025-09-15 14:59:56.891736243,Performance,Low,Resolved,3
903519,14300,2025-03-10,2025-03-10 16:49:46.535725650,Account,Low,Resolved,5
903520,11940,2025-05-06,2025-05-06 18:54:53.568502920,Technical,High,Resolved,2
903521,15746,2025-07-02,2025-07-03 04:44:05.960957136,Integration,Low,Resolved,3
903522,15216,2024-03-09,2024-03-10 03:05:10.568631058,Technical,Low,Resolved,1
903523,17740,2026-06-05,2026-06-05 09:55:24.291281211,Technical,Medium,Resolved,4
903524,13700,2026-05-19,2026-05-19 03:37:13.975189590,Technical,Low,Resolved,2
903525,13722,2025-04-26,2025-04-27 04:26:53.433815971,Feature Request,Medium,Resolved,4
903526,14886,2026-07-14,2026-07-14 12:54:36.991161799,Account,Low,Pending,3
903527,13048,2025-04-03,2025-04-03 08:45:12.942197024,Performance,Medium,Resolved,3
903528,14299,2026-06-23,2026-06-23 10:10:53.802892596,Billing,Medium,Resolved,5
903529,18202,2025-05-25,2025-05-26 01:50:15.531485740,Billing,Medium,Resolved,2
903530,15029,2024-12-26,2024-12-26 05:07:37.764359043,Account,Medium,Resolved,4
903531,19182,2026-04-02,2026-04-02 15:42:49.548057454,Billing,High,Pending,4
903532,19524,2025-10-03,2025-10-03 08:40:50.739248794,Account,Low,Resolved,4
903533,14948,2025-10-31,2025-10-31 10:46:39.011014646,Security,Medium,Pending,4
903534,18512,2026-02-18,2026-02-18 10:03:16.173365248,Feature Request,Medium,Resolved,4
903535,19592,2026-07-13,2026-07-13 13:14:44.790933562,Security,Low,Resolved,5
903536,12464,2026-05-07,2026-05-07 02:42:01.137999618,Performance,Low,Resolved,3
903537,14051,2025-04-23,2025-04-23 05:28:38.948370247,Technical,Medium,Resolved,4
903538,13740,2026-04-29,2026-04-29 03:58:39.221653458,Technical,Medium,Resolved,4
903539,15583,2026-07-12,2026-07-12 22:18:14.412559662,Account,Low,Resolved,4
903540,16799,2025-09-30,2025-09-30 06:41:24.334924120,Technical,High,Resolved,5
903541,13076,2024-11-21,2024-11-21 06:51:03.552526404,Feature Request,Medium,Resolved,2
903542,10776,2025-08-18,2025-08-18 06:11:19.241247973,Feature Request,Medium,Resolved,5
903543,16932,2025-05-08,2025-05-08 13:34:41.687984082,Security,Medium,Pending,5
903544,15934,2026-04-14,2026-04-14 07:10:00.397008865,Performance,Low,Resolved,4
903545,15339,2025-11-25,2025-11-26 09:22:02.795858166,Billing,Low,Resolved,4
903546,18762,2025-10-05,2025-10-06 18:44:15.114312625,Technical,Medium,Open,4
903547,10124,2025-10-17,2025-10-17 13:30:12.961768381,Technical,High,Open,4
903548,19675,2026-08-19,2026-08-19 18:11:03.892819473,Performance,High,Open,5
903549,10772,2025-11-22,2025-11-22 23:18:12.191566597,Feature Request,Low,Resolved,4
903550,11818,2025-06-24,2025-06-24 06:34:33.809712178,Account,Low,Resolved,5
903551,13084,2024-10-07,2024-10-07 10:03:47.213684269,Performance,High,Resolved,5
903552,15449,2025-12-21,2025-12-21 07:14:36.431546395,Feature Request,Low,Resolved,3
903553,16465,2026-06-07,2026-06-07 10:13:29.498797988,Billing,Medium,Resolved,5
903554,16717,2025-11-28,2025-11-28 04:43:47.783636796,Billing,Medium,Resolved,5
903555,12369,2025-05-26,2025-05-27 06:11:15.211897188,Technical,Low,Resolved,2
903556,16187,2026-02-25,2026-02-25 15:00:36.464427846,Performance,Medium,Resolved,3
903557,13348,2025-10-14,2025-10-14 09:24:18.783259002,Billing,High,Pending,3
903558,19010,2025-02-06,2025-02-07 13:50:46.708138014,Account,Medium,Resolved,3
903559,10687,2025-06-14,2025-06-14 08:09:19.956014830,Integration,Medium,Resolved,4
903560,18943,2025-09-14,2025-09-14 07:36:08.529614856,Integration,Medium,Resolved,4
903561,14833,2026-02-01,2026-02-01 06:23:57.695132472,Feature Request,Medium,Resolved,1
903562,10312,2025-12-20,2025-12-20 04:44:32.219398075,Performance,Low,Pending,4
903563,12637,2026-05-11,2026-05-12 00:35:03.370194664,Billing,High,Resolved,5
903564,10176,2025-06-30,2025-06-30 16:36:35.831858907,Feature Request,Low,Resolved,5
903565,12698,2026-06-17,2026-06-17 07:43:06.573572533,Technical,Low,Resolved,3
903566,13236,2025-03-05,2025-03-05 13:07:18.584882990,Integration,Medium,Resolved,5
903567,15508,2024-02-08,2024-02-08 18:06:10.197061419,Technical,Medium,Resolved,4
903568,17769,2026-05-19,2026-05-19 09:59:08.168938386,Performance,Medium,Resolved,4
903569,14594,2025-04-21,2025-04-22 03:21:47.588884538,Performance,Medium,Resolved,5
903570,11745,2026-03-24,2026-03-25 09:07:12.725319547,Security,Medium,Open,1
903571,11859,2025-09-21,2025-09-21 05:57:41.731913304,Account,Medium,Resolved,4
903572,16855,2024-10-24,2024-10-24 10:33:35.868256131,Integration,Low,Resolved,5
903573,13411,2025-01-05,2025-01-05 08:35:03.536315588,Integration,High,Resolved,5
903574,19688,2026-05-05,2026-05-05 08:40:48.360767134,Technical,High,Resolved,4
903575,12850,2025-09-13,2025-09-14 05:55:10.742484111,Integration,Medium,Resolved,4
903576,13822,2026-08-27,2026-08-27 15:58:03.365749822,Technical,High,Resolved,4
903577,12848,2026-06-27,2026-06-27 05:58:19.647960564,Technical,Low,Resolved,5
903578,10761,2026-03-15,2026-03-15 18:22:17.761344333,Billing,High,Resolved,4
903579,16276,2025-08-08,2025-08-08 16:38:40.945007641,Security,Low,Resolved,1
903580,13356,2024-07-29,2024-07-29 02:07:41.953399964,Account,Low,Resolved,5
903581,19852,2024-11-20,2024-11-21 04:30:34.082018060,Technical,High,Resolved,3
903582,14321,2025-09-24,2025-09-24 15:45:15.839994690,Account,High,Resolved,5
903583,10557,2026-07-15,2026-07-15 05:56:43.640285906,Security,Medium,Resolved,5
903584,16760,2025-08-03,2025-08-03 10:42:36.329526601,Integration,Medium,Resolved,3
903585,13307,2025-06-06,2025-06-06 14:24:44.288892997,Technical,Medium,Resolved,5
903586,16859,2026-08-05,2026-08-05 04:43:32.049145171,Technical,Medium,Resolved,4
903587,15556,2026-08-06,2026-08-06 23:59:17.209852850,Technical,High,Resolved,5
903588,12109,2025-08-20,2025-08-20 20:19:05.496206509,Performance,Low,Resolved,2
903589,10840,2025-02-05,2025-02-05 05:57:36.991741431,Performance,Medium,Pending,4
903590,17968,2026-06-19,2026-06-19 08:17:32.871450019,Security,Medium,Resolved,5
903591,18959,2025-11-25,2025-11-25 08:57:48.188375211,Technical,Medium,Resolved,4
903592,10605,2026-02-04,2026-02-04 15:34:31.646567622,Security,High,Resolved,3
903593,18121,2025-11-14,2025-11-14 05:35:46.396813383,Technical,Medium,Resolved,4
903594,14080,2024-08-20,2024-08-22 14:27:26.676001785,Technical,Medium,Open,5
903595,10585,2025-09-25,2025-09-25 06:07:03.180471920,Account,Low,Resolved,5
903596,13623,2026-07-03,2026-07-03 04:32:49.753154799,Performance,Medium,Resolved,1
903597,17812,2025-06-08,2025-06-08 03:41:12.209000733,Integration,Medium,Pending,5
903598,10173,2026-07-17,2026-07-17 03:57:47.483900114,Security,Medium,Resolved,5
903599,13722,2025-04-26,2025-04-26 13:26:36.839014069,Billing,Low,Pending,5
903600,16551,2026-08-16,2026-08-16 04:51:06.299731796,Account,Medium,Resolved,4
903601,17778,2026-05-02,2026-05-03 02:09:00.387073789,Performance,Medium,Resolved,5
903602,18393,2026-03-31,2026-03-31 09:29:40.101350218,Security,Medium,Resolved,5
903603,19405,2025-04-13,2025-04-13 07:59:03.948826920,Account,Medium,Resolved,4
903604,17457,2026-06-21,2026-06-21 04:56:50.642170972,Billing,Medium,Resolved,5
903605,15245,2026-08-18,2026-08-18 13:06:32.732330558,Integration,Low,Resolved,2
903606,12002,2026-07-17,2026-07-17 12:53:40.806106015,Technical,High,Resolved,5
903607,17825,2026-08-23,2026-08-23 20:27:47.898232822,Integration,Low,Resolved,4
903608,14530,2025-12-02,2025-12-02 01:44:18.290104076,Technical,Medium,Resolved,5
903609,10252,2025-10-06,2025-10-06 05:18:32.028345885,Integration,Medium,Resolved,4
903610,11413,2026-06-27,2026-06-27 06:00:20.756050110,Billing,Low,Resolved,1
903611,11664,2026-07-19,2026-07-19 08:10:13.178895542,Technical,Low,Resolved,4
903612,19158,2024-06-20,2024-06-20 04:44:20.738227185,Account,Medium,Resolved,3
903613,18413,2025-12-02,2025-12-02 08:23:49.605289404,Integration,Critical,Resolved,3
903614,15913,2026-07-10,2026-07-10 14:39:53.595077040,Billing,Low,Pending,4
903615,10892,2026-02-18,2026-02-19 16:08:06.729918187,Integration,Medium,Resolved,5
903616,10100,2026-05-29,2026-05-29 04:56:57.771079875,Feature Request,Medium,Resolved,5
903617,10397,2026-05-08,2026-05-08 09:09:01.385138779,Account,Medium,Open,4
903618,18738,2026-02-24,2026-02-24 04:46:19.329939984,Technical,Medium,Resolved,4
903619,12392,2026-04-10,2026-04-10 11:39:19.009505894,Account,Medium,Resolved,5
903620,12603,2024-04-23,2024-04-23 02:33:15.526051383,Performance,Low,Resolved,5
903621,17723,2026-04-22,2026-04-22 08:41:09.485683450,Feature Request,Medium,Resolved,5
903622,11798,2025-11-03,2025-11-03 05:28:38.048816337,Technical,High,Resolved,4
903623,10064,2025-11-09,2025-11-09 07:04:10.081741285,Billing,Medium,Resolved,5
903624,11239,2024-05-01,2024-05-01 18:55:47.759931411,Technical,Low,Resolved,3
903625,17045,2025-09-02,2025-09-02 09:04:07.106832987,Technical,High,Resolved,2
903626,15134,2025-06-29,2025-06-29 11:10:04.660323096,Billing,Low,Resolved,5
903627,14341,2024-04-09,2024-04-09 08:40:33.125475810,Feature Request,Medium,Resolved,3
903628,19009,2025-07-15,2025-07-15 07:34:53.149491505,Technical,Medium,Resolved,2
903629,16152,2026-01-11,2026-01-11 05:22:39.770430067,Account,High,Resolved,2
903630,10693,2025-10-28,2025-10-28 02:03:58.677595318,Billing,Low,Resolved,2
903631,18106,2026-01-20,2026-01-21 13:39:35.759944339,Feature Request,Low,Open,4
903632,13516,2025-04-05,2025-04-05 05:26:43.908377020,Technical,Low,Resolved,4
903633,18858,2024-10-07,2024-10-07 03:48:27.226578855,Security,Medium,Resolved,4
903634,16290,2026-06-23,2026-06-23 06:10:42.853555855,Integration,Medium,Pending,4
903635,13060,2024-07-29,2024-07-30 05:17:51.465778443,Account,Medium,Resolved,4
903636,11692,2025-09-27,2025-09-28 09:38:40.572757406,Billing,High,Resolved,4
903637,13330,2025-04-27,2025-04-28 00:23:18.214466186,Integration,Medium,Pending,4
903638,19673,2025-11-20,2025-11-20 04:08:52.091548137,Integration,Medium,Pending,4
903639,19668,2026-01-11,2026-01-11 06:00:00.187629436,Technical,Low,Resolved,2
903640,10160,2024-05-30,2024-05-30 14:26:50.393373234,Integration,Medium,Open,5
903641,12191,2025-04-22,2025-04-22 09:21:42.236753781,Performance,Medium,Resolved,2
903642,16888,2025-09-20,2025-09-20 10:51:14.739713208,Billing,Low,Open,4
903643,15655,2025-04-24,2025-04-24 12:54:42.832689062,Technical,Low,Resolved,5
903644,16251,2026-08-23,2026-08-23 15:08:15.406089961,Integration,Medium,Resolved,2
903645,19137,2025-05-12,2025-05-12 06:29:33.528187971,Billing,High,Resolved,4
903646,12771,2025-06-14,2025-06-14 07:58:05.839540672,Security,High,Resolved,2
903647,19890,2024-03-04,2024-03-05 16:21:56.910616826,Technical,Low,Resolved,4
903648,16677,2025-05-05,2025-05-05 07:55:34.183853788,Billing,Low,Resolved,5
903649,15615,2025-09-26,2025-09-26 03:55:09.549008842,Performance,Low,Resolved,1
903650,13934,2026-02-28,2026-02-28 05:25:06.324373873,Performance,Medium,Resolved,4
903651,19310,2025-07-06,2025-07-06 06:05:43.235146215,Technical,Medium,Resolved,5
903652,16155,2025-07-01,2025-07-01 04:00:13.806243954,Performance,Critical,Pending,2
903653,14818,2025-07-29,2025-07-29 03:11:38.433187172,Security,High,Resolved,3
903654,16444,2024-10-24,2024-10-24 09:06:40.433733270,Feature Request,Critical,Resolved,1
903655,18015,2025-12-19,2025-12-19 09:18:32.230350619,Billing,Medium,Resolved,2
903656,16890,2026-07-01,2026-07-01 07:24:05.348531606,Performance,Medium,Resolved,5
903657,16300,2024-09-14,2024-09-14 07:24:11.446225556,Account,Medium,Open,5
903658,12723,2026-03-13,2026-03-13 07:51:35.793822819,Feature Request,Medium,Resolved,4
903659,14013,2025-12-25,2025-12-25 07:11:49.215411492,Performance,Critical,Resolved,5
903660,18835,2026-05-25,2026-05-25 06:35:29.246595147,Technical,Medium,Open,3
903661,19810,2024-08-17,2024-08-17 12:24:38.213814999,Feature Request,Medium,Open,1
903662,15356,2025-05-30,2025-05-30 05:12:35.018343039,Technical,Medium,Resolved,5
903663,16022,2024-09-21,2024-09-21 17:44:32.142865164,Integration,High,Resolved,3
903664,19696,2025-06-24,2025-06-24 10:35:02.858446777,Performance,Medium,Resolved,5
903665,17118,2026-07-02,2026-07-02 05:46:07.398241388,Integration,High,Resolved,5
903666,13551,2025-08-26,2025-08-26 06:28:39.907350526,Billing,Medium,Resolved,2
903667,16572,2025-10-16,2025-10-17 13:58:05.594154412,Performance,Low,Resolved,5
903668,19369,2025-06-21,2025-06-21 04:57:31.298044021,Security,Medium,Resolved,4
903669,10423,2026-08-14,2026-08-14 13:15:31.780105182,Integration,Low,Resolved,1
903670,16092,2025-10-20,2025-10-20 10:05:16.722567726,Performance,Low,Resolved,3
903671,13511,2025-03-27,2025-03-27 16:23:37.726988200,Technical,High,Resolved,1
903672,12202,2024-05-23,2024-05-24 05:17:35.665235044,Performance,Low,Resolved,4
903673,13370,2026-01-08,2026-01-08 02:48:43.929955818,Technical,Medium,Resolved,2
903674,18780,2026-06-29,2026-06-29 03:52:31.747419987,Billing,Low,Resolved,4
903675,10133,2024-10-03,2024-10-03 03:54:32.754306142,Billing,Critical,Open,3
903676,10361,2026-08-13,2026-08-13 11:58:14.510858836,Account,Medium,Pending,4
903677,15069,2026-03-07,2026-03-07 07:34:22.447607631,Performance,Low,Resolved,4
903678,13221,2025-06-11,2025-06-11 17:06:04.815038656,Performance,Medium,Open,2
903679,17239,2026-05-04,2026-05-04 02:14:48.363623566,Performance,Medium,Resolved,5
903680,11644,2026-02-10,2026-02-10 20:02:16.476707616,Billing,Low,Resolved,2
903681,18842,2025-07-16,2025-07-16 10:21:39.914668155,Billing,Low,Open,3
903682,18304,2025-02-03,2025-02-03 02:02:51.040786387,Security,Low,Resolved,4
903683,13874,2024-10-04,2024-10-04 07:43:20.309290665,Technical,Critical,Resolved,4
903684,14054,2024-12-11,2024-12-11 02:39:23.694986246,Feature Request,Medium,Resolved,3
903685,10680,2025-08-11,2025-08-12 10:06:01.368851061,Performance,Medium,Pending,4
903686,14397,2024-12-08,2024-12-08 05:46:24.669424610,Security,Low,Resolved,3
903687,15572,2025-07-26,2025-07-26 14:58:51.808515117,Billing,Medium,Resolved,4
903688,10646,2026-01-30,2026-01-30 05:33:30.702401398,Technical,Medium,Resolved,5
903689,19148,2026-05-17,2026-05-19 00:47:04.164581691,Integration,High,Resolved,4
903690,16966,2026-05-12,2026-05-12 19:54:07.591447908,Billing,High,Resolved,4
903691,15791,2024-07-10,2024-07-10 08:27:26.653302154,Performance,Low,Resolved,2
903692,14466,2025-12-09,2025-12-09 15:27:59.946730657,Technical,Low,Resolved,4
903693,18520,2026-06-19,2026-06-19 05:55:29.112612888,Integration,Low,Resolved,3
903694,17937,2025-08-09,2025-08-09 18:42:27.429527941,Feature Request,Medium,Resolved,5
903695,18130,2026-08-28,2026-08-28 12:46:27.068620382,Feature Request,Medium,Resolved,5
903696,17333,2026-04-12,2026-04-12 19:22:33.813567598,Technical,Medium,Resolved,2
903697,11631,2026-06-26,2026-06-27 08:30:59.370509926,Integration,Low,Resolved,5
903698,19534,2024-07-04,2024-07-04 06:25:09.309114624,Feature Request,Medium,Resolved,4
903699,19759,2026-04-29,2026-04-29 14:15:10.631223684,Account,Low,Resolved,4
903700,14009,2026-04-02,2026-04-02 11:21:46.553655258,Performance,Low,Resolved,1
903701,11159,2025-05-31,2025-06-01 11:07:42.733896905,Technical,Medium,Resolved,4
903702,12552,2026-04-13,2026-04-13 15:31:03.129554211,Integration,Medium,Open,2
903703,12594,2025-12-22,2025-12-22 21:40:57.362419023,Technical,Medium,Resolved,4
903704,16880,2026-04-11,2026-04-12 02:10:38.209039543,Technical,Medium,Pending,3
903705,14623,2025-08-13,2025-08-13 07:06:22.611443072,Technical,Medium,Resolved,5
903706,19509,2025-10-04,2025-10-04 13:25:52.143326655,Billing,Medium,Resolved,4
903707,19608,2026-01-25,2026-01-25 08:31:50.065640824,Billing,Low,Resolved,5
903708,11657,2024-11-19,2024-11-19 03:16:58.380535725,Billing,Medium,Resolved,5
903709,11648,2025-03-31,2025-03-31 13:37:31.416916821,Account,Medium,Resolved,5
903710,13757,2025-11-07,2025-11-07 07:35:38.522764561,Billing,Low,Resolved,2
903711,16317,2026-03-07,2026-03-07 19:57:26.522148376,Technical,Medium,Resolved,3
903712,10820,2026-04-23,2026-04-23 18:22:42.634169389,Billing,Medium,Resolved,5
903713,13302,2026-02-06,2026-02-06 23:51:26.166183559,Technical,Low,Resolved,4
903714,10707,2025-10-25,2025-10-25 15:23:55.718334585,Performance,Medium,Resolved,5
903715,19849,2026-04-20,2026-04-20 10:23:41.817287032,Performance,Low,Resolved,1
903716,12277,2026-07-10,2026-07-10 15:15:38.207820142,Billing,Medium,Resolved,5
903717,12754,2026-02-11,2026-02-11 13:56:51.173874999,Feature Request,Low,Resolved,4
903718,12143,2024-06-06,2024-06-06 09:09:42.907644162,Account,Medium,Resolved,5
903719,11753,2025-08-10,2025-08-10 11:13:55.790868540,Feature Request,Medium,Resolved,2
903720,17473,2025-06-13,2025-06-13 17:27:33.895188608,Feature Request,Medium,Resolved,4
903721,17674,2024-10-29,2024-10-29 09:29:54.197803525,Technical,Low,Resolved,4
903722,12869,2026-05-29,2026-05-29 06:41:39.043278394,Account,Low,Resolved,4
903723,11371,2025-09-24,2025-09-24 14:10:06.587379447,Technical,Low,Resolved,4
903724,11977,2026-07-04,2026-07-05 02:01:12.720547966,Billing,Low,Resolved,3
903725,19553,2026-05-12,2026-05-12 08:33:38.871234558,Performance,Low,Resolved,4
903726,15367,2026-03-06,2026-03-06 05:08:56.175729964,Technical,High,Resolved,3
903727,18295,2026-02-02,2026-02-02 02:25:01.779064039,Billing,Medium,Resolved,5
903728,11494,2026-06-24,2026-06-25 12:35:19.520211494,Performance,Low,Resolved,4
903729,18874,2025-04-11,2025-04-11 07:28:29.582696600,Performance,Medium,Resolved,4
903730,14671,2024-07-10,2024-07-10 06:18:25.734539095,Technical,Low,Resolved,4
903731,17117,2026-05-23,2026-05-23 07:34:24.785718754,Technical,High,Open,5
903732,19035,2026-06-12,2026-06-12 04:02:29.267862385,Technical,High,Open,3
903733,17511,2025-08-21,2025-08-21 09:12:40.805305221,Integration,Medium,Resolved,2
903734,11350,2026-06-27,2026-06-27 06:59:07.270128477,Technical,Medium,Open,4
903735,11920,2025-03-13,2025-03-13 07:39:44.533595390,Feature Request,Low,Resolved,4
903736,12948,2025-11-17,2025-11-17 09:37:26.201105562,Performance,Medium,Resolved,2
903737,15189,2024-10-04,2024-10-04 07:46:18.613051399,Technical,Medium,Resolved,2
903738,11670,2026-04-14,2026-04-14 11:33:41.024346476,Performance,Medium,Resolved,4
903739,11011,2026-05-01,2026-05-02 05:41:47.991311404,Integration,Medium,Resolved,3
903740,11781,2026-04-09,2026-04-09 02:14:56.221353402,Security,Medium,Resolved,5
903741,16569,2025-11-11,2025-11-11 10:38:20.499833868,Security,Medium,Resolved,3
903742,18495,2026-06-16,2026-06-16 07:53:11.046574168,Feature Request,Medium,Resolved,2
903743,18903,2026-01-27,2026-01-27 07:38:58.835065146,Account,High,Open,3
903744,19605,2024-12-27,2024-12-27 10:37:35.135606348,Billing,Medium,Resolved,4
903745,16959,2025-09-03,2025-09-03 09:03:10.767369333,Integration,Medium,Resolved,1
903746,13515,2026-07-24,2026-07-24 12:51:40.225283672,Technical,Low,Resolved,1
903747,14552,2025-11-02,2025-11-02 04:30:06.018644052,Performance,High,Resolved,5
903748,18025,2025-08-09,2025-08-09 10:18:37.659988828,Feature Request,Low,Resolved,2
903749,13361,2026-02-17,2026-02-17 05:00:41.999961549,Technical,Critical,Resolved,3
903750,11000,2025-04-25,2025-04-25 05:53:00.278716491,Account,Critical,Resolved,4
903751,12113,2026-07-03,2026-07-04 06:00:46.441137916,Feature Request,Medium,Resolved,4
903752,16595,2026-06-29,2026-06-29 04:34:09.388191871,Account,Medium,Pending,4
903753,19501,2026-08-13,2026-08-13 07:09:16.276425397,Feature Request,High,Resolved,3
903754,16315,2026-01-29,2026-01-29 05:31:52.276841245,Performance,Low,Resolved,3
903755,16715,2025-06-11,2025-06-11 09:21:06.667825690,Billing,Medium,Pending,5
903756,13609,2026-03-24,2026-03-24 10:24:29.229656083,Feature Request,Critical,Resolved,1
903757,13770,2026-03-13,2026-03-13 10:10:34.276512604,Technical,Medium,Resolved,4
903758,12296,2026-02-24,2026-02-24 23:18:41.988952062,Performance,Medium,Resolved,4
903759,11681,2026-07-07,2026-07-07 20:23:10.879706313,Billing,Low,Pending,2
903760,12569,2025-09-13,2025-09-13 15:45:32.482031446,Integration,Low,Resolved,4
903761,13039,2025-10-12,2025-10-12 07:31:37.584161050,Account,High,Pending,5
903762,16763,2026-03-17,2026-03-17 11:35:00.775557225,Billing,Low,Resolved,5
903763,10270,2024-05-29,2024-05-29 06:31:28.497333532,Performance,Medium,Resolved,4
903764,14735,2025-05-24,2025-05-24 11:27:34.264071284,Performance,Low,Resolved,1
903765,19440,2025-09-30,2025-09-30 16:06:00.205946460,Technical,Low,Resolved,4
903766,15538,2026-03-02,2026-03-02 05:30:03.239086802,Billing,Critical,Resolved,4
903767,16727,2026-05-29,2026-05-29 05:35:22.317869202,Technical,Low,Resolved,5
903768,13959,2024-08-28,2024-08-28 20:03:58.557908545,Account,Medium,Pending,4
903769,12019,2025-06-09,2025-06-09 06:22:19.143313950,Feature Request,Medium,Resolved,5
903770,17716,2026-04-30,2026-04-30 04:44:20.874703657,Performance,Low,Resolved,3
903771,15222,2025-08-21,2025-08-21 05:01:33.629726377,Billing,Medium,Open,5
903772,18554,2024-10-08,2024-10-08 05:32:18.763402635,Billing,Critical,Resolved,4
903773,11074,2025-12-14,2025-12-14 17:59:11.661229856,Feature Request,Critical,Pending,3
903774,10234,2025-05-12,2025-05-12 05:12:44.584814664,Technical,Low,Resolved,5
903775,12542,2026-02-07,2026-02-07 08:38:31.165796176,Performance,Low,Resolved,4
903776,19092,2026-08-15,2026-08-15 21:27:13.710252776,Account,Medium,Resolved,4
903777,19309,2025-03-04,2025-03-04 04:44:05.209805594,Billing,Critical,Resolved,3
903778,17735,2025-12-28,2025-12-28 09:03:26.845384125,Account,Low,Resolved,4
903779,18919,2026-08-12,2026-08-12 11:59:27.363017882,Performance,Medium,Resolved,4
903780,11818,2026-04-13,2026-04-13 17:39:08.289280245,Billing,Medium,Resolved,1
903781,19267,2026-08-06,2026-08-06 16:12:31.064435251,Technical,Critical,Resolved,4
903782,16135,2024-09-03,2024-09-03 02:42:01.307371194,Account,High,Resolved,2
903783,10041,2026-08-28,2026-08-28 19:50:17.174554677,Billing,High,Pending,2
903784,11207,2025-10-23,2025-10-23 12:54:14.714415759,Feature Request,Medium,Open,5
903785,16526,2025-11-20,2025-11-20 18:52:57.738975956,Technical,High,Resolved,5
903786,17420,2025-09-06,2025-09-06 02:40:33.565614009,Billing,Medium,Resolved,4
903787,19316,2025-07-29,2025-07-29 09:19:00.305504846,Performance,High,Resolved,4
903788,18909,2025-07-29,2025-07-29 12:19:46.869961310,Billing,Medium,Resolved,4
903789,12015,2025-03-04,2025-03-04 01:33:11.636760434,Performance,Critical,Resolved,2
903790,12028,2026-06-30,2026-06-30 17:14:44.388142098,Billing,High,Resolved,4
903791,11836,2025-01-27,2025-01-27 05:09:40.923972003,Performance,High,Resolved,3
903792,10497,2026-08-28,2026-08-28 04:15:04.210882632,Integration,Medium,Resolved,5
903793,14766,2024-07-16,2024-07-16 20:38:41.505685252,Technical,Low,Resolved,3
903794,14351,2025-01-26,2025-01-26 06:25:40.521480747,Technical,High,Pending,5
903795,13443,2026-03-13,2026-03-13 12:56:03.443008639,Security,High,Resolved,4
903796,14390,2026-07-30,2026-07-31 01:55:33.485940760,Account,Medium,Resolved,5
903797,19293,2026-03-03,2026-03-03 08:19:03.869860101,Performance,Medium,Resolved,4
903798,19490,2026-08-05,2026-08-05 16:30:40.936663695,Technical,Critical,Resolved,5
903799,11766,2024-06-23,2024-06-23 10:29:32.389640142,Billing,Low,Resolved,5
903800,18617,2025-03-03,2025-03-03 22:06:11.356146241,Technical,Medium,Resolved,1
903801,14427,2025-07-29,2025-07-29 17:18:22.479036681,Billing,Low,Resolved,4
903802,13310,2026-08-14,2026-08-14 05:05:39.628391366,Feature Request,Medium,Resolved,4
903803,14712,2026-02-06,2026-02-07 11:14:54.651132873,Account,Medium,Resolved,5
903804,18511,2025-03-08,2025-03-08 13:44:08.927012234,Billing,Medium,Resolved,5
903805,17731,2026-03-23,2026-03-24 05:24:47.217366820,Technical,Low,Resolved,4
903806,15154,2025-03-28,2025-03-28 21:46:43.916160144,Integration,Medium,Resolved,3
903807,11087,2025-08-30,2025-08-30 05:48:03.999073330,Security,High,Resolved,1
903808,11142,2026-06-19,2026-06-19 14:21:12.537808981,Account,Low,Resolved,5
903809,18495,2025-09-04,2025-09-04 05:53:37.284049795,Performance,Low,Resolved,1
903810,11316,2026-04-06,2026-04-06 07:59:59.373803907,Account,Medium,Resolved,4
903811,19872,2025-12-17,2025-12-17 06:53:41.786372173,Billing,Medium,Resolved,5
903812,18382,2025-10-17,2025-10-17 15:38:08.741204361,Feature Request,High,Open,2
903813,12454,2025-01-16,2025-01-16 07:16:09.185650730,Billing,Low,Resolved,5
903814,18024,2025-09-22,2025-09-22 08:38:33.838489788,Technical,Low,Resolved,4
903815,14198,2025-02-07,2025-02-07 12:53:42.794441966,Integration,Medium,Resolved,5
903816,14021,2026-03-12,2026-03-12 09:32:12.727426938,Performance,Medium,Resolved,5
903817,11149,2026-07-17,2026-07-20 05:15:05.746641346,Feature Request,Low,Resolved,5
903818,15382,2024-08-07,2024-08-07 15:11:30.432144778,Feature Request,Medium,Resolved,2
903819,15732,2025-10-13,2025-10-13 07:51:03.564303832,Technical,Low,Resolved,5
903820,18805,2024-12-14,2024-12-14 05:55:38.261206473,Security,Low,Resolved,2
903821,13111,2026-03-30,2026-03-31 01:38:52.487564895,Integration,Low,Resolved,5
903822,19394,2026-08-19,2026-08-19 11:45:56.568314646,Feature Request,Low,Resolved,4
903823,11768,2025-02-06,2025-02-06 16:46:39.355136461,Integration,Low,Resolved,1
903824,10353,2025-02-24,2025-02-24 20:41:41.646560298,Performance,Low,Pending,4
903825,10254,2025-10-25,2025-10-25 09:22:51.792586644,Billing,Medium,Resolved,3
903826,12316,2025-10-22,2025-10-22 19:42:48.455525512,Integration,Medium,Pending,4
903827,13253,2024-10-27,2024-10-27 07:44:37.696812068,Billing,High,Resolved,3
903828,17146,2025-10-14,2025-10-14 11:09:16.485642309,Technical,High,Resolved,5
903829,17328,2025-10-13,2025-10-13 16:58:08.308452885,Account,Low,Resolved,4
903830,17356,2025-12-06,2025-12-06 15:56:50.463098692,Integration,Medium,Resolved,5
903831,19542,2025-11-05,2025-11-05 03:37:02.120234275,Billing,Medium,Resolved,1
903832,11588,2026-06-07,2026-06-07 17:28:24.067256757,Performance,High,Resolved,4
903833,16750,2025-03-16,2025-03-16 12:12:00.125169415,Billing,Low,Resolved,3
903834,18544,2026-07-04,2026-07-04 07:51:25.549196238,Security,Medium,Resolved,5
903835,16429,2025-07-07,2025-07-07 03:18:34.949760843,Technical,Low,Resolved,5
903836,18167,2026-02-28,2026-02-28 21:57:58.586285055,Integration,Low,Open,4
903837,16864,2025-08-26,2025-08-26 06:39:58.965886213,Technical,Medium,Resolved,2
903838,15296,2024-08-11,2024-08-11 16:10:00.189211378,Feature Request,Low,Resolved,5
903839,12770,2025-01-28,2025-01-28 17:54:50.418427960,Billing,Medium,Resolved,4
903840,10894,2025-10-31,2025-10-31 05:08:21.059047374,Integration,Critical,Resolved,4
903841,17744,2025-12-20,2025-12-20 14:44:26.544503500,Billing,High,Resolved,4
903842,18188,2025-04-06,2025-04-06 06:17:31.735282664,Technical,High,Open,5
903843,18048,2025-01-05,2025-01-05 12:27:46.913636368,Billing,Low,Resolved,3
903844,15158,2026-03-12,2026-03-12 09:00:42.919592835,Technical,Low,Resolved,3
903845,14409,2025-09-06,2025-09-06 12:32:02.192832625,Technical,Low,Open,4
903846,18419,2025-06-26,2025-06-26 05:34:49.176501178,Billing,Medium,Resolved,1
903847,19627,2025-09-25,2025-09-25 14:01:26.330732911,Technical,High,Resolved,2
903848,16696,2026-04-06,2026-04-06 12:59:28.580102142,Integration,Medium,Resolved,4
903849,10715,2026-04-12,2026-04-12 13:50:21.121993834,Performance,Medium,Open,5
903850,12625,2026-07-13,2026-07-13 06:32:45.822887361,Integration,High,Pending,3
903851,13549,2025-02-18,2025-02-18 23:51:06.064386782,Feature Request,Medium,Resolved,4
903852,15245,2025-02-15,2025-02-15 12:25:45.532329362,Billing,High,Open,2
903853,10717,2026-02-26,2026-02-26 05:03:30.992971273,Technical,Medium,Resolved,4
903854,14124,2025-07-10,2025-07-10 12:01:23.534917114,Technical,Medium,Resolved,3
903855,13973,2024-12-22,2024-12-22 08:14:25.326434227,Technical,Medium,Resolved,2
903856,10934,2026-07-22,2026-07-22 09:42:31.893605186,Performance,Medium,Resolved,4
903857,10597,2026-07-09,2026-07-09 04:28:29.535040815,Technical,Low,Resolved,3
903858,16156,2026-01-18,2026-01-18 05:11:45.138439687,Integration,Low,Resolved,4
903859,16694,2026-02-04,2026-02-04 19:36:50.764099078,Billing,Low,Resolved,5
903860,18211,2024-11-17,2024-11-17 18:28:27.863854028,Feature Request,High,Resolved,1
903861,18672,2026-08-08,2026-08-08 08:40:34.989893760,Billing,Low,Resolved,4
903862,11796,2025-12-26,2025-12-26 17:46:03.487138600,Technical,Low,Resolved,5
903863,15813,2026-02-10,2026-02-10 06:51:16.937867116,Security,Medium,Resolved,4
903864,15561,2025-09-30,2025-09-30 07:50:31.433566358,Security,High,Resolved,1
903865,19477,2025-10-23,2025-10-23 05:57:19.752305198,Technical,Medium,Resolved,4
903866,17949,2026-03-01,2026-03-02 02:58:48.534258741,Performance,Medium,Resolved,5
903867,11540,2025-06-10,2025-06-10 05:45:37.796197950,Security,Low,Resolved,3
903868,13458,2026-04-14,2026-04-14 05:36:40.463883180,Technical,Medium,Resolved,4
903869,15495,2025-07-10,2025-07-10 15:43:20.301663741,Feature Request,Low,Resolved,4
903870,17998,2025-01-19,2025-01-19 04:14:05.578065880,Feature Request,Medium,Resolved,5
903871,16441,2026-08-25,2026-08-25 16:54:09.435414171,Integration,Medium,Resolved,3
903872,10285,2026-08-22,2026-08-22 04:11:54.783747852,Technical,Low,Resolved,5
903873,12120,2026-05-11,2026-05-11 02:47:40.924912876,Technical,High,Resolved,1
903874,17404,2026-06-20,2026-06-20 11:09:56.709447256,Technical,Medium,Resolved,3
903875,13978,2024-05-22,2024-05-22 12:46:21.824092351,Integration,Medium,Resolved,4
903876,13147,2025-12-20,2025-12-20 10:24:38.075551059,Technical,Low,Open,5
903877,11219,2026-01-25,2026-01-25 03:27:44.539193912,Technical,High,Resolved,3
903878,17858,2026-08-22,2026-08-22 18:18:37.152025624,Technical,Low,Resolved,4
903879,12208,2025-11-11,2025-11-11 12:27:31.122657784,Billing,Low,Resolved,4
903880,12182,2024-05-20,2024-05-20 02:18:19.889244262,Integration,High,Resolved,3
903881,17422,2026-07-04,2026-07-04 01:34:40.427921290,Performance,Low,Resolved,5
903882,11446,2026-06-17,2026-06-17 03:37:41.749391258,Feature Request,High,Resolved,4
903883,13626,2026-08-17,2026-08-17 03:53:09.063602718,Billing,High,Resolved,3
903884,19918,2025-08-08,2025-08-08 08:56:34.834560136,Feature Request,Medium,Resolved,3
903885,14156,2026-01-23,2026-01-24 06:30:05.225208008,Technical,Low,Resolved,1
903886,11888,2024-09-10,2024-09-10 10:08:42.722102165,Integration,Medium,Resolved,3
903887,17716,2026-01-01,2026-01-01 15:11:33.220249706,Performance,Low,Resolved,5
903888,11361,2026-07-03,2026-07-03 04:13:46.193604859,Technical,Medium,Resolved,5
903889,11214,2026-06-28,2026-06-28 02:32:18.575068070,Technical,Low,Resolved,1
903890,10745,2026-04-04,2026-04-07 01:37:57.260575689,Security,Medium,Resolved,4
903891,12505,2026-06-16,2026-06-17 18:01:20.970522645,Technical,High,Resolved,2
903892,11438,2026-01-22,2026-01-22 23:17:25.989487969,Technical,Medium,Resolved,5
903893,14306,2026-04-29,2026-04-29 11:17:56.824926385,Performance,Medium,Resolved,5
903894,15971,2026-08-13,2026-08-13 09:02:11.384530317,Integration,Low,Resolved,5
903895,19415,2025-11-07,2025-11-07 04:52:01.639529418,Technical,Medium,Resolved,1
903896,13378,2025-04-08,2025-04-08 02:35:02.418599036,Technical,Medium,Resolved,3
903897,19700,2026-08-22,2026-08-22 08:19:43.454172644,Technical,Medium,Pending,3
903898,17630,2026-08-31,,Feature Request,Low,Resolved,5
903899,17491,2025-09-08,2025-09-08 12:14:43.707450818,Feature Request,Medium,Resolved,5
903900,13541,2026-08-25,2026-08-25 05:06:24.088647600,Billing,High,Resolved,5
903901,14614,2024-09-13,2024-09-13 05:32:21.099447747,Billing,Low,Resolved,1
903902,12343,2025-09-18,2025-09-18 10:57:41.677943076,Billing,Critical,Resolved,5
903903,12525,2026-04-07,2026-04-07 13:02:15.603839034,Technical,Medium,Resolved,5
903904,13800,2025-08-20,2025-08-20 12:18:58.143957598,Billing,Low,Resolved,5
903905,14895,2025-10-20,2025-10-20 03:25:54.694737728,Technical,Medium,Resolved,4
903906,18620,2025-11-10,2025-11-10 10:47:21.144045796,Technical,Medium,Open,5
903907,14161,2026-01-13,2026-01-13 02:37:41.079234259,Performance,Medium,Resolved,5
903908,14460,2026-05-19,2026-05-19 07:28:05.865893230,Integration,High,Resolved,1
903909,13695,2026-06-05,2026-06-05 06:48:57.043752505,Technical,Low,Resolved,4
903910,19218,2026-05-02,2026-05-02 03:00:58.148866850,Billing,Medium,Resolved,5
903911,17812,2026-08-24,2026-08-24 11:15:29.249408764,Technical,High,Resolved,3
903912,14360,2026-05-15,2026-05-15 09:29:23.636671965,Feature Request,Low,Open,5
903913,17780,2025-03-04,2025-03-04 04:29:23.746850476,Integration,Medium,Resolved,2
903914,18621,2024-07-10,2024-07-10 09:48:38.882146921,Integration,Low,Resolved,5
903915,19172,2026-08-26,2026-08-26 03:15:02.211488243,Feature Request,Medium,Resolved,3
903916,16361,2026-06-02,2026-06-02 03:09:55.854348472,Technical,Medium,Resolved,2
903917,17248,2025-04-19,2025-04-19 06:04:10.055361118,Technical,High,Pending,5
903918,19533,2026-03-27,2026-03-27 16:31:51.719610910,Account,High,Resolved,3
903919,18997,2025-01-21,2025-01-21 06:34:51.712144154,Account,Medium,Resolved,5
903920,14244,2026-07-31,2026-07-31 03:09:21.457627225,Security,Critical,Resolved,4
903921,12880,2025-10-07,2025-10-07 10:06:58.839124284,Billing,Low,Resolved,4
903922,11949,2024-11-17,2024-11-17 07:46:05.065376458,Integration,Medium,Resolved,4
903923,10854,2025-04-06,2025-04-06 15:41:18.841348492,Technical,Medium,Resolved,5
903924,10486,2025-06-06,2025-06-06 21:01:44.422682520,Technical,High,Resolved,4
903925,18251,2026-08-02,2026-08-02 02:23:00.590111217,Integration,Medium,Pending,3
903926,13133,2024-10-04,2024-10-04 23:40:24.135404372,Billing,Low,Resolved,4
903927,14642,2026-04-05,2026-04-05 19:53:18.533465181,Technical,Medium,Resolved,4
903928,17702,2025-05-13,2025-05-13 07:09:48.897583948,Technical,Medium,Resolved,4
903929,14458,2024-07-21,2024-07-21 05:53:39.169449423,Performance,Medium,Resolved,5
903930,18656,2025-08-26,2025-08-26 10:10:20.883784717,Billing,Medium,Resolved,5
903931,12068,2026-05-24,2026-05-24 02:23:42.871842675,Technical,Low,Resolved,4
903932,10825,2026-07-13,2026-07-13 10:42:58.688370885,Technical,Medium,Resolved,2
903933,14294,2026-04-08,2026-04-08 06:06:01.305307900,Account,Medium,Resolved,4
903934,19491,2026-07-31,2026-07-31 17:00:12.820569534,Performance,Low,Resolved,1
903935,16182,2025-03-26,2025-03-26 09:13:14.403286459,Technical,Low,Pending,5
903936,15035,2026-02-19,2026-02-19 04:34:35.766239768,Technical,Medium,Resolved,3
903937,13511,2025-05-25,2025-05-25 09:49:15.063160353,Performance,Medium,Resolved,4
903938,10548,2026-04-18,2026-04-20 02:38:27.648488346,Integration,Medium,Resolved,4
903939,14480,2025-12-11,2025-12-11 05:31:42.344750118,Billing,Medium,Resolved,4
903940,18343,2025-11-03,2025-11-03 10:36:16.661127834,Integration,Medium,Resolved,2
903941,17177,2025-03-21,2025-03-21 19:43:17.993114554,Technical,Medium,Open,2
903942,18751,2024-04-21,2024-04-21 20:57:56.823063969,Feature Request,Critical,Resolved,5
903943,19820,2025-08-28,2025-08-28 18:02:04.563625365,Technical,Medium,Resolved,5
903944,16914,2026-03-29,2026-03-31 02:36:27.983442362,Billing,Medium,Resolved,2
903945,18372,2024-09-13,2024-09-13 10:23:37.959984373,Integration,High,Open,2
903946,15740,2025-11-10,2025-11-10 04:45:15.247405814,Account,Critical,Resolved,4
903947,18798,2024-10-02,2024-10-02 02:33:51.506280143,Technical,High,Resolved,5
903948,16109,2024-11-11,2024-11-12 11:25:15.041344818,Performance,Medium,Resolved,4
903949,17893,2025-12-04,2025-12-04 11:35:27.952097535,Account,Low,Resolved,1
903950,10030,2025-09-19,2025-09-19 04:20:32.468531647,Billing,Low,Open,5
903951,18754,2026-03-18,2026-03-18 20:13:48.852567433,Technical,High,Resolved,2
903952,11753,2025-08-10,2025-08-10 05:58:08.033503198,Technical,Medium,Resolved,5
903953,16501,2025-09-24,2025-09-24 06:06:56.828896747,Technical,Low,Open,4
903954,18488,2024-12-07,2024-12-07 12:14:57.729679728,Billing,Critical,Resolved,4
903955,12196,2024-10-01,2024-10-01 06:32:27.001938372,Technical,Low,Resolved,5
903956,10889,2025-12-15,2025-12-15 14:40:36.883814257,Technical,Low,Resolved,5
903957,11090,2026-07-27,2026-07-27 16:13:10.646078685,Performance,Medium,Resolved,5
903958,13488,2025-11-06,2025-11-06 07:49:00.773686563,Billing,Low,Resolved,4
903959,17479,2026-05-23,2026-05-23 02:33:27.351326883,Technical,Critical,Resolved,5
903960,13687,2024-05-24,2024-05-24 11:46:58.241949139,Technical,Low,Resolved,3
903961,19299,2025-08-21,2025-08-21 07:43:04.465475929,Billing,Low,Pending,5
903962,10592,2025-05-24,2025-05-25 04:46:06.455246606,Technical,Medium,Resolved,4
903963,11075,2025-05-27,2025-05-27 01:22:07.461566832,Billing,Low,Resolved,2
903964,19414,2025-10-03,2025-10-03 10:39:07.104897532,Performance,Medium,Open,5
903965,18868,2024-05-03,2024-05-03 17:41:57.525786996,Account,Medium,Resolved,4
903966,17403,2025-04-09,2025-04-09 06:26:07.549684000,Technical,Low,Resolved,5
903967,19873,2026-06-11,2026-06-11 04:52:36.669559299,Technical,Medium,Resolved,3
903968,10115,2025-07-25,2025-07-25 18:13:17.298863382,Performance,Low,Open,4
903969,14687,2026-05-15,2026-05-17 03:25:52.208513346,Integration,High,Resolved,3
903970,19354,2025-10-26,2025-10-26 14:48:10.250879151,Technical,High,Resolved,4
903971,14479,2026-08-27,2026-08-27 06:22:57.325214362,Billing,Medium,Resolved,5
903972,14935,2024-02-18,2024-02-18 12:56:33.506512400,Integration,Low,Resolved,4
903973,10911,2025-04-19,2025-04-19 03:14:52.281619180,Billing,Medium,Resolved,5
903974,11675,2025-11-09,2025-11-09 05:57:30.955521873,Performance,Medium,Resolved,4
903975,13438,2024-12-03,2024-12-03 09:07:16.734821401,Integration,Medium,Resolved,4
903976,15074,2024-08-30,2024-08-30 11:45:19.050593353,Technical,Low,Resolved,4
903977,17829,2025-07-17,2025-07-17 06:24:28.100222179,Feature Request,Low,Resolved,5
903978,14947,2025-05-27,2025-05-27 05:32:21.514814037,Billing,Medium,Resolved,5
903979,13298,2026-05-02,2026-05-02 05:32:33.625003880,Billing,High,Resolved,3
903980,12331,2026-03-28,2026-03-28 05:34:42.020159991,Feature Request,Critical,Resolved,4
903981,13364,2025-05-30,2025-05-30 04:24:27.871147544,Account,Medium,Resolved,4
903982,18306,2025-05-10,2025-05-11 00:21:50.306569459,Technical,Medium,Resolved,4
903983,16062,2026-05-02,2026-05-02 14:03:40.256251347,Performance,High,Resolved,5
903984,14587,2025-11-04,2025-11-04 03:39:11.097381060,Integration,Medium,Resolved,3
903985,18508,2026-03-09,2026-03-09 11:34:32.978411223,Billing,Low,Pending,5
903986,18330,2025-06-11,2025-06-11 05:47:11.060091499,Technical,Medium,Resolved,4
903987,14477,2026-05-25,2026-05-25 01:46:52.995705578,Integration,Low,Resolved,2
903988,12332,2026-05-17,2026-05-17 05:35:16.154582099,Billing,Medium,Open,5
903989,17725,2026-01-10,2026-01-10 09:56:05.501566204,Performance,Medium,Resolved,3
903990,12653,2024-07-26,2024-07-26 06:26:28.421209345,Technical,Low,Resolved,4
903991,14104,2026-01-24,2026-01-24 06:53:33.449291761,Technical,High,Open,4
903992,13943,2025-09-07,2025-09-08 06:13:46.833198412,Integration,Low,Resolved,2
903993,10972,2025-12-02,2025-12-02 10:10:49.800264682,Billing,Low,Resolved,4
903994,10716,2026-01-26,2026-01-27 01:19:17.325860566,Technical,Medium,Pending,1
903995,19146,2026-07-21,2026-07-21 11:08:53.665278241,Billing,Medium,Resolved,3
903996,15592,2026-07-04,2026-07-04 03:06:48.852287229,Performance,High,Resolved,1
903997,19311,2026-06-11,2026-06-12 10:00:02.932847467,Technical,High,Resolved,5
903998,13960,2026-01-13,2026-01-13 08:41:52.428120478,Performance,Low,Resolved,4
903999,13301,2025-07-29,2025-07-29 23:59:20.604922623,Technical,Medium,Resolved,4
904000,10974,2025-08-30,2025-08-30 13:29:17.840389732,Technical,Medium,Resolved,5
904001,14350,2025-12-30,2025-12-30 08:02:59.846372394,Integration,High,Resolved,1
904002,15141,2026-08-25,2026-08-25 03:17:50.963459654,Account,Low,Resolved,5
904003,16140,2026-07-08,2026-07-08 08:13:16.173817161,Feature Request,Medium,Resolved,4
904004,11153,2026-06-26,2026-06-26 10:51:16.469618158,Account,Medium,Resolved,4
904005,10085,2026-01-21,2026-01-21 07:41:19.923356227,Technical,Low,Resolved,3
904006,19560,2024-05-31,2024-05-31 06:16:08.847082891,Account,Low,Resolved,4
904007,14595,2025-11-20,2025-11-20 12:15:13.023169297,Technical,Medium,Resolved,3
904008,13568,2026-07-05,2026-07-06 01:05:22.304678438,Feature Request,Low,Resolved,4
904009,15429,2024-08-01,2024-08-01 07:01:20.745224450,Technical,High,Resolved,5
904010,17238,2024-09-27,2024-09-27 17:37:44.585881557,Technical,Low,Resolved,4
904011,16532,2026-04-04,2026-04-04 03:54:20.750493236,Technical,Low,Pending,4
904012,11111,2026-03-11,2026-03-11 18:39:21.091437979,Account,Low,Open,5
904013,18959,2025-02-08,2025-02-08 23:19:39.705551670,Performance,Medium,Resolved,3
904014,12168,2026-03-10,2026-03-10 12:38:24.068864544,Security,Medium,Pending,4
904015,16562,2025-08-18,2025-08-18 06:42:10.806427494,Performance,High,Resolved,5
904016,11932,2026-04-06,2026-04-06 04:51:43.557669604,Billing,Low,Resolved,4
904017,18555,2026-07-19,2026-07-19 08:04:49.138962567,Security,Medium,Resolved,5
904018,18615,2026-01-30,2026-01-30 15:58:08.148024397,Technical,Low,Resolved,3
904019,19997,2026-08-11,2026-08-11 06:35:51.853444029,Billing,High,Resolved,4
904020,11053,2025-04-15,2025-04-15 06:27:44.531130726,Feature Request,Low,Resolved,5
904021,15982,2026-06-26,2026-06-26 10:59:59.711808181,Technical,Medium,Pending,4
904022,10996,2025-04-22,2025-04-22 15:09:24.691910385,Billing,Medium,Resolved,5
904023,13081,2026-06-16,2026-06-16 04:07:36.385700275,Technical,Low,Resolved,4
904024,12429,2025-07-05,2025-07-05 05:32:16.499778165,Account,High,Resolved,4
904025,15067,2026-04-20,2026-04-20 11:07:18.022145084,Performance,Low,Resolved,5
904026,14522,2024-07-29,2024-07-29 10:14:28.091109307,Billing,High,Resolved,4
904027,18414,2025-02-15,2025-02-15 06:23:57.919418203,Performance,High,Resolved,1
904028,11975,2024-06-07,2024-06-07 13:06:44.446076712,Integration,Low,Resolved,1
904029,12742,2026-06-25,2026-06-26 13:07:13.832569365,Technical,Medium,Resolved,2
904030,19155,2026-06-21,2026-06-21 05:56:29.566254746,Integration,Low,Resolved,4
904031,11202,2024-12-26,2024-12-26 19:53:00.633759655,Technical,Medium,Resolved,1
904032,15908,2025-11-11,2025-11-11 13:11:56.200161868,Account,High,Resolved,4
904033,11378,2026-01-30,2026-01-30 13:12:03.903583215,Billing,Medium,Pending,3
904034,19598,2024-11-19,2024-11-19 08:24:08.401298623,Account,Low,Resolved,3
904035,10910,2024-11-21,2024-11-21 10:33:33.064064337,Technical,Low,Resolved,5
904036,19580,2026-01-25,2026-01-25 21:48:48.131001104,Technical,High,Resolved,2
904037,18283,2024-03-09,2024-03-09 05:20:48.847248160,Technical,Medium,Resolved,4
904038,12452,2026-06-27,2026-06-27 06:26:01.002001552,Billing,Low,Resolved,5
904039,12354,2025-05-20,2025-05-20 11:00:45.223830190,Technical,Medium,Resolved,5
904040,12611,2026-07-25,2026-07-25 02:35:31.776188445,Account,Medium,Resolved,5
904041,13636,2026-08-26,2026-08-27 02:06:11.407413398,Billing,Medium,Resolved,3
904042,15391,2025-06-08,2025-06-08 07:09:42.386655862,Account,High,Resolved,4
904043,19757,2026-08-15,2026-08-15 05:04:51.719858292,Technical,Low,Resolved,4
904044,12113,2026-07-03,2026-07-04 08:43:07.608151452,Account,Low,Resolved,3
904045,13470,2026-06-05,2026-06-05 07:12:10.125264909,Integration,Medium,Resolved,4
904046,11425,2025-08-30,2025-08-30 10:15:19.477147075,Technical,Medium,Resolved,5
904047,11033,2026-08-07,2026-08-07 12:31:44.135344934,Billing,Medium,Open,4
904048,17586,2024-12-23,2024-12-23 04:07:09.196689568,Account,Medium,Resolved,3
904049,13856,2025-11-05,2025-11-05 04:46:14.838151382,Technical,Medium,Resolved,5
904050,13589,2025-04-24,2025-04-24 04:33:48.855725557,Feature Request,Low,Resolved,3
904051,18858,2025-08-13,2025-08-13 03:32:57.245892662,Technical,Low,Resolved,3
904052,12575,2026-06-29,2026-06-29 05:15:39.444189537,Technical,Medium,Resolved,2
904053,16562,2025-07-22,2025-07-22 08:04:48.038876209,Performance,Medium,Resolved,3
904054,19846,2025-11-01,2025-11-01 02:08:31.891592651,Technical,Low,Resolved,4
904055,13385,2025-03-03,2025-03-03 11:28:26.418240771,Feature Request,Low,Resolved,5
904056,19289,2024-09-08,2024-09-08 13:53:27.917127736,Account,High,Resolved,4
904057,13195,2025-01-27,2025-01-27 10:00:49.734286372,Performance,Medium,Resolved,2
904058,13591,2025-05-25,2025-05-25 04:28:37.678102140,Account,Medium,Resolved,4
904059,10244,2026-08-03,2026-08-03 07:14:23.524564488,Account,Low,Pending,2
904060,13881,2024-11-05,2024-11-05 20:24:23.328935038,Performance,Medium,Resolved,4
904061,13574,2026-06-28,2026-06-28 07:14:33.270475189,Technical,Low,Resolved,5
904062,18402,2026-07-23,2026-07-23 21:57:27.051241582,Billing,Medium,Resolved,4
904063,15459,2026-05-17,2026-05-17 19:31:27.131120950,Billing,Medium,Resolved,4
904064,12693,2024-07-11,2024-07-11 05:19:44.340991698,Technical,Medium,Resolved,2
904065,19986,2025-06-28,2025-06-28 18:32:59.123784181,Account,Low,Resolved,4
904066,12313,2025-09-11,2025-09-11 09:22:27.521116554,Billing,Medium,Resolved,4
904067,14724,2025-01-21,2025-01-21 19:09:59.032503604,Account,Medium,Resolved,3
904068,12487,2025-06-02,2025-06-02 22:01:18.311139710,Billing,High,Resolved,1
904069,11381,2025-05-30,2025-05-31 09:49:57.740101824,Account,Low,Resolved,4
904070,16417,2026-02-16,2026-02-16 05:18:52.245295873,Technical,Low,Resolved,3
904071,14319,2026-07-13,2026-07-14 03:08:17.932906230,Feature Request,Medium,Resolved,1
904072,14728,2024-08-07,2024-08-07 02:52:38.425586898,Feature Request,Low,Resolved,5
904073,16236,2025-08-21,2025-08-21 10:00:36.778546656,Billing,Medium,Resolved,5
904074,19519,2026-05-29,2026-05-29 08:49:32.648611058,Billing,Low,Pending,5
904075,19387,2026-08-10,2026-08-10 11:22:09.575103475,Integration,Medium,Resolved,5
904076,16482,2026-07-07,2026-07-07 13:41:32.394656857,Technical,Medium,Resolved,4
904077,14696,2025-01-19,2025-01-19 08:32:23.385898014,Billing,Medium,Resolved,3
904078,18449,2026-07-08,2026-07-09 04:43:14.542866285,Performance,Low,Resolved,5
904079,18172,2025-07-08,2025-07-08 09:02:53.454203822,Performance,Medium,Resolved,2
904080,14228,2026-03-11,2026-03-11 14:40:48.401889888,Technical,Low,Open,3
904081,12796,2026-07-22,2026-07-22 15:08:56.146082967,Account,Medium,Resolved,5
904082,15768,2025-06-03,2025-06-03 05:22:35.672969416,Integration,Critical,Resolved,2
904083,18479,2024-12-12,2024-12-12 05:57:32.591668611,Integration,Low,Resolved,1
904084,17148,2025-02-28,2025-02-28 08:56:22.199561934,Technical,Medium,Resolved,1
904085,15385,2025-06-02,2025-06-02 12:11:41.560554933,Account,Low,Resolved,4
904086,11176,2025-05-16,2025-05-16 10:09:07.455606573,Billing,High,Resolved,4
904087,16814,2025-08-26,2025-08-26 07:29:47.670046065,Feature Request,Low,Resolved,1
904088,14902,2026-06-04,2026-06-04 06:58:05.647343674,Integration,High,Resolved,2
904089,16020,2025-09-23,2025-09-23 14:53:24.734448016,Feature Request,Medium,Resolved,5
904090,14884,2025-12-24,2025-12-24 07:03:15.907991058,Performance,Low,Open,5
904091,16402,2025-09-29,2025-09-29 02:03:04.956694178,Feature Request,Medium,Resolved,4
904092,15434,2026-03-14,2026-03-14 03:59:18.071348564,Billing,Medium,Resolved,5
904093,17565,2026-04-16,2026-04-16 02:52:06.703688409,Security,Low,Resolved,2
904094,18906,2026-05-04,2026-05-05 01:23:14.517903984,Technical,High,Resolved,5
904095,18989,2026-03-21,2026-03-22 07:05:34.830867739,Integration,Low,Resolved,4
904096,18382,2024-11-27,2024-11-27 17:46:35.160304350,Billing,High,Resolved,3
904097,13535,2025-10-13,2025-10-13 07:11:27.453676830,Technical,Medium,Resolved,1
904098,14347,2026-02-17,2026-02-17 14:07:18.209500586,Technical,Low,Resolved,3
904099,13631,2025-07-20,2025-07-20 05:45:09.553663033,Performance,Low,Resolved,5
904100,17805,2024-05-06,2024-05-06 05:38:40.683340896,Performance,Medium,Resolved,4
904101,16130,2024-07-17,2024-07-18 22:07:35.196138548,Billing,Low,Resolved,2
904102,10618,2026-02-17,2026-02-18 02:13:34.831493220,Feature Request,Medium,Resolved,5
904103,16443,2025-04-30,2025-04-30 07:30:25.259380160,Security,Low,Resolved,5
904104,19350,2026-06-04,2026-06-04 04:13:10.935163423,Billing,Critical,Resolved,4
904105,15020,2026-08-27,2026-08-27 05:35:06.114309914,Performance,Low,Resolved,5
904106,15290,2025-11-22,2025-11-22 17:17:31.969786977,Security,Low,Resolved,5
904107,16529,2025-11-01,2025-11-01 07:42:11.746575572,Account,Medium,Resolved,5
904108,10240,2026-01-02,2026-01-02 06:12:14.997306841,Technical,Low,Resolved,1
904109,16603,2026-06-13,2026-06-13 17:43:02.387705451,Technical,High,Resolved,4
904110,15612,2024-08-30,2024-08-30 08:42:27.029435468,Integration,Medium,Resolved,4
904111,12428,2025-07-23,2025-07-24 02:51:42.127810491,Security,Medium,Resolved,4
904112,18525,2026-07-15,2026-07-15 07:49:00.175241722,Technical,Medium,Resolved,4
904113,16189,2025-01-20,2025-01-20 17:08:45.774899822,Performance,High,Resolved,5
904114,18881,2025-09-23,2025-09-23 14:53:04.396975681,Account,Low,Resolved,3
904115,14578,2024-03-27,2024-03-27 19:34:10.941096684,Billing,Low,Resolved,1
904116,16657,2026-06-24,2026-06-24 08:43:23.883291620,Billing,Medium,Resolved,4
904117,15575,2025-10-28,2025-10-28 03:34:46.525989558,Account,High,Resolved,5
904118,15537,2026-03-20,2026-03-20 05:44:17.738719015,Integration,Medium,Resolved,4
904119,19057,2024-04-29,2024-04-29 05:00:40.388793811,Technical,Low,Open,4
904120,18215,2026-08-21,2026-08-21 04:28:34.939312852,Performance,Low,Resolved,4
904121,10740,2026-02-19,2026-02-19 06:02:01.209004591,Billing,Medium,Pending,4
904122,18664,2026-01-10,2026-01-10 12:23:16.854020134,Billing,High,Resolved,4
904123,13834,2025-07-04,2025-07-04 20:10:22.462320352,Account,Medium,Resolved,5
904124,13981,2024-04-24,2024-04-24 05:49:28.865399444,Technical,Low,Resolved,5
904125,14901,2026-05-07,2026-05-07 05:47:40.877512659,Technical,Low,Open,3
904126,13348,2025-01-09,2025-01-09 08:51:27.146743927,Performance,Low,Resolved,4
904127,13674,2026-05-30,2026-05-30 06:07:27.892476678,Billing,Low,Resolved,3
904128,19622,2026-08-07,2026-08-07 21:04:34.317439309,Account,Low,Resolved,5
904129,15592,2026-07-04,2026-07-04 04:51:05.094211658,Integration,Medium,Resolved,5
904130,16728,2026-04-30,2026-04-30 11:52:19.018275708,Feature Request,Low,Resolved,4
904131,13280,2025-12-04,2025-12-04 10:02:30.848551076,Account,Medium,Resolved,2
904132,14770,2025-11-14,2025-11-14 11:38:23.280078714,Technical,Medium,Pending,3
904133,18676,2026-01-06,2026-01-06 08:15:52.454676110,Technical,High,Resolved,5
904134,11500,2026-08-23,2026-08-23 07:21:25.307962459,Technical,High,Resolved,5
904135,13627,2025-08-17,2025-08-17 08:33:05.177877858,Account,Low,Resolved,3
904136,16091,2024-04-26,2024-04-26 11:58:22.393048090,Account,Critical,Resolved,2
904137,14896,2026-07-01,2026-07-01 09:24:30.380502218,Technical,Medium,Resolved,5
904138,18193,2025-02-04,2025-02-04 11:03:36.020309648,Performance,Low,Pending,4
904139,12095,2024-04-22,2024-04-22 12:05:06.953926084,Security,Medium,Open,4
904140,10915,2026-02-08,2026-02-08 10:40:13.336017247,Billing,High,Resolved,1
904141,12730,2024-12-18,2024-12-18 02:32:10.303465581,Billing,Low,Resolved,5
904142,10432,2025-08-06,2025-08-06 09:24:15.159094948,Technical,High,Resolved,2
904143,18899,2026-01-01,2026-01-01 09:09:33.422868385,Feature Request,Low,Resolved,3
904144,12737,2026-01-23,2026-01-24 10:27:04.940320381,Security,Medium,Open,4
904145,12855,2026-01-24,2026-01-24 11:19:00.098095584,Performance,Low,Resolved,4
904146,10082,2026-06-03,2026-06-03 15:31:53.380510431,Technical,Low,Resolved,1
904147,15529,2026-08-06,2026-08-08 02:56:15.201439720,Billing,High,Resolved,4
904148,12001,2026-01-19,2026-01-19 03:31:48.160030782,Feature Request,Medium,Resolved,5
904149,14560,2024-03-08,2024-03-08 09:45:10.163003194,Billing,High,Resolved,5
904150,18975,2024-07-19,2024-07-20 09:34:36.026103356,Security,Low,Open,5
904151,14531,2026-05-30,2026-05-31 09:06:34.392439393,Billing,High,Resolved,5
904152,10212,2024-12-27,2024-12-27 09:10:36.780683548,Feature Request,Critical,Resolved,5
904153,14969,2026-02-09,2026-02-09 12:59:12.959031087,Feature Request,Low,Resolved,3
904154,18433,2025-05-21,2025-05-21 05:45:25.491948922,Billing,Medium,Resolved,3
904155,16757,2025-05-17,2025-05-17 13:20:22.257747204,Technical,Medium,Resolved,4
904156,11778,2026-05-01,2026-05-01 07:49:55.431798243,Technical,Critical,Resolved,4
904157,15271,2024-11-07,2024-11-07 17:01:08.050813579,Security,Low,Open,1
904158,11573,2025-10-02,2025-10-02 10:51:06.428494548,Performance,Critical,Pending,5
904159,13422,2026-03-15,2026-03-15 09:02:56.719374705,Account,Medium,Resolved,3
904160,17324,2026-08-21,2026-08-21 06:26:52.102212090,Feature Request,Low,Resolved,5
904161,17765,2026-03-09,2026-03-09 05:44:53.057291222,Integration,Low,Resolved,3
904162,10354,2025-11-28,2025-11-28 09:50:25.536264406,Account,Medium,Resolved,4
904163,16348,2025-08-15,2025-08-15 16:36:22.233998156,Feature Request,Medium,Resolved,4
904164,16100,2026-07-02,2026-07-02 07:40:58.118985534,Feature Request,High,Resolved,5
904165,15195,2025-09-30,2025-09-30 05:25:09.982803813,Feature Request,Medium,Open,5
904166,12911,2025-12-14,2025-12-14 09:22:07.626248569,Technical,High,Resolved,5
904167,17875,2026-04-04,2026-04-04 04:30:16.857264373,Technical,Medium,Resolved,3
904168,14306,2026-04-29,2026-04-29 05:29:19.211169069,Technical,Medium,Resolved,5
904169,10604,2024-09-20,2024-09-20 07:58:05.083129304,Feature Request,Medium,Resolved,5
904170,10567,2025-01-31,2025-01-31 12:37:55.278530439,Account,Medium,Resolved,4
904171,13228,2026-02-04,2026-02-04 02:17:30.238936976,Technical,High,Resolved,1
904172,19040,2024-04-20,2024-04-21 02:38:16.237292618,Feature Request,Low,Resolved,4
904173,17094,2025-04-24,2025-04-25 01:20:00.776929714,Account,Medium,Resolved,5
904174,15890,2025-04-08,2025-04-08 04:01:00.684717333,Integration,Critical,Resolved,3
904175,15616,2025-06-26,2025-06-26 12:49:17.496344704,Integration,Low,Resolved,4
904176,10520,2026-07-13,2026-07-13 13:28:08.465660896,Account,High,Resolved,4
904177,15255,2025-12-24,2025-12-24 15:34:41.359823637,Account,High,Resolved,3
904178,19684,2024-11-02,2024-11-02 03:02:57.880613716,Account,Medium,Resolved,5
904179,19367,2026-03-22,2026-03-22 07:49:44.405493556,Technical,High,Resolved,4
904180,19959,2026-07-15,2026-07-15 09:44:59.028152506,Account,Medium,Resolved,5
904181,10877,2025-05-27,2025-05-27 15:28:02.643968481,Integration,Medium,Resolved,3
904182,18213,2025-11-25,2025-11-26 17:32:50.095734291,Billing,Medium,Resolved,5
904183,13109,2025-12-19,2025-12-19 11:17:47.563484499,Performance,Medium,Resolved,1
904184,14792,2026-03-14,2026-03-14 12:30:39.090879745,Integration,Medium,Resolved,4
904185,13309,2026-01-29,2026-01-29 09:39:15.147596869,Technical,Medium,Resolved,3
904186,15844,2024-12-21,2024-12-21 05:31:28.581890534,Billing,Low,Resolved,3
904187,18909,2025-07-29,2025-07-29 08:23:21.620445079,Feature Request,Low,Resolved,4
904188,15747,2025-11-30,2025-11-30 05:22:46.868346112,Performance,Low,Resolved,4
904189,11652,2025-01-02,2025-01-02 11:21:59.718116959,Technical,High,Resolved,3
904190,15958,2025-01-13,2025-01-13 16:47:16.206804517,Technical,Low,Resolved,4
904191,15537,2026-03-20,2026-03-20 07:53:47.470717050,Account,Medium,Resolved,4
904192,15975,2025-02-28,2025-02-28 08:00:46.279667394,Feature Request,Low,Resolved,1
904193,13773,2026-08-16,2026-08-16 19:28:07.737405628,Feature Request,Medium,Resolved,4
904194,14787,2025-11-01,2025-11-01 15:52:53.296600846,Integration,Medium,Resolved,4
904195,17706,2026-07-06,2026-07-06 16:28:37.773194818,Feature Request,Low,Resolved,1
904196,12344,2025-07-24,2025-07-25 08:28:32.111221562,Technical,Medium,Resolved,3
904197,17310,2026-04-10,2026-04-10 02:41:23.200555426,Security,Low,Resolved,5
904198,12147,2025-11-06,2025-11-06 11:37:01.373879301,Technical,Low,Resolved,5
904199,11453,2025-12-16,2025-12-17 02:56:06.331540876,Technical,Medium,Resolved,4
904200,10265,2024-04-07,2024-04-07 04:54:13.247274056,Billing,Medium,Open,4
904201,17093,2026-03-21,2026-03-21 05:11:52.207849183,Integration,Low,Resolved,5
904202,18414,2026-04-05,2026-04-05 09:28:16.495552822,Integration,Medium,Resolved,4
904203,15746,2025-07-02,2025-07-02 07:14:22.737141171,Performance,High,Resolved,2
904204,14712,2025-11-06,2025-11-06 06:33:14.019341731,Technical,Medium,Resolved,4
904205,12454,2025-09-03,2025-09-03 06:39:14.184154184,Integration,Medium,Open,5
904206,10187,2026-04-03,2026-04-03 09:12:03.917336061,Technical,Medium,Open,5
904207,15469,2026-02-26,2026-02-26 13:47:52.144154404,Technical,Low,Resolved,2
904208,11893,2026-08-06,2026-08-06 09:34:16.333280439,Feature Request,Low,Resolved,3
904209,18760,2024-11-19,2024-11-19 08:12:40.951522288,Security,Critical,Resolved,4
904210,18533,2026-02-22,2026-02-22 15:57:24.984066848,Integration,Medium,Open,4
904211,10097,2024-09-29,2024-09-29 16:24:55.237628091,Technical,Medium,Resolved,2
904212,17864,2025-02-16,2025-02-16 01:43:58.379361582,Account,Low,Resolved,2
904213,15183,2024-11-15,2024-11-15 03:41:16.179681804,Account,Medium,Pending,2
904214,16116,2025-10-17,2025-10-18 19:16:32.520946004,Security,High,Resolved,1
904215,17701,2024-06-02,2024-06-02 04:11:59.882915148,Technical,Medium,Resolved,4
904216,11540,2026-03-30,2026-03-30 09:09:45.387530060,Feature Request,Medium,Resolved,4
904217,14405,2026-02-18,2026-02-18 07:17:50.730288327,Billing,Medium,Resolved,5
904218,12379,2025-01-29,2025-01-29 13:38:58.468642386,Integration,High,Resolved,5
904219,13203,2026-02-05,2026-02-05 12:20:24.767687432,Technical,High,Open,4
904220,13135,2025-02-15,2025-02-15 14:59:46.604429898,Feature Request,Medium,Resolved,1
904221,16895,2025-09-25,2025-09-26 19:33:42.796628485,Account,Low,Resolved,4
904222,11665,2025-12-09,2025-12-09 07:01:19.412197611,Feature Request,Medium,Resolved,4
904223,11885,2026-02-16,2026-02-16 12:38:47.644072836,Technical,Medium,Pending,4
904224,19947,2026-01-31,2026-01-31 07:05:47.713043194,Feature Request,Medium,Resolved,5
904225,18855,2024-06-22,2024-06-22 04:32:20.658426662,Technical,Critical,Pending,4
904226,11918,2026-07-22,2026-07-22 15:00:23.271610348,Billing,High,Resolved,3
904227,16422,2026-07-23,2026-07-23 05:33:49.410493138,Performance,Critical,Resolved,2
904228,19136,2026-03-24,2026-03-24 06:32:33.764707003,Integration,Low,Resolved,5
904229,19438,2025-10-12,2025-10-12 06:20:09.783308850,Integration,Low,Resolved,2
904230,12087,2025-07-20,2025-07-20 03:49:44.162538747,Billing,Critical,Resolved,4
904231,15251,2026-02-02,2026-02-03 00:37:17.173318256,Performance,Low,Resolved,1
904232,15563,2025-06-13,2025-06-13 11:12:52.460291602,Technical,Medium,Resolved,5
904233,19967,2025-06-25,2025-06-25 06:32:47.993929360,Security,Low,Resolved,1
904234,17229,2026-06-19,2026-06-19 10:11:54.664625367,Billing,Low,Resolved,4
904235,14251,2025-06-27,2025-06-27 07:08:45.405312550,Performance,Medium,Resolved,3
904236,13878,2026-04-03,2026-04-04 05:36:26.568478958,Security,Medium,Pending,3
904237,10210,2025-06-24,2025-06-24 07:04:41.136720312,Billing,Medium,Resolved,4
904238,16371,2026-05-09,2026-05-10 23:16:12.618201576,Performance,Low,Open,4
904239,17847,2025-06-05,2025-06-05 07:14:26.815502144,Integration,Critical,Resolved,3
904240,15191,2026-06-06,2026-06-06 05:42:56.161064484,Technical,Medium,Open,4
904241,13793,2024-07-05,2024-07-05 02:31:28.164979689,Integration,Low,Resolved,5
904242,19112,2025-10-20,2025-10-20 03:18:28.065564792,Billing,Medium,Resolved,3
904243,14915,2024-09-09,2024-09-09 15:18:03.659896278,Integration,Low,Resolved,3
904244,16931,2026-08-23,2026-08-23 01:55:08.938093882,Performance,High,Resolved,5
904245,19508,2026-07-05,2026-07-05 23:12:08.296651911,Technical,Medium,Resolved,3
904246,14390,2026-07-30,2026-07-30 10:41:53.679470434,Security,Medium,Resolved,2
904247,17263,2026-06-02,2026-06-02 01:37:15.557308928,Technical,High,Resolved,5
904248,16440,2024-12-24,2024-12-24 03:01:49.377607885,Billing,Medium,Resolved,4
904249,11279,2026-07-04,2026-07-04 11:13:41.574832878,Technical,Low,Open,4
904250,14301,2025-12-03,2025-12-03 15:14:31.708107661,Integration,Medium,Resolved,5
904251,10512,2024-12-22,2024-12-22 07:33:18.941086947,Account,Medium,Open,5
904252,16452,2025-09-14,2025-09-14 16:59:21.278414313,Security,Medium,Resolved,4
904253,15892,2026-05-22,2026-05-22 14:12:22.458178998,Technical,Low,Resolved,2
904254,14474,2025-12-10,2025-12-10 06:21:43.270605442,Billing,Medium,Resolved,2
904255,12662,2026-06-30,2026-07-01 03:56:46.331965572,Integration,High,Resolved,4
904256,15733,2025-07-14,2025-07-14 15:18:23.887586685,Technical,Medium,Pending,4
904257,13336,2026-04-22,2026-04-22 13:59:46.675051011,Account,High,Resolved,1
904258,19947,2026-01-31,2026-01-31 03:56:09.184830291,Performance,Medium,Resolved,4
904259,11724,2026-04-03,2026-04-03 14:58:12.009554598,Account,Medium,Resolved,4
904260,10665,2025-04-10,2025-04-10 05:40:58.448601091,Technical,Medium,Open,4
904261,12673,2025-12-04,2025-12-04 06:09:41.352247807,Account,Medium,Resolved,2
904262,14384,2026-01-21,2026-01-21 07:09:53.812040097,Billing,High,Resolved,5
904263,11206,2026-07-19,2026-07-19 06:31:04.141751858,Feature Request,Low,Resolved,4
904264,11327,2026-07-02,2026-07-02 22:19:51.696497002,Technical,Medium,Open,5
904265,17471,2026-05-11,2026-05-11 12:30:29.576009581,Performance,High,Resolved,4
904266,14379,2025-05-18,2025-05-18 13:16:21.051410775,Security,Medium,Resolved,3
904267,15731,2026-03-15,2026-03-15 13:23:09.175799814,Account,Medium,Resolved,4
904268,11783,2025-12-02,2025-12-02 11:36:50.135660658,Technical,Low,Resolved,2
904269,17806,2025-11-07,2025-11-08 05:27:25.632058273,Performance,High,Resolved,3
904270,10754,2026-06-03,2026-06-03 04:49:06.187596398,Billing,Medium,Resolved,1
904271,11949,2025-09-06,2025-09-07 13:30:54.642781530,Technical,Medium,Pending,5
904272,13000,2026-04-24,2026-04-24 21:35:53.974358854,Technical,Medium,Resolved,5
904273,17142,2024-07-06,2024-07-06 06:30:07.672057930,Billing,Medium,Resolved,2
904274,17435,2025-08-25,2025-08-25 18:13:39.158945007,Integration,High,Resolved,5
904275,14327,2026-04-27,2026-04-27 02:26:22.378199622,Technical,Medium,Resolved,5
904276,15802,2026-02-15,2026-02-15 12:28:38.662683600,Technical,Medium,Resolved,5
904277,13886,2026-07-17,2026-07-17 06:40:25.713872778,Integration,Low,Resolved,1
904278,12184,2026-05-06,2026-05-06 04:12:12.222461642,Technical,High,Resolved,5
904279,17066,2026-02-24,2026-02-24 20:15:45.349636471,Technical,Low,Resolved,4
904280,10524,2026-04-13,2026-04-13 03:22:50.752918999,Technical,Low,Resolved,5
904281,19571,2025-12-24,2025-12-24 05:41:09.508998026,Technical,Low,Resolved,3
904282,16622,2026-05-19,2026-05-19 03:29:52.992218878,Integration,Medium,Resolved,5
904283,19150,2026-04-07,2026-04-07 14:20:52.604528499,Technical,Medium,Resolved,4
904284,19552,2026-03-16,2026-03-16 11:56:28.182317910,Integration,Medium,Resolved,4
904285,16818,2026-03-17,2026-03-17 11:14:39.443117827,Feature Request,Low,Resolved,2
904286,15801,2024-06-22,2024-06-22 11:38:49.770429396,Performance,Medium,Resolved,1
904287,16015,2025-09-26,2025-09-26 15:36:57.808118005,Technical,Medium,Resolved,5
904288,19437,2026-01-03,2026-01-03 09:11:06.377122975,Billing,Medium,Pending,3
904289,16872,2026-03-06,2026-03-06 05:38:53.636981992,Technical,Medium,Resolved,5
904290,17942,2025-11-14,2025-11-14 05:56:19.900466145,Technical,Medium,Resolved,4
904291,19139,2025-10-08,2025-10-08 11:02:20.385466864,Integration,High,Resolved,3
904292,13630,2026-06-01,2026-06-01 03:29:34.617648224,Technical,Low,Pending,3
904293,14633,2026-08-04,2026-08-04 20:26:09.771581079,Performance,Medium,Resolved,2
904294,10523,2026-04-11,2026-04-11 05:59:37.177944162,Feature Request,High,Resolved,4
904295,11632,2026-05-14,2026-05-14 06:42:50.239118772,Integration,Low,Resolved,5
904296,19667,2025-07-15,2025-07-15 12:15:34.243675376,Feature Request,Medium,Resolved,4
904297,15517,2025-03-30,2025-04-01 14:32:29.720655380,Technical,High,Resolved,4
904298,15867,2026-06-09,2026-06-09 16:27:07.329979587,Billing,Low,Resolved,3
904299,16971,2025-09-28,2025-09-28 08:44:51.076822686,Billing,Medium,Resolved,3
904300,17071,2025-04-08,2025-04-09 15:32:33.920677996,Integration,Medium,Resolved,5
904301,13758,2026-06-06,2026-06-06 04:23:05.248823067,Technical,Medium,Resolved,4
904302,18938,2026-02-10,2026-02-11 10:33:55.618278775,Technical,Critical,Resolved,1
904303,10681,2025-05-08,2025-05-08 19:28:04.639197968,Performance,High,Resolved,4
904304,16300,2024-06-29,2024-06-29 21:15:22.129338769,Account,Medium,Resolved,5
904305,14735,2026-04-17,2026-04-17 22:18:25.021881756,Billing,Medium,Resolved,3
904306,19578,2025-04-30,2025-04-30 08:01:42.617557632,Billing,Low,Resolved,4
904307,14461,2024-08-27,2024-08-27 12:35:37.062440880,Technical,Critical,Resolved,5
904308,19800,2025-11-27,2025-11-27 02:34:19.422369487,Technical,Low,Resolved,2
904309,19210,2025-07-18,2025-07-18 12:18:56.408782708,Performance,High,Resolved,4
904310,15677,2026-04-25,2026-04-25 11:24:06.729870477,Technical,High,Resolved,4
904311,11720,2025-08-04,2025-08-04 07:27:51.507677221,Account,Medium,Resolved,3
904312,10540,2025-01-16,2025-01-16 17:06:49.110314896,Account,Low,Pending,3
904313,19576,2025-09-30,2025-09-30 19:32:34.742304556,Integration,High,Resolved,4
904314,15177,2024-06-28,2024-06-28 12:25:30.571392442,Integration,Medium,Resolved,4
904315,14570,2025-12-05,2025-12-05 18:40:09.017720756,Technical,Medium,Resolved,4
904316,16828,2025-02-02,2025-02-02 10:47:58.232809640,Billing,Low,Open,3
904317,14271,2024-06-24,2024-06-24 11:01:47.249462298,Performance,High,Resolved,5
904318,12080,2025-01-29,2025-01-29 18:23:08.577850293,Account,Low,Resolved,2
904319,17087,2026-08-19,2026-08-19 08:51:45.908250750,Technical,Medium,Resolved,3
904320,17527,2025-06-26,2025-06-26 09:22:32.105876109,Feature Request,High,Resolved,4
904321,17628,2026-03-11,2026-03-11 16:35:37.434498424,Billing,Low,Resolved,3
904322,11144,2026-03-12,2026-03-12 06:52:09.067883444,Performance,Low,Resolved,5
904323,11289,2024-09-07,2024-09-07 07:42:03.278186222,Performance,Low,Resolved,4
904324,12870,2025-06-01,2025-06-01 01:41:59.861197460,Billing,High,Resolved,4
904325,11338,2025-03-19,2025-03-19 07:46:08.238974404,Feature Request,High,Resolved,5
904326,16663,2025-01-21,2025-01-21 08:02:45.328331547,Technical,Low,Resolved,5
904327,19377,2025-01-19,2025-01-19 07:17:07.649249143,Feature Request,Low,Resolved,5
904328,10063,2025-09-16,2025-09-16 07:43:23.239578158,Account,Medium,Resolved,2
904329,17952,2025-12-08,2025-12-08 09:06:35.048493378,Billing,Medium,Resolved,4
904330,16102,2024-10-20,2024-10-20 14:09:15.787507035,Feature Request,Low,Resolved,1
904331,14136,2025-03-29,2025-03-29 05:58:21.546117915,Account,Medium,Resolved,3
904332,18898,2026-01-06,2026-01-06 10:28:10.174570986,Account,Medium,Resolved,1
904333,18585,2025-11-07,2025-11-07 03:41:30.642755629,Billing,Low,Resolved,3
904334,12235,2026-06-11,2026-06-11 16:10:22.816670653,Billing,Medium,Resolved,4
904335,16634,2025-07-02,2025-07-02 15:09:39.059567910,Feature Request,Medium,Resolved,5
904336,15602,2025-07-20,2025-07-20 07:39:12.895419304,Technical,High,Resolved,4
904337,17099,2025-11-17,2025-11-17 16:50:07.726000761,Feature Request,High,Resolved,4
904338,17873,2025-10-13,2025-10-14 00:41:06.744558670,Account,Low,Resolved,4
904339,16083,2024-10-07,2024-10-07 09:17:10.284850834,Integration,Low,Pending,5
904340,13453,2026-03-25,2026-03-25 09:49:06.789406576,Account,High,Resolved,4
904341,15611,2026-03-24,2026-03-24 04:05:11.597887258,Performance,High,Resolved,5
904342,16485,2026-06-25,2026-06-25 04:35:08.681412696,Account,Low,Pending,2
904343,16773,2026-03-04,2026-03-04 06:52:16.362535303,Technical,Medium,Resolved,5
904344,13739,2024-12-03,2024-12-03 17:11:57.984161571,Technical,Medium,Resolved,1
904345,19116,2026-06-12,2026-06-12 03:57:46.011872746,Account,Medium,Resolved,3
904346,18062,2026-04-13,2026-04-13 10:27:23.058522439,Technical,Low,Resolved,4
904347,16882,2025-02-07,2025-02-07 19:54:39.256596352,Technical,Medium,Resolved,5
904348,18949,2025-05-03,2025-05-03 15:28:20.959264354,Technical,Low,Resolved,3
904349,12480,2025-10-09,2025-10-09 06:19:29.408400339,Technical,Low,Resolved,4
904350,10887,2026-04-08,2026-04-09 20:06:40.748980100,Feature Request,Medium,Resolved,3
904351,17451,2025-11-01,2025-11-01 07:16:52.683571930,Technical,High,Resolved,3
904352,13569,2026-07-30,2026-07-30 05:53:32.198428557,Feature Request,Medium,Resolved,4
904353,13519,2026-07-04,2026-07-04 04:40:44.179942688,Integration,Critical,Resolved,5
904354,17887,2025-09-05,2025-09-05 16:08:00.948244408,Integration,Low,Resolved,2
904355,11550,2025-12-07,2025-12-07 14:41:39.752155716,Account,High,Resolved,4
904356,10872,2026-06-09,2026-06-09 10:59:28.038707127,Technical,Medium,Resolved,5
904357,18229,2025-11-26,2025-11-26 10:36:30.745048737,Performance,Low,Resolved,5
904358,17425,2025-01-25,2025-01-25 11:45:04.651116843,Billing,Medium,Resolved,5
904359,12156,2026-01-20,2026-01-20 10:28:09.649830543,Billing,Medium,Open,1
904360,13675,2026-06-27,2026-06-28 04:43:28.354432155,Performance,Medium,Open,3
904361,19043,2025-10-07,2025-10-07 13:07:11.786654056,Billing,Medium,Resolved,2
904362,12241,2025-09-23,2025-09-23 03:12:47.825029317,Feature Request,Low,Resolved,2
904363,15068,2025-01-05,2025-01-05 06:01:06.258877741,Technical,Low,Resolved,4
904364,12559,2025-07-18,2025-07-18 23:38:43.964278094,Technical,Medium,Resolved,4
904365,11185,2025-08-17,2025-08-17 08:23:25.456740622,Technical,Critical,Resolved,5
904366,19848,2026-06-11,2026-06-11 22:48:49.331564488,Performance,Low,Resolved,4
904367,17139,2024-05-19,2024-05-19 04:37:24.665025208,Technical,Medium,Pending,5
904368,17652,2024-12-25,2024-12-26 11:04:59.148753596,Integration,Critical,Resolved,4
904369,18121,2025-11-14,2025-11-14 02:19:17.368188880,Technical,Low,Resolved,2
904370,16752,2025-07-01,2025-07-01 08:03:22.617457995,Technical,Medium,Resolved,5
904371,13540,2025-04-25,2025-04-25 19:03:59.456535829,Technical,Medium,Resolved,5
904372,19326,2024-09-17,2024-09-17 02:33:35.270169901,Performance,Medium,Resolved,3
904373,10993,2026-02-14,2026-02-15 02:12:52.328662948,Feature Request,Medium,Pending,4
904374,11613,2025-11-12,2025-11-12 07:31:12.747274406,Integration,Medium,Resolved,1
904375,10694,2025-12-26,2025-12-26 10:12:46.829276722,Performance,Low,Resolved,2
904376,18458,2026-08-26,2026-08-26 18:23:54.660926727,Integration,Medium,Resolved,3
904377,11110,2025-06-05,2025-06-05 09:55:48.267116007,Technical,Medium,Resolved,3
904378,16214,2025-10-12,2025-10-13 01:08:28.535942490,Account,Low,Resolved,5
904379,17297,2026-03-05,2026-03-05 18:29:43.478216656,Integration,Medium,Resolved,4
904380,15104,2026-03-08,2026-03-08 11:35:33.596559830,Performance,High,Resolved,5
904381,19525,2025-08-04,2025-08-04 03:16:06.439085954,Integration,Low,Resolved,4
904382,19439,2026-01-21,2026-01-21 03:22:02.482967874,Security,High,Resolved,2
904383,18546,2024-03-06,2024-03-06 06:16:19.736688734,Technical,Low,Open,3
904384,10305,2025-04-25,2025-04-25 05:54:04.530530775,Technical,Low,Resolved,4
904385,15536,2026-06-01,2026-06-01 10:38:00.504677738,Integration,High,Resolved,5
904386,19172,2026-08-26,2026-08-26 03:45:29.699813692,Technical,Low,Resolved,5
904387,11031,2024-12-26,2024-12-26 17:26:52.372582782,Feature Request,Medium,Resolved,5
904388,15097,2026-02-05,2026-02-05 18:54:44.012764994,Feature Request,Medium,Resolved,3
904389,12584,2026-03-26,2026-03-27 03:48:10.344052951,Technical,Low,Open,5
904390,16391,2024-09-25,2024-09-25 05:38:12.786555130,Technical,Medium,Resolved,5
904391,18847,2026-06-06,2026-06-07 15:55:44.396365609,Account,Medium,Resolved,4
904392,11216,2026-08-30,2026-08-30 08:15:31.820897278,Performance,Medium,Resolved,5
904393,17130,2025-10-13,2025-10-13 07:08:30.869833862,Technical,Low,Resolved,4
904394,18089,2026-03-10,2026-03-10 12:33:11.054514042,Security,Low,Open,4
904395,19966,2024-11-04,2024-11-04 06:28:06.357702885,Technical,Medium,Resolved,4
904396,18435,2026-07-04,2026-07-04 09:13:32.052301474,Account,Medium,Resolved,2
904397,12243,2026-07-25,2026-07-25 09:02:44.728639126,Technical,Medium,Resolved,5
904398,13737,2026-07-28,2026-07-28 14:06:50.394880674,Integration,Low,Resolved,5
904399,13826,2025-12-27,2025-12-27 07:00:56.582104132,Performance,Low,Resolved,4
904400,13161,2024-04-11,2024-04-11 09:14:21.190094548,Security,Low,Resolved,1
904401,16746,2026-08-17,2026-08-17 06:46:18.226614738,Billing,Low,Resolved,4
904402,19726,2026-07-25,2026-07-25 03:14:29.054082487,Performance,Medium,Resolved,2
904403,11377,2025-06-20,2025-06-20 07:31:11.148064179,Technical,High,Resolved,5
904404,13263,2026-07-25,2026-07-25 09:05:11.286896866,Account,Low,Resolved,2
904405,15388,2025-10-16,2025-10-17 00:05:30.383966702,Feature Request,Low,Resolved,5
904406,14859,2026-08-12,2026-08-12 12:49:54.858174902,Integration,High,Resolved,1
904407,10466,2026-06-19,2026-06-19 07:52:24.543385935,Account,Low,Pending,3
904408,12290,2025-07-22,2025-07-22 12:52:03.989360287,Account,Low,Open,5
904409,16277,2025-10-19,2025-10-19 17:44:49.357222969,Technical,Medium,Resolved,4
904410,16320,2026-03-10,2026-03-10 11:01:35.631165698,Performance,Medium,Open,5
904411,16697,2026-05-02,2026-05-02 04:18:45.414092638,Feature Request,Medium,Open,4
904412,19692,2025-07-11,2025-07-11 04:21:05.175875080,Technical,High,Resolved,2
904413,18192,2025-02-18,2025-02-18 02:44:20.609010132,Technical,Medium,Open,4
904414,10958,2025-01-21,2025-01-21 12:39:35.542688576,Account,Low,Resolved,2
904415,14865,2024-08-09,2024-08-09 07:13:29.647779240,Billing,Low,Resolved,4
904416,13993,2024-08-13,2024-08-13 17:13:48.936130190,Performance,Medium,Resolved,3
904417,12204,2025-09-27,2025-09-27 13:19:54.712395544,Technical,Medium,Resolved,4
904418,17449,2025-12-18,2025-12-18 07:24:40.532205812,Account,Low,Resolved,5
904419,13270,2025-10-22,2025-10-22 13:33:17.167862836,Technical,Medium,Resolved,4
904420,13023,2025-03-15,2025-03-15 15:33:45.099229824,Account,High,Resolved,2
904421,16581,2026-05-17,2026-05-17 09:53:16.011410038,Account,High,Resolved,4
904422,12758,2026-08-02,2026-08-02 09:41:43.830727774,Security,Low,Resolved,3
904423,14328,2024-07-04,2024-07-05 15:54:38.877305648,Account,Low,Resolved,4
904424,11932,2025-12-12,2025-12-12 09:40:43.974872731,Performance,Medium,Open,4
904425,12749,2026-04-17,2026-04-17 05:14:50.232625134,Technical,Low,Resolved,4
904426,12824,2026-03-25,2026-03-25 07:51:26.388278715,Technical,Low,Resolved,5
904427,11526,2024-11-16,2024-11-16 10:03:39.243708216,Performance,Medium,Resolved,3
904428,14336,2024-08-31,2024-08-31 20:08:56.852870258,Billing,Medium,Resolved,3
904429,12293,2026-06-25,2026-06-26 01:11:54.912275718,Technical,Medium,Resolved,2
904430,15553,2026-07-17,2026-07-17 03:53:27.887104536,Billing,High,Pending,5
904431,10317,2025-07-06,2025-07-06 03:45:54.270057765,Technical,High,Resolved,5
904432,10937,2025-08-03,2025-08-03 22:33:01.795830458,Technical,Low,Resolved,4
904433,12800,2026-08-08,2026-08-08 17:52:15.659886932,Feature Request,Low,Resolved,2
904434,11343,2025-07-31,2025-07-31 06:51:04.075154121,Feature Request,Low,Resolved,3
904435,10893,2025-05-04,2025-05-04 17:01:45.813076374,Billing,High,Resolved,2
904436,11141,2024-09-16,2024-09-16 05:05:37.849322241,Performance,Low,Resolved,4
904437,12658,2026-05-29,2026-05-29 12:59:22.015119181,Account,Medium,Open,3
904438,11158,2026-01-23,2026-01-23 10:12:26.425417622,Integration,Medium,Resolved,5
904439,12194,2026-08-01,2026-08-01 15:32:42.450543751,Billing,Medium,Resolved,2
904440,11593,2026-05-07,2026-05-07 05:40:03.921280705,Feature Request,Medium,Resolved,5
904441,17999,2025-02-17,2025-02-17 08:58:05.657354209,Technical,Medium,Resolved,5
904442,18396,2026-02-15,2026-02-15 08:05:13.451453005,Performance,Low,Resolved,1
904443,18460,2025-12-16,2025-12-16 10:05:23.059216442,Technical,Medium,Resolved,3
904444,15349,2025-06-21,2025-06-21 23:14:56.973171264,Account,Medium,Resolved,5
904445,10302,2025-11-07,2025-11-07 13:20:19.299255676,Billing,Low,Resolved,4
904446,18872,2024-12-14,2024-12-14 02:59:56.856751818,Technical,Low,Resolved,5
904447,16865,2026-07-20,2026-07-20 11:17:23.475940195,Technical,Medium,Resolved,5
904448,12580,2024-07-28,2024-07-28 06:35:31.538727146,Technical,Medium,Resolved,2
904449,17044,2026-02-10,2026-02-10 17:28:11.040927801,Feature Request,Low,Resolved,5
904450,13302,2026-02-06,2026-02-06 19:38:34.833635016,Feature Request,Low,Resolved,5
904451,12645,2025-01-24,2025-01-24 04:26:00.865576366,Billing,Low,Pending,4
904452,13384,2024-07-15,2024-07-15 10:27:39.669841288,Technical,Medium,Resolved,4
904453,14832,2024-06-22,2024-06-23 21:02:27.909766456,Integration,Medium,Resolved,3
904454,12499,2026-08-02,2026-08-02 03:56:00.961988625,Billing,Medium,Resolved,4
904455,12582,2026-02-13,2026-02-13 07:01:06.945289384,Technical,Medium,Resolved,5
904456,10338,2025-09-09,2025-09-09 07:58:14.591191332,Account,High,Resolved,4
904457,19053,2024-03-15,2024-03-15 10:23:26.859141171,Billing,Medium,Resolved,1
904458,14996,2025-09-09,2025-09-09 04:02:28.834295298,Technical,Low,Resolved,1
904459,17812,2026-02-19,2026-02-19 14:02:38.839460478,Technical,High,Resolved,2
904460,10719,2024-11-25,2024-11-25 05:16:03.748045411,Account,Medium,Resolved,5
904461,14901,2026-05-07,2026-05-07 18:57:17.854441664,Technical,Medium,Open,4
904462,19610,2025-10-06,2025-10-06 03:32:57.538666413,Account,Low,Resolved,5
904463,15161,2025-11-25,2025-11-25 16:26:49.587433378,Integration,Low,Pending,3
904464,15427,2025-08-26,2025-08-26 04:13:46.690364902,Billing,Low,Pending,4
904465,19987,2026-01-21,2026-01-21 11:47:12.322105087,Technical,Low,Resolved,3
904466,11668,2026-04-25,2026-04-26 04:05:55.155149642,Feature Request,Medium,Resolved,5
904467,12817,2026-02-03,2026-02-03 11:57:43.265029082,Billing,Low,Resolved,4
904468,15016,2026-03-05,2026-03-05 03:47:22.345581969,Performance,High,Resolved,5
904469,10359,2025-10-08,2025-10-08 01:42:28.368497728,Feature Request,Critical,Resolved,3
904470,16014,2025-03-26,2025-03-26 06:03:29.462504778,Integration,Low,Resolved,5
904471,13928,2024-08-29,2024-08-29 14:33:08.223633126,Technical,Medium,Resolved,4
904472,11320,2026-07-19,2026-07-19 16:48:14.754641378,Billing,Low,Resolved,2
904473,12786,2026-04-21,2026-04-21 07:48:17.669040123,Performance,Low,Resolved,4
904474,19509,2025-10-04,2025-10-04 04:01:04.855932678,Billing,Medium,Resolved,5
904475,15720,2025-11-23,2025-11-23 14:46:06.379242812,Feature Request,Critical,Resolved,4
904476,18489,2025-12-09,2025-12-09 16:08:46.009461397,Feature Request,High,Resolved,4
904477,18034,2025-10-27,2025-10-27 05:30:14.385655292,Security,Medium,Resolved,4
904478,14288,2026-01-15,2026-01-15 05:47:44.632623897,Integration,Medium,Resolved,1
904479,13334,2026-02-16,2026-02-16 06:49:06.659080078,Integration,Critical,Resolved,5
904480,16280,2026-06-26,2026-06-26 09:59:06.423845863,Technical,Medium,Resolved,4
904481,15329,2025-02-21,2025-02-22 02:38:05.717574708,Security,Medium,Resolved,5
904482,17087,2026-08-19,2026-08-19 04:16:13.232973871,Technical,Low,Resolved,5
904483,10952,2025-03-31,2025-03-31 06:53:25.604516414,Billing,Low,Resolved,3
904484,14383,2026-08-29,2026-08-29 08:33:07.164441435,Performance,Medium,Open,3
904485,19362,2026-07-12,2026-07-12 08:04:37.889917953,Technical,Low,Resolved,4
904486,11725,2025-12-24,2025-12-24 02:53:42.737046421,Performance,Medium,Open,4
904487,17534,2024-09-20,2024-09-21 17:37:06.215767590,Integration,High,Resolved,4
904488,16738,2026-06-19,2026-06-19 05:23:33.689842533,Feature Request,Medium,Resolved,2
904489,17511,2025-06-02,2025-06-02 22:11:28.611037046,Feature Request,Low,Open,4
904490,17941,2025-01-27,2025-01-27 08:01:06.418442236,Technical,Medium,Resolved,4
904491,18911,2026-06-15,2026-06-15 07:19:06.145127641,Technical,Low,Resolved,4
904492,12105,2025-01-25,2025-01-25 09:47:39.073961310,Billing,Medium,Resolved,5
904493,15714,2026-04-10,2026-04-10 17:09:52.635575131,Technical,Medium,Resolved,1
904494,11776,2026-04-09,2026-04-09 05:14:53.297529777,Performance,Medium,Resolved,5
904495,13834,2025-08-14,2025-08-14 20:00:53.132802674,Feature Request,Medium,Resolved,5
904496,11761,2025-10-20,2025-10-20 03:43:37.289659926,Account,High,Resolved,4
904497,10697,2024-07-24,2024-07-24 01:38:24.725766620,Integration,Low,Resolved,3
904498,14277,2024-10-14,2024-10-14 19:12:03.925267326,Performance,Medium,Resolved,3
904499,14374,2024-11-09,2024-11-09 03:36:14.922099381,Billing,Medium,Resolved,4
904500,12541,2025-04-25,2025-04-26 08:46:10.160528822,Technical,Medium,Resolved,2
904501,10518,2024-10-16,2024-10-16 05:19:31.056901294,Feature Request,Low,Resolved,4
904502,17298,2026-06-28,2026-06-28 02:48:58.595607367,Account,Medium,Pending,5
904503,18946,2025-09-28,2025-09-28 08:22:53.072723690,Technical,Low,Resolved,3
904504,17804,2024-08-13,2024-08-13 03:34:47.272554566,Security,High,Resolved,3
904505,10073,2025-08-14,2025-08-16 04:41:37.535405845,Billing,Medium,Open,4
904506,19023,2024-10-21,2024-10-22 11:03:59.671743796,Technical,High,Resolved,2
904507,12761,2024-12-19,2024-12-19 19:07:06.393267577,Account,Medium,Resolved,4
904508,12586,2025-03-06,2025-03-06 16:01:36.392799136,Performance,High,Resolved,5
904509,14411,2025-02-19,2025-02-19 03:14:06.161204871,Integration,Low,Resolved,4
904510,11617,2026-04-27,2026-04-27 21:25:28.166058969,Performance,Medium,Resolved,5
904511,10460,2024-04-09,2024-04-09 08:57:13.218714518,Performance,Critical,Resolved,4
904512,18822,2026-06-01,2026-06-01 14:35:03.574340253,Feature Request,Medium,Resolved,1
904513,19483,2026-02-12,2026-02-12 04:40:44.961934184,Billing,Medium,Resolved,2
904514,15907,2025-03-13,2025-03-13 22:26:52.536656180,Billing,Low,Resolved,3
904515,12623,2025-05-13,2025-05-13 03:04:56.527057059,Integration,High,Open,5
904516,18743,2026-08-12,2026-08-12 22:10:24.407181019,Integration,Medium,Resolved,3
904517,16992,2026-02-17,2026-02-17 03:05:55.950757011,Account,Medium,Resolved,2
904518,12146,2024-04-02,2024-04-02 09:09:16.940545819,Integration,Medium,Resolved,4
904519,19829,2026-06-13,2026-06-13 03:13:42.816309225,Integration,Medium,Resolved,4
904520,19806,2025-06-09,2025-06-09 13:43:19.397016660,Feature Request,Low,Resolved,5
904521,16697,2026-05-13,2026-05-13 21:16:32.579088157,Technical,Medium,Resolved,5
904522,19715,2025-03-09,2025-03-09 02:45:43.019999139,Technical,Medium,Resolved,5
904523,12569,2026-06-17,2026-06-17 02:52:56.578541736,Security,Medium,Resolved,2
904524,14197,2026-08-11,2026-08-11 13:35:08.921444582,Billing,Medium,Resolved,4
904525,15553,2026-07-17,2026-07-17 12:21:34.458895850,Billing,Medium,Open,1
904526,19286,2025-02-05,2025-02-05 03:46:03.600073311,Integration,Low,Resolved,2
904527,16961,2026-05-16,2026-05-16 15:59:29.475315999,Performance,High,Pending,3
904528,10423,2024-07-08,2024-07-08 06:47:32.843604440,Performance,Medium,Open,5
904529,13981,2026-01-05,2026-01-05 05:11:50.371849892,Technical,Low,Resolved,1
904530,18249,2025-04-26,2025-04-26 02:38:44.009971249,Feature Request,Low,Resolved,2
904531,14668,2025-07-28,2025-07-28 06:56:50.134548228,Feature Request,High,Resolved,5
904532,15282,2025-11-01,2025-11-01 04:38:58.219993269,Integration,Low,Resolved,4
904533,10316,2024-05-09,2024-05-09 03:02:57.031822237,Technical,High,Resolved,1
904534,18761,2025-03-25,2025-03-25 06:29:25.251525121,Integration,Low,Resolved,2
904535,13303,2025-12-23,2025-12-23 06:07:05.230160868,Technical,Low,Resolved,3
904536,16726,2025-10-03,2025-10-03 11:12:57.575447827,Technical,Medium,Resolved,1
904537,18888,2025-03-24,2025-03-24 23:16:42.492279086,Feature Request,Medium,Resolved,2
904538,13130,2025-01-19,2025-01-19 06:57:13.715418294,Billing,High,Resolved,3
904539,17089,2025-03-04,2025-03-04 17:35:49.810097032,Security,Low,Resolved,4
904540,16595,2026-06-29,2026-06-29 07:03:20.448111902,Technical,Low,Resolved,5
904541,12849,2025-12-01,2025-12-01 01:51:48.046347208,Account,Low,Resolved,2
904542,12994,2026-06-24,2026-06-24 06:25:54.100296562,Technical,Medium,Open,2
904543,17871,2026-08-24,2026-08-25 10:24:42.747954102,Security,Medium,Resolved,4
904544,19339,2026-01-23,2026-01-23 09:28:59.959134649,Technical,Low,Resolved,5
904545,11174,2026-02-01,2026-02-01 10:44:55.068111459,Technical,Medium,Resolved,5
904546,15812,2025-06-12,2025-06-12 15:49:03.997202851,Account,Medium,Resolved,4
904547,17947,2026-01-21,2026-01-22 04:59:04.453452366,Feature Request,Low,Resolved,5
904548,12748,2026-03-10,2026-03-10 05:56:22.991249976,Technical,Medium,Pending,5
904549,15839,2025-10-21,2025-10-21 10:29:59.848408968,Security,Low,Resolved,4
904550,12438,2026-04-23,2026-04-23 06:40:50.823397300,Security,Medium,Resolved,5
904551,15978,2026-06-13,2026-06-13 15:05:10.935944379,Account,Low,Pending,5
904552,10903,2026-07-30,2026-07-30 05:25:03.849312100,Billing,Low,Resolved,4
904553,17462,2026-04-25,2026-04-25 05:31:59.659263368,Feature Request,Low,Resolved,3
904554,13013,2026-01-10,2026-01-10 06:03:58.305428611,Integration,Medium,Resolved,3
904555,14379,2024-08-26,2024-08-27 05:53:02.261192020,Technical,Low,Resolved,4
904556,10236,2026-08-24,2026-08-24 05:49:30.446213199,Feature Request,Low,Pending,4
904557,11180,2025-02-20,2025-02-20 05:23:55.661598834,Technical,High,Resolved,1
904558,15843,2026-03-19,2026-03-21 15:20:00.199910821,Integration,Medium,Resolved,4
904559,12351,2026-05-19,2026-05-19 16:46:21.201424478,Technical,Medium,Resolved,5
904560,12430,2025-04-08,2025-04-08 08:16:38.797452418,Account,High,Resolved,5
904561,13443,2025-03-28,2025-03-28 05:36:04.448309205,Integration,Medium,Resolved,3
904562,16342,2026-07-01,2026-07-01 05:11:46.239163641,Technical,High,Resolved,2
904563,10105,2025-12-03,2025-12-03 08:14:53.447986046,Billing,Medium,Resolved,3
904564,10824,2025-06-22,2025-06-22 08:07:22.885645648,Technical,Medium,Resolved,5
904565,10049,2024-11-21,2024-11-21 04:59:47.803270318,Feature Request,Medium,Pending,3
904566,10053,2026-06-04,2026-06-04 15:30:58.152469820,Account,Low,Resolved,5
904567,17727,2025-03-18,2025-03-18 10:23:42.143435764,Feature Request,Medium,Resolved,5
904568,14605,2025-08-02,2025-08-02 14:30:42.636977964,Technical,Critical,Resolved,5
904569,14162,2026-05-22,2026-05-22 10:51:54.044328664,Account,Low,Resolved,4
904570,14148,2026-06-23,2026-06-24 03:03:27.236526055,Technical,Medium,Resolved,4
904571,13461,2026-05-08,2026-05-08 07:05:00.810927596,Billing,Medium,Resolved,2
904572,11816,2026-04-15,2026-04-15 15:30:57.690058809,Technical,High,Resolved,4
904573,17426,2026-07-15,2026-07-15 07:57:03.941899689,Technical,Low,Resolved,4
904574,15367,2025-10-13,2025-10-13 06:46:51.234387448,Feature Request,Medium,Resolved,4
904575,16358,2026-06-05,2026-06-05 02:29:10.516255602,Technical,Medium,Resolved,4
904576,18054,2025-06-09,2025-06-09 06:20:29.193903124,Technical,Low,Resolved,2
904577,13720,2026-07-17,2026-07-17 22:58:53.278127742,Feature Request,Medium,Resolved,4
904578,15328,2025-02-03,2025-02-04 08:26:09.747259486,Performance,Medium,Resolved,5
904579,14690,2026-04-17,2026-04-18 01:10:43.244396824,Technical,Medium,Pending,5
904580,11230,2025-08-02,2025-08-02 05:39:31.195036173,Technical,Low,Resolved,3
904581,16382,2026-08-04,2026-08-04 17:17:55.943004566,Performance,Low,Resolved,2
904582,13551,2024-05-20,2024-05-20 09:29:55.755906529,Security,High,Pending,3
904583,14253,2025-11-26,2025-11-26 07:31:55.560109864,Account,Medium,Resolved,4
904584,19410,2025-09-20,2025-09-20 08:37:14.000176174,Billing,Medium,Resolved,5
904585,18114,2025-07-28,2025-07-28 03:53:44.583221216,Feature Request,High,Resolved,4
904586,14144,2026-01-06,2026-01-06 12:51:58.227597741,Technical,Low,Resolved,2
904587,13702,2026-08-02,2026-08-03 00:04:55.616037366,Performance,Medium,Resolved,5
904588,10024,2025-07-10,2025-07-10 06:18:59.481044974,Performance,Medium,Resolved,5
904589,17404,2025-08-18,2025-08-18 20:56:13.964597491,Feature Request,Medium,Resolved,2
904590,18705,2025-11-26,2025-11-26 22:12:28.530757494,Account,Medium,Resolved,4
904591,15582,2025-09-14,2025-09-14 11:43:26.853827253,Billing,Low,Resolved,4
904592,17988,2025-03-12,2025-03-12 10:39:07.762642837,Billing,Low,Resolved,5
904593,10582,2025-08-23,2025-08-23 12:39:19.540235772,Integration,Low,Resolved,4
904594,15514,2025-11-08,2025-11-08 15:42:14.002324567,Account,Low,Pending,2
904595,17312,2026-03-21,2026-03-21 09:10:00.706575489,Feature Request,Medium,Open,4
904596,13616,2026-04-28,2026-04-28 04:22:49.799030376,Feature Request,Medium,Resolved,5
904597,14551,2024-07-26,2024-07-27 02:16:16.254376543,Security,Low,Resolved,3
904598,19046,2026-04-07,2026-04-07 19:56:37.963440916,Billing,Low,Resolved,5
904599,16534,2026-01-01,2026-01-01 01:25:29.205532653,Account,Medium,Resolved,3
904600,17706,2026-04-22,2026-04-22 17:56:48.474387690,Account,Low,Resolved,3
904601,12727,2026-04-20,2026-04-20 02:40:32.053897675,Technical,Medium,Open,5
904602,17051,2026-05-26,2026-05-26 12:10:14.569779604,Technical,Medium,Resolved,3
904603,12394,2026-01-04,2026-01-04 10:01:35.656038876,Integration,Low,Resolved,4
904604,15479,2026-01-03,2026-01-03 05:11:37.852341824,Technical,Low,Resolved,4
904605,10491,2026-03-23,2026-03-24 23:42:35.337379669,Performance,Low,Resolved,4
904606,15180,2026-04-04,2026-04-04 14:35:15.903258435,Technical,Low,Resolved,2
904607,12921,2026-07-01,2026-07-01 10:23:50.603596130,Technical,Medium,Resolved,4
904608,17089,2026-05-07,2026-05-07 09:24:07.076427534,Technical,Medium,Resolved,4
904609,18483,2024-08-31,2024-08-31 21:58:48.459397936,Feature Request,Medium,Resolved,5
904610,18688,2026-07-27,2026-07-27 15:55:39.763611166,Technical,Medium,Resolved,5
904611,17728,2026-06-17,2026-06-17 11:28:06.265793038,Feature Request,Medium,Resolved,5
904612,13723,2026-05-09,2026-05-10 14:32:16.570955716,Billing,Medium,Pending,5
904613,15371,2026-06-06,2026-06-06 04:25:54.912113122,Technical,High,Resolved,5
904614,19210,2025-07-18,2025-07-18 17:15:58.636241298,Billing,Medium,Resolved,4
904615,12921,2025-10-08,2025-10-08 21:56:51.981899546,Billing,Low,Resolved,2
904616,17795,2026-06-02,2026-06-02 12:04:52.151063455,Technical,Medium,Resolved,3
904617,19267,2026-02-12,2026-02-12 15:18:48.386862475,Billing,Medium,Resolved,5
904618,12552,2026-04-13,2026-04-14 00:27:27.978119888,Billing,Low,Resolved,2
904619,10959,2026-02-12,2026-02-12 18:04:32.309032411,Security,Medium,Resolved,4
904620,16034,2025-09-22,2025-09-22 12:24:27.333613987,Integration,Medium,Open,5
904621,10941,2026-01-20,2026-01-20 04:43:08.649324796,Technical,Low,Resolved,5
904622,12076,2026-03-05,2026-03-05 14:14:12.620363956,Technical,Medium,Resolved,2
904623,15201,2026-06-16,2026-06-16 08:03:05.497500913,Technical,Medium,Resolved,4
904624,19177,2026-01-01,2026-01-02 00:52:16.896195231,Integration,Low,Resolved,2
904625,11125,2026-05-02,2026-05-02 16:24:27.443441221,Feature Request,Medium,Resolved,3
904626,10295,2026-01-27,2026-01-27 16:37:57.519273032,Billing,Medium,Pending,3
904627,19032,2024-07-04,2024-07-04 09:54:32.495908453,Billing,Medium,Resolved,5
904628,17121,2026-08-15,2026-08-15 10:45:26.178854238,Integration,High,Resolved,5
904629,10151,2024-10-14,2024-10-14 07:08:29.033812910,Billing,Medium,Resolved,4
904630,17550,2024-10-09,2024-10-09 04:24:28.262756721,Billing,High,Resolved,2
904631,14346,2026-02-09,2026-02-09 09:45:25.565037278,Technical,High,Open,4
904632,11953,2026-08-20,2026-08-23 09:05:44.431976544,Technical,Low,Resolved,5
904633,18294,2024-07-04,2024-07-04 15:13:49.050304924,Performance,Low,Resolved,4
904634,19359,2026-07-18,2026-07-18 12:00:11.963990469,Account,Critical,Resolved,3
904635,18450,2026-05-23,2026-05-23 14:32:40.294360564,Billing,Low,Resolved,2
904636,13652,2025-10-18,2025-10-18 10:06:33.164265906,Security,High,Resolved,5
904637,13543,2026-07-31,2026-07-31 08:00:11.849326520,Security,Medium,Resolved,3
904638,17767,2025-01-02,2025-01-02 04:55:25.107351675,Security,Low,Resolved,5
904639,12860,2025-07-02,2025-07-02 05:56:16.841590450,Technical,Medium,Resolved,1
904640,13825,2025-01-02,2025-01-02 03:16:57.805926527,Technical,High,Resolved,3
904641,15027,2026-01-02,2026-01-02 05:49:18.665626605,Feature Request,Low,Resolved,5
904642,16481,2026-04-30,2026-04-30 19:57:57.159268164,Integration,Low,Resolved,4
904643,19466,2024-09-24,2024-09-24 06:38:40.071121166,Account,Medium,Resolved,4
904644,15862,2026-02-09,2026-02-10 02:28:24.011911959,Billing,Medium,Resolved,3
904645,15732,2025-07-28,2025-07-28 15:30:16.749525250,Billing,Low,Resolved,5
904646,13840,2024-12-19,2024-12-19 19:09:26.060060444,Integration,High,Resolved,4
904647,13148,2025-11-03,2025-11-04 05:41:21.742321038,Technical,High,Resolved,4
904648,15618,2026-06-25,2026-06-25 07:32:03.701109598,Integration,Low,Resolved,5
904649,13178,2026-06-03,2026-06-03 01:45:34.466199901,Account,High,Resolved,5
904650,12195,2024-08-08,2024-08-08 14:45:35.863953771,Feature Request,Low,Pending,4
904651,16051,2025-06-09,2025-06-09 09:06:44.288640680,Technical,Low,Open,5
904652,15452,2025-11-04,2025-11-04 07:44:24.942249031,Technical,Medium,Resolved,5
904653,15126,2026-08-31,,Technical,High,Resolved,5
904654,17522,2026-01-18,2026-01-18 14:08:02.582175818,Feature Request,High,Resolved,2
904655,16198,2026-06-11,2026-06-11 04:02:31.258083440,Integration,Low,Resolved,5
904656,10813,2026-02-14,2026-02-14 22:42:51.231141036,Integration,High,Resolved,2
904657,16245,2026-03-04,2026-03-05 20:57:14.304253222,Billing,Critical,Resolved,5
904658,13947,2026-08-19,2026-08-21 11:11:10.051010851,Feature Request,Medium,Resolved,5
904659,14756,2026-02-25,2026-02-25 05:46:51.680347950,Feature Request,Medium,Resolved,5
904660,16457,2024-08-12,2024-08-12 06:41:36.642823252,Billing,Low,Resolved,5
904661,15760,2024-01-11,2024-01-11 14:29:28.902502737,Feature Request,High,Resolved,3
904662,18646,2025-02-02,2025-02-02 09:45:53.492132487,Integration,Medium,Open,4
904663,12032,2025-07-06,2025-07-06 05:03:48.857383177,Account,High,Resolved,5
904664,11399,2026-03-08,2026-03-08 06:23:28.468470746,Performance,Low,Resolved,1
904665,13347,2026-07-30,2026-07-30 07:55:53.781954153,Billing,Low,Resolved,5
904666,15429,2026-02-16,2026-02-16 04:01:59.102278129,Security,Medium,Resolved,2
904667,11479,2026-04-03,2026-04-03 06:40:23.520534052,Feature Request,Medium,Resolved,2
904668,12020,2026-07-13,2026-07-13 04:13:07.874971759,Feature Request,Low,Resolved,5
904669,14397,2025-09-09,2025-09-09 01:22:21.227384726,Feature Request,Medium,Resolved,3
904670,17684,2026-02-28,2026-02-28 16:47:52.539330829,Feature Request,Medium,Pending,5
904671,19647,2025-05-18,2025-05-18 16:17:08.570698378,Feature Request,Medium,Open,4
904672,19789,2025-09-01,2025-09-01 16:33:14.092783038,Account,Low,Resolved,4
904673,15677,2026-04-25,2026-04-26 17:31:15.340058968,Security,Medium,Resolved,3
904674,15387,2024-04-15,2024-04-16 03:14:24.878609368,Technical,High,Resolved,4
904675,12381,2025-11-12,2025-11-12 11:25:35.504063724,Technical,Medium,Resolved,4
904676,13788,2026-08-02,2026-08-02 15:47:01.768158978,Technical,Medium,Resolved,4
904677,11212,2026-05-31,2026-05-31 07:54:43.126275106,Technical,Medium,Resolved,3
904678,12263,2026-06-13,2026-06-14 09:59:17.618319362,Technical,High,Resolved,5
904679,18417,2025-07-27,2025-07-27 06:24:32.163112659,Feature Request,Medium,Resolved,5
904680,15249,2025-10-09,2025-10-10 22:08:52.698315134,Billing,Low,Resolved,4
904681,10010,2025-09-10,2025-09-10 02:11:02.049163839,Account,Low,Pending,2
904682,10043,2025-05-30,2025-05-30 05:15:38.215551430,Integration,Low,Open,5
904683,14220,2025-05-04,2025-05-04 13:38:33.476541770,Integration,High,Resolved,4
904684,16775,2026-03-13,2026-03-13 03:51:45.571700509,Integration,Medium,Resolved,3
904685,18925,2026-07-22,2026-07-23 01:24:28.759886751,Technical,Medium,Resolved,5
904686,16224,2025-10-16,2025-10-16 10:41:00.962180545,Technical,Medium,Resolved,2
904687,15463,2026-07-03,2026-07-03 19:55:38.377862958,Account,Medium,Resolved,2
904688,11919,2026-08-20,2026-08-20 15:04:25.298198234,Account,High,Resolved,4
904689,17850,2024-12-28,2024-12-28 11:08:45.517964262,Technical,Low,Resolved,3
904690,13666,2025-06-23,2025-06-23 11:52:33.410556260,Technical,Low,Open,3
904691,10689,2026-03-15,2026-03-15 05:14:32.926579782,Technical,Medium,Resolved,4
904692,12243,2026-07-25,2026-07-25 20:34:41.490687918,Billing,Medium,Resolved,5
904693,13066,2026-07-13,2026-07-13 04:59:12.611673787,Account,Medium,Resolved,4
904694,18035,2025-02-28,2025-02-28 06:13:56.946610974,Performance,Medium,Resolved,4
904695,18848,2024-08-26,2024-08-27 20:50:27.010259966,Performance,Medium,Resolved,4
904696,14805,2026-06-13,2026-06-13 12:48:44.072688844,Technical,Medium,Resolved,5
904697,15536,2025-06-04,2025-06-04 10:54:22.187056032,Integration,Medium,Resolved,2
904698,18452,2024-09-06,2024-09-06 09:28:23.531673572,Integration,Low,Resolved,3
904699,17046,2025-04-05,2025-04-05 16:48:43.696886130,Account,Medium,Resolved,5
904700,15173,2025-01-24,2025-01-24 05:52:54.158386573,Security,Medium,Resolved,3
904701,14520,2026-06-14,2026-06-14 16:29:22.160843638,Performance,Low,Resolved,3
904702,19956,2025-12-25,2025-12-25 04:41:58.974218336,Technical,Medium,Resolved,5
904703,17067,2025-04-02,2025-04-02 04:39:09.201270402,Performance,Medium,Open,5
904704,16065,2025-07-11,2025-07-11 14:46:28.654987818,Billing,High,Resolved,5
904705,17042,2026-01-15,2026-01-15 16:11:40.717099672,Technical,Low,Resolved,4
904706,13538,2026-06-16,2026-06-16 06:35:01.240619823,Performance,Low,Resolved,3
904707,19593,2025-06-13,2025-06-14 11:59:12.990357031,Technical,Medium,Resolved,5
904708,19937,2025-12-12,2025-12-12 14:05:40.599688808,Account,Medium,Resolved,5
904709,19928,2025-12-25,2025-12-25 10:12:41.333290639,Performance,High,Resolved,4
904710,19652,2026-04-03,2026-04-03 07:05:57.366538976,Feature Request,Low,Resolved,5
904711,17858,2026-08-22,2026-08-22 15:09:50.710186677,Integration,Low,Resolved,3
904712,13478,2025-06-23,2025-06-23 19:36:08.311019454,Technical,Low,Pending,4
904713,13869,2025-02-08,2025-02-08 13:14:19.081448736,Feature Request,Medium,Resolved,5
904714,14997,2025-03-23,2025-03-25 20:14:38.811869419,Technical,Medium,Resolved,2
904715,12362,2026-04-17,2026-04-17 17:02:56.322696832,Technical,High,Pending,5
904716,13849,2025-07-28,2025-07-29 06:26:31.098646507,Integration,Medium,Resolved,5
904717,11606,2026-02-01,2026-02-01 06:28:27.958461214,Account,Low,Resolved,1
904718,16542,2026-07-08,2026-07-08 06:18:04.478359773,Feature Request,Critical,Pending,4
904719,11176,2025-05-16,2025-05-17 13:56:24.219862918,Feature Request,Medium,Resolved,3
904720,15635,2026-07-11,2026-07-11 05:39:09.047303330,Billing,Medium,Open,5
904721,14383,2026-08-29,2026-08-30 06:59:21.609519964,Feature Request,Medium,Resolved,5
904722,14328,2024-07-04,2024-07-04 20:09:46.277597617,Account,Medium,Resolved,5
904723,11648,2025-03-31,2025-03-31 03:42:55.097316900,Integration,Low,Resolved,4
904724,19481,2025-10-05,2025-10-05 07:24:57.772066050,Technical,High,Resolved,5
904725,19856,2026-04-13,2026-04-13 12:05:23.767568037,Feature Request,Low,Resolved,5
904726,12943,2025-05-30,2025-05-30 19:32:38.879504361,Feature Request,Low,Resolved,4
904727,12972,2025-01-16,2025-01-16 22:15:55.210674607,Integration,Medium,Resolved,3
904728,15369,2026-04-18,2026-04-18 12:26:38.361317496,Performance,Medium,Resolved,5
904729,14491,2025-11-26,2025-11-26 05:11:41.895937507,Security,Critical,Resolved,4
904730,17666,2026-02-23,2026-02-23 09:23:01.203557056,Technical,Medium,Open,4
904731,19132,2026-06-09,2026-06-09 15:08:31.871645631,Feature Request,High,Resolved,4
904732,13391,2026-08-04,2026-08-04 04:18:45.917388759,Account,Low,Resolved,3
904733,10016,2025-09-16,2025-09-17 13:33:01.287410220,Technical,Medium,Pending,2
904734,15359,2025-09-13,2025-09-13 04:43:15.918793748,Technical,High,Resolved,4
904735,12923,2024-11-15,2024-11-15 11:23:39.558741475,Technical,Medium,Resolved,5
904736,17498,2026-06-30,2026-06-30 21:45:49.254331374,Feature Request,Medium,Resolved,4
904737,15248,2026-01-08,2026-01-08 16:29:48.273381942,Billing,High,Resolved,4
904738,18412,2025-06-16,2025-06-18 04:36:56.179268910,Security,Low,Resolved,5
904739,12339,2025-04-07,2025-04-07 02:19:27.251625039,Performance,Low,Resolved,2
904740,18520,2026-03-09,2026-03-09 13:57:49.014246106,Technical,High,Resolved,5
904741,18849,2025-08-03,2025-08-03 09:02:26.022982563,Integration,Low,Resolved,4
904742,17878,2025-11-30,2025-11-30 12:02:31.433056710,Billing,High,Open,4
904743,10096,2026-06-17,2026-06-17 02:34:26.898947029,Account,Medium,Resolved,2
904744,12494,2026-07-28,2026-07-28 12:00:30.124153803,Feature Request,High,Resolved,2
904745,17254,2025-01-01,2025-01-01 04:29:11.716616209,Feature Request,High,Resolved,4
904746,17184,2024-09-28,2024-09-28 15:24:03.385045486,Technical,Critical,Resolved,4
904747,17393,2026-08-16,2026-08-16 10:22:11.403422245,Integration,High,Resolved,5
904748,11771,2024-06-29,2024-06-29 12:57:19.238083534,Technical,High,Resolved,4
904749,17420,2025-09-06,2025-09-06 16:46:02.420902830,Technical,Medium,Resolved,5
904750,19195,2025-09-01,2025-09-01 13:08:36.082362098,Feature Request,Medium,Resolved,4
904751,12727,2026-04-20,2026-04-20 04:36:25.961273110,Integration,Low,Resolved,2
904752,15325,2025-07-08,2025-07-08 10:02:09.376515924,Security,High,Resolved,4
904753,19713,2024-12-29,2024-12-29 08:50:20.155624177,Billing,High,Resolved,5
904754,14507,2024-11-24,2024-11-24 17:01:41.396072934,Technical,Medium,Resolved,5
904755,12847,2024-08-22,2024-08-22 13:03:02.047422135,Feature Request,Medium,Pending,5
904756,12114,2025-03-15,2025-03-15 06:47:39.627891697,Technical,Low,Resolved,5
904757,14974,2026-08-02,2026-08-02 09:37:10.562417907,Feature Request,Medium,Resolved,2
904758,14595,2025-07-02,2025-07-02 03:27:32.565847168,Technical,High,Resolved,3
904759,16160,2025-01-01,2025-01-01 08:44:37.456269802,Technical,Low,Resolved,3
904760,14816,2025-08-01,2025-08-01 12:54:35.290238878,Billing,Low,Resolved,3
904761,19274,2025-07-11,2025-07-11 11:54:16.088113386,Integration,Medium,Resolved,2
904762,14917,2026-06-09,2026-06-09 07:46:22.165616074,Performance,High,Resolved,5
904763,17132,2025-06-30,2025-06-30 07:29:03.643347163,Technical,Low,Resolved,3
904764,10249,2026-02-13,2026-02-13 03:54:51.601197276,Account,Low,Resolved,2
904765,15629,2026-06-17,2026-06-17 05:11:45.808349726,Technical,Low,Resolved,5
904766,19468,2026-07-19,2026-07-19 05:41:10.922311341,Account,Low,Resolved,4
904767,19863,2026-08-21,2026-08-21 06:16:35.530716385,Account,Low,Resolved,2
904768,14907,2026-02-21,2026-02-21 06:32:17.210774374,Performance,Low,Resolved,2
904769,16997,2025-08-07,2025-08-07 08:38:12.843068679,Account,Medium,Resolved,4
904770,17979,2025-04-07,2025-04-07 08:57:19.247138683,Technical,Medium,Resolved,1
904771,18351,2025-06-27,2025-06-27 03:27:32.560921994,Feature Request,Medium,Resolved,4
904772,13067,2026-01-15,2026-01-16 11:12:37.566826952,Performance,Critical,Open,5
904773,19541,2025-10-19,2025-10-19 06:55:01.074424033,Feature Request,High,Resolved,1
904774,13740,2026-04-30,2026-04-30 09:14:16.432278712,Technical,Medium,Resolved,5
904775,14259,2025-12-14,2025-12-14 02:35:36.912864595,Technical,Critical,Resolved,5
904776,10772,2026-03-21,2026-03-21 05:49:41.328826611,Feature Request,Low,Resolved,5
904777,10973,2026-04-01,2026-04-01 02:01:38.736722254,Technical,Medium,Resolved,5
904778,19928,2025-09-05,2025-09-05 09:57:01.521902682,Technical,Medium,Resolved,4
904779,10467,2025-11-02,2025-11-02 22:45:14.497639120,Integration,High,Resolved,5
904780,16704,2025-11-19,2025-11-19 08:35:48.874019276,Performance,Low,Pending,2
904781,19245,2025-07-09,2025-07-10 23:24:39.967575379,Technical,Medium,Open,5
904782,16355,2024-11-14,2024-11-14 22:17:31.445447035,Account,High,Open,3
904783,15848,2025-10-12,2025-10-12 05:14:01.511538367,Performance,High,Resolved,5
904784,12997,2025-09-04,2025-09-04 04:19:27.600445923,Integration,Low,Resolved,1
904785,12568,2026-05-10,2026-05-10 14:07:04.516661391,Security,Medium,Resolved,2
904786,13239,2024-12-06,2024-12-06 10:23:15.553773153,Billing,Low,Open,2
904787,16627,2025-02-14,2025-02-14 22:12:25.680699993,Performance,High,Resolved,5
904788,16318,2024-09-30,2024-09-30 20:26:21.970609850,Performance,Medium,Open,4
904789,12223,2025-10-12,2025-10-12 17:06:14.863069656,Account,Low,Resolved,4
904790,19875,2026-07-23,2026-07-23 15:06:05.800005219,Billing,Low,Open,1
904791,19206,2025-05-05,2025-05-05 06:40:58.473394831,Technical,High,Resolved,5
904792,14032,2025-05-31,2025-05-31 03:23:41.221503445,Billing,Low,Resolved,2
904793,12335,2026-03-19,2026-03-19 22:19:30.395083814,Technical,Medium,Resolved,5
904794,18096,2025-12-09,2025-12-10 06:50:40.038065383,Integration,Low,Resolved,5
904795,13474,2025-07-08,2025-07-08 04:36:52.494160154,Performance,Low,Resolved,5
904796,10846,2025-07-27,2025-07-27 07:09:20.587351964,Account,Medium,Open,4
904797,15085,2026-05-25,2026-05-25 08:57:37.294031638,Feature Request,Medium,Resolved,5
904798,19367,2025-04-24,2025-04-24 07:12:45.310551609,Integration,High,Resolved,5
904799,15421,2024-10-03,2024-10-03 06:50:08.488045140,Integration,Low,Resolved,4
904800,16850,2025-12-02,2025-12-02 09:41:42.459008334,Technical,Low,Resolved,5
904801,11646,2026-06-30,2026-06-30 23:28:22.808765496,Technical,High,Resolved,4
904802,13890,2025-11-09,2025-11-09 11:37:06.096591274,Billing,Medium,Open,2
904803,10046,2026-06-24,2026-06-24 16:23:11.115527445,Technical,Medium,Resolved,4
904804,18745,2026-02-18,2026-02-18 08:05:17.448699156,Technical,Medium,Resolved,3
904805,18815,2025-04-02,2025-04-02 07:02:50.505014634,Technical,High,Resolved,4
904806,19171,2025-10-08,2025-10-08 03:15:35.856652068,Feature Request,High,Resolved,5
904807,14213,2026-04-18,2026-04-18 09:19:21.983894979,Performance,Medium,Resolved,5
904808,16079,2025-06-10,2025-06-10 06:09:44.996055728,Feature Request,Low,Open,3
904809,12427,2026-02-13,2026-02-13 08:26:24.598062920,Integration,Low,Resolved,4
904810,12916,2026-08-15,2026-08-15 10:00:24.175123218,Account,Medium,Resolved,5
904811,18124,2026-02-16,2026-02-16 18:45:02.143674579,Billing,Medium,Resolved,5
904812,13840,2024-07-28,2024-07-28 04:40:02.366378252,Technical,Low,Pending,5
904813,15871,2025-04-23,2025-04-23 23:26:39.701390265,Performance,Medium,Resolved,4
904814,16567,2024-08-18,2024-08-19 06:24:45.698377302,Performance,Medium,Resolved,5
904815,17068,2025-10-04,2025-10-05 01:07:00.758240900,Technical,Medium,Resolved,5
904816,17026,2025-10-12,2025-10-13 02:45:56.833038806,Feature Request,Medium,Resolved,4
904817,10793,2025-01-01,2025-01-01 09:19:41.532426105,Account,Medium,Resolved,4
904818,15579,2025-12-01,2025-12-01 16:14:11.697434660,Billing,Medium,Resolved,2
904819,13659,2026-08-17,2026-08-17 11:24:51.453979783,Account,Medium,Resolved,2
904820,17060,2025-06-11,2025-06-11 10:10:57.694953298,Feature Request,Critical,Resolved,2
904821,17110,2026-08-01,2026-08-01 10:19:37.079048863,Technical,Medium,Resolved,2
904822,10358,2024-04-23,2024-04-23 15:32:37.620838784,Feature Request,High,Resolved,4
904823,18209,2026-05-30,2026-05-30 13:17:19.354009858,Technical,Medium,Resolved,3
904824,10452,2026-07-28,2026-07-29 00:10:41.399198079,Feature Request,Medium,Resolved,1
904825,15075,2025-07-06,2025-07-06 23:39:04.261221529,Account,Medium,Pending,5
904826,18955,2026-03-05,2026-03-05 08:42:45.238120340,Integration,Medium,Resolved,5
904827,10211,2026-08-27,2026-08-27 14:27:41.250423697,Technical,High,Resolved,4
904828,19819,2025-08-24,2025-08-24 13:20:31.670451513,Technical,Medium,Resolved,3
904829,19755,2026-05-04,2026-05-04 05:11:32.860410435,Technical,Low,Resolved,5
904830,19474,2025-01-03,2025-01-03 11:47:04.246583773,Technical,High,Resolved,2
904831,10514,2025-01-20,2025-01-20 16:59:01.371695773,Technical,Low,Resolved,4
904832,15648,2025-04-07,2025-04-07 17:09:46.846165179,Performance,High,Open,2
904833,15108,2026-01-22,2026-01-22 04:51:18.141300248,Feature Request,Medium,Resolved,2
904834,11001,2025-05-22,2025-05-22 11:53:49.369284981,Billing,Medium,Resolved,2
904835,15675,2025-01-28,2025-01-28 05:31:52.654125568,Feature Request,High,Resolved,4
904836,11812,2025-04-14,2025-04-14 13:54:29.828351613,Security,Low,Resolved,2
904837,16070,2025-03-29,2025-03-29 10:27:35.465118840,Feature Request,High,Resolved,4
904838,14327,2024-10-26,2024-10-26 13:36:11.375524378,Billing,High,Resolved,5
904839,10616,2025-10-15,2025-10-15 04:23:39.309692434,Billing,Medium,Pending,5
904840,15487,2025-03-15,2025-03-15 09:58:23.529405781,Performance,High,Resolved,3
904841,10271,2026-06-17,2026-06-17 03:36:52.269182575,Billing,Medium,Open,5
904842,15498,2025-11-08,2025-11-09 00:49:12.240466215,Performance,Medium,Resolved,5
904843,11032,2026-06-07,2026-06-07 17:56:24.974556874,Integration,Critical,Resolved,4
904844,14393,2025-07-13,2025-07-13 18:04:45.466032594,Billing,Medium,Resolved,4
904845,12542,2026-01-24,2026-01-24 07:27:49.410446893,Billing,Medium,Resolved,3
904846,17081,2026-07-16,2026-07-16 08:05:19.775997794,Account,High,Resolved,2
904847,14872,2026-06-12,2026-06-12 15:37:25.103921894,Technical,Medium,Resolved,5
904848,11601,2026-08-27,2026-08-27 10:13:40.911899512,Performance,Medium,Open,3
904849,12846,2026-01-13,2026-01-13 16:34:18.505549779,Feature Request,Medium,Resolved,4
904850,15343,2026-02-11,2026-02-11 08:12:08.282413101,Integration,High,Resolved,1
904851,12503,2025-09-03,2025-09-03 18:25:03.162762228,Technical,High,Open,3
904852,16206,2024-08-19,2024-08-19 09:26:56.343225195,Integration,Medium,Resolved,4
904853,12297,2025-08-26,2025-08-26 16:54:38.181551929,Feature Request,High,Resolved,4
904854,19724,2025-11-03,2025-11-03 03:02:36.819056446,Feature Request,Low,Resolved,5
904855,17602,2025-04-02,2025-04-02 17:01:20.995801417,Account,Low,Resolved,2
904856,16147,2025-11-05,2025-11-05 04:19:51.241692968,Security,High,Resolved,4
904857,15712,2026-01-29,2026-01-29 09:04:39.971468056,Technical,Low,Resolved,1
904858,15418,2026-03-30,2026-03-30 05:13:23.552952463,Technical,Medium,Resolved,4
904859,18065,2025-10-24,2025-10-24 09:50:28.616388907,Account,High,Resolved,4
904860,18856,2024-05-17,2024-05-17 13:01:26.696485761,Integration,Low,Resolved,5
904861,17084,2024-05-06,2024-05-06 06:46:51.291680926,Billing,High,Resolved,4
904862,10528,2025-06-05,2025-06-05 10:34:38.982452552,Performance,Low,Pending,5
904863,19826,2025-05-26,2025-05-26 09:11:59.643040862,Billing,Medium,Resolved,4
904864,18547,2026-05-02,2026-05-02 06:27:54.763438240,Integration,Medium,Resolved,5
904865,10616,2026-08-31,,Account,Low,Resolved,3
904866,16483,2025-04-07,2025-04-07 10:56:31.581349803,Billing,High,Pending,1
904867,16949,2026-05-20,2026-05-20 22:03:06.209944560,Feature Request,High,Resolved,3
904868,18692,2025-08-03,2025-08-03 19:36:07.514212219,Account,Medium,Resolved,4
904869,17192,2024-12-30,2024-12-31 02:51:34.757932165,Technical,Low,Resolved,5
904870,12542,2026-01-24,2026-01-25 17:34:28.369820863,Performance,Medium,Resolved,2
904871,10158,2026-02-01,2026-02-01 05:08:14.051776142,Technical,Medium,Pending,5
904872,10908,2026-04-15,2026-04-16 07:59:29.378033311,Technical,Critical,Resolved,5
904873,10237,2024-05-27,2024-05-27 05:14:40.268609566,Security,Low,Resolved,5
904874,11409,2026-08-24,2026-08-24 06:41:23.927067276,Account,Medium,Resolved,5
904875,11072,2026-04-18,2026-04-19 02:02:33.557360834,Feature Request,Low,Resolved,3
904876,17211,2024-08-31,2024-08-31 18:07:30.123887217,Billing,Low,Resolved,5
904877,19321,2025-03-21,2025-03-21 05:28:07.578295572,Feature Request,Medium,Open,4
904878,16292,2025-02-09,2025-02-10 03:00:32.079693502,Account,Medium,Open,2
904879,10284,2026-08-04,2026-08-04 08:10:05.872789293,Integration,High,Resolved,5
904880,12077,2025-12-28,2025-12-28 17:03:11.760326661,Account,High,Resolved,5
904881,16503,2026-02-23,2026-02-24 01:21:24.012885340,Integration,Medium,Resolved,2
904882,16490,2025-12-01,2025-12-01 10:19:19.874795772,Integration,Low,Resolved,2
904883,17707,2026-02-26,2026-02-27 03:54:37.151973504,Technical,Medium,Resolved,5
904884,17709,2026-06-23,2026-06-23 09:30:24.096737707,Billing,Medium,Resolved,4
904885,10829,2026-07-12,2026-07-12 11:43:29.152092064,Technical,Medium,Open,5
904886,12013,2025-11-03,2025-11-04 01:58:58.517981936,Performance,High,Resolved,3
904887,16859,2025-09-30,2025-09-30 05:23:27.587339944,Performance,Low,Resolved,4
904888,19978,2025-01-07,2025-01-07 06:21:34.888369705,Technical,Medium,Resolved,3
904889,11057,2024-11-04,2024-11-04 11:00:05.797227970,Account,Medium,Resolved,5
904890,16827,2025-11-09,2025-11-10 07:16:05.995769754,Account,Medium,Resolved,1
904891,14403,2025-09-30,2025-09-30 13:36:12.954099124,Technical,Low,Open,4
904892,19149,2026-01-21,2026-01-22 19:22:09.973728598,Feature Request,Medium,Resolved,4
904893,18294,2025-12-27,2025-12-27 04:59:01.100684594,Account,Medium,Open,2
904894,16801,2024-09-07,2024-09-07 11:26:19.389415473,Account,Medium,Resolved,3
904895,10364,2026-02-15,2026-02-15 08:34:25.234507405,Billing,Low,Resolved,5
904896,19581,2024-03-16,2024-03-16 12:38:31.082528000,Technical,Low,Resolved,3
904897,18427,2026-04-29,2026-04-29 05:28:32.726253054,Technical,Low,Resolved,3
904898,10960,2026-03-25,2026-03-25 06:35:12.566660748,Technical,High,Resolved,1
904899,15958,2024-06-28,2024-06-28 05:49:37.390430719,Performance,High,Resolved,1
904900,10338,2025-09-09,2025-09-09 03:20:32.462030209,Performance,Medium,Resolved,3
904901,11772,2024-10-07,2024-10-07 18:00:19.459127116,Performance,Medium,Resolved,2
904902,17475,2026-07-04,2026-07-04 12:19:23.047826790,Technical,Medium,Resolved,3
904903,11606,2026-02-01,2026-02-01 01:50:53.047411933,Technical,Critical,Resolved,3
904904,16497,2025-04-04,2025-04-04 09:18:48.848760669,Billing,Medium,Resolved,4
904905,16120,2024-09-22,2024-09-23 06:15:53.919505321,Billing,Medium,Resolved,4
904906,19838,2026-03-01,2026-03-01 09:54:22.247742924,Performance,Medium,Resolved,5
904907,18792,2024-11-21,2024-11-21 06:13:23.095647130,Feature Request,Medium,Resolved,1
904908,12278,2024-10-08,2024-10-08 14:16:20.319739874,Technical,Medium,Resolved,3
904909,12930,2026-06-17,2026-06-17 05:13:11.006751763,Billing,Medium,Resolved,3
904910,17307,2026-05-30,2026-05-30 05:21:53.263693504,Performance,Low,Pending,3
904911,16947,2025-07-02,2025-07-02 06:35:35.702969406,Feature Request,Low,Resolved,5
904912,18041,2025-11-27,2025-11-27 07:31:21.605811527,Technical,Medium,Resolved,4
904913,17201,2025-12-16,2025-12-16 05:03:09.299969697,Feature Request,Low,Resolved,4
904914,14813,2026-05-26,2026-05-26 15:52:54.863277873,Integration,Medium,Pending,4
904915,18869,2024-04-20,2024-04-20 05:49:09.721297660,Security,Low,Open,3
904916,19832,2025-12-13,2025-12-13 22:04:45.263155245,Feature Request,High,Resolved,3
904917,17782,2026-07-27,2026-07-27 20:12:40.144604230,Feature Request,Medium,Resolved,5
904918,18515,2026-03-03,2026-03-04 20:25:07.516519035,Performance,Medium,Resolved,2
904919,18351,2025-06-27,2025-06-27 09:07:10.300843380,Billing,High,Resolved,2
904920,14780,2025-07-23,2025-07-23 10:52:12.150524413,Account,Medium,Resolved,4
904921,10160,2025-08-04,2025-08-04 19:56:39.807284665,Billing,Medium,Resolved,4
904922,11259,2026-08-13,2026-08-13 10:12:21.187263528,Feature Request,Medium,Resolved,2
904923,13094,2026-07-28,2026-07-28 06:10:07.619529892,Account,Medium,Open,2
904924,18026,2025-04-08,2025-04-08 04:23:30.197307926,Billing,High,Resolved,5
904925,15265,2026-02-26,2026-02-26 11:26:02.617203991,Billing,Medium,Resolved,5
904926,10479,2025-09-03,2025-09-03 15:08:54.410192534,Billing,Low,Resolved,5
904927,19669,2026-03-08,2026-03-08 14:58:27.284376597,Technical,Low,Resolved,3
904928,14208,2025-02-18,2025-02-18 12:01:23.286048567,Performance,Low,Resolved,5
904929,14348,2026-07-14,2026-07-14 12:10:26.230532160,Integration,Medium,Open,4
904930,17689,2025-03-07,2025-03-07 07:16:11.755496931,Billing,Low,Open,5
904931,16368,2025-06-26,2025-06-26 09:11:06.004873240,Technical,Low,Pending,2
904932,18695,2025-04-07,2025-04-07 12:11:23.895112538,Integration,High,Resolved,5
904933,13440,2025-03-31,2025-03-31 05:06:17.427220736,Technical,Medium,Resolved,5
904934,10216,2026-02-26,2026-02-26 08:57:20.160631706,Technical,Low,Resolved,4
904935,13898,2024-06-01,2024-06-01 04:12:04.221845096,Feature Request,Low,Resolved,4
904936,14472,2026-08-09,2026-08-09 12:50:51.489906874,Technical,High,Resolved,5
904937,11970,2024-10-05,2024-10-05 10:02:11.941357873,Feature Request,Medium,Resolved,4
904938,11089,2024-10-04,2024-10-04 06:33:48.223912557,Billing,High,Resolved,5
904939,19003,2026-08-29,2026-08-29 09:15:22.984886116,Billing,High,Resolved,4
904940,12132,2025-12-09,2025-12-10 02:45:12.894211166,Performance,Medium,Resolved,5
904941,13590,2026-04-07,2026-04-07 06:00:14.171147388,Technical,Medium,Resolved,3
904942,14410,2025-07-01,2025-07-01 07:24:43.356308922,Account,Medium,Resolved,5
904943,15719,2024-09-27,2024-09-27 06:31:33.604454301,Technical,High,Resolved,1
904944,12649,2025-04-11,2025-04-11 09:48:27.384737101,Technical,Low,Resolved,4
904945,14735,2024-06-08,2024-06-08 09:16:59.412081259,Account,Medium,Resolved,4
904946,15817,2025-08-11,2025-08-11 11:23:29.764458564,Performance,Low,Open,1
904947,17198,2026-05-06,2026-05-06 09:14:11.129257644,Performance,Medium,Resolved,5
904948,17182,2024-10-16,2024-10-16 13:32:57.006971289,Account,Low,Open,2
904949,13344,2025-03-29,2025-03-29 05:27:28.132380842,Performance,Medium,Open,5
904950,18628,2024-06-10,2024-06-10 02:58:52.412150848,Integration,Low,Resolved,3
904951,18536,2025-12-23,2025-12-23 05:02:41.556433599,Account,Medium,Resolved,4
904952,15854,2024-09-20,2024-09-20 10:09:57.329905266,Integration,Low,Resolved,4
904953,15719,2024-09-27,2024-09-27 10:17:30.424765844,Technical,High,Resolved,3
904954,14728,2024-04-04,2024-04-04 07:29:16.296102708,Integration,Medium,Resolved,4
904955,12658,2026-05-29,2026-05-29 08:26:45.700912100,Billing,Medium,Open,4
904956,13668,2025-04-23,2025-04-23 06:12:51.498402343,Billing,Low,Resolved,4
904957,11707,2025-11-25,2025-11-25 13:45:11.012608620,Account,Low,Resolved,4
904958,19758,2025-09-07,2025-09-07 09:46:55.002703364,Performance,Low,Resolved,4
904959,12978,2024-11-09,2024-11-09 19:47:26.024784752,Technical,Medium,Pending,2
904960,15818,2025-07-12,2025-07-12 05:04:51.628822777,Technical,Medium,Resolved,4
904961,11953,2025-01-27,2025-01-27 03:56:59.820139374,Technical,High,Resolved,4
904962,14248,2025-06-21,2025-06-21 10:52:38.116771968,Integration,Critical,Resolved,4
904963,18482,2025-04-04,2025-04-04 07:30:41.487040386,Feature Request,High,Open,4
904964,11556,2026-08-15,2026-08-15 09:09:42.659983825,Performance,Low,Resolved,5
904965,14163,2026-04-05,2026-04-05 03:35:21.831635349,Security,Low,Resolved,4
904966,11227,2026-04-13,2026-04-13 13:42:06.725930320,Technical,Medium,Resolved,5
904967,16012,2025-09-28,2025-09-28 07:32:20.587915777,Technical,Medium,Resolved,1
904968,13619,2025-10-12,2025-10-12 06:52:44.156758339,Feature Request,Medium,Resolved,2
904969,16362,2026-05-24,2026-05-24 02:46:24.159652503,Feature Request,Low,Resolved,4
904970,10916,2025-12-24,2025-12-25 18:13:46.126996287,Performance,Low,Resolved,4
904971,10264,2026-01-19,2026-01-19 04:53:10.099425393,Technical,Low,Resolved,4
904972,14718,2025-11-23,2025-11-24 09:01:54.752100416,Technical,Medium,Resolved,3
904973,15701,2025-11-16,2025-11-16 03:08:39.770566386,Technical,Medium,Resolved,5
904974,19894,2026-07-20,2026-07-21 02:30:12.691420830,Technical,Low,Open,3
904975,18554,2024-03-13,2024-03-13 09:23:46.865998096,Security,High,Resolved,2
904976,19897,2026-03-30,2026-03-30 05:18:24.759505382,Feature Request,Medium,Resolved,1
904977,14165,2024-09-12,2024-09-12 09:25:05.569181461,Technical,Low,Resolved,4
904978,12794,2026-07-23,2026-07-23 08:29:44.644238282,Performance,Low,Resolved,3
904979,19761,2025-11-10,2025-11-10 15:11:06.310251942,Integration,Low,Resolved,3
904980,19170,2025-03-14,2025-03-14 13:18:37.538524508,Performance,Medium,Resolved,4
904981,11821,2026-06-12,2026-06-12 11:27:53.394832278,Billing,High,Resolved,4
904982,10398,2024-12-04,2024-12-04 04:40:36.118999095,Billing,Medium,Resolved,5
904983,13953,2026-03-23,2026-03-23 17:01:23.849051588,Account,Medium,Resolved,5
904984,17152,2025-12-10,2025-12-10 05:11:46.895507779,Technical,Medium,Resolved,4
904985,16530,2025-11-12,2025-11-12 08:12:24.934320518,Feature Request,Medium,Resolved,2
904986,13387,2026-03-26,2026-03-26 21:20:08.224408586,Technical,Medium,Resolved,4
904987,12374,2025-08-17,2025-08-18 03:38:06.002189451,Technical,Low,Resolved,4
904988,16760,2025-08-03,2025-08-03 05:33:20.843864578,Feature Request,Critical,Resolved,3
904989,16643,2024-10-21,2024-10-21 15:52:12.259045286,Billing,Medium,Resolved,5
904990,12623,2025-05-13,2025-05-13 06:49:58.314536292,Technical,Low,Resolved,5
904991,19396,2026-08-21,2026-08-22 08:56:29.593370482,Technical,High,Resolved,5
904992,15517,2025-04-10,2025-04-10 18:35:35.362148225,Technical,Medium,Resolved,4
904993,15092,2026-07-23,2026-07-23 06:14:31.284465802,Integration,Low,Resolved,4
904994,18740,2024-12-02,2024-12-02 07:49:47.864225388,Billing,Low,Resolved,4
904995,10823,2026-06-08,2026-06-08 15:40:13.213912090,Billing,Low,Resolved,4
904996,15961,2026-05-24,2026-05-24 00:56:58.338838208,Account,Medium,Pending,5
904997,13965,2026-08-22,2026-08-23 03:30:05.252323978,Technical,Low,Resolved,5
904998,13839,2026-08-21,2026-08-21 16:42:34.207827555,Feature Request,High,Resolved,4
904999,11362,2026-08-22,2026-08-24 18:26:58.376442987,Account,Medium,Resolved,4
905000,10702,2025-10-10,2025-10-10 07:07:22.870448990,Technical,Low,Resolved,5
905001,17121,2026-07-09,2026-07-09 14:39:12.147504649,Feature Request,Low,Resolved,5
905002,16857,2026-02-09,2026-02-09 10:40:19.604005629,Account,Critical,Pending,3
905003,11982,2025-10-12,2025-10-12 11:44:40.898721530,Technical,Low,Resolved,4
905004,12254,2025-01-26,2025-01-26 15:59:26.200532032,Billing,Critical,Resolved,3
905005,12961,2026-05-04,2026-05-04 16:54:15.265289880,Account,Low,Resolved,3
905006,16959,2026-01-21,2026-01-21 02:20:37.103177558,Feature Request,Medium,Resolved,4
905007,14328,2025-07-21,2025-07-21 03:55:07.271420440,Account,Low,Open,5
905008,18186,2025-12-29,2025-12-29 08:19:32.991638415,Integration,High,Resolved,4
905009,10524,2025-04-13,2025-04-13 07:37:22.372843825,Billing,Low,Resolved,3
905010,10224,2025-05-16,2025-05-16 12:57:25.834584214,Account,Low,Open,5
905011,16131,2026-04-23,2026-04-23 15:59:14.900230946,Integration,Medium,Resolved,3
905012,11442,2025-10-10,2025-10-11 01:15:37.839237746,Technical,Medium,Resolved,2
905013,15832,2026-03-09,2026-03-10 00:39:08.697754119,Technical,Medium,Resolved,2
905014,13495,2026-06-29,2026-06-29 08:07:04.652203058,Feature Request,High,Resolved,4
905015,11990,2025-05-27,2025-05-27 20:40:55.890643263,Feature Request,Critical,Resolved,4
905016,19362,2025-12-16,2025-12-16 03:48:51.870569007,Account,Low,Resolved,1
905017,16724,2024-12-23,2024-12-23 16:04:11.200780761,Integration,Low,Resolved,5
905018,11503,2026-06-19,2026-06-20 11:07:54.108926284,Billing,Low,Resolved,5
905019,16597,2026-07-06,2026-07-06 17:10:58.983929328,Integration,High,Open,4
905020,12699,2024-10-29,2024-10-29 14:29:32.585180298,Billing,High,Resolved,2
905021,16951,2025-10-03,2025-10-03 04:51:01.374538982,Billing,Medium,Resolved,2
905022,19262,2025-04-04,2025-04-04 07:17:18.285809963,Account,Low,Resolved,3
905023,15629,2026-06-17,2026-06-17 05:27:27.207885114,Technical,High,Resolved,3
905024,11138,2025-06-25,2025-06-25 14:56:43.418619744,Technical,Low,Resolved,5
905025,12386,2024-06-01,2024-06-01 04:36:16.373522880,Technical,Low,Resolved,3
905026,15426,2026-05-14,2026-05-14 03:51:25.871779393,Technical,Medium,Resolved,5
905027,19124,2026-07-03,2026-07-03 23:56:47.856668949,Performance,Medium,Resolved,5
905028,11784,2024-10-08,2024-10-08 17:59:19.039316460,Billing,Medium,Resolved,3
905029,19145,2025-08-30,2025-08-30 13:56:04.593601906,Account,High,Resolved,4
905030,19608,2026-01-25,2026-01-26 03:03:49.518620557,Feature Request,Medium,Resolved,4
905031,17029,2024-10-01,2024-10-02 01:52:44.545758816,Technical,Medium,Pending,5
905032,10339,2026-03-29,2026-03-29 06:28:02.004703705,Technical,Low,Resolved,5
905033,10539,2025-04-24,2025-04-24 09:01:41.969002684,Account,Low,Resolved,5
905034,12314,2025-11-18,2025-11-18 03:40:47.159722614,Technical,Low,Resolved,4
905035,10552,2025-08-21,2025-08-21 15:08:32.833049830,Account,Medium,Resolved,1
905036,14007,2025-06-15,2025-06-15 08:31:56.612736912,Integration,Low,Resolved,2
905037,15605,2025-12-21,2025-12-22 04:37:48.389266707,Performance,Low,Resolved,4
905038,14788,2026-02-08,2026-02-08 07:43:39.192392697,Performance,Low,Open,1
905039,12716,2026-08-25,2026-08-25 08:43:08.172485432,Technical,High,Resolved,4
905040,16688,2026-06-02,2026-06-02 22:44:15.929942064,Technical,Medium,Resolved,4
905041,13264,2026-06-08,2026-06-08 06:26:41.925384661,Feature Request,High,Resolved,3
905042,18247,2025-06-12,2025-06-12 17:37:15.886498299,Security,Low,Resolved,4
905043,13090,2025-01-03,2025-01-03 05:21:07.878385144,Feature Request,High,Resolved,4
905044,16138,2025-11-01,2025-11-01 10:38:16.961001784,Technical,Low,Resolved,2
905045,10427,2026-06-16,2026-06-17 17:48:11.731600353,Technical,Low,Open,5
905046,18070,2026-04-13,2026-04-13 15:24:05.936593885,Billing,High,Resolved,3
905047,18866,2026-08-28,2026-08-28 15:55:25.363452957,Billing,Low,Resolved,5
905048,15866,2025-07-27,2025-07-27 10:38:10.478989464,Performance,Medium,Resolved,5
905049,13328,2025-07-02,2025-07-02 08:08:08.469314447,Technical,High,Resolved,4
905050,11316,2026-08-10,2026-08-10 07:40:11.999203417,Account,Medium,Resolved,5
905051,10386,2025-03-18,2025-03-18 04:38:23.454676651,Technical,Medium,Resolved,5
905052,18827,2026-04-04,2026-04-04 21:09:43.995405618,Performance,Critical,Pending,5
905053,11441,2025-03-31,2025-04-01 06:12:23.248514901,Integration,Low,Resolved,4
905054,10689,2025-06-27,2025-06-27 09:03:09.107004938,Billing,Low,Resolved,2
905055,17086,2025-05-07,2025-05-07 03:06:29.634459652,Performance,Medium,Resolved,1
905056,11814,2026-07-17,2026-07-17 19:10:13.281953754,Billing,Low,Resolved,1
905057,19421,2024-02-17,2024-02-17 11:50:29.954690606,Billing,Medium,Resolved,5
905058,19795,2026-04-25,2026-04-25 09:55:41.744552106,Performance,Medium,Resolved,2
905059,10039,2026-07-16,2026-07-16 06:55:16.577089784,Billing,Medium,Resolved,4
905060,12046,2026-06-18,2026-06-18 11:57:30.636927108,Account,Medium,Resolved,2
905061,18874,2025-04-15,2025-04-15 13:25:08.278225096,Technical,Medium,Open,3
905062,18489,2025-12-09,2025-12-10 10:58:41.288568697,Billing,Medium,Open,3
905063,11778,2026-05-01,2026-05-01 04:09:52.811483436,Technical,Low,Resolved,3
905064,13374,2025-12-25,2025-12-25 02:50:09.751946100,Performance,Low,Resolved,1
905065,17959,2026-08-08,2026-08-08 09:21:40.154383317,Feature Request,High,Resolved,5
905066,19205,2026-01-12,2026-01-12 15:17:37.622624596,Billing,Medium,Resolved,4
905067,16688,2026-06-02,2026-06-02 18:54:08.837576028,Integration,High,Resolved,4
905068,14614,2024-09-13,2024-09-14 05:01:56.412881551,Technical,Medium,Resolved,5
905069,12600,2025-02-13,2025-02-13 05:36:50.939350729,Technical,Medium,Resolved,1
905070,12394,2026-01-04,2026-01-04 12:17:08.359912161,Technical,Medium,Resolved,3
905071,15421,2025-01-05,2025-01-05 06:02:59.625150486,Feature Request,Medium,Resolved,4
905072,14344,2026-02-15,2026-02-15 06:20:54.885087196,Account,High,Resolved,5
905073,17298,2025-03-03,2025-03-03 07:29:28.454376814,Technical,High,Resolved,3
905074,10989,2026-07-05,2026-07-06 04:06:50.283380091,Technical,Medium,Resolved,4
905075,12203,2024-11-25,2024-11-25 12:44:48.218548369,Feature Request,Medium,Resolved,2
905076,13703,2025-06-17,2025-06-17 15:12:39.071336706,Feature Request,High,Resolved,3
905077,18886,2026-04-01,2026-04-01 04:00:39.696106647,Technical,Medium,Resolved,5
905078,10758,2025-12-26,2025-12-26 07:58:49.332268574,Integration,High,Resolved,4
905079,13454,2024-11-17,2024-11-17 14:56:02.387194821,Billing,Medium,Resolved,3
905080,13640,2025-11-26,2025-11-26 11:15:02.555089052,Technical,Low,Resolved,4
905081,15897,2026-04-05,2026-04-05 07:12:11.645830555,Billing,Low,Resolved,5
905082,13446,2024-09-10,2024-09-10 22:13:44.107368708,Security,Medium,Resolved,3
905083,17761,2026-01-11,2026-01-11 07:01:07.207352713,Feature Request,Medium,Resolved,4
905084,11773,2026-05-06,2026-05-06 18:24:25.798406580,Billing,Medium,Resolved,3
905085,16085,2024-04-19,2024-04-19 14:12:25.200984682,Billing,Medium,Resolved,4
905086,11318,2026-02-18,2026-02-18 18:50:36.865796499,Technical,Low,Resolved,4
905087,11126,2026-08-17,2026-08-17 11:49:42.428926858,Billing,Medium,Resolved,5
905088,15266,2026-05-02,2026-05-05 01:07:02.041462012,Performance,Medium,Resolved,4
905089,10662,2025-09-12,2025-09-12 12:21:13.469060746,Billing,High,Pending,3
905090,12272,2024-07-06,2024-07-06 08:36:05.680239598,Performance,Low,Resolved,4
905091,14697,2026-04-29,2026-04-29 02:00:56.832739606,Account,Medium,Resolved,2
905092,14527,2025-12-27,2025-12-27 11:25:47.860377549,Billing,Medium,Resolved,5
905093,15389,2026-07-19,2026-07-19 10:14:50.075390133,Technical,Low,Resolved,2
905094,10387,2026-08-22,2026-08-22 08:15:29.714580917,Billing,Medium,Open,4
905095,17874,2024-09-17,2024-09-17 10:30:23.589585442,Technical,Medium,Resolved,3
905096,14997,2026-08-07,2026-08-07 05:17:57.129135828,Technical,Low,Resolved,3
905097,15553,2026-08-01,2026-08-01 22:59:19.158255168,Billing,Medium,Resolved,3
905098,14470,2025-04-01,2025-04-01 15:19:36.797740032,Technical,Low,Resolved,1
905099,17277,2025-10-09,2025-10-09 14:45:33.502103686,Security,High,Pending,4
905100,13711,2026-06-19,2026-06-19 02:46:32.981586884,Performance,Low,Resolved,4
905101,12872,2025-09-13,2025-09-13 03:47:11.745155677,Integration,High,Resolved,5
905102,12098,2026-08-30,2026-08-30 08:12:05.693570960,Integration,Low,Resolved,5
905103,14415,2026-03-07,2026-03-07 17:40:14.208198657,Feature Request,Medium,Resolved,1
905104,12216,2025-12-02,2025-12-02 09:31:02.136628887,Feature Request,Medium,Resolved,5
905105,16151,2026-08-24,2026-08-24 06:56:51.844757089,Technical,Medium,Resolved,2
905106,18353,2025-05-18,2025-05-18 04:08:49.338234668,Feature Request,Low,Open,4
905107,18631,2024-10-11,2024-10-11 16:51:55.062206622,Account,Low,Resolved,5
905108,18159,2025-01-23,2025-01-23 13:00:16.435080064,Performance,Medium,Resolved,3
905109,17679,2025-06-15,2025-06-15 04:05:58.142668347,Technical,Medium,Resolved,3
905110,15795,2025-05-25,2025-05-25 08:56:43.732522543,Account,Low,Resolved,4
905111,10768,2025-01-12,2025-01-12 07:09:43.798214556,Performance,Low,Resolved,4
905112,16520,2025-03-26,2025-03-26 04:48:25.158109230,Technical,High,Open,5
905113,10139,2024-09-24,2024-09-24 03:59:10.885321741,Performance,Low,Resolved,5
905114,18088,2026-07-28,2026-07-28 14:28:17.230775372,Account,Low,Open,3
905115,13243,2024-10-25,2024-10-25 10:52:03.070903702,Security,Medium,Resolved,4
905116,19321,2025-02-11,2025-02-11 09:20:28.469018439,Account,Low,Resolved,4
905117,14582,2025-01-07,2025-01-07 04:15:23.089407915,Account,Medium,Resolved,5
905118,15849,2026-06-28,2026-06-28 18:03:26.293603406,Technical,Low,Resolved,4
905119,15413,2025-05-07,2025-05-07 19:36:26.662795401,Account,Medium,Open,5
905120,14347,2026-02-17,2026-02-17 17:17:10.996383400,Feature Request,Low,Resolved,5
905121,17716,2025-10-15,2025-10-15 04:30:12.749576590,Security,Medium,Resolved,3
905122,12277,2026-07-10,2026-07-10 14:34:12.662357797,Integration,High,Resolved,3
905123,19510,2025-02-20,2025-02-20 04:15:21.095380569,Account,Low,Resolved,1
905124,18219,2025-12-16,2025-12-16 03:38:31.297076016,Feature Request,Low,Resolved,5
905125,18033,2025-09-19,2025-09-19 03:36:30.463005574,Technical,Critical,Resolved,4
905126,12853,2025-08-05,2025-08-05 11:29:54.653842741,Billing,Low,Resolved,4
905127,13884,2025-03-10,2025-03-10 09:00:45.838785362,Feature Request,Medium,Resolved,4
905128,13695,2025-07-06,2025-07-07 03:28:13.246528094,Performance,Medium,Resolved,4
905129,15829,2026-06-29,2026-06-29 14:16:09.180264082,Technical,High,Resolved,4
905130,17029,2025-04-08,2025-04-08 14:07:48.299911989,Billing,Medium,Pending,1
905131,16072,2025-10-13,2025-10-14 10:58:41.765094800,Feature Request,High,Resolved,3
905132,18833,2024-12-25,2024-12-25 05:30:21.588994897,Technical,High,Pending,3
905133,18054,2025-06-09,2025-06-09 13:23:33.171877165,Billing,High,Resolved,4
905134,18642,2025-05-23,2025-05-23 11:55:13.755384973,Billing,Medium,Resolved,3
905135,18943,2025-09-14,2025-09-14 06:01:21.464918954,Integration,Medium,Resolved,4
905136,15517,2026-06-14,2026-06-14 20:38:18.468158604,Technical,Medium,Resolved,4
905137,15097,2026-03-16,2026-03-16 06:01:12.985666525,Performance,Low,Resolved,5
905138,10766,2026-08-10,2026-08-10 16:39:41.274150195,Technical,Medium,Open,4
905139,15123,2026-06-04,2026-06-04 05:51:50.661279525,Integration,Medium,Resolved,4
905140,14966,2025-01-05,2025-01-05 03:02:17.878950459,Billing,Medium,Resolved,4
905141,17983,2025-02-23,2025-02-23 14:16:56.780367337,Security,Low,Resolved,3
905142,13657,2026-01-03,2026-01-03 19:48:58.507725132,Performance,Low,Resolved,3
905143,12397,2025-11-04,2025-11-04 08:09:00.165823516,Account,High,Pending,4
905144,10349,2025-10-05,2025-10-05 08:37:31.935587253,Technical,Low,Resolved,5
905145,11220,2025-04-16,2025-04-16 09:10:40.182554902,Integration,Medium,Resolved,4
905146,13054,2024-12-01,2024-12-01 21:19:43.502379578,Integration,Low,Resolved,5
905147,19902,2024-08-16,2024-08-17 10:00:18.637839176,Technical,Medium,Resolved,3
905148,13123,2026-05-24,2026-05-25 06:04:33.859202602,Technical,Medium,Resolved,1
905149,18637,2026-01-12,2026-01-12 09:03:59.326661095,Technical,High,Resolved,4
905150,12154,2025-03-25,2025-03-26 01:28:06.152267733,Account,Medium,Resolved,2
905151,15496,2026-04-26,2026-04-26 08:09:18.911234793,Technical,High,Open,4
905152,16951,2025-06-24,2025-06-24 13:14:16.749620991,Billing,Low,Resolved,2
905153,19120,2025-05-13,2025-05-13 07:42:05.062854693,Technical,Medium,Open,5
905154,13470,2026-06-05,2026-06-05 21:06:11.303829576,Feature Request,High,Open,5
905155,11459,2024-08-18,2024-08-18 09:30:59.979419377,Performance,Medium,Resolved,4
905156,14034,2026-08-09,2026-08-09 08:05:09.485491804,Security,Low,Resolved,3
905157,15594,2025-10-05,2025-10-05 02:57:36.802754355,Account,Low,Pending,3
905158,13900,2025-10-31,2025-10-31 06:13:54.632550910,Performance,Medium,Resolved,3
905159,17590,2025-08-11,2025-08-11 05:56:08.154688189,Security,Medium,Resolved,1
905160,18213,2025-11-25,2025-11-25 06:08:25.088203266,Integration,Medium,Resolved,3
905161,18893,2026-02-12,2026-02-12 05:15:39.666345318,Billing,High,Open,4
905162,18165,2026-02-14,2026-02-14 10:39:37.543111124,Performance,Low,Open,4
905163,10802,2025-12-15,2025-12-15 12:56:48.163951503,Technical,Low,Resolved,3
905164,19712,2026-03-04,2026-03-04 02:43:26.465797149,Account,High,Pending,4
905165,12705,2025-11-09,2025-11-09 13:22:17.531444899,Performance,Medium,Resolved,4
905166,16964,2025-06-13,2025-06-13 15:41:29.716296248,Integration,Low,Resolved,5
905167,13258,2026-06-04,2026-06-06 13:58:22.348078104,Technical,Medium,Resolved,5
905168,14977,2025-08-22,2025-08-22 17:57:35.952442200,Billing,Critical,Resolved,3
905169,13651,2025-03-17,2025-03-17 14:35:39.979838580,Technical,Medium,Resolved,4
905170,19086,2026-08-18,2026-08-18 13:04:01.137010533,Security,Medium,Resolved,5
905171,12820,2024-06-13,2024-06-13 09:51:07.139986531,Technical,Low,Resolved,3
905172,14190,2026-03-22,2026-03-23 06:19:20.774787967,Account,Medium,Resolved,3
905173,16437,2026-07-25,2026-07-25 09:14:04.515320158,Technical,Medium,Resolved,4
905174,14625,2025-11-09,2025-11-09 05:35:45.263243137,Performance,High,Resolved,2
905175,17416,2024-11-24,2024-11-25 01:55:48.127113019,Technical,Medium,Resolved,4
905176,17234,2025-05-16,2025-05-16 04:51:04.501707235,Technical,Medium,Open,4
905177,16082,2026-07-17,2026-07-17 12:29:20.749044868,Account,Medium,Resolved,4
905178,13296,2025-06-07,2025-06-07 05:19:14.972963034,Billing,Medium,Resolved,3
905179,16904,2025-11-19,2025-11-19 13:47:06.156999006,Integration,Medium,Resolved,4
905180,12712,2026-02-14,2026-02-14 02:51:50.669656513,Billing,Low,Resolved,5
905181,14054,2024-12-11,2024-12-11 08:07:00.623555500,Performance,High,Resolved,3
905182,11416,2025-10-16,2025-10-16 18:48:23.000550840,Billing,High,Resolved,1
905183,15103,2026-06-16,2026-06-17 18:18:50.124086107,Feature Request,Critical,Resolved,2
905184,14245,2025-07-17,2025-07-17 14:43:28.758725014,Technical,Low,Resolved,5
905185,16085,2024-10-29,2024-10-29 21:17:15.258118725,Billing,Medium,Resolved,5
905186,16213,2024-08-13,2024-08-13 13:18:12.417894025,Performance,Medium,Resolved,5
905187,16460,2025-02-26,2025-02-26 07:05:08.368413954,Billing,Critical,Resolved,3
905188,10206,2024-08-12,2024-08-12 12:54:03.428420936,Technical,Low,Resolved,2
905189,15425,2025-10-22,2025-10-22 05:11:02.416785756,Technical,High,Resolved,3
905190,11321,2026-01-29,2026-01-29 06:20:19.074086300,Account,Low,Pending,3
905191,15006,2025-12-28,2025-12-28 04:48:35.700954904,Technical,Low,Resolved,4
905192,18404,2026-05-14,2026-05-14 06:10:18.624619448,Integration,Medium,Resolved,5
905193,12026,2026-08-10,2026-08-10 02:51:24.520493664,Feature Request,Medium,Resolved,4
905194,14690,2026-02-23,2026-02-23 08:18:54.497812845,Performance,Low,Resolved,4
905195,13370,2025-11-22,2025-11-22 05:19:27.717369682,Technical,Low,Resolved,5
905196,11258,2026-07-22,2026-07-22 07:22:52.085355391,Technical,High,Resolved,4
905197,17415,2026-05-11,2026-05-12 06:09:18.578153538,Billing,High,Resolved,4
905198,11255,2026-05-14,2026-05-15 10:02:59.600440482,Feature Request,Low,Resolved,4
905199,19369,2025-06-21,2025-06-21 05:33:49.399038828,Technical,High,Resolved,5
905200,10702,2025-10-10,2025-10-10 09:40:58.646546745,Account,Low,Resolved,5
905201,14230,2025-01-02,2025-01-03 01:43:35.359291660,Billing,Low,Resolved,2
905202,16666,2026-08-20,2026-08-20 03:58:23.017711987,Technical,Medium,Resolved,2
905203,17790,2024-03-28,2024-03-28 17:43:33.362436612,Account,Low,Resolved,3
905204,10231,2026-07-21,2026-07-21 06:46:09.767177896,Integration,Medium,Resolved,5
905205,19229,2025-04-24,2025-04-24 13:55:42.148978705,Performance,High,Resolved,4
905206,11865,2025-09-24,2025-09-24 19:38:10.164138504,Technical,Low,Resolved,3
905207,14183,2026-07-04,2026-07-04 06:44:23.000368452,Billing,Medium,Resolved,5
905208,10452,2025-08-21,2025-08-21 15:33:26.699855176,Account,Low,Open,4
905209,17951,2026-06-23,2026-06-23 14:21:17.196916086,Performance,Low,Resolved,5
905210,10358,2026-02-14,2026-02-14 20:41:36.088715324,Integration,Medium,Open,1
905211,18239,2026-05-10,2026-05-10 03:27:56.831274046,Technical,Medium,Resolved,1
905212,12871,2025-03-20,2025-03-20 06:46:47.789369022,Integration,Medium,Resolved,4
905213,16406,2024-10-19,2024-10-19 05:44:24.757079715,Security,Medium,Pending,5
905214,12719,2025-12-28,2025-12-28 04:09:39.561149095,Technical,High,Pending,3
905215,13483,2025-10-10,2025-10-10 16:36:21.660262682,Technical,High,Resolved,2
905216,14595,2026-03-04,2026-03-05 03:22:28.991271284,Feature Request,Low,Resolved,4
905217,13020,2025-07-15,2025-07-15 05:00:56.560931503,Feature Request,Medium,Pending,1
905218,19680,2026-02-10,2026-02-10 04:36:43.086835652,Technical,Medium,Open,5
905219,18111,2025-04-13,2025-04-13 14:47:25.661717725,Account,Low,Resolved,4
905220,10154,2026-07-22,2026-07-22 14:56:57.037054963,Integration,Medium,Pending,5
905221,14490,2025-06-12,2025-06-12 06:30:33.405864782,Technical,High,Resolved,5
905222,14426,2026-01-04,2026-01-05 00:13:09.681201019,Billing,Medium,Resolved,2
905223,17392,2024-11-30,2024-11-30 09:37:49.126696474,Performance,Low,Open,5
905224,14051,2024-12-29,2024-12-29 07:38:51.987952950,Billing,Medium,Resolved,2
905225,13846,2026-04-09,2026-04-09 07:20:06.881243283,Billing,High,Resolved,4
905226,17687,2025-03-21,2025-03-21 03:51:03.474815745,Technical,Medium,Resolved,2
905227,19818,2025-10-29,2025-10-29 02:04:18.688785272,Integration,Low,Resolved,5
905228,18863,2026-04-24,2026-04-24 09:35:36.866036965,Integration,Low,Resolved,5
905229,16337,2024-10-14,2024-10-14 04:55:43.800120958,Integration,Medium,Open,5
905230,16292,2026-06-06,2026-06-07 12:02:33.729682117,Account,Low,Resolved,5
905231,17659,2026-06-14,2026-06-14 09:11:37.984947871,Feature Request,High,Resolved,3
905232,14207,2026-04-08,2026-04-08 14:21:01.747235876,Billing,High,Resolved,2
905233,11392,2025-01-03,2025-01-03 04:33:11.778065524,Performance,High,Resolved,5
905234,17229,2026-06-19,2026-06-19 08:47:21.108676650,Account,Low,Resolved,4
905235,16084,2025-06-13,2025-06-13 16:05:58.834946241,Technical,Medium,Resolved,5
905236,11122,2026-01-27,2026-01-27 08:53:05.437813477,Billing,High,Resolved,4
905237,13433,2026-07-03,2026-07-03 10:22:26.685143540,Technical,Medium,Resolved,4
905238,10209,2026-07-07,2026-07-07 04:00:53.517747337,Performance,Medium,Resolved,5
905239,15949,2025-01-30,2025-01-30 10:40:22.801096156,Performance,High,Open,4
905240,19197,2026-08-25,2026-08-25 12:50:15.972091684,Performance,Medium,Resolved,5
905241,13090,2026-03-19,2026-03-19 19:08:42.902169255,Feature Request,Medium,Resolved,1
905242,12338,2026-06-30,2026-06-30 18:32:34.812155385,Technical,Low,Resolved,4
905243,15506,2025-11-06,2025-11-06 12:16:43.883949255,Integration,Medium,Resolved,4
905244,14805,2026-02-12,2026-02-12 10:24:18.660073831,Technical,Medium,Resolved,4
905245,19705,2026-02-16,2026-02-16 04:13:05.284389856,Security,Low,Resolved,4
905246,12515,2025-08-11,2025-08-11 06:19:23.282377881,Technical,Low,Resolved,2
905247,11589,2024-10-21,2024-10-21 14:01:27.012327913,Feature Request,Medium,Resolved,3
905248,11571,2026-01-22,2026-01-22 23:05:53.516962752,Account,Medium,Resolved,4
905249,15128,2026-06-26,2026-06-26 05:42:15.342888769,Billing,Medium,Resolved,1
905250,14074,2025-04-12,2025-04-12 08:58:01.808123671,Integration,Medium,Resolved,2
905251,14785,2026-03-18,2026-03-18 23:26:51.782832884,Feature Request,Low,Resolved,3
905252,15749,2026-06-19,2026-06-19 15:35:48.843246170,Technical,Low,Resolved,2
905253,10512,2025-04-29,2025-04-29 20:57:40.903541503,Performance,Low,Resolved,4
905254,15337,2024-06-04,2024-06-04 18:26:38.275891274,Technical,Low,Resolved,5
905255,16342,2025-09-06,2025-09-06 14:26:30.239600312,Performance,Low,Resolved,3
905256,11479,2026-04-18,2026-04-18 22:51:23.215422034,Billing,High,Resolved,2
905257,15851,2025-12-27,2025-12-27 04:48:56.161668229,Feature Request,High,Resolved,3
905258,17018,2026-03-26,2026-03-26 08:05:29.016175027,Feature Request,Medium,Resolved,2
905259,11835,2026-08-03,2026-08-03 14:48:41.726963973,Technical,High,Resolved,4
905260,10248,2025-09-30,2025-09-30 18:11:38.457665188,Billing,High,Open,3
905261,11589,2024-08-25,2024-08-25 18:27:56.734440721,Billing,Critical,Resolved,4
905262,14858,2025-01-14,2025-01-14 09:32:06.491070099,Account,High,Pending,5
905263,13753,2026-04-22,2026-04-22 03:28:18.637033742,Technical,High,Open,5
905264,12029,2026-06-25,2026-06-25 06:43:24.744359823,Technical,Medium,Resolved,4
905265,12786,2026-04-21,2026-04-21 12:16:48.700840508,Technical,Low,Resolved,5
905266,10540,2026-01-25,2026-01-26 08:04:02.082080650,Technical,High,Pending,5
905267,10321,2026-08-05,2026-08-05 06:30:44.025581804,Integration,High,Pending,5
905268,13834,2026-04-26,2026-04-26 07:16:07.330363759,Feature Request,Low,Resolved,4
905269,19449,2026-07-24,2026-07-24 10:50:22.755042895,Technical,Medium,Resolved,2
905270,14066,2025-07-11,2025-07-11 08:35:50.711217359,Performance,Low,Resolved,1
905271,10868,2024-11-03,2024-11-03 08:57:56.582275964,Integration,High,Resolved,4
905272,18901,2026-01-02,2026-01-02 09:40:46.283962011,Feature Request,Critical,Resolved,2
905273,12027,2026-01-23,2026-01-23 06:37:25.113002851,Billing,Low,Resolved,2
905274,10813,2025-09-21,2025-09-21 08:17:36.916874790,Performance,Low,Resolved,3
905275,12518,2025-12-25,2025-12-25 21:58:49.371618471,Technical,Medium,Open,5
905276,14269,2024-11-24,2024-11-24 08:55:54.608005333,Account,High,Open,5
905277,12073,2026-01-05,2026-01-05 19:33:26.556774512,Billing,Medium,Resolved,2
905278,19287,2026-05-05,2026-05-05 17:16:34.190241848,Performance,Medium,Resolved,4
905279,14894,2026-07-04,2026-07-04 03:01:24.072314206,Account,Medium,Resolved,5
905280,14456,2026-01-14,2026-01-14 12:26:01.990197157,Security,Low,Resolved,4
905281,13163,2026-08-02,2026-08-02 04:47:16.637931196,Integration,Low,Resolved,4
905282,18249,2025-04-21,2025-04-21 15:33:18.789679850,Integration,Medium,Resolved,3
905283,14450,2024-07-18,2024-07-19 01:59:31.878741231,Account,Low,Open,5
905284,14184,2026-08-04,2026-08-04 03:52:57.172644116,Billing,Low,Resolved,3
905285,17619,2026-06-04,2026-06-04 04:46:51.315519568,Performance,High,Resolved,5
905286,13324,2024-08-02,2024-08-02 12:24:43.084634922,Billing,Low,Resolved,4
905287,18766,2026-05-05,2026-05-06 12:56:08.730540866,Account,High,Resolved,4
905288,18199,2026-03-15,2026-03-15 08:05:04.386912421,Billing,Medium,Resolved,5
905289,12518,2025-12-25,2025-12-25 04:03:47.557496671,Integration,Low,Resolved,4
905290,12791,2025-09-16,2025-09-17 02:47:52.957382787,Security,High,Resolved,4
905291,16245,2026-03-04,2026-03-04 09:54:59.678108834,Billing,Low,Pending,5
905292,14214,2026-05-20,2026-05-20 06:39:26.697049524,Integration,Medium,Resolved,5
905293,15801,2025-07-12,2025-07-12 20:59:16.904011588,Billing,High,Pending,4
905294,17019,2026-08-11,2026-08-11 01:09:10.202314896,Feature Request,Medium,Resolved,5
905295,11275,2024-07-29,2024-07-29 20:08:24.793280804,Technical,Medium,Resolved,5
905296,14916,2024-10-07,2024-10-08 01:33:23.581846944,Feature Request,Critical,Resolved,5
905297,19626,2026-08-26,2026-08-26 09:49:49.014477631,Billing,High,Resolved,4
905298,17734,2025-06-06,2025-06-07 09:31:36.488287714,Performance,Medium,Resolved,5
905299,14976,2025-09-18,2025-09-18 12:33:10.454980021,Billing,Medium,Resolved,2
905300,10883,2025-06-27,2025-06-27 14:09:28.029040344,Integration,Low,Resolved,4
905301,11491,2026-01-26,2026-01-26 21:51:54.393453687,Technical,Low,Resolved,4
905302,10235,2026-08-02,2026-08-02 02:13:42.880582293,Performance,Low,Resolved,5
905303,17426,2026-06-14,2026-06-14 05:03:50.722651904,Technical,High,Open,5
905304,14140,2025-07-23,2025-07-23 16:19:22.972581120,Feature Request,Critical,Open,5
905305,18768,2026-06-07,2026-06-07 03:53:58.424705923,Integration,Medium,Open,1
905306,18855,2025-07-31,2025-07-31 12:27:33.962210424,Billing,High,Pending,5
905307,14852,2025-01-08,2025-01-08 06:03:28.846955556,Technical,Low,Resolved,4
905308,16171,2026-02-28,2026-02-28 06:07:45.501183994,Integration,Medium,Resolved,4
905309,12306,2025-06-30,2025-06-30 13:03:31.101116320,Integration,Low,Resolved,4
905310,12980,2026-01-19,2026-01-19 08:53:17.942942241,Technical,Low,Resolved,5
905311,19633,2026-04-26,2026-04-26 04:03:43.686519058,Technical,Medium,Open,2
905312,11041,2025-07-21,2025-07-21 10:57:50.203663844,Integration,Low,Resolved,5
905313,12119,2026-06-22,2026-06-22 02:18:38.769736950,Billing,Low,Resolved,4
905314,17621,2024-07-18,2024-07-18 06:00:36.865901257,Technical,High,Open,3
905315,11806,2024-05-08,2024-05-08 19:05:11.349611059,Technical,Low,Resolved,5
905316,17465,2025-12-19,2025-12-19 17:07:05.774347534,Integration,Low,Resolved,2
905317,19512,2024-05-01,2024-05-01 11:16:08.223426325,Technical,Low,Resolved,3
905318,19021,2025-05-03,2025-05-03 05:11:20.170248964,Feature Request,Low,Resolved,5
905319,12216,2025-10-26,2025-10-26 18:00:59.541384952,Performance,Low,Pending,4
905320,11084,2026-01-11,2026-01-11 10:23:48.678208425,Technical,Low,Resolved,1
905321,15538,2026-03-02,2026-03-02 10:33:36.100760385,Feature Request,Medium,Open,1
905322,19876,2025-08-26,2025-08-27 09:29:41.206025612,Billing,Low,Resolved,5
905323,13997,2026-07-06,2026-07-06 07:21:45.443350476,Security,Medium,Open,1
905324,11845,2026-03-06,2026-03-06 22:01:40.080203238,Integration,Medium,Resolved,1
905325,17670,2026-06-19,2026-06-19 05:51:17.687060427,Performance,Low,Resolved,3
905326,18979,2026-01-05,2026-01-05 01:36:07.157201418,Technical,Medium,Open,1
905327,14494,2025-05-23,2025-05-23 21:49:14.828073816,Performance,High,Resolved,4
905328,13612,2026-04-17,2026-04-17 05:41:14.231817038,Billing,Low,Resolved,1
905329,17048,2026-01-05,2026-01-05 18:56:31.663925527,Account,Low,Resolved,5
905330,16610,2026-04-18,2026-04-18 20:18:18.590375984,Feature Request,High,Resolved,4
905331,18447,2026-01-31,2026-01-31 05:55:31.720507057,Technical,Medium,Resolved,4
905332,19086,2026-08-18,2026-08-18 11:14:25.701068436,Account,Medium,Resolved,5
905333,11831,2026-06-10,2026-06-10 17:22:34.623324170,Feature Request,Medium,Resolved,3
905334,10659,2025-03-22,2025-03-22 23:30:30.309692083,Feature Request,High,Resolved,5
905335,14651,2024-10-14,2024-10-14 02:46:13.014035043,Technical,Medium,Resolved,4
905336,17602,2026-01-10,2026-01-10 06:21:09.470337181,Billing,Medium,Resolved,4
905337,17702,2025-09-19,2025-09-19 09:57:25.716730816,Account,High,Resolved,5
905338,16377,2025-08-19,2025-08-20 04:48:05.943178630,Technical,High,Resolved,5
905339,11798,2025-04-22,2025-04-22 11:35:32.745746918,Technical,Medium,Pending,4
905340,12660,2025-12-15,2025-12-15 13:40:52.199920038,Integration,Low,Resolved,4
905341,15964,2026-06-19,2026-06-19 12:34:57.896342749,Performance,Medium,Resolved,3
905342,14895,2025-10-03,2025-10-03 15:27:06.572433502,Integration,Low,Resolved,4
905343,13743,2025-06-09,2025-06-09 23:02:11.265177908,Performance,Medium,Resolved,4
905344,15763,2026-08-28,2026-08-28 08:51:25.618083256,Technical,Medium,Resolved,2
905345,14231,2026-06-11,2026-06-11 21:35:07.511187768,Technical,Low,Resolved,4
905346,11907,2026-05-23,2026-05-23 13:45:17.906019397,Security,Critical,Resolved,4
905347,13720,2026-07-17,2026-07-17 05:13:51.932508870,Billing,High,Resolved,5
905348,18116,2026-04-22,2026-04-22 11:31:18.537747960,Security,Low,Resolved,1
905349,14709,2026-06-13,2026-06-13 11:59:31.745109760,Performance,Low,Open,3
905350,18536,2025-12-23,2025-12-23 21:17:33.668076724,Technical,Medium,Resolved,4
905351,18030,2025-09-07,2025-09-07 09:51:02.548769515,Billing,Medium,Resolved,5
905352,16688,2026-06-02,2026-06-02 04:30:51.063264619,Integration,Medium,Resolved,3
905353,16178,2026-06-03,2026-06-04 06:39:51.980676386,Feature Request,Medium,Resolved,1
905354,14078,2024-09-27,2024-09-27 17:48:58.521144438,Account,High,Resolved,2
905355,16120,2024-09-22,2024-09-22 15:24:22.396952908,Technical,Medium,Open,4
905356,16849,2025-09-21,2025-09-23 13:38:13.313029441,Feature Request,Medium,Resolved,4
905357,19349,2026-05-11,2026-05-11 06:44:16.150606566,Account,Medium,Resolved,5
905358,18065,2025-07-13,2025-07-13 18:13:42.491077971,Security,Medium,Resolved,2
905359,10758,2025-12-26,2025-12-26 11:31:19.054903594,Technical,Medium,Resolved,2
905360,19776,2026-02-01,2026-02-01 22:37:17.511896118,Feature Request,Medium,Resolved,5
905361,15046,2024-03-15,2024-03-15 10:26:43.036236099,Performance,Medium,Resolved,5
905362,13552,2025-09-03,2025-09-03 15:26:12.400515196,Technical,High,Open,2
905363,17109,2026-06-11,2026-06-11 07:38:53.420900830,Technical,Medium,Resolved,5
905364,12288,2025-11-23,2025-11-23 13:13:49.576246107,Billing,Low,Resolved,2
905365,10863,2025-06-16,2025-06-16 11:34:38.162172241,Technical,High,Resolved,2
905366,15122,2026-05-04,2026-05-04 11:25:33.734184776,Technical,High,Resolved,3
905367,14505,2026-01-11,2026-01-11 07:13:37.543493820,Technical,Medium,Resolved,3
905368,14448,2025-11-16,2025-11-16 05:58:54.907124174,Technical,Medium,Resolved,5
905369,16763,2026-07-01,2026-07-01 04:27:01.684233694,Billing,Medium,Resolved,3
905370,11019,2025-12-25,2025-12-25 12:54:08.037141429,Technical,Medium,Resolved,5
905371,15276,2024-02-01,2024-02-01 13:22:00.047730172,Billing,Low,Resolved,2
905372,19628,2025-07-23,2025-07-23 03:30:02.118363976,Account,Medium,Resolved,2
905373,15354,2025-08-17,2025-08-17 04:25:12.576281995,Technical,Medium,Resolved,4
905374,14397,2026-05-15,2026-05-15 23:41:45.439373742,Technical,Medium,Resolved,4
905375,14433,2026-03-30,2026-03-31 06:30:10.473854986,Account,Low,Resolved,5
905376,13957,2026-08-12,2026-08-12 07:20:36.261246314,Feature Request,Critical,Resolved,4
905377,13585,2026-07-08,2026-07-08 05:24:39.203377862,Technical,Medium,Resolved,4
905378,16157,2024-04-27,2024-04-27 09:27:58.164334790,Account,Low,Open,2
905379,10962,2026-08-21,2026-08-21 08:40:23.538599310,Integration,Medium,Open,4
905380,18545,2026-04-02,2026-04-03 04:02:47.808230272,Integration,Low,Resolved,4
905381,18408,2026-04-10,2026-04-10 06:23:51.281900062,Performance,Medium,Resolved,3
905382,18572,2026-07-13,2026-07-13 05:15:57.349481590,Performance,Low,Resolved,5
905383,17577,2025-12-22,2025-12-22 06:47:20.161097674,Performance,Low,Resolved,4
905384,10674,2026-03-14,2026-03-14 06:36:11.358454690,Technical,Low,Open,3
905385,12190,2025-06-03,2025-06-04 12:07:11.536536939,Technical,Medium,Resolved,3
905386,12888,2025-02-18,2025-02-18 16:17:37.869881578,Integration,Low,Resolved,4
905387,15057,2024-07-13,2024-07-13 18:41:45.412772395,Security,Low,Resolved,5
905388,15240,2026-06-25,2026-06-25 08:04:04.265795791,Billing,Low,Resolved,2
905389,11686,2025-09-13,2025-09-13 19:31:24.354052374,Performance,Medium,Resolved,4
905390,16776,2026-01-06,2026-01-07 04:49:16.657313455,Technical,Medium,Resolved,3
905391,19528,2026-06-27,2026-06-27 07:25:49.450971979,Feature Request,Medium,Open,3
905392,14363,2026-03-24,2026-03-24 09:24:42.970727239,Technical,High,Resolved,2
905393,12228,2026-01-02,2026-01-02 03:35:54.775960350,Technical,Low,Resolved,5
905394,11074,2025-11-15,2025-11-15 20:07:19.699332423,Billing,High,Resolved,3
905395,16495,2025-04-03,2025-04-03 11:13:16.884064632,Billing,Low,Resolved,5
905396,13768,2024-06-21,2024-06-21 08:03:46.667234451,Performance,Medium,Open,5
905397,12086,2026-02-15,2026-02-15 20:35:01.539638419,Performance,Low,Resolved,3
905398,19600,2024-09-28,2024-09-28 10:49:09.805517965,Billing,Medium,Resolved,4
905399,15568,2024-08-26,2024-08-26 10:42:40.208819140,Feature Request,High,Resolved,4
905400,12509,2025-08-23,2025-08-23 15:02:03.427213686,Integration,Medium,Resolved,3
905401,15227,2025-04-29,2025-04-29 07:23:45.357565833,Account,Low,Resolved,3
905402,18533,2025-04-18,2025-04-18 04:54:09.136231606,Billing,Low,Resolved,2
905403,14018,2024-09-09,2024-09-09 16:44:23.849053843,Account,Medium,Resolved,5
905404,19903,2025-08-19,2025-08-19 11:21:29.560291272,Technical,Medium,Resolved,4
905405,13011,2024-12-15,2024-12-15 09:44:37.791988976,Technical,High,Resolved,5
905406,14171,2025-08-18,2025-08-18 11:59:02.742406807,Technical,High,Resolved,5
905407,12445,2025-03-04,2025-03-05 02:58:09.253749666,Billing,High,Resolved,5
905408,17215,2025-08-12,2025-08-12 09:32:27.327138917,Billing,Medium,Pending,4
905409,14527,2026-07-01,2026-07-01 04:20:49.330152499,Account,High,Resolved,5
905410,17452,2026-06-22,2026-06-22 13:04:20.875658530,Performance,Medium,Resolved,4
905411,13012,2026-08-14,2026-08-14 20:17:50.871832710,Billing,High,Resolved,4
905412,13921,2025-08-30,2025-08-30 23:42:59.724231195,Performance,Low,Resolved,3
905413,12025,2025-06-25,2025-06-25 14:54:32.043216610,Feature Request,Low,Resolved,4
905414,15083,2026-03-25,2026-03-25 07:30:20.972846286,Technical,High,Resolved,4
905415,13314,2025-11-05,2025-11-05 08:21:07.191114746,Performance,Medium,Open,4
905416,12037,2025-04-19,2025-04-19 10:55:56.328137670,Integration,Critical,Open,4
905417,17738,2024-06-20,2024-06-20 11:09:17.950850784,Account,Medium,Resolved,4
905418,15440,2026-02-24,2026-02-24 12:51:02.921262123,Billing,High,Resolved,3
905419,11632,2026-05-14,2026-05-15 06:16:24.736307912,Security,Medium,Resolved,4
905420,18969,2025-04-15,2025-04-15 13:21:35.754553692,Account,Low,Open,5
905421,18800,2026-03-14,2026-03-14 11:33:46.196100619,Account,Low,Open,2
905422,19064,2026-07-01,2026-07-01 11:51:18.153752360,Technical,Low,Resolved,4
905423,17327,2026-06-12,2026-06-12 15:01:57.446875070,Technical,Low,Resolved,4
905424,13324,2025-09-29,2025-09-29 02:54:41.033586355,Integration,Low,Resolved,5
905425,16212,2025-11-03,2025-11-03 04:47:46.456781463,Integration,Medium,Resolved,5
905426,17529,2026-05-08,2026-05-08 10:31:46.329099650,Technical,Medium,Resolved,5
905427,16177,2024-05-24,2024-05-24 08:36:27.744383048,Performance,Medium,Resolved,5
905428,16671,2026-05-02,2026-05-02 16:43:39.007025468,Account,High,Resolved,1
905429,18492,2024-11-02,2024-11-03 00:23:13.772546728,Technical,Medium,Resolved,1
905430,18926,2026-01-23,2026-01-23 11:52:46.326097538,Billing,Medium,Resolved,4
905431,11070,2024-07-11,2024-07-11 11:52:13.664009449,Feature Request,Low,Resolved,4
905432,12322,2024-06-23,2024-06-23 09:06:46.616647302,Technical,Medium,Resolved,3
905433,10628,2025-09-24,2025-09-24 04:57:36.272353665,Billing,Medium,Resolved,3
905434,18547,2026-05-02,2026-05-02 07:36:21.523643524,Integration,Medium,Pending,2
905435,13861,2025-11-27,2025-11-27 04:08:26.557492210,Account,Medium,Pending,5
905436,19355,2025-03-10,2025-03-10 07:21:34.886115000,Security,Low,Open,5
905437,14524,2025-03-12,2025-03-13 15:35:41.631413910,Security,High,Resolved,5
905438,17805,2024-05-06,2024-05-07 06:36:17.618409003,Account,Low,Resolved,2
905439,10738,2025-07-06,2025-07-06 13:06:07.562002435,Technical,Low,Pending,4
905440,17452,2026-06-22,2026-06-22 04:33:41.500876834,Security,Medium,Open,3
905441,19764,2024-03-11,2024-03-11 19:23:30.108881652,Account,Medium,Resolved,5
905442,10172,2024-09-17,2024-09-17 13:19:42.630517084,Feature Request,High,Resolved,4
905443,10652,2026-08-18,2026-08-18 02:56:23.528101844,Performance,Medium,Open,3
905444,17743,2026-02-09,2026-02-10 01:50:07.522217613,Account,Medium,Resolved,2
905445,12046,2026-06-18,2026-06-18 07:38:37.104651708,Feature Request,Medium,Resolved,4
905446,11910,2024-11-29,2024-11-29 11:08:37.953934800,Account,Medium,Resolved,2
905447,15822,2025-12-31,2025-12-31 05:13:02.996478350,Technical,Low,Resolved,2
905448,11963,2024-11-12,2024-11-14 20:43:25.546900555,Billing,Medium,Resolved,4
905449,16673,2026-04-09,2026-04-10 13:17:59.516089627,Security,Medium,Resolved,1
905450,15206,2025-04-21,2025-04-21 09:48:55.690132428,Security,Low,Resolved,5
905451,15123,2026-06-04,2026-06-04 18:31:17.367539224,Performance,Low,Resolved,2
905452,19725,2025-12-10,2025-12-10 22:18:38.839278013,Technical,Medium,Resolved,4
905453,17853,2025-02-27,2025-02-27 05:44:07.283212170,Integration,Low,Resolved,3
905454,19298,2026-04-18,2026-04-18 13:12:44.337083112,Billing,Low,Open,4
905455,15232,2025-05-02,2025-05-02 06:24:10.796656338,Integration,Medium,Resolved,5
905456,11048,2025-01-23,2025-01-23 04:26:58.606915704,Account,Low,Resolved,3
905457,11392,2026-07-09,2026-07-09 10:53:58.029922381,Performance,Critical,Resolved,5
905458,11238,2024-08-01,2024-08-03 17:49:41.538529174,Technical,Medium,Resolved,3
905459,16266,2026-01-28,2026-01-28 02:52:16.577200358,Integration,Low,Resolved,5
905460,16997,2025-05-13,2025-05-14 05:01:56.935959697,Billing,High,Resolved,3
905461,19801,2025-06-26,2025-06-26 12:09:57.348333237,Account,Low,Resolved,5
905462,19995,2026-02-23,2026-02-23 07:30:34.731084978,Feature Request,Low,Resolved,5
905463,15750,2025-10-11,2025-10-11 10:46:39.951711998,Feature Request,Medium,Resolved,1
905464,19936,2024-11-09,2024-11-09 12:26:29.981192571,Performance,Medium,Resolved,3
905465,12131,2025-09-03,2025-09-03 11:51:42.934575193,Technical,Low,Resolved,4
905466,14666,2024-12-15,2024-12-15 09:07:29.103799839,Integration,Low,Resolved,4
905467,10505,2025-08-11,2025-08-11 04:51:00.672087258,Account,Low,Resolved,2
905468,10832,2024-10-23,2024-10-23 06:53:26.195186299,Feature Request,Medium,Resolved,4
905469,14157,2026-01-11,2026-01-11 07:59:28.593594387,Account,Medium,Resolved,3
905470,19480,2026-01-08,2026-01-08 05:02:32.620392517,Feature Request,Medium,Resolved,4
905471,13888,2025-09-25,2025-09-25 05:36:06.326519864,Security,Low,Resolved,5
905472,15450,2025-07-10,2025-07-10 21:13:58.246264682,Account,Low,Resolved,1
905473,15877,2026-04-12,2026-04-12 16:40:02.981060659,Feature Request,High,Open,5
905474,12452,2026-06-27,2026-06-27 05:00:34.972572258,Feature Request,Low,Resolved,5
905475,17414,2025-05-14,2025-05-14 06:58:28.007529762,Performance,Medium,Resolved,4
905476,17250,2025-11-05,2025-11-05 16:15:54.403157563,Account,High,Resolved,2
905477,13214,2026-04-06,2026-04-06 05:52:26.575486910,Technical,Low,Resolved,3
905478,12102,2024-12-04,2024-12-04 03:13:00.621112008,Performance,High,Open,5
905479,13988,2026-03-31,2026-03-31 10:46:04.207510668,Billing,Medium,Resolved,4
905480,18041,2026-03-22,2026-03-22 17:22:56.275672486,Performance,Low,Pending,4
905481,19324,2025-06-12,2025-06-12 18:37:26.558794311,Technical,Low,Resolved,4
905482,13407,2025-11-26,2025-11-26 01:35:49.754586951,Performance,Low,Resolved,5
905483,11243,2026-02-17,2026-02-17 01:55:00.166145959,Feature Request,High,Resolved,5
905484,16767,2026-05-08,2026-05-08 21:56:20.970044811,Billing,High,Resolved,3
905485,17563,2026-04-19,2026-04-19 20:55:16.119629205,Technical,Medium,Resolved,3
905486,11350,2025-02-06,2025-02-06 06:26:32.722406548,Integration,High,Resolved,5
905487,13722,2026-05-11,2026-05-11 13:41:10.966352262,Security,Medium,Resolved,1
905488,16788,2025-02-21,2025-02-21 03:21:00.742150324,Performance,High,Pending,4
905489,17220,2026-03-14,2026-03-14 19:47:39.963437829,Technical,High,Resolved,3
905490,12661,2025-05-14,2025-05-14 04:38:33.081584326,Performance,Low,Resolved,4
905491,13971,2025-12-18,2025-12-19 11:54:36.480624386,Technical,Low,Resolved,4
905492,16995,2025-06-06,2025-06-06 07:58:50.830463744,Integration,Medium,Resolved,3
905493,19744,2025-09-05,2025-09-05 05:15:43.629848647,Security,Low,Resolved,5
905494,17221,2026-05-10,2026-05-10 05:00:43.149089361,Billing,Medium,Resolved,4
905495,18114,2026-03-18,2026-03-18 17:25:51.401260650,Account,Medium,Resolved,3
905496,16581,2026-05-17,2026-05-18 12:28:47.567068899,Technical,Medium,Resolved,4
905497,10517,2025-11-30,2025-11-30 08:34:56.547386968,Technical,Medium,Resolved,3
905498,13725,2026-06-16,2026-06-16 09:31:02.732991438,Technical,Medium,Resolved,1
905499,10709,2026-04-20,2026-04-20 10:13:38.786620155,Technical,Critical,Resolved,4
905500,15761,2026-08-23,2026-08-23 12:42:21.586442086,Account,Medium,Pending,4
905501,15676,2024-07-17,2024-07-17 14:15:34.992330454,Billing,Low,Resolved,5
905502,14164,2025-02-27,2025-02-27 01:42:37.544938696,Technical,Medium,Resolved,4
905503,12708,2026-08-05,2026-08-05 14:46:30.159706800,Feature Request,High,Resolved,1
905504,11019,2026-05-12,2026-05-12 14:30:36.457910902,Integration,Medium,Resolved,4
905505,11790,2026-07-04,2026-07-04 08:47:56.287081820,Performance,High,Pending,5
905506,11519,2025-04-27,2025-04-27 04:29:11.271185401,Feature Request,Low,Resolved,1
905507,12778,2025-09-01,2025-09-01 04:32:53.994610564,Billing,Medium,Resolved,4
905508,14962,2025-05-09,2025-05-09 22:49:39.462632133,Technical,Low,Resolved,5
905509,16002,2025-08-05,2025-08-05 04:41:11.935560447,Account,High,Resolved,3
905510,12820,2024-11-11,2024-11-11 05:33:38.807316176,Feature Request,Critical,Open,5
905511,18025,2025-08-09,2025-08-09 02:05:37.192463034,Performance,Low,Resolved,1
905512,13685,2025-07-03,2025-07-03 16:30:17.615105333,Feature Request,Medium,Resolved,4
905513,15070,2024-10-23,2024-10-23 07:22:19.787706778,Performance,Low,Resolved,5
905514,17006,2026-05-30,2026-05-30 10:04:41.228525917,Feature Request,Medium,Resolved,5
905515,15673,2026-06-29,2026-06-30 07:14:22.839796406,Integration,Medium,Resolved,3
905516,16837,2026-06-19,2026-06-19 14:31:04.764414842,Technical,Medium,Resolved,4
905517,19386,2025-12-26,2025-12-26 08:30:48.221795829,Billing,High,Resolved,2
905518,17601,2025-03-15,2025-03-15 16:16:32.882995264,Performance,Medium,Resolved,1
905519,18855,2025-07-16,2025-07-16 05:18:39.002844542,Feature Request,Low,Resolved,3
905520,17701,2025-04-20,2025-04-21 02:05:05.692590222,Feature Request,Medium,Resolved,4
905521,13916,2026-08-02,2026-08-03 15:40:13.661423806,Integration,Low,Resolved,3
905522,12959,2024-07-19,2024-07-19 09:26:09.881735582,Technical,Low,Resolved,4
905523,17435,2025-08-25,2025-08-25 19:23:41.616877790,Security,Low,Resolved,4
905524,18830,2026-01-15,2026-01-15 14:38:02.316047276,Feature Request,Medium,Resolved,5
905525,10658,2026-06-05,2026-06-05 12:58:12.045048186,Technical,High,Resolved,2
905526,11667,2026-02-02,2026-02-02 10:49:39.713113491,Billing,High,Resolved,5
905527,10266,2024-07-30,2024-07-30 04:38:53.906668440,Integration,High,Resolved,3
905528,17151,2024-10-23,2024-10-23 14:33:00.419497383,Technical,Medium,Resolved,4
905529,15338,2025-02-22,2025-02-22 11:54:00.292011001,Integration,Low,Resolved,5
905530,18147,2024-05-17,2024-05-17 09:27:48.586070257,Technical,Low,Resolved,5
905531,15504,2026-08-02,2026-08-02 03:16:51.472449483,Account,High,Pending,5
905532,19277,2025-07-05,2025-07-05 21:54:35.412463861,Account,Medium,Resolved,4
905533,11309,2025-12-29,2025-12-29 08:23:26.959399512,Technical,High,Resolved,2
905534,18867,2026-03-11,2026-03-11 18:45:29.263884728,Account,High,Resolved,4
905535,14359,2026-04-26,2026-04-26 12:03:46.904262591,Billing,Low,Resolved,5
905536,13522,2026-06-22,2026-06-22 13:18:10.352253067,Billing,Medium,Resolved,2
905537,13981,2026-04-16,2026-04-17 12:27:22.474767096,Performance,Medium,Resolved,4
905538,12414,2025-07-13,2025-07-13 03:52:34.379147521,Integration,Low,Resolved,4
905539,11785,2026-05-22,2026-05-22 03:47:17.522918862,Technical,Low,Resolved,3
905540,13141,2025-02-27,2025-02-28 01:14:46.877276565,Technical,Medium,Resolved,4
905541,12832,2025-09-27,2025-09-27 05:17:40.895124140,Performance,Low,Resolved,4
905542,13243,2025-10-28,2025-10-29 01:51:58.091512734,Performance,High,Resolved,2
905543,15651,2024-12-18,2024-12-18 08:50:38.128388089,Technical,Medium,Open,2
905544,10632,2025-03-29,2025-03-29 15:14:44.889896727,Feature Request,Low,Resolved,4
905545,11986,2026-05-01,2026-05-06 16:30:04.739592139,Billing,Medium,Resolved,5
905546,18074,2025-07-29,2025-07-29 07:50:42.210763594,Technical,Medium,Resolved,4
905547,18654,2024-12-07,2024-12-07 17:29:55.726065582,Technical,Low,Resolved,4
905548,11916,2026-04-04,2026-04-04 17:23:14.971823512,Integration,Medium,Resolved,5
905549,11774,2026-08-01,2026-08-01 14:24:27.891348904,Technical,Medium,Resolved,4
905550,13072,2025-10-25,2025-10-25 07:39:11.090973873,Technical,Low,Resolved,5
905551,19049,2026-03-11,2026-03-11 09:13:30.485738161,Technical,Medium,Resolved,5
905552,15682,2025-03-10,2025-03-10 12:23:05.322435763,Feature Request,Low,Resolved,3
905553,12457,2025-06-12,2025-06-12 07:03:21.676182048,Technical,Low,Resolved,4
905554,12188,2024-05-29,2024-05-29 02:01:21.470274948,Technical,Critical,Resolved,3
905555,11204,2026-05-13,2026-05-13 04:37:11.655832900,Account,Medium,Resolved,5
905556,15958,2024-06-28,2024-06-28 16:01:35.156507977,Performance,Medium,Resolved,3
905557,19539,2026-02-02,2026-02-02 16:16:43.005084776,Billing,Medium,Resolved,3
905558,14901,2026-07-18,2026-07-18 04:49:42.889724536,Technical,High,Resolved,4
905559,17028,2025-03-10,2025-03-10 06:25:50.672065908,Technical,Low,Resolved,5
905560,13781,2025-09-06,2025-09-07 02:31:20.168744307,Performance,Low,Resolved,5
905561,19590,2024-03-25,2024-03-25 14:03:40.470061208,Technical,Medium,Resolved,3
905562,13093,2026-08-22,2026-08-22 07:02:05.054904049,Feature Request,Low,Resolved,2
905563,10497,2025-11-07,2025-11-07 18:57:51.229785848,Technical,High,Resolved,5
905564,10257,2026-02-21,2026-02-21 12:30:24.980933815,Technical,High,Resolved,5
905565,11363,2025-07-12,2025-07-12 03:42:07.385618433,Technical,High,Resolved,4
905566,13277,2025-03-17,2025-03-17 20:53:41.441516401,Technical,Low,Resolved,3
905567,17566,2025-09-27,2025-09-27 05:25:35.564955502,Account,High,Pending,4
905568,12331,2026-03-28,2026-03-28 04:55:02.593857946,Account,High,Resolved,5
905569,19317,2025-12-30,2025-12-30 17:29:36.685921131,Technical,High,Resolved,5
905570,18965,2025-07-11,2025-07-11 14:47:33.345677547,Technical,High,Resolved,4
905571,18422,2026-08-30,2026-08-30 09:37:34.813634613,Account,Low,Resolved,3
905572,15615,2026-06-15,2026-06-15 18:55:19.743195950,Performance,High,Resolved,1
905573,14147,2025-12-23,2025-12-24 14:54:39.797326170,Billing,High,Resolved,4
905574,19792,2025-08-14,2025-08-15 01:37:19.968300804,Security,Low,Resolved,5
905575,17731,2024-11-02,2024-11-02 14:23:19.010497858,Performance,Medium,Resolved,2
905576,17149,2025-04-05,2025-04-05 12:21:35.244554756,Technical,Medium,Resolved,2
905577,12966,2026-06-26,2026-06-26 06:34:05.486191856,Performance,Medium,Resolved,4
905578,14157,2025-05-30,2025-05-30 06:00:13.727537244,Technical,Low,Resolved,4
905579,16086,2026-07-23,2026-07-23 05:23:04.589565381,Technical,Medium,Resolved,4
905580,18495,2024-06-23,2024-06-23 19:46:58.030563050,Account,Medium,Resolved,5
905581,12352,2025-04-01,2025-04-01 06:36:12.812915696,Account,Medium,Resolved,5
905582,12144,2025-05-18,2025-05-18 08:07:30.410341161,Security,Medium,Resolved,1
905583,14138,2024-11-26,2024-11-26 10:22:59.755360137,Feature Request,Low,Resolved,5
905584,16788,2024-09-08,2024-09-08 16:42:00.019339020,Billing,Low,Resolved,2
905585,10825,2024-12-19,2024-12-19 14:02:19.682757366,Account,Low,Resolved,4
905586,16624,2024-02-05,2024-02-05 03:40:36.717383964,Performance,Medium,Pending,4
905587,10723,2026-06-04,2026-06-04 16:11:10.940728124,Billing,Medium,Open,5
905588,16113,2024-05-27,2024-05-27 07:34:17.152700592,Account,Medium,Resolved,4
905589,10230,2025-06-05,2025-06-05 08:32:30.611250470,Integration,Low,Resolved,4
905590,10654,2026-01-03,2026-01-03 06:56:16.998368092,Integration,Low,Resolved,4
905591,10520,2026-07-13,2026-07-13 06:29:30.015239676,Billing,Medium,Resolved,5
905592,14607,2025-01-20,2025-01-20 14:32:35.653798896,Performance,Low,Resolved,4
905593,19970,2025-05-20,2025-05-20 08:50:11.499848253,Billing,Medium,Resolved,4
905594,18958,2025-10-16,2025-10-16 05:51:13.656212787,Performance,High,Resolved,2
905595,15523,2026-01-12,2026-01-12 09:10:23.447080034,Billing,Low,Resolved,1
905596,18733,2025-12-25,2025-12-25 15:30:53.322154210,Feature Request,Low,Resolved,5
905597,10702,2025-10-10,2025-10-10 20:19:30.175095345,Integration,Medium,Resolved,2
905598,15906,2026-01-12,2026-01-15 15:40:47.738127050,Performance,Medium,Resolved,2
905599,15727,2024-10-25,2024-10-25 15:10:20.744030884,Integration,Low,Open,4
905600,19286,2025-09-01,2025-09-01 02:32:37.226833594,Billing,Low,Resolved,3
905601,10104,2024-11-30,2024-11-30 03:21:49.152320215,Technical,Medium,Resolved,5
905602,11714,2025-12-18,2025-12-18 09:08:36.040725754,Performance,High,Pending,4
905603,16904,2025-11-19,2025-11-19 06:43:48.293534096,Performance,Medium,Resolved,4
905604,11999,2025-06-15,2025-06-15 04:41:07.795514112,Performance,Low,Resolved,4
905605,18609,2026-08-26,2026-08-26 20:19:46.396739708,Technical,Medium,Open,3
905606,19063,2026-07-25,2026-07-25 04:00:28.930036323,Billing,Medium,Resolved,4
905607,14210,2026-06-16,2026-06-17 02:53:33.461654251,Technical,Medium,Resolved,1
905608,19537,2026-05-13,2026-05-13 09:30:52.244417790,Integration,Low,Open,5
905609,19733,2026-04-07,2026-04-07 15:31:16.467004394,Technical,High,Resolved,3
905610,10816,2026-07-05,2026-07-05 11:49:26.954119200,Performance,Low,Resolved,4
905611,17898,2025-04-04,2025-04-04 12:05:25.496723587,Performance,Medium,Resolved,5
905612,14674,2025-07-10,2025-07-11 07:25:19.762731678,Technical,Medium,Resolved,4
905613,17110,2026-05-21,2026-05-21 05:02:09.043527278,Technical,Medium,Resolved,3
905614,15896,2025-05-28,2025-05-28 15:54:13.223210216,Technical,Low,Resolved,3
905615,12310,2025-10-09,2025-10-09 16:00:31.326253830,Technical,Low,Resolved,3
905616,19496,2025-10-05,2025-10-05 10:30:56.883368181,Account,Low,Resolved,4
905617,12693,2024-10-02,2024-10-02 13:50:15.963807541,Billing,High,Resolved,4
905618,18186,2025-03-02,2025-03-02 10:15:25.899014163,Technical,High,Pending,5
905619,15220,2025-09-03,2025-09-03 04:35:22.042040564,Account,Low,Resolved,3
905620,18224,2026-02-10,2026-02-10 06:05:31.640438684,Security,Medium,Resolved,2
905621,15380,2025-02-16,2025-02-16 07:17:40.298549352,Feature Request,Low,Resolved,4
905622,17498,2026-06-30,2026-06-30 04:13:48.558584798,Performance,Medium,Resolved,3
905623,10305,2025-05-18,2025-05-18 11:43:30.355756687,Feature Request,High,Resolved,4
905624,12781,2025-07-28,2025-07-28 21:58:53.396794873,Billing,High,Resolved,1
905625,17163,2025-11-25,2025-11-25 08:27:17.445790026,Technical,High,Resolved,4
905626,19024,2026-05-03,2026-05-03 11:44:20.120406813,Security,Low,Resolved,5
905627,18897,2026-02-24,2026-02-24 07:40:26.733284346,Technical,Medium,Resolved,3
905628,10223,2025-09-11,2025-09-11 13:03:54.562642153,Performance,High,Resolved,5
905629,17143,2026-01-04,2026-01-04 04:03:25.326473353,Billing,Low,Resolved,3
905630,16614,2025-11-06,2025-11-06 05:15:06.627487780,Technical,Low,Resolved,4
905631,11725,2025-12-24,2025-12-24 17:21:09.872234460,Performance,Low,Resolved,5
905632,10948,2025-12-16,2025-12-16 00:57:20.260779127,Billing,High,Resolved,4
905633,12652,2024-11-25,2024-11-25 08:57:35.125573525,Technical,Medium,Resolved,4
905634,15285,2026-06-23,2026-06-23 14:06:55.791180572,Security,Low,Resolved,5
905635,14822,2026-05-17,2026-05-18 02:21:10.278014814,Technical,High,Resolved,4
905636,14328,2024-07-04,2024-07-04 10:45:45.860035852,Feature Request,Medium,Resolved,4
905637,16304,2025-11-14,2025-11-14 07:53:44.183816289,Billing,High,Pending,1
905638,14349,2026-05-15,2026-05-17 15:28:50.013493125,Billing,Medium,Resolved,3
905639,12207,2024-11-29,2024-11-29 03:01:15.795522678,Performance,High,Open,4
905640,19306,2025-08-18,2025-08-18 21:21:45.969055401,Account,Medium,Resolved,4
905641,19513,2024-09-22,2024-09-22 00:56:09.957772669,Feature Request,Medium,Pending,5
905642,18519,2026-01-05,2026-01-05 06:06:55.020100964,Integration,High,Resolved,5
905643,19062,2026-03-07,2026-03-07 17:53:03.702271459,Feature Request,Medium,Resolved,5
905644,19147,2025-06-03,2025-06-03 12:34:09.052877528,Technical,Critical,Resolved,5
905645,16574,2026-02-14,2026-02-15 00:03:22.223390900,Technical,Low,Resolved,3
905646,17794,2026-08-21,2026-08-21 05:35:55.153592876,Account,High,Resolved,2
905647,11522,2025-01-09,2025-01-09 19:20:38.454063158,Technical,Low,Resolved,5
905648,16750,2024-12-06,2024-12-07 00:52:16.010315940,Security,Low,Open,4
905649,18095,2024-07-25,2024-07-25 02:52:09.080089341,Billing,Medium,Resolved,4
905650,17672,2025-08-26,2025-08-26 05:50:14.979130260,Performance,Low,Resolved,5
905651,13100,2025-02-25,2025-02-25 04:54:40.014499939,Performance,Low,Resolved,5
905652,13731,2025-12-15,2025-12-15 09:20:39.239975310,Integration,Medium,Resolved,4
905653,18506,2025-09-18,2025-09-18 10:48:38.065162471,Performance,Low,Resolved,1
905654,15104,2026-03-08,2026-03-08 13:49:39.537917824,Feature Request,Medium,Resolved,3
905655,18938,2024-08-16,2024-08-16 14:58:42.524878011,Integration,High,Resolved,4
905656,10538,2025-09-08,2025-09-08 07:31:45.426286707,Performance,Low,Resolved,5
905657,15634,2024-09-24,2024-09-24 03:31:23.510905147,Integration,Medium,Pending,5
905658,13975,2026-07-23,2026-07-23 03:11:03.130891252,Technical,Medium,Resolved,3
905659,15869,2026-04-24,2026-04-25 02:53:08.087484350,Performance,Medium,Resolved,2
905660,17044,2026-05-30,2026-05-30 08:46:27.196352778,Feature Request,Low,Resolved,1
905661,18467,2026-06-28,2026-06-28 10:59:32.141171810,Technical,Low,Resolved,5
905662,11690,2026-07-23,2026-07-23 09:18:07.393124012,Security,Low,Resolved,2
905663,15459,2025-06-21,2025-06-21 04:45:58.385916187,Integration,Medium,Resolved,3
905664,12821,2026-03-14,2026-03-14 07:29:23.038510974,Account,Low,Resolved,4
905665,11912,2025-02-24,2025-02-24 14:19:24.075012014,Account,Critical,Resolved,4
905666,14996,2025-07-07,2025-07-07 09:28:44.273663518,Technical,Medium,Resolved,4
905667,12592,2026-05-04,2026-05-04 06:17:26.583434559,Technical,Low,Resolved,4
905668,13289,2025-10-04,2025-10-04 20:52:25.487212688,Technical,Low,Resolved,4
905669,13354,2026-05-12,2026-05-12 05:34:06.044981124,Security,Low,Resolved,1
905670,15616,2025-06-26,2025-06-26 10:50:34.898432496,Performance,Critical,Pending,3
905671,13690,2025-08-13,2025-08-13 06:18:42.026516172,Account,High,Resolved,5
905672,13505,2026-07-07,2026-07-07 08:50:59.917064031,Feature Request,Medium,Resolved,1
905673,15486,2026-08-25,2026-08-25 13:41:57.052857724,Billing,Critical,Resolved,5
905674,13192,2025-03-17,2025-03-17 17:13:17.969314152,Integration,Low,Resolved,4
905675,19955,2026-01-17,2026-01-17 16:37:35.332639993,Account,High,Resolved,4
905676,12655,2026-03-03,2026-03-03 18:17:39.975797871,Account,Medium,Open,3
905677,17694,2026-03-02,2026-03-02 04:57:05.251558633,Technical,Medium,Resolved,4
905678,17714,2025-05-20,2025-05-21 04:16:48.551586621,Feature Request,High,Resolved,2
905679,17457,2026-06-21,2026-06-22 00:26:58.167612247,Performance,Low,Resolved,3
905680,10296,2025-10-22,2025-10-22 06:25:56.792902018,Account,Medium,Resolved,1
905681,15892,2026-01-24,2026-01-24 08:46:54.356295554,Feature Request,Low,Open,4
905682,17244,2025-09-10,2025-09-10 12:03:11.306404083,Technical,Medium,Resolved,4
905683,15206,2025-03-20,2025-03-20 04:25:17.954872590,Integration,High,Resolved,5
905684,14474,2026-03-07,2026-03-07 04:42:35.204051016,Feature Request,High,Resolved,5
905685,19217,2025-01-16,2025-01-16 12:30:08.829083602,Performance,Low,Pending,5
905686,19596,2025-09-05,2025-09-05 15:54:03.843977655,Performance,Medium,Resolved,3
905687,13960,2026-08-07,2026-08-07 07:38:26.058507853,Technical,Medium,Resolved,3
905688,17204,2026-06-24,2026-06-24 04:18:26.313080587,Billing,Medium,Resolved,5
905689,18146,2025-10-03,2025-10-03 08:30:30.189930857,Feature Request,High,Resolved,1
905690,11785,2024-11-20,2024-11-20 08:26:04.060324608,Feature Request,High,Resolved,5
905691,16988,2025-05-20,2025-05-20 19:52:44.744134630,Technical,Medium,Resolved,5
905692,18012,2026-02-07,2026-02-07 07:16:25.955574131,Account,Medium,Resolved,4
905693,12172,2025-12-31,2025-12-31 12:07:16.865359744,Security,Low,Resolved,4
905694,11773,2026-06-08,2026-06-08 04:59:47.336881981,Performance,High,Resolved,5
905695,14926,2025-12-20,2025-12-20 18:22:00.230160205,Feature Request,Medium,Resolved,2
905696,14634,2026-04-29,2026-04-29 05:49:53.269450294,Integration,Medium,Resolved,2
905697,18688,2025-05-09,2025-05-09 21:31:43.345881087,Integration,Low,Resolved,4
905698,11165,2026-04-27,2026-04-27 18:54:01.627451002,Technical,High,Resolved,4
905699,16788,2024-02-17,2024-02-18 04:12:08.808210806,Technical,Low,Resolved,4
905700,15205,2026-06-07,2026-06-07 11:37:33.944900674,Technical,Medium,Resolved,3
905701,18348,2026-01-22,2026-01-22 13:51:08.826802282,Performance,Medium,Resolved,1
905702,13055,2026-08-26,2026-08-26 07:17:40.448641102,Account,Medium,Resolved,3
905703,11185,2025-08-17,2025-08-17 07:50:47.014068955,Technical,Medium,Open,5
905704,17049,2025-01-23,2025-01-23 07:50:17.835955843,Technical,Low,Resolved,3
905705,13385,2024-03-30,2024-03-30 06:00:54.648675342,Account,High,Resolved,5
905706,14286,2026-06-01,2026-06-01 14:44:14.302870940,Integration,High,Resolved,4
905707,12865,2025-12-01,2025-12-01 10:29:20.529667633,Performance,Medium,Resolved,5
905708,17692,2026-06-01,2026-06-01 08:52:12.127342152,Billing,High,Resolved,4
905709,11748,2026-01-10,2026-01-10 05:01:21.265474404,Integration,Low,Resolved,5
905710,14788,2026-02-08,2026-02-08 12:49:12.785063376,Integration,High,Resolved,2
905711,18129,2025-02-15,2025-02-15 02:40:03.935369114,Integration,Medium,Resolved,3
905712,12122,2026-01-17,2026-01-17 21:47:55.054955155,Technical,Low,Resolved,5
905713,12821,2025-11-27,2025-11-27 08:00:28.197976298,Integration,Low,Resolved,5
905714,17214,2025-09-28,2025-09-28 11:18:37.397941444,Billing,Low,Open,4
905715,18699,2026-01-06,2026-01-06 09:44:53.148640570,Feature Request,High,Resolved,3
905716,14564,2025-05-15,2025-05-15 08:12:49.595659084,Security,Medium,Resolved,3
905717,18414,2026-02-27,2026-02-27 23:26:33.763958538,Feature Request,Low,Resolved,4
905718,10500,2025-03-01,2025-03-01 14:15:51.788597176,Feature Request,Low,Resolved,4
905719,15696,2025-05-23,2025-05-23 07:00:04.685741665,Billing,High,Open,5
905720,15470,2026-08-07,2026-08-08 18:14:26.141663551,Technical,Medium,Resolved,4
905721,10740,2026-02-19,2026-02-19 14:13:22.037898162,Account,High,Resolved,4
905722,16604,2026-06-29,2026-06-29 03:22:18.689535832,Performance,Low,Resolved,4
905723,10153,2025-08-28,2025-08-28 02:31:54.943806651,Technical,Low,Resolved,5
905724,11580,2026-07-25,2026-07-25 03:18:35.994623378,Performance,High,Resolved,5
905725,18245,2026-05-08,2026-05-08 11:38:23.293515246,Feature Request,Critical,Resolved,5
905726,18886,2026-02-01,2026-02-01 11:33:58.650296461,Account,Low,Resolved,4
905727,13419,2025-10-03,2025-10-03 14:13:23.200544931,Billing,High,Resolved,5
905728,19801,2024-08-05,2024-08-05 11:07:28.215348250,Integration,Low,Resolved,3
905729,11494,2026-02-26,2026-02-26 16:30:38.590001290,Security,Medium,Resolved,5
905730,10361,2025-11-01,2025-11-01 13:40:06.097866189,Billing,Medium,Resolved,5
905731,12232,2025-12-31,2025-12-31 06:21:56.359409011,Billing,High,Resolved,3
905732,15958,2024-06-28,2024-06-28 12:06:37.922153518,Technical,Low,Resolved,4
905733,13482,2025-08-17,2025-08-17 05:08:23.688605320,Technical,Medium,Resolved,4
905734,13251,2026-08-19,2026-08-19 10:21:43.134176257,Performance,Low,Resolved,4
905735,15195,2025-02-02,2025-02-02 12:59:48.984300337,Feature Request,Medium,Resolved,4
905736,12935,2026-02-06,2026-02-06 12:54:41.603182336,Feature Request,Low,Resolved,4
905737,10896,2026-03-26,2026-03-26 11:25:10.828379215,Feature Request,Low,Pending,5
905738,11110,2026-03-14,2026-03-14 11:42:14.808295908,Performance,High,Resolved,4
905739,15788,2026-06-08,2026-06-08 12:48:31.438919689,Account,Critical,Resolved,2
905740,16752,2026-08-03,2026-08-03 04:14:55.466606310,Integration,Medium,Resolved,3
905741,15391,2025-01-30,2025-01-30 14:42:12.760452802,Security,High,Open,4
905742,10775,2025-12-30,2025-12-30 09:44:29.688661410,Feature Request,High,Resolved,1
905743,19850,2025-10-04,2025-10-04 07:49:54.527658225,Technical,Medium,Pending,5
905744,19170,2024-09-22,2024-09-23 14:03:24.888608146,Billing,Low,Resolved,4
905745,14997,2026-02-08,2026-02-08 17:46:19.917864519,Billing,Medium,Resolved,3
905746,17383,2026-08-14,2026-08-14 08:34:37.248458073,Performance,Low,Resolved,4
905747,10983,2026-06-14,2026-06-14 02:00:01.369843020,Feature Request,Low,Resolved,5
905748,19199,2025-03-14,2025-03-14 07:55:41.627536100,Technical,High,Resolved,4
905749,19877,2026-08-28,2026-08-28 05:56:59.359284078,Technical,Medium,Resolved,1
905750,15584,2026-05-23,2026-05-24 08:58:08.945581000,Integration,Low,Resolved,3
905751,11174,2026-06-30,2026-06-30 17:03:50.095907658,Integration,High,Resolved,5
905752,12950,2025-01-02,2025-01-02 03:43:13.250960068,Integration,Low,Resolved,2
905753,16102,2025-08-22,2025-08-22 17:44:39.938160350,Technical,High,Resolved,4
905754,16661,2026-05-06,2026-05-06 05:02:18.669519326,Billing,Medium,Resolved,5
905755,18371,2025-02-14,2025-02-14 10:47:09.292624436,Feature Request,Medium,Resolved,4
905756,12749,2026-06-24,2026-06-25 05:59:36.505425562,Performance,Low,Resolved,2
905757,10125,2025-09-04,2025-09-04 04:35:27.517233008,Billing,Medium,Resolved,1
905758,17188,2025-10-18,2025-10-18 04:50:46.563970484,Technical,Medium,Open,5
905759,12933,2026-07-24,2026-07-24 03:28:47.889396004,Account,Medium,Pending,5
905760,14948,2026-02-10,2026-02-12 22:13:18.891146442,Billing,Medium,Open,1
905761,10102,2025-07-19,2025-07-19 12:04:10.460149568,Technical,Medium,Resolved,3
905762,18667,2026-02-16,2026-02-16 17:18:12.420236696,Technical,High,Resolved,4
905763,11800,2025-05-30,2025-05-30 02:28:48.060117775,Technical,Medium,Resolved,5
905764,15965,2025-10-17,2025-10-19 00:40:10.174628794,Account,Medium,Resolved,4
905765,19355,2025-04-17,2025-04-17 19:04:00.766181208,Technical,Critical,Open,4
905766,10572,2026-02-13,2026-02-13 17:31:21.768523726,Performance,Medium,Resolved,2
905767,17571,2026-06-28,2026-06-28 05:23:17.445420405,Technical,Low,Open,5
905768,14283,2025-01-24,2025-01-24 10:30:55.383937401,Account,Medium,Resolved,5
905769,11726,2026-04-23,2026-04-23 02:37:25.483258891,Integration,High,Resolved,4
905770,19133,2025-05-16,2025-05-16 08:17:57.478291983,Technical,Medium,Resolved,3
905771,12141,2024-12-30,2024-12-30 09:05:57.487483996,Feature Request,Medium,Pending,4
905772,14614,2025-10-11,2025-10-11 03:55:50.538957081,Technical,Low,Resolved,4
905773,13659,2026-08-17,2026-08-17 06:56:25.274295258,Billing,Medium,Resolved,5
905774,11139,2025-10-02,2025-10-02 09:31:19.200978346,Technical,Low,Resolved,3
905775,11165,2025-06-25,2025-06-25 07:56:33.057886250,Technical,High,Open,5
905776,18087,2025-04-03,2025-04-03 17:56:02.040522396,Billing,Low,Resolved,4
905777,19186,2024-06-12,2024-06-12 16:48:22.826666469,Account,High,Resolved,4
905778,18906,2026-05-25,2026-05-25 13:05:16.524115602,Performance,Low,Open,5
905779,13223,2025-12-09,2025-12-10 13:57:32.067785178,Performance,Low,Resolved,5
905780,12804,2025-06-10,2025-06-10 09:28:10.695291830,Technical,Medium,Resolved,5
905781,15465,2025-07-06,2025-07-06 07:15:09.879315814,Integration,Medium,Resolved,4
905782,16780,2026-03-11,2026-03-11 05:18:11.080555534,Billing,Medium,Resolved,4
905783,14406,2025-09-10,2025-09-10 18:36:03.511871128,Billing,High,Open,4
905784,14752,2026-07-21,2026-07-21 07:17:46.363517170,Integration,Low,Resolved,5
905785,13454,2026-05-22,2026-05-22 06:33:05.904320353,Integration,Low,Resolved,2
905786,15927,2025-02-28,2025-02-28 07:43:45.406554376,Billing,Medium,Resolved,3
905787,18664,2026-02-09,2026-02-10 04:36:38.492460637,Technical,Medium,Resolved,3
905788,10332,2026-06-19,2026-06-19 11:07:54.258362155,Performance,Critical,Resolved,3
905789,16911,2026-05-18,2026-05-18 06:38:15.946890712,Feature Request,Medium,Resolved,5
905790,14721,2026-01-13,2026-01-13 10:08:15.511949041,Performance,Low,Pending,5
905791,18581,2025-06-26,2025-06-26 20:18:26.449506417,Technical,High,Open,5
905792,16381,2024-04-28,2024-04-28 04:39:45.609878415,Billing,Medium,Resolved,3
905793,17384,2025-12-28,2025-12-28 19:04:20.003874693,Performance,Low,Open,5
905794,11382,2024-09-10,2024-09-10 08:58:00.088644154,Performance,Medium,Open,5
905795,13943,2026-02-18,2026-02-18 03:59:43.552285458,Technical,Medium,Open,3
905796,19406,2026-06-16,2026-06-16 15:22:47.004036182,Technical,Low,Resolved,5
905797,11616,2026-03-14,2026-03-14 02:03:38.585049534,Integration,Medium,Resolved,4
905798,17479,2025-03-13,2025-03-14 09:20:43.824414883,Technical,Low,Resolved,4
905799,15630,2024-05-27,2024-05-27 16:31:31.312950787,Integration,Low,Resolved,4
905800,14643,2025-08-17,2025-08-17 17:18:40.503537727,Feature Request,Low,Resolved,1
905801,17036,2025-12-14,2025-12-14 12:43:17.595494839,Billing,Low,Resolved,5
905802,13398,2026-05-29,2026-05-30 01:35:53.260980651,Technical,High,Open,4
905803,14116,2024-03-30,2024-03-30 05:39:02.859979150,Security,High,Resolved,5
905804,19394,2025-02-08,2025-02-09 00:42:35.289589932,Technical,High,Resolved,4
905805,18415,2025-04-29,2025-04-29 11:47:56.369669056,Security,Medium,Resolved,3
905806,14144,2026-01-06,2026-01-06 17:50:29.528041725,Performance,Medium,Pending,4
905807,12638,2026-05-18,2026-05-18 06:22:23.278663308,Technical,Low,Open,2
905808,19408,2025-12-07,2025-12-07 09:16:16.791638948,Technical,Medium,Open,5
905809,17051,2026-05-26,2026-05-27 12:53:33.352879552,Billing,High,Resolved,4
905810,18855,2026-05-10,2026-05-10 12:18:39.548036707,Feature Request,High,Resolved,5
905811,16285,2026-03-02,2026-03-02 03:41:31.813215154,Technical,Low,Resolved,4
905812,18873,2026-08-28,2026-08-29 01:15:55.937045091,Feature Request,Medium,Resolved,5
905813,12496,2025-10-13,2025-10-13 11:32:42.986021924,Technical,Low,Resolved,1
905814,16980,2026-04-12,2026-04-12 08:55:21.628644538,Account,High,Resolved,4
905815,17294,2024-11-18,2024-11-18 11:00:14.614608002,Performance,Low,Resolved,3
905816,19739,2026-06-12,2026-06-12 15:49:45.040915423,Integration,Medium,Resolved,3
905817,15638,2026-01-05,2026-01-05 06:41:46.526447526,Technical,Medium,Resolved,3
905818,13632,2026-02-16,2026-02-17 08:38:38.781863624,Security,Low,Resolved,5
905819,10510,2024-12-22,2024-12-22 02:44:00.921567753,Technical,Medium,Resolved,3
905820,10681,2025-11-28,2025-11-28 02:00:53.460713811,Technical,Medium,Pending,1
905821,16834,2026-03-16,2026-03-16 07:31:59.201048668,Technical,High,Resolved,5
905822,13564,2025-07-09,2025-07-09 11:20:22.025676321,Feature Request,Medium,Resolved,5
905823,16265,2025-08-02,2025-08-02 06:02:31.229937780,Integration,Low,Resolved,4
905824,16201,2026-05-21,2026-05-21 10:00:57.997251921,Billing,Low,Resolved,3
905825,15239,2024-04-06,2024-04-06 02:45:26.120535372,Feature Request,Low,Resolved,3
905826,18475,2024-06-18,2024-06-18 11:38:20.371135182,Technical,Medium,Resolved,4
905827,17748,2025-07-09,2025-07-09 10:49:56.507989195,Billing,High,Resolved,4
905828,14766,2025-03-21,2025-03-21 05:26:16.337699142,Technical,High,Resolved,3
905829,17150,2025-10-16,2025-10-16 03:08:31.648297239,Account,Low,Resolved,4
905830,19848,2025-10-14,2025-10-14 23:33:40.135496140,Integration,High,Pending,3
905831,19225,2026-08-24,2026-08-24 22:20:22.378136744,Billing,High,Resolved,2
905832,18021,2026-01-19,2026-01-19 09:28:14.020440538,Account,Medium,Open,3
905833,15105,2025-05-29,2025-05-29 10:42:27.531614120,Feature Request,Medium,Resolved,5
905834,12483,2026-06-01,2026-06-01 17:05:48.443381887,Billing,Medium,Resolved,4
905835,10319,2026-03-23,2026-03-23 11:36:36.810052300,Billing,Medium,Resolved,5
905836,15681,2025-01-16,2025-01-16 02:02:53.001378931,Feature Request,Medium,Resolved,3
905837,18043,2026-01-01,2026-01-01 09:04:33.876916608,Technical,Medium,Resolved,4
905838,12820,2024-08-23,2024-08-23 05:30:47.760193490,Performance,Medium,Resolved,2
905839,16531,2024-11-30,2024-11-30 06:16:24.732297490,Performance,High,Resolved,4
905840,15760,2025-03-27,2025-03-27 07:16:08.837347400,Technical,Medium,Resolved,5
905841,13660,2025-10-30,2025-10-30 14:25:53.758465237,Integration,Medium,Resolved,1
905842,11134,2026-02-12,2026-02-12 08:07:07.634286544,Technical,Low,Resolved,4
905843,12324,2024-07-25,2024-07-25 14:28:07.001924656,Performance,Low,Open,4
905844,15132,2025-02-15,2025-02-15 05:07:30.727280132,Feature Request,Low,Resolved,2
905845,16447,2026-04-01,2026-04-01 06:28:05.526363626,Feature Request,Low,Resolved,3
905846,17085,2024-07-04,2024-07-04 05:43:09.564087525,Feature Request,Low,Open,2
905847,14988,2026-07-14,2026-07-14 18:49:40.814332035,Feature Request,Medium,Pending,2
905848,11131,2026-07-29,2026-07-29 07:22:09.609376213,Technical,Medium,Resolved,5
905849,10658,2024-04-25,2024-04-25 05:52:50.613304231,Feature Request,High,Resolved,4
905850,11753,2025-10-13,2025-10-13 16:15:31.795445606,Performance,Medium,Resolved,5
905851,10973,2026-04-01,2026-04-01 14:38:59.193920104,Integration,Medium,Resolved,4
905852,13610,2025-09-14,2025-09-14 12:26:37.523583978,Technical,Medium,Resolved,4
905853,14355,2026-04-08,2026-04-08 07:03:56.412430016,Feature Request,Medium,Resolved,3
905854,16602,2026-01-02,2026-01-02 07:03:03.161121415,Billing,High,Resolved,5
905855,17285,2026-05-20,2026-05-21 15:25:17.030323632,Technical,Low,Resolved,2
905856,12109,2026-08-29,2026-08-29 06:47:11.713958962,Technical,Medium,Pending,5
905857,12239,2025-09-01,2025-09-01 11:36:27.451281063,Performance,Low,Resolved,4
905858,19510,2025-02-20,2025-02-20 06:06:50.476494859,Technical,Medium,Resolved,5
905859,11206,2024-07-01,2024-07-01 06:56:32.548189646,Account,Low,Resolved,1
905860,12925,2026-01-22,2026-01-22 08:13:50.954786886,Account,Medium,Resolved,4
905861,18502,2026-04-27,2026-04-27 10:56:10.299423235,Integration,Medium,Resolved,5
905862,12460,2025-07-07,2025-07-08 17:44:19.401639018,Account,Low,Resolved,3
905863,13738,2024-08-23,2024-08-24 01:24:24.026075053,Technical,High,Resolved,5
905864,15819,2026-08-24,2026-08-24 16:25:14.205548946,Account,High,Resolved,4
905865,14375,2024-10-26,2024-10-26 16:16:57.345545564,Performance,High,Resolved,5
905866,19825,2024-08-23,2024-08-23 03:52:42.303807375,Billing,Low,Resolved,5
905867,19213,2025-09-16,2025-09-16 01:27:22.330150711,Feature Request,Low,Resolved,1
905868,15984,2024-07-01,2024-07-02 03:33:27.550300150,Performance,High,Resolved,2
905869,13036,2026-07-10,2026-07-10 08:42:27.539932482,Billing,High,Resolved,3
905870,19332,2025-11-19,2025-11-19 07:01:28.423404242,Security,Low,Resolved,4
905871,14054,2024-12-11,2024-12-11 18:02:13.589483690,Billing,Medium,Resolved,2
905872,13616,2024-08-21,2024-08-21 05:02:52.247305485,Security,Medium,Resolved,5
905873,12611,2026-08-28,2026-08-28 13:41:50.931907936,Technical,Medium,Resolved,3
905874,19417,2025-12-19,2025-12-19 17:29:49.659154418,Performance,Medium,Resolved,5
905875,10644,2026-06-30,2026-06-30 02:57:56.697419026,Account,Low,Resolved,3
905876,16085,2024-04-16,2024-04-16 11:45:01.080277362,Performance,High,Resolved,4
905877,17130,2025-10-13,2025-10-13 07:59:30.913687204,Technical,High,Resolved,4
905878,18011,2024-06-30,2024-06-30 08:44:56.334006769,Billing,Medium,Resolved,5
905879,16151,2026-03-17,2026-03-17 04:16:49.861455700,Performance,Low,Resolved,1
905880,13422,2025-07-19,2025-07-19 12:41:08.080387738,Technical,Low,Resolved,5
905881,16833,2026-02-24,2026-02-24 06:12:20.254583926,Technical,Low,Resolved,4
905882,17349,2026-05-30,2026-05-30 02:55:18.665412049,Billing,Low,Resolved,5
905883,10760,2026-03-22,2026-03-22 10:35:32.982026949,Technical,Medium,Resolved,1
905884,12813,2026-06-26,2026-06-26 02:26:43.525371742,Performance,Medium,Resolved,5
905885,10863,2025-08-02,2025-08-02 07:49:23.867371185,Billing,Low,Resolved,3
905886,18314,2025-10-23,2025-10-23 10:51:00.809007627,Account,Low,Resolved,3
905887,18210,2025-09-14,2025-09-14 06:27:35.372613682,Account,Low,Open,4
905888,18183,2025-04-23,2025-04-23 11:51:37.888115202,Security,High,Open,5
905889,18515,2026-03-03,2026-03-03 20:49:39.356328327,Billing,Low,Pending,3
905890,10347,2025-01-26,2025-01-27 01:24:35.307226065,Feature Request,Low,Resolved,5
905891,15061,2026-04-12,2026-04-12 08:26:14.010046216,Technical,Low,Resolved,3
905892,16918,2025-06-13,2025-06-13 04:33:15.703006093,Performance,Medium,Resolved,1
905893,16023,2025-06-01,2025-06-01 14:01:59.032805826,Billing,Low,Resolved,4
905894,18158,2025-11-21,2025-11-21 09:36:35.815603240,Feature Request,Medium,Resolved,4
905895,11363,2024-10-09,2024-10-09 07:05:22.743744082,Integration,Medium,Resolved,2
905896,10739,2025-10-13,2025-10-13 04:18:17.273641359,Billing,Low,Resolved,5
905897,15100,2024-12-08,2024-12-08 06:54:22.403819440,Security,Low,Resolved,3
905898,16414,2026-06-27,2026-06-27 05:19:57.994673275,Performance,Low,Resolved,1
905899,10685,2025-12-20,2025-12-20 04:49:29.251480364,Performance,Medium,Resolved,5
905900,13683,2026-02-23,2026-02-24 03:13:03.795337668,Technical,Low,Resolved,5
905901,13562,2025-04-05,2025-04-05 03:31:02.429698216,Integration,High,Resolved,4
905902,17398,2026-06-22,2026-06-22 20:41:54.677532984,Billing,High,Resolved,4
905903,14130,2025-01-03,2025-01-03 03:48:07.447183534,Account,High,Resolved,2
905904,11221,2025-06-04,2025-06-04 07:24:53.484920355,Security,Low,Open,4
905905,19545,2026-08-31,,Technical,Medium,Resolved,4
905906,13652,2024-12-18,2024-12-18 11:21:39.110273892,Account,Low,Resolved,4
905907,18561,2026-05-21,2026-05-21 07:09:23.628657578,Technical,Critical,Resolved,3
905908,14626,2025-08-18,2025-08-18 05:22:46.809283353,Technical,Low,Resolved,4
905909,10517,2025-04-17,2025-04-18 17:19:29.972867185,Performance,Low,Resolved,4
905910,18433,2025-05-09,2025-05-09 05:19:00.192506905,Account,Medium,Resolved,4
905911,16770,2026-05-06,2026-05-06 07:01:56.281671105,Billing,Medium,Open,5
905912,18404,2026-05-14,2026-05-15 11:14:51.468806335,Technical,Medium,Resolved,4
905913,18260,2026-06-06,2026-06-06 11:22:36.749170448,Performance,Medium,Resolved,5
905914,18040,2025-04-16,2025-04-16 09:05:56.696046464,Performance,Medium,Resolved,3
905915,19508,2026-07-05,2026-07-05 16:32:32.148798936,Technical,Medium,Resolved,4
905916,16292,2025-02-09,2025-02-09 08:56:49.571097842,Technical,Low,Resolved,5
905917,14316,2026-08-19,2026-08-19 03:00:19.945613559,Integration,Low,Resolved,4
905918,15593,2025-12-29,2025-12-29 05:00:20.652085796,Performance,Medium,Resolved,1
905919,18671,2025-06-16,2025-06-16 05:10:57.543262788,Technical,High,Resolved,4
905920,15334,2026-02-03,2026-02-03 09:07:53.459219481,Integration,High,Resolved,5
905921,15471,2024-03-20,2024-03-20 05:14:05.028369745,Feature Request,Medium,Resolved,3
905922,17213,2025-02-16,2025-02-16 08:22:17.827911364,Billing,Medium,Resolved,1
905923,18929,2025-04-17,2025-04-17 03:31:43.128139994,Security,Medium,Resolved,4
905924,10505,2025-08-11,2025-08-11 11:06:08.189316345,Feature Request,Medium,Resolved,4
905925,16542,2026-07-08,2026-07-08 17:01:52.355935873,Billing,High,Resolved,5
905926,19632,2025-06-24,2025-06-24 06:04:38.881653729,Integration,Low,Resolved,2
905927,10396,2024-04-12,2024-04-12 06:24:56.284854451,Technical,Low,Resolved,5
905928,17140,2026-03-14,2026-03-14 11:24:54.025390706,Billing,High,Resolved,5
905929,11483,2026-03-15,2026-03-15 09:53:14.866589925,Technical,Critical,Resolved,4
905930,16710,2026-08-21,2026-08-21 07:36:00.195607767,Technical,Medium,Resolved,2
905931,14395,2026-06-07,2026-06-07 04:04:15.139655122,Feature Request,High,Pending,3
905932,17475,2025-04-23,2025-04-23 13:20:08.579971330,Performance,Medium,Resolved,3
905933,18748,2024-12-28,2024-12-28 21:47:01.148290501,Billing,Medium,Resolved,5
905934,19998,2026-05-26,2026-05-26 04:55:49.844602452,Integration,High,Resolved,4
905935,16296,2024-03-01,2024-03-01 06:48:24.792886450,Technical,Medium,Resolved,1
905936,12049,2026-06-30,2026-06-30 21:32:16.935027378,Technical,Low,Resolved,1
905937,15807,2025-12-24,2025-12-24 08:29:53.744654094,Technical,Low,Resolved,4
905938,13280,2025-12-04,2025-12-04 10:31:08.554491462,Security,Medium,Resolved,1
905939,10389,2026-02-25,2026-02-25 20:57:56.748072661,Performance,Medium,Resolved,4
905940,17561,2026-02-08,2026-02-08 08:30:41.035832733,Feature Request,Low,Resolved,4
905941,13738,2025-07-29,2025-07-29 18:47:33.219706851,Integration,Low,Resolved,4
905942,12668,2024-07-04,2024-07-04 11:31:56.947749254,Feature Request,High,Open,4
905943,16729,2024-12-22,2024-12-22 15:39:12.694853559,Performance,Low,Pending,3
905944,13092,2024-09-26,2024-09-26 03:30:13.288466638,Technical,Low,Resolved,4
905945,15205,2026-07-05,2026-07-05 11:46:30.919734350,Security,Medium,Resolved,1
905946,19242,2026-07-08,2026-07-08 09:23:33.739193086,Billing,High,Resolved,2
905947,17654,2026-08-19,2026-08-19 03:58:37.180490718,Integration,Medium,Resolved,5
905948,10982,2025-04-02,2025-04-02 14:12:00.415683072,Billing,Low,Resolved,5
905949,13697,2025-03-16,2025-03-16 09:43:55.182053168,Account,Medium,Resolved,4
905950,16017,2025-07-31,2025-07-31 01:19:34.982041465,Security,Low,Open,4
905951,11343,2024-02-16,2024-02-16 13:07:53.651530552,Billing,Low,Resolved,3
905952,11965,2024-05-07,2024-05-07 08:52:29.639193027,Billing,Low,Resolved,3
905953,14867,2026-07-30,2026-07-30 04:07:23.248165202,Performance,High,Resolved,5
905954,15840,2026-05-02,2026-05-02 04:47:04.641597927,Performance,Low,Open,4
905955,19903,2025-08-19,2025-08-19 05:56:19.185403423,Technical,Medium,Resolved,4
905956,16507,2026-02-04,2026-02-04 03:00:38.038912570,Performance,Low,Resolved,5
905957,11978,2026-04-18,2026-04-18 13:09:11.640106688,Feature Request,Medium,Resolved,5
905958,18438,2026-02-09,2026-02-09 09:54:52.264470204,Technical,Low,Resolved,3
905959,13737,2026-03-20,2026-03-20 23:41:46.306461454,Billing,Medium,Resolved,5
905960,12142,2026-08-31,,Billing,Medium,Resolved,5
905961,14494,2026-05-08,2026-05-08 17:59:05.417434572,Integration,Medium,Resolved,5
905962,17567,2024-03-09,2024-03-09 06:23:33.067226961,Technical,Medium,Resolved,4
905963,15433,2025-09-30,2025-09-30 21:45:50.665121010,Technical,Medium,Resolved,4
905964,14636,2026-02-03,2026-02-03 12:23:17.576230534,Technical,High,Pending,3
905965,10501,2025-02-26,2025-02-26 05:22:43.692705235,Integration,Low,Resolved,5
905966,11142,2026-06-19,2026-06-19 03:50:41.919794023,Technical,Medium,Resolved,3
905967,16764,2025-03-26,2025-03-26 17:26:16.251471938,Security,Low,Resolved,4
905968,15576,2024-11-09,2024-11-10 04:46:33.514868146,Technical,Critical,Open,3
905969,14811,2025-03-08,2025-03-08 09:24:00.027351997,Account,Low,Resolved,5
905970,11850,2024-06-10,2024-06-11 20:26:20.561736620,Security,Medium,Resolved,1
905971,19278,2026-05-05,2026-05-05 23:22:41.424647908,Technical,Low,Resolved,3
905972,14233,2025-06-20,2025-06-20 22:20:12.243816276,Technical,High,Resolved,5
905973,12482,2024-07-27,2024-07-27 03:23:54.404750846,Technical,Medium,Resolved,4
905974,12380,2026-06-24,2026-06-24 05:39:10.760852149,Feature Request,Medium,Resolved,2
905975,19249,2026-05-10,2026-05-10 02:02:28.380839121,Technical,Critical,Resolved,5
905976,12408,2026-07-12,2026-07-12 14:34:14.510308008,Billing,Low,Resolved,3
905977,13309,2026-01-29,2026-01-29 08:17:28.249951455,Billing,High,Resolved,3
905978,18489,2025-12-09,2025-12-09 12:02:35.228460339,Technical,Low,Pending,2
905979,12426,2025-01-22,2025-01-22 08:04:40.362382977,Performance,High,Resolved,4
905980,10358,2024-04-03,2024-04-03 10:59:51.361086624,Billing,Low,Resolved,3
905981,15641,2025-11-14,2025-11-14 02:50:07.002766316,Security,Low,Resolved,3
905982,13477,2024-11-26,2024-11-26 07:04:26.322166336,Technical,High,Open,5
905983,11892,2025-08-29,2025-08-29 08:46:22.751110862,Billing,High,Resolved,5
905984,12122,2025-10-08,2025-10-08 05:15:58.455371761,Account,High,Resolved,3
905985,10324,2025-04-20,2025-04-20 18:44:27.148048843,Technical,Medium,Open,4
905986,14936,2026-05-29,2026-05-29 05:48:09.941520664,Account,High,Open,5
905987,10297,2026-08-02,2026-08-02 07:12:37.678460356,Performance,Low,Resolved,4
905988,10565,2024-11-25,2024-11-25 11:00:34.276294947,Integration,High,Resolved,4
905989,19238,2024-03-16,2024-03-16 15:16:47.975463202,Billing,High,Resolved,4
905990,11830,2026-06-01,2026-06-01 07:08:42.197203075,Account,Low,Resolved,3
905991,12740,2025-03-10,2025-03-10 05:09:49.480827076,Technical,Low,Resolved,5
905992,17564,2026-07-25,2026-07-25 12:08:36.312224441,Technical,Medium,Resolved,4
905993,14849,2024-04-03,2024-04-03 08:41:09.980962260,Feature Request,High,Resolved,5
905994,18420,2026-01-07,2026-01-07 09:16:36.355192089,Security,Medium,Resolved,4
905995,13490,2025-10-19,2025-10-19 23:23:21.602982670,Performance,Medium,Resolved,5
905996,10205,2026-08-07,2026-08-07 07:01:35.161703734,Performance,Medium,Resolved,4
905997,13372,2025-09-11,2025-09-11 06:27:21.400912162,Technical,High,Pending,2
905998,15363,2026-08-06,2026-08-06 09:48:47.359863788,Feature Request,Low,Pending,4
905999,17652,2025-07-16,2025-07-16 04:56:25.627289452,Billing,High,Resolved,4
906000,13418,2026-02-04,2026-02-04 04:03:21.872617336,Technical,Medium,Resolved,5
906001,19576,2025-09-30,2025-09-30 11:31:24.729004426,Technical,High,Resolved,3
906002,19822,2026-07-04,2026-07-05 05:58:02.098165339,Feature Request,Medium,Resolved,5
906003,17315,2026-08-12,2026-08-13 18:59:53.025759416,Technical,Medium,Resolved,5
906004,17603,2026-02-27,2026-02-27 04:57:40.587203840,Technical,Low,Resolved,5
906005,10589,2025-10-31,2025-10-31 03:44:30.029502472,Account,Medium,Pending,1
906006,18647,2026-08-22,2026-08-22 13:25:48.832933800,Feature Request,High,Resolved,4
906007,12519,2024-10-12,2024-10-12 09:24:38.820303205,Technical,Medium,Resolved,4
906008,16819,2026-05-30,2026-05-30 10:14:31.638616353,Integration,Low,Resolved,2
906009,16611,2026-05-26,2026-05-26 21:11:43.968223838,Billing,Medium,Resolved,4
906010,17023,2026-08-30,2026-08-30 06:09:42.255150760,Integration,Low,Resolved,5
906011,13375,2026-06-22,2026-06-22 14:56:33.115218730,Technical,High,Resolved,4
906012,16658,2026-07-18,2026-07-18 08:08:13.824802111,Technical,Medium,Pending,2
906013,17678,2025-03-09,2025-03-10 01:34:21.429868274,Billing,High,Resolved,5
906014,10958,2024-06-10,2024-06-10 04:22:06.705064657,Security,Medium,Open,4
906015,13997,2025-03-24,2025-03-24 03:13:19.241766278,Performance,Medium,Resolved,5
906016,16909,2026-01-27,2026-01-27 09:48:17.059072885,Account,Medium,Resolved,1
906017,18451,2026-06-28,2026-06-28 11:42:47.099997129,Technical,High,Open,5
906018,18155,2025-10-23,2025-10-23 09:17:39.017502898,Technical,Medium,Resolved,1
906019,12416,2026-08-11,2026-08-11 14:40:30.159663222,Security,High,Pending,5
906020,16209,2026-07-03,2026-07-03 04:53:40.131041416,Technical,High,Resolved,4
906021,15752,2025-04-04,2025-04-05 04:13:05.224626217,Performance,Medium,Resolved,2
906022,18212,2024-08-30,2024-08-30 06:10:24.414135729,Technical,High,Resolved,2
906023,11018,2026-03-01,2026-03-01 15:10:27.750265950,Performance,Medium,Resolved,4
906024,19108,2026-06-19,2026-06-19 22:10:05.319762639,Performance,Medium,Resolved,4
906025,11397,2025-06-12,2025-06-12 12:33:00.936509410,Security,Medium,Resolved,4
906026,16253,2026-07-03,2026-07-03 04:38:27.354863227,Technical,Critical,Resolved,3
906027,13896,2025-12-27,2025-12-27 06:29:50.178551956,Feature Request,High,Resolved,4
906028,14599,2026-02-08,2026-02-08 12:13:46.748402122,Integration,Medium,Open,4
906029,18600,2025-12-23,2025-12-24 11:55:19.525495051,Feature Request,Low,Resolved,1
906030,16301,2025-09-02,2025-09-02 14:05:36.782547597,Technical,Low,Resolved,3
906031,12105,2025-01-25,2025-01-25 06:20:53.726410114,Integration,Low,Resolved,4
906032,19030,2026-04-06,2026-04-06 05:49:45.221428480,Account,Low,Resolved,3
906033,18226,2026-08-27,2026-08-27 11:45:20.598094072,Feature Request,Medium,Resolved,5
906034,14819,2025-09-24,2025-09-24 08:46:44.141749690,Technical,Low,Resolved,3
906035,13416,2024-03-13,2024-03-13 03:50:50.315892205,Account,High,Resolved,5
906036,16025,2026-05-17,2026-05-17 11:48:19.197719582,Security,High,Resolved,1
906037,16302,2026-08-13,2026-08-14 15:30:24.771582709,Performance,High,Resolved,3
906038,11700,2026-05-26,2026-05-26 11:05:55.081508892,Technical,Medium,Resolved,4
906039,14672,2026-08-23,2026-08-25 10:10:40.903331260,Technical,Low,Resolved,5
906040,15504,2026-04-30,2026-04-30 08:12:54.877639258,Performance,Medium,Resolved,3
906041,12661,2025-04-05,2025-04-05 12:13:21.682413696,Technical,Low,Resolved,4
906042,11354,2024-07-20,2024-07-20 07:44:02.315918454,Security,Low,Resolved,4
906043,14502,2026-08-27,2026-08-27 22:27:15.919457684,Technical,Medium,Resolved,2
906044,15416,2026-05-28,2026-05-28 03:38:32.004583494,Technical,High,Resolved,2
906045,15002,2025-08-24,2025-08-24 05:09:33.448349332,Integration,Low,Open,2
906046,18030,2024-09-10,2024-09-10 12:34:22.032702012,Technical,Medium,Resolved,5
906047,18278,2024-06-19,2024-06-19 11:44:36.174703927,Integration,High,Resolved,1
906048,18557,2026-02-27,2026-02-27 08:55:01.695568555,Integration,Low,Resolved,5
906049,16706,2025-08-31,2025-08-31 03:42:32.823870346,Technical,Critical,Pending,5
906050,15796,2024-10-31,2024-10-31 12:39:24.466782996,Performance,High,Resolved,4
906051,17842,2025-01-28,2025-01-28 08:46:16.578763744,Billing,Medium,Resolved,2
906052,13007,2026-03-21,2026-03-21 16:03:24.292157821,Feature Request,Medium,Resolved,4
906053,13332,2025-05-24,2025-05-25 04:38:37.635735541,Technical,High,Open,2
906054,17555,2026-08-18,2026-08-18 18:08:44.076061165,Technical,High,Open,1
906055,18168,2026-04-16,2026-04-16 03:42:34.256110561,Technical,Low,Resolved,5
906056,15765,2026-06-09,2026-06-09 05:15:56.367666089,Performance,Low,Resolved,2
906057,16880,2026-04-11,2026-04-11 20:04:16.618963897,Billing,High,Resolved,3
906058,12480,2026-04-21,2026-04-21 18:13:02.166058714,Performance,Medium,Open,4
906059,18536,2025-12-23,2025-12-23 18:12:40.097880370,Billing,Low,Resolved,5
906060,11797,2025-06-30,2025-06-30 05:37:33.966655503,Account,Medium,Resolved,3
906061,18337,2026-07-27,2026-07-27 12:26:18.532692704,Feature Request,High,Pending,5
906062,12439,2025-04-03,2025-04-03 06:26:28.363732548,Technical,Low,Resolved,5
906063,17165,2025-03-27,2025-03-27 08:24:03.645017701,Technical,Medium,Resolved,5
906064,19700,2025-05-16,2025-05-17 11:11:38.671270346,Performance,Critical,Resolved,2
906065,19412,2026-06-16,2026-06-16 19:04:42.353956394,Performance,Low,Resolved,4
906066,15696,2024-04-23,2024-04-23 22:05:53.480318726,Integration,Medium,Open,5
906067,13709,2025-10-25,2025-10-26 03:31:48.807508656,Technical,Medium,Resolved,4
906068,10590,2026-03-22,2026-03-22 19:43:15.005055637,Security,Low,Pending,2
906069,17692,2025-10-13,2025-10-13 04:56:56.105983150,Account,High,Resolved,2
906070,12251,2024-02-12,2024-02-12 13:12:06.325972938,Technical,High,Resolved,5
906071,11760,2025-12-10,2025-12-10 09:18:13.204808391,Technical,Medium,Resolved,5
906072,14495,2026-08-01,2026-08-01 04:12:42.698608056,Integration,Low,Open,5
906073,15631,2026-05-07,2026-05-07 06:55:13.166970218,Integration,Low,Resolved,3
906074,18493,2025-01-15,2025-01-15 06:24:32.275022817,Account,Medium,Resolved,4
906075,14532,2026-08-18,2026-08-18 11:05:07.027390489,Technical,Medium,Resolved,5
906076,13080,2025-05-28,2025-05-29 14:49:18.181357136,Billing,Medium,Resolved,4
906077,16580,2025-01-17,2025-01-17 18:28:51.314949940,Account,High,Pending,5
906078,11843,2024-05-18,2024-05-18 05:03:08.390289423,Technical,Medium,Resolved,4
906079,18261,2026-07-19,2026-07-19 19:04:24.947137160,Performance,High,Resolved,4
906080,10594,2026-01-14,2026-01-14 20:36:10.124644402,Account,High,Resolved,5
906081,10301,2026-06-22,2026-06-22 03:25:35.205311748,Account,Medium,Resolved,2
906082,18711,2026-07-06,2026-07-07 04:57:08.972726695,Performance,Low,Resolved,1
906083,15571,2025-04-30,2025-04-30 18:50:20.733055195,Performance,Medium,Resolved,2
906084,18895,2026-04-17,2026-04-18 11:05:03.640310880,Performance,Low,Resolved,2
906085,13233,2024-11-17,2024-11-17 05:41:41.635011969,Performance,Medium,Resolved,4
906086,14039,2024-07-13,2024-07-14 21:22:48.602493714,Technical,High,Resolved,4
906087,18067,2025-12-06,2025-12-06 21:25:32.771505338,Billing,Low,Pending,5
906088,11974,2025-02-17,2025-02-17 13:57:27.047376414,Technical,Medium,Resolved,4
906089,15026,2026-01-01,2026-01-01 08:07:04.072611367,Performance,Low,Resolved,4
906090,11496,2026-04-21,2026-04-21 07:12:21.082931229,Feature Request,Medium,Pending,1
906091,17059,2026-07-11,2026-07-11 18:46:25.757655070,Performance,High,Resolved,3
906092,18481,2026-03-09,2026-03-09 19:27:31.609001250,Technical,Medium,Resolved,4
906093,17042,2026-02-24,2026-02-24 02:39:35.792190108,Billing,Low,Resolved,5
906094,12308,2026-07-26,2026-07-26 17:30:49.712819846,Technical,Medium,Open,4
906095,14540,2025-04-30,2025-04-30 06:44:09.360510939,Technical,Low,Resolved,4
906096,19672,2026-07-12,2026-07-12 05:26:08.680842902,Technical,Medium,Open,4
906097,11454,2026-03-03,2026-03-03 03:20:53.860058973,Feature Request,High,Resolved,4
906098,13164,2024-09-20,2024-09-20 09:51:37.559748880,Technical,Low,Resolved,2
906099,12774,2026-06-19,2026-06-19 04:46:56.757031600,Performance,Medium,Resolved,3
906100,18769,2025-06-30,2025-06-30 07:22:54.980912812,Technical,Medium,Resolved,4
906101,14732,2025-12-07,2025-12-07 12:55:11.271746686,Account,Medium,Resolved,5
906102,13642,2025-05-07,2025-05-07 04:31:08.243128984,Integration,Medium,Resolved,4
906103,12580,2025-02-20,2025-02-20 12:59:00.203598862,Security,Medium,Resolved,4
906104,17801,2024-11-26,2024-11-26 02:36:18.410201186,Feature Request,High,Resolved,4
906105,18836,2026-08-29,2026-08-29 12:08:11.791178192,Account,Low,Pending,1
906106,11712,2026-07-17,2026-07-17 07:20:49.367527965,Account,Medium,Resolved,4
906107,19494,2026-01-21,2026-01-21 16:11:59.669480882,Account,Low,Resolved,3
906108,10834,2026-04-27,2026-04-27 17:30:16.212070033,Technical,Medium,Resolved,5
906109,15805,2026-06-27,2026-06-27 13:43:18.486194059,Account,Medium,Resolved,4
906110,16746,2026-08-17,2026-08-17 19:27:43.405103358,Feature Request,Medium,Open,3
906111,14517,2026-03-14,2026-03-14 14:06:24.151603802,Integration,Low,Resolved,4
906112,16079,2026-08-28,2026-08-28 06:37:42.946941104,Billing,Low,Resolved,5
906113,15446,2025-09-13,2025-09-13 16:26:07.570002181,Account,Low,Resolved,5
906114,12166,2026-03-21,2026-03-21 22:10:37.909085797,Integration,Medium,Resolved,5
906115,13120,2024-02-22,2024-02-22 19:22:50.073280507,Billing,Medium,Resolved,1
906116,17819,2025-11-28,2025-11-28 17:52:35.335976829,Billing,High,Resolved,5
906117,19772,2026-02-18,2026-02-18 13:54:35.100150408,Technical,Low,Resolved,4
906118,14921,2026-04-05,2026-04-05 11:59:14.451868845,Integration,Low,Resolved,4
906119,18382,2025-04-13,2025-04-13 16:04:13.217468861,Technical,Low,Resolved,4
906120,14986,2025-09-19,2025-09-19 09:20:09.614788774,Security,Low,Resolved,4
906121,12915,2025-05-27,2025-05-27 11:47:41.815668105,Billing,Low,Resolved,3
906122,11573,2026-01-13,2026-01-13 03:00:02.969791570,Performance,Low,Resolved,5
906123,13669,2026-08-08,2026-08-08 11:21:41.767148127,Technical,High,Pending,5
906124,12517,2026-06-11,2026-06-11 16:08:48.385055558,Integration,Critical,Resolved,4
906125,14907,2025-01-06,2025-01-06 08:08:34.831055940,Technical,Low,Resolved,3
906126,11449,2026-06-09,2026-06-09 05:41:55.214575587,Integration,Medium,Resolved,4
906127,11676,2026-03-29,2026-03-29 02:50:33.970337041,Billing,Medium,Resolved,5
906128,11241,2025-06-24,2025-06-27 05:36:48.133993953,Technical,Medium,Resolved,5
906129,15386,2026-03-26,2026-03-26 06:29:05.958155032,Integration,High,Resolved,4
906130,10820,2025-05-14,2025-05-14 04:20:08.290522086,Account,High,Resolved,3
906131,11966,2025-09-30,2025-09-30 10:03:52.985635556,Technical,Medium,Resolved,5
906132,10749,2025-05-03,2025-05-03 17:06:12.499089084,Integration,Medium,Resolved,1
906133,18836,2024-08-19,2024-08-19 11:01:44.143834875,Billing,Medium,Resolved,5
906134,10985,2025-05-09,2025-05-09 18:30:23.996448086,Technical,Medium,Open,5
906135,19777,2026-02-18,2026-02-18 10:58:57.891852652,Technical,Low,Resolved,4
906136,12274,2026-02-11,2026-02-11 09:56:22.317460494,Billing,High,Resolved,2
906137,10395,2026-07-23,2026-07-23 10:58:22.448529739,Performance,Medium,Resolved,3
906138,16244,2024-09-07,2024-09-07 02:51:18.626421981,Integration,Medium,Resolved,5
906139,17532,2025-06-14,2025-06-14 18:49:20.461355137,Integration,Medium,Resolved,5
906140,12902,2024-08-15,2024-08-15 11:35:01.393810558,Billing,Medium,Resolved,3
906141,18556,2025-01-26,2025-01-26 03:59:47.129638588,Technical,Low,Resolved,5
906142,10942,2026-02-22,2026-02-22 04:07:35.018566082,Integration,Medium,Open,4
906143,14438,2026-04-17,2026-04-17 08:50:21.032323767,Account,High,Resolved,3
906144,19426,2026-05-14,2026-05-14 02:18:08.746553055,Feature Request,Critical,Resolved,5
906145,18851,2026-03-16,2026-03-16 15:14:29.849701146,Performance,High,Resolved,4
906146,12663,2026-06-26,2026-06-26 07:24:13.775020851,Technical,High,Resolved,3
906147,14501,2026-06-29,2026-06-29 10:46:57.217747252,Technical,High,Open,4
906148,17156,2024-07-30,2024-07-30 16:36:39.633769479,Billing,Medium,Resolved,5
906149,14559,2025-09-28,2025-09-28 14:25:00.878643814,Billing,Low,Resolved,4
906150,12048,2026-04-01,2026-04-01 22:18:10.985829760,Feature Request,Low,Resolved,5
906151,11063,2025-11-03,2025-11-03 10:30:07.400153077,Billing,Critical,Resolved,4
906152,13508,2024-09-20,2024-09-20 07:24:03.414670102,Account,Medium,Resolved,2
906153,12329,2026-01-27,2026-01-27 07:41:43.454615326,Account,Critical,Resolved,4
906154,15118,2026-03-12,2026-03-13 06:47:32.894730812,Billing,Medium,Pending,3
906155,18373,2025-03-21,2025-03-21 11:08:08.750433580,Performance,Low,Resolved,5
906156,17146,2025-09-24,2025-09-24 22:53:43.310903539,Feature Request,Critical,Resolved,5
906157,17727,2026-06-18,2026-06-18 08:36:58.524233349,Performance,Medium,Resolved,4
906158,16142,2025-10-01,2025-10-01 08:09:57.490935490,Technical,High,Pending,5
906159,18407,2026-07-21,2026-07-21 10:27:44.307384156,Integration,Low,Resolved,4
906160,19865,2024-09-17,2024-09-17 06:47:13.574105214,Feature Request,Low,Pending,4
906161,11301,2026-07-14,2026-07-14 10:30:23.352693411,Billing,Low,Resolved,1
906162,13754,2025-04-07,2025-04-07 05:28:43.186227330,Account,Low,Resolved,4
906163,12671,2026-07-01,2026-07-01 05:58:30.468825098,Performance,Low,Resolved,5
906164,18820,2025-03-02,2025-03-03 09:59:02.653227952,Technical,Medium,Resolved,5
906165,15947,2025-01-07,2025-01-07 10:38:32.097257052,Performance,Medium,Resolved,5
906166,12803,2024-07-08,2024-07-08 10:32:54.845018394,Technical,Low,Resolved,5
906167,13055,2026-08-26,2026-08-26 05:07:23.877004213,Feature Request,Low,Resolved,1
906168,18857,2026-01-15,2026-01-15 10:46:42.984647911,Feature Request,Medium,Resolved,4
906169,10191,2026-05-19,2026-05-19 04:03:42.964020147,Technical,High,Resolved,2
906170,10338,2025-09-09,2025-09-09 12:43:00.990615190,Integration,Critical,Resolved,3
906171,13483,2024-06-24,2024-06-24 08:46:34.932764175,Integration,Medium,Resolved,5
906172,11744,2025-08-07,2025-08-08 02:15:19.079789904,Billing,Low,Resolved,4
906173,10088,2026-08-01,2026-08-01 08:47:49.464774445,Performance,High,Resolved,4
906174,16630,2026-03-27,2026-03-27 06:08:34.251967104,Technical,Low,Resolved,4
906175,13268,2025-12-18,2025-12-18 02:48:04.491716320,Integration,Medium,Resolved,1
906176,15759,2026-07-19,2026-07-19 08:48:06.697709276,Technical,Low,Resolved,4
906177,13583,2026-06-07,2026-06-07 06:01:48.818216190,Integration,High,Resolved,4
906178,17369,2024-04-17,2024-04-17 04:34:52.408588375,Technical,Low,Resolved,5
906179,12423,2026-07-20,2026-07-20 13:36:24.682956746,Account,Medium,Resolved,4
906180,14758,2026-04-16,2026-04-16 13:22:27.020391582,Account,Low,Resolved,4
906181,19287,2026-05-05,2026-05-05 14:05:08.654450661,Feature Request,Low,Resolved,4
906182,12138,2026-03-05,2026-03-05 11:21:46.411548260,Billing,Medium,Open,4
906183,12996,2026-05-07,2026-05-07 05:25:40.475721507,Technical,Medium,Resolved,3
906184,14379,2025-06-30,2025-06-30 19:34:16.300241263,Performance,Low,Resolved,2
906185,15654,2025-05-16,2025-05-16 07:56:48.280878027,Account,Medium,Resolved,4
906186,16424,2025-08-02,2025-08-02 17:41:50.455379767,Technical,Low,Resolved,4
906187,17826,2025-05-23,2025-05-23 09:42:50.708174547,Performance,Critical,Resolved,4
906188,13476,2025-05-10,2025-05-10 22:14:19.800156213,Integration,Low,Pending,4
906189,14884,2025-10-27,2025-10-27 16:50:41.533379721,Technical,Medium,Resolved,4
906190,17021,2024-06-29,2024-06-30 10:58:29.626996303,Feature Request,Medium,Resolved,3
906191,16937,2025-01-03,2025-01-03 09:37:35.934135646,Feature Request,Medium,Resolved,5
906192,16953,2026-07-28,2026-07-28 17:12:12.400892798,Technical,Low,Resolved,5
906193,18243,2026-01-22,2026-01-22 06:08:51.568753455,Billing,High,Resolved,4
906194,10879,2026-07-25,2026-07-25 11:53:44.596544974,Integration,Medium,Resolved,3
906195,12005,2025-12-27,2025-12-27 11:14:24.975049527,Technical,Low,Resolved,4
906196,11044,2026-08-11,2026-08-11 22:41:17.139886008,Performance,Medium,Pending,3
906197,11071,2025-06-22,2025-06-22 04:55:20.325857181,Technical,Low,Resolved,4
906198,15682,2025-03-23,2025-03-23 20:12:42.274155740,Integration,Medium,Resolved,3
906199,13968,2026-06-24,2026-06-24 03:42:33.755312048,Technical,Medium,Resolved,5
906200,11787,2024-10-15,2024-10-15 09:08:16.798093839,Technical,Low,Resolved,3
906201,13669,2026-08-08,2026-08-08 14:13:51.574213538,Billing,Medium,Resolved,1
906202,16348,2025-02-05,2025-02-05 08:59:57.931245574,Account,High,Resolved,2
906203,15376,2026-02-13,2026-02-13 17:40:20.276294253,Performance,High,Resolved,4
906204,19413,2025-09-28,2025-09-28 04:01:33.684410643,Account,Medium,Resolved,3
906205,16107,2025-12-29,2025-12-29 14:56:08.122215595,Performance,Low,Resolved,1
906206,14521,2026-07-17,2026-07-17 05:19:53.964141812,Feature Request,Low,Resolved,1
906207,13493,2025-08-16,2025-08-17 07:07:56.943267823,Technical,High,Resolved,4
906208,10120,2025-09-02,2025-09-02 06:32:16.426747726,Account,Medium,Resolved,3
906209,16772,2025-06-09,2025-06-09 08:06:34.673985777,Technical,Low,Resolved,3
906210,18416,2026-03-05,2026-03-05 08:23:05.533630821,Performance,Low,Resolved,4
906211,18593,2026-04-16,2026-04-16 05:54:38.431903222,Billing,High,Resolved,4
906212,18670,2025-03-07,2025-03-07 17:49:05.340780134,Technical,Low,Resolved,3
906213,19166,2025-06-29,2025-06-29 07:52:00.108883545,Technical,Medium,Resolved,2
906214,10346,2026-07-30,2026-07-30 19:27:47.713136770,Feature Request,Medium,Resolved,5
906215,15037,2026-06-23,2026-06-23 17:54:46.786812213,Technical,Medium,Resolved,5
906216,12942,2024-10-27,2024-10-27 05:34:45.012311958,Performance,Low,Open,4
906217,10293,2026-06-24,2026-06-24 18:20:55.395572744,Billing,Medium,Resolved,5
906218,12314,2025-04-16,2025-04-16 06:31:23.987304757,Technical,High,Resolved,5
906219,13887,2024-09-01,2024-09-01 07:17:16.076197507,Security,Low,Resolved,3
906220,19399,2026-06-11,2026-06-11 03:21:57.802565304,Technical,High,Resolved,4
906221,13619,2025-12-17,2025-12-17 16:42:32.729321887,Performance,Medium,Resolved,5
906222,19301,2025-09-11,2025-09-11 05:08:53.481457003,Security,Medium,Open,5
906223,19585,2025-01-26,2025-01-26 04:10:08.395302403,Technical,High,Resolved,5
906224,10643,2026-07-13,2026-07-13 04:10:48.222906517,Account,High,Resolved,5
906225,19735,2025-10-01,2025-10-01 10:38:53.152255363,Performance,Low,Resolved,5
906226,16789,2024-10-15,2024-10-15 11:12:03.720356319,Technical,Low,Resolved,4
906227,12862,2026-03-12,2026-03-12 15:35:48.315823440,Integration,Low,Resolved,3
906228,12379,2025-09-30,2025-09-30 06:23:11.005768399,Billing,High,Resolved,2
906229,15904,2026-08-16,2026-08-17 17:20:03.983710675,Feature Request,High,Resolved,3
906230,12197,2026-01-04,2026-01-06 00:11:02.275450015,Billing,Medium,Resolved,4
906231,12903,2025-01-11,2025-01-11 12:09:18.650282608,Feature Request,Medium,Open,5
906232,14971,2026-05-14,2026-05-14 05:51:07.545189232,Feature Request,High,Resolved,4
906233,13641,2025-05-28,2025-05-29 00:09:05.848775532,Billing,High,Resolved,4
906234,15116,2026-04-18,2026-04-18 05:15:24.967452906,Performance,Medium,Resolved,4
906235,18506,2025-09-11,2025-09-11 22:22:30.982502024,Technical,Medium,Resolved,1
906236,18463,2026-03-23,2026-03-24 13:00:12.846621135,Performance,Medium,Pending,3
906237,14585,2026-08-04,2026-08-04 08:16:46.827994011,Technical,High,Resolved,5
906238,10809,2025-07-11,2025-07-11 07:06:49.967683066,Technical,Medium,Resolved,5
906239,17021,2024-06-24,2024-06-24 07:36:17.586305348,Performance,High,Resolved,2
906240,17555,2026-08-18,2026-08-18 08:37:07.967385879,Performance,Low,Resolved,4
906241,11493,2025-10-14,2025-10-14 04:00:04.860888854,Technical,Low,Resolved,3
906242,11063,2026-03-22,2026-03-22 14:43:34.710248982,Technical,High,Resolved,3
906243,12281,2026-04-13,2026-04-14 07:15:40.977619441,Technical,Medium,Resolved,2
906244,16341,2026-05-11,2026-05-11 19:38:13.868409058,Billing,Low,Resolved,4
906245,14003,2026-08-17,2026-08-17 07:02:44.635265170,Billing,Medium,Resolved,2
906246,14238,2026-06-23,2026-06-23 15:45:41.058166323,Performance,Low,Pending,5
906247,16452,2025-11-09,2025-11-09 23:12:38.963689394,Technical,Medium,Resolved,3
906248,16690,2026-05-05,2026-05-05 20:33:35.258219856,Technical,Medium,Resolved,3
906249,15625,2026-04-25,2026-04-25 08:59:09.986174757,Account,Low,Resolved,4
906250,11886,2024-07-18,2024-07-19 02:55:26.070403749,Integration,High,Resolved,4
906251,12772,2025-07-07,2025-07-07 09:42:21.351314264,Technical,Medium,Resolved,4
906252,14144,2026-01-06,2026-01-06 01:46:21.806219838,Feature Request,Low,Resolved,4
906253,13285,2025-09-14,2025-09-14 01:33:16.657294539,Technical,Low,Resolved,4
906254,11115,2025-09-12,2025-09-12 05:41:12.282188676,Integration,Medium,Resolved,4
906255,12584,2026-03-26,2026-03-27 02:21:42.187694587,Account,Low,Resolved,4
906256,11607,2026-07-14,2026-07-14 15:42:47.169544212,Feature Request,Medium,Resolved,4
906257,10621,2026-03-06,2026-03-06 12:02:50.424781509,Performance,Medium,Resolved,5
906258,15247,2026-02-06,2026-02-06 15:44:34.825110835,Technical,Low,Resolved,4
906259,15050,2026-05-04,2026-05-04 12:25:36.786957513,Feature Request,Critical,Resolved,5
906260,11407,2026-06-05,2026-06-05 14:50:39.193638943,Integration,Low,Resolved,2
906261,13588,2026-01-06,2026-01-06 10:02:25.497227893,Performance,Low,Resolved,5
906262,18221,2026-05-11,2026-05-11 02:55:10.179887386,Technical,High,Resolved,4
906263,19682,2025-07-30,2025-07-30 02:37:06.375557017,Billing,Medium,Resolved,4
906264,10783,2026-04-20,2026-04-20 10:54:35.789991246,Billing,Medium,Resolved,1
906265,13983,2025-03-13,2025-03-13 08:52:57.329414029,Technical,High,Open,1
906266,18272,2025-05-20,2025-05-20 15:09:31.888724630,Performance,Low,Resolved,5
906267,11432,2026-04-11,2026-04-11 17:35:23.005207928,Technical,Low,Resolved,3
906268,12075,2025-10-02,2025-10-02 21:57:07.976976001,Integration,Low,Pending,5
906269,12294,2025-08-08,2025-08-08 17:56:07.908768625,Account,Medium,Resolved,5
906270,10581,2025-05-22,2025-05-22 09:06:38.432377098,Performance,Medium,Resolved,4
906271,12054,2026-01-14,2026-01-14 09:02:40.679976116,Technical,Medium,Resolved,5
906272,18990,2025-05-19,2025-05-19 09:05:42.031148694,Billing,Medium,Resolved,4
906273,16962,2026-05-15,2026-05-15 07:45:56.475626288,Technical,Low,Resolved,4
906274,10555,2025-08-28,2025-08-28 08:16:40.145595502,Technical,Low,Resolved,5
906275,12965,2024-11-26,2024-11-26 12:46:53.253541347,Technical,Medium,Resolved,5
906276,12120,2026-05-11,2026-05-11 13:46:57.431184135,Billing,Medium,Resolved,5
906277,15499,2026-05-30,2026-05-30 08:42:42.680734480,Billing,Low,Resolved,4
906278,14115,2026-04-28,2026-04-29 02:04:47.096198832,Technical,Medium,Resolved,2
906279,15252,2025-12-20,2025-12-20 02:35:43.011396146,Account,Low,Resolved,4
906280,15148,2025-09-05,2025-09-05 07:04:53.145627513,Technical,High,Resolved,4
906281,16881,2026-05-27,2026-05-27 08:51:13.095749620,Integration,High,Resolved,5
906282,18429,2024-12-19,2024-12-19 03:47:39.145808140,Billing,Low,Resolved,1
906283,16821,2026-05-22,2026-05-23 08:52:31.236335108,Account,Medium,Open,5
906284,18925,2026-07-26,2026-07-26 13:27:09.948808947,Billing,Low,Resolved,4
906285,10080,2026-07-25,2026-07-25 02:33:20.088419184,Feature Request,Low,Resolved,3
906286,13664,2026-01-09,2026-01-09 12:54:36.631447574,Account,Medium,Resolved,4
906287,14274,2024-09-08,2024-09-08 08:47:10.970262124,Technical,High,Resolved,1
906288,15791,2025-12-23,2025-12-23 08:22:08.671398772,Account,Low,Resolved,5
906289,16882,2025-02-07,2025-02-07 05:02:46.859126028,Technical,High,Resolved,3
906290,14307,2024-09-07,2024-09-07 17:24:24.100106140,Performance,High,Resolved,4
906291,18362,2026-02-15,2026-02-15 09:49:33.615835845,Performance,Low,Resolved,4
906292,17440,2026-07-25,2026-07-25 22:33:34.672405125,Technical,Low,Open,5
906293,10835,2026-04-15,2026-04-16 20:13:03.952444486,Account,Medium,Resolved,2
906294,16478,2025-05-13,2025-05-13 07:21:18.079831083,Performance,Medium,Pending,4
906295,15091,2026-03-20,2026-03-20 11:14:50.865134164,Integration,High,Resolved,3
906296,13722,2026-04-05,2026-04-06 12:09:13.188955392,Billing,Low,Resolved,4
906297,12426,2025-01-22,2025-01-22 09:38:32.097843643,Technical,High,Resolved,2
906298,17325,2026-02-04,2026-02-04 10:45:26.187704427,Account,Low,Resolved,4
906299,19771,2025-06-24,2025-06-24 12:04:03.013303188,Feature Request,Medium,Resolved,5
906300,15370,2025-04-09,2025-04-09 21:42:00.606467509,Security,Low,Resolved,4
906301,15506,2025-12-16,2025-12-16 16:35:48.966620654,Performance,Low,Resolved,3
906302,10687,2026-06-30,2026-06-30 08:54:14.605662999,Integration,Medium,Resolved,1
906303,18779,2025-12-15,2025-12-15 05:24:33.127290223,Integration,Low,Resolved,4
906304,14865,2025-04-22,2025-04-22 11:01:45.301836291,Performance,Medium,Open,3
906305,12056,2026-01-26,2026-01-26 06:42:47.905855434,Account,Low,Resolved,4
906306,12227,2026-07-03,2026-07-03 09:12:11.098852326,Performance,Medium,Resolved,4
906307,13635,2025-12-24,2025-12-25 00:15:33.202704020,Technical,High,Resolved,3
906308,13640,2025-10-28,2025-10-28 10:36:11.911067913,Feature Request,Medium,Resolved,4
906309,18042,2024-12-25,2024-12-25 12:10:41.299496036,Technical,Medium,Open,4
906310,18950,2026-07-26,2026-07-26 12:00:11.404723395,Technical,Medium,Resolved,1
906311,15419,2026-03-06,2026-03-06 13:26:01.175694021,Technical,Low,Resolved,4
906312,16783,2026-03-02,2026-03-02 15:57:51.299587753,Account,Medium,Resolved,5
906313,16307,2026-08-07,2026-08-07 10:00:26.760803792,Technical,Medium,Resolved,5
906314,16596,2025-05-14,2025-05-14 09:33:11.316260286,Technical,Medium,Resolved,4
906315,11869,2024-07-24,2024-07-25 17:34:34.244906502,Technical,Low,Resolved,1
906316,17827,2026-06-25,2026-06-25 02:42:11.227601998,Integration,High,Resolved,3
906317,11647,2025-05-06,2025-05-06 06:25:25.998018762,Performance,Medium,Resolved,4
906318,10692,2026-05-06,2026-05-06 17:23:33.775139814,Billing,Low,Pending,5
906319,13314,2025-03-19,2025-03-19 04:33:28.254896827,Feature Request,Medium,Resolved,4
906320,10837,2025-05-24,2025-05-24 07:10:07.219299712,Feature Request,Low,Resolved,4
906321,19064,2026-07-27,2026-07-27 08:39:49.064260608,Technical,Critical,Resolved,5
906322,18088,2025-07-23,2025-07-24 07:01:47.662416318,Technical,Low,Resolved,4
906323,10574,2026-07-10,2026-07-10 06:10:07.274541687,Feature Request,Low,Resolved,4
906324,11080,2026-01-05,2026-01-05 11:49:51.060283827,Account,High,Resolved,5
906325,19951,2026-06-08,2026-06-08 05:00:28.648170097,Billing,Medium,Resolved,1
906326,19715,2025-12-12,2025-12-12 12:33:05.907735619,Performance,High,Resolved,1
906327,17188,2026-02-26,2026-02-26 05:59:57.619863945,Technical,Medium,Resolved,5
906328,12765,2025-03-21,2025-03-21 04:18:30.703197502,Billing,Low,Resolved,3
906329,15954,2025-08-24,2025-08-24 09:56:07.810198854,Technical,Low,Resolved,3
906330,14792,2025-06-07,2025-06-07 11:17:02.000512744,Security,Medium,Resolved,1
906331,17443,2025-04-23,2025-04-23 06:35:16.592123169,Technical,Medium,Resolved,5
906332,18143,2026-01-31,2026-01-31 04:06:55.720557385,Technical,Medium,Resolved,3
906333,15035,2026-02-19,2026-02-19 08:16:48.296104075,Billing,Low,Pending,5
906334,14207,2026-04-08,2026-04-08 13:09:55.489064817,Integration,Medium,Resolved,1
906335,10929,2025-10-13,2025-10-14 02:18:10.716774602,Performance,Low,Resolved,3
906336,11422,2025-06-15,2025-06-15 09:03:47.301780326,Security,Medium,Resolved,5
906337,17703,2025-03-01,2025-03-01 07:02:42.869303811,Billing,Medium,Resolved,5
906338,18544,2026-07-04,2026-07-04 04:02:38.151433561,Account,Medium,Resolved,4
906339,18319,2025-09-14,2025-09-14 15:25:22.834554873,Performance,Medium,Resolved,5
906340,13629,2026-06-14,2026-06-14 06:39:17.783681720,Technical,Medium,Resolved,3
906341,13508,2025-12-31,2025-12-31 06:45:03.567227144,Feature Request,High,Resolved,4
906342,10974,2025-01-17,2025-01-17 05:09:45.201257038,Integration,Medium,Resolved,5
906343,13723,2026-07-12,2026-07-12 18:33:24.364989356,Integration,Low,Resolved,5
906344,10013,2024-12-08,2024-12-08 09:49:18.836517849,Account,Medium,Resolved,4
906345,17477,2025-09-19,2025-09-19 11:56:17.630698790,Performance,Medium,Open,5
906346,15119,2026-06-09,2026-06-09 15:52:53.830134058,Feature Request,Low,Resolved,4
906347,19726,2026-08-23,2026-08-23 11:14:19.419901011,Technical,Low,Resolved,2
906348,12424,2025-01-05,2025-01-05 06:55:52.460615251,Billing,Medium,Resolved,1
906349,19495,2026-08-30,2026-08-30 15:47:23.235529527,Account,Low,Pending,2
906350,15024,2026-07-27,2026-07-27 10:58:08.209111324,Technical,High,Open,5
906351,17399,2026-07-23,2026-07-25 01:10:15.051034477,Technical,High,Resolved,2
906352,19942,2025-05-11,2025-05-13 17:08:23.844210421,Integration,High,Pending,2
906353,10211,2025-06-16,2025-06-16 10:19:08.866196655,Performance,Medium,Resolved,3
906354,15680,2025-05-02,2025-05-02 23:08:01.265792323,Account,Low,Resolved,4
906355,15281,2026-04-09,2026-04-09 13:27:25.176914409,Performance,High,Open,4
906356,10721,2024-12-29,2024-12-29 03:02:03.327794098,Security,Critical,Resolved,5
906357,16629,2024-12-20,2024-12-20 04:49:04.116740293,Billing,High,Resolved,4
906358,14213,2026-04-18,2026-04-18 03:44:24.425073283,Integration,Low,Resolved,5
906359,12430,2024-05-04,2024-05-04 07:43:06.101981004,Feature Request,Critical,Resolved,5
906360,10090,2026-01-28,2026-01-28 14:21:24.409526497,Account,High,Resolved,4
906361,11847,2025-06-27,2025-06-27 11:42:47.475548114,Performance,Critical,Resolved,4
906362,18201,2025-10-09,2025-10-09 11:27:20.193291367,Performance,Low,Resolved,1
906363,13973,2026-08-14,2026-08-14 14:43:26.765683032,Feature Request,Low,Resolved,4
906364,13257,2025-05-07,2025-05-07 05:32:07.684061794,Technical,Low,Resolved,4
906365,17213,2024-11-26,2024-11-27 10:25:37.369895736,Billing,Low,Resolved,5
906366,18131,2025-08-18,2025-08-18 07:14:07.734668395,Billing,Medium,Resolved,4
906367,17998,2025-09-28,2025-09-29 23:55:46.788107977,Integration,Critical,Resolved,5
906368,13534,2026-05-22,2026-05-22 10:21:59.317286108,Account,High,Pending,4
906369,17883,2025-04-25,2025-04-25 03:11:10.519772406,Billing,Low,Resolved,5
906370,18206,2026-04-17,2026-04-17 02:12:11.734221420,Integration,Low,Resolved,3
906371,13971,2025-12-18,2025-12-18 19:32:56.617607724,Account,Low,Resolved,5
906372,17824,2025-07-01,2025-07-01 07:14:20.160916879,Technical,Low,Resolved,5
906373,18747,2026-07-28,2026-07-28 07:39:48.502910811,Billing,Low,Open,4
906374,13981,2024-04-25,2024-04-25 22:21:42.639732795,Performance,Medium,Resolved,4
906375,19910,2026-08-07,2026-08-07 06:12:17.041689097,Account,High,Resolved,2
906376,19926,2026-05-06,2026-05-06 08:10:28.037402472,Technical,Medium,Resolved,4
906377,11578,2024-05-30,2024-05-30 20:16:50.958027966,Billing,Low,Resolved,5
906378,15170,2025-09-02,2025-09-02 03:16:05.888880948,Billing,Low,Resolved,5
906379,17669,2026-03-28,2026-03-28 07:37:43.177184882,Billing,Low,Resolved,5
906380,18031,2026-03-04,2026-03-05 13:39:29.378717859,Billing,Medium,Resolved,5
906381,11548,2025-10-22,2025-10-22 06:08:39.958294916,Technical,High,Pending,4
906382,13437,2026-05-28,2026-05-28 14:01:05.318533498,Account,Medium,Resolved,5
906383,19541,2025-10-02,2025-10-02 16:16:10.599536549,Billing,Medium,Pending,4
906384,19526,2025-10-09,2025-10-09 08:14:11.705360593,Account,Medium,Pending,5
906385,14086,2026-02-24,2026-02-24 14:25:53.229554961,Technical,Low,Open,5
906386,19758,2026-02-16,2026-02-16 10:19:36.774854472,Technical,High,Resolved,5
906387,10159,2026-04-12,2026-04-12 16:08:50.297867307,Performance,Critical,Open,2
906388,16820,2026-07-30,2026-07-30 05:01:36.630957691,Performance,Medium,Resolved,1
906389,14805,2024-11-18,2024-11-18 14:09:55.427546808,Integration,Low,Resolved,5
906390,10876,2025-12-12,2025-12-12 03:14:51.797013792,Technical,Medium,Resolved,1
906391,14232,2025-07-05,2025-07-05 17:37:07.158221054,Technical,Medium,Resolved,3
906392,17904,2026-03-11,2026-03-11 08:53:51.063659019,Technical,Medium,Resolved,3
906393,16129,2024-07-15,2024-07-15 12:44:42.921954214,Feature Request,High,Resolved,3
906394,11637,2026-03-12,2026-03-13 20:22:16.251715250,Feature Request,Medium,Pending,5
906395,12284,2025-06-20,2025-06-21 04:58:48.989104255,Billing,Medium,Resolved,4
906396,19913,2026-06-26,2026-06-26 11:02:34.361734963,Account,Low,Resolved,2
906397,16114,2025-03-01,2025-03-01 05:01:15.259011387,Performance,Medium,Pending,2
906398,10115,2026-08-04,2026-08-04 17:18:08.822647216,Feature Request,Medium,Resolved,4
906399,19837,2026-07-22,2026-07-23 14:56:24.013429627,Feature Request,Low,Resolved,4
906400,11510,2026-04-29,2026-04-29 13:56:19.092847012,Feature Request,Low,Open,4
906401,16145,2026-06-21,2026-06-21 04:38:33.283322152,Feature Request,Low,Resolved,5
906402,18745,2026-02-18,2026-02-18 21:26:07.677018081,Feature Request,Medium,Resolved,2
906403,12672,2024-05-31,2024-05-31 23:19:45.171316678,Feature Request,Medium,Resolved,3
906404,14338,2026-03-23,2026-03-23 11:09:19.156346784,Integration,Low,Open,3
906405,11728,2026-04-02,2026-04-02 04:08:41.077382031,Performance,High,Resolved,4
906406,11404,2024-05-26,2024-05-26 12:44:30.846213517,Integration,Medium,Open,5
906407,12333,2025-12-01,2025-12-01 21:27:18.891928479,Technical,Low,Resolved,4
906408,18416,2026-03-05,2026-03-05 10:42:29.610917877,Account,Low,Resolved,5
906409,16849,2025-06-17,2025-06-17 23:30:52.515588347,Technical,Low,Open,4
906410,19979,2025-09-15,2025-09-15 03:11:52.151853703,Technical,Low,Resolved,2
906411,13918,2025-08-21,2025-08-21 12:30:18.237603362,Billing,Low,Resolved,3
906412,12659,2026-01-30,2026-01-30 05:25:43.034159269,Billing,Medium,Resolved,3
906413,19114,2026-04-10,2026-04-10 12:57:41.527543568,Technical,Medium,Resolved,3
906414,17768,2025-08-15,2025-08-15 11:20:41.024284332,Account,Medium,Resolved,4
906415,18463,2025-01-24,2025-01-24 11:20:13.486357039,Technical,High,Resolved,4
906416,17082,2025-05-05,2025-05-05 13:45:52.010020029,Billing,Low,Resolved,4
906417,18579,2025-06-01,2025-06-01 14:56:39.334535466,Technical,High,Resolved,5
906418,12439,2026-08-21,2026-08-21 09:38:01.128017742,Security,High,Resolved,4
906419,12724,2025-05-18,2025-05-18 11:33:27.034336735,Technical,Low,Resolved,4
906420,11052,2025-09-06,2025-09-06 08:56:32.752512268,Integration,Medium,Resolved,3
906421,10018,2024-03-05,2024-03-06 15:16:38.439498270,Feature Request,Low,Pending,5
906422,11152,2026-08-10,2026-08-10 12:49:01.975207731,Performance,Medium,Resolved,5
906423,15245,2024-09-22,2024-09-22 15:54:12.725705552,Billing,Low,Resolved,5
906424,16099,2025-11-25,2025-11-25 03:38:04.021963220,Performance,Medium,Resolved,3
906425,11126,2026-08-17,2026-08-18 06:08:27.158619091,Feature Request,Medium,Resolved,3
906426,15899,2026-01-08,2026-01-08 08:46:06.977827153,Integration,High,Open,4
906427,11278,2026-03-27,2026-03-27 19:11:24.026197729,Billing,Low,Resolved,5
906428,10976,2024-09-07,2024-09-07 08:48:14.466045366,Technical,Low,Resolved,5
906429,11831,2026-06-10,2026-06-10 03:55:52.487894233,Billing,Low,Resolved,3
906430,10845,2026-07-13,2026-07-13 08:43:03.745135164,Technical,High,Resolved,5
906431,19519,2026-05-29,2026-05-30 00:42:47.130726405,Billing,Low,Resolved,3
906432,11545,2025-05-26,2025-05-27 04:32:30.140055301,Integration,High,Resolved,5
906433,11779,2026-06-15,2026-06-16 22:26:08.662571559,Technical,High,Open,3
906434,16938,2026-03-26,2026-03-26 19:02:11.217617019,Performance,Low,Resolved,4
906435,11911,2025-06-25,2025-06-25 09:13:03.173654164,Integration,Medium,Resolved,4
906436,13636,2026-07-24,2026-07-25 00:52:02.094718987,Account,Low,Resolved,3
906437,13139,2025-11-20,2025-11-20 18:26:52.838815362,Technical,Low,Resolved,4
906438,11778,2026-05-01,2026-05-01 23:33:37.339913383,Billing,Low,Resolved,4
906439,14568,2026-05-10,2026-05-10 07:09:46.776477542,Account,Medium,Resolved,4
906440,11647,2025-05-06,2025-05-06 09:38:11.519667920,Technical,Medium,Resolved,4
906441,17994,2026-04-09,2026-04-09 10:40:41.623342795,Feature Request,Medium,Resolved,4
906442,11129,2025-06-11,2025-06-11 03:47:40.253729215,Technical,Medium,Resolved,2
906443,11553,2025-02-03,2025-02-03 03:41:54.106022698,Account,Low,Resolved,4
906444,14756,2026-03-23,2026-03-23 12:43:33.315520609,Technical,Low,Resolved,4
906445,13574,2025-03-16,2025-03-16 20:24:58.040130002,Integration,Medium,Resolved,4
906446,17532,2025-06-14,2025-06-15 08:42:36.800240907,Technical,Low,Resolved,2
906447,15429,2026-07-18,2026-07-18 02:36:22.532109984,Technical,Medium,Resolved,5
906448,14310,2026-06-17,2026-06-17 07:32:51.090520657,Technical,Low,Resolved,3
906449,15098,2026-05-21,2026-05-21 22:53:04.927517804,Technical,Low,Resolved,4
906450,18847,2025-11-24,2025-11-24 08:17:57.614579775,Performance,High,Resolved,3
906451,14076,2025-08-10,2025-08-10 04:18:01.121004626,Technical,Low,Resolved,5
906452,14571,2026-06-04,2026-06-04 17:17:42.336850070,Account,High,Resolved,3
906453,14075,2025-09-22,2025-09-22 18:18:28.709198128,Account,High,Open,4
906454,16048,2026-01-30,2026-01-30 08:13:24.879149292,Technical,Medium,Open,5
906455,15999,2025-05-06,2025-05-06 05:23:18.642580188,Performance,Medium,Open,1
906456,19653,2026-03-19,2026-03-19 21:59:44.120338018,Technical,Medium,Resolved,5
906457,17428,2026-03-07,2026-03-07 02:52:55.880538078,Account,Low,Resolved,5
906458,19763,2025-01-07,2025-01-08 05:10:24.500813613,Technical,High,Pending,3
906459,12035,2026-06-16,2026-06-17 01:47:50.165680138,Account,Low,Resolved,3
906460,18521,2025-11-17,2025-11-17 05:55:00.004989741,Integration,Low,Resolved,5
906461,10867,2026-04-11,2026-04-11 06:45:49.624239790,Integration,Medium,Resolved,3
906462,16724,2026-01-28,2026-01-28 13:36:20.522788275,Performance,Low,Resolved,4
906463,17937,2026-01-20,2026-01-21 01:33:02.290819157,Performance,Low,Open,5
906464,14187,2025-12-20,2025-12-20 11:23:37.013942979,Performance,Low,Resolved,5
906465,17666,2025-05-17,2025-05-17 07:35:48.440686185,Technical,Medium,Resolved,5
906466,17508,2025-09-12,2025-09-12 08:11:49.718995767,Feature Request,Medium,Resolved,5
906467,15514,2024-10-02,2024-10-02 14:01:54.066758174,Performance,Medium,Resolved,4
906468,14051,2025-10-14,2025-10-14 05:46:19.223241326,Technical,Low,Resolved,3
906469,17677,2026-04-29,2026-04-29 11:24:29.421865425,Performance,Low,Resolved,2
906470,17649,2024-12-11,2024-12-14 02:52:22.044261064,Account,Critical,Resolved,5
906471,19693,2024-11-27,2024-11-27 05:44:55.951198508,Technical,High,Resolved,4
906472,17905,2024-07-03,2024-07-03 14:46:52.757242698,Integration,Low,Resolved,2
906473,11907,2025-10-13,2025-10-13 20:19:43.190334951,Feature Request,Low,Resolved,5
906474,19128,2026-05-26,2026-05-26 17:09:39.417957993,Performance,Medium,Resolved,3
906475,10134,2024-11-17,2024-11-17 14:59:20.812865424,Technical,Medium,Resolved,4
906476,13285,2025-01-17,2025-01-18 18:43:50.871106318,Performance,Medium,Resolved,4
906477,14914,2024-05-22,2024-05-22 07:19:09.770918120,Feature Request,Critical,Resolved,5
906478,15496,2025-12-13,2025-12-13 02:36:31.941873399,Performance,Medium,Resolved,2
906479,14802,2026-04-30,2026-04-30 03:38:27.324268609,Technical,High,Resolved,4
906480,12874,2026-06-25,2026-06-25 03:27:32.809734072,Feature Request,Medium,Open,5
906481,18070,2025-04-03,2025-04-03 09:59:10.335941318,Account,Low,Resolved,4
906482,16128,2025-03-18,2025-03-18 06:55:24.676578066,Integration,High,Resolved,4
906483,13631,2025-09-04,2025-09-04 02:01:05.548954810,Technical,High,Resolved,5
906484,17565,2026-01-16,2026-01-16 04:09:23.900277157,Technical,Medium,Open,5
906485,11520,2026-06-15,2026-06-15 10:45:56.477207916,Technical,Medium,Resolved,3
906486,12366,2024-12-17,2024-12-18 06:24:55.245360456,Technical,Low,Resolved,4
906487,14134,2024-11-26,2024-11-27 03:41:23.778076063,Technical,High,Resolved,4
906488,12065,2025-09-09,2025-09-09 21:07:30.483181639,Integration,Medium,Resolved,3
906489,10403,2025-02-09,2025-02-09 19:21:34.730751441,Technical,Low,Resolved,1
906490,19327,2026-07-30,2026-08-03 03:44:15.569780726,Account,Low,Resolved,4
906491,17952,2025-01-17,2025-01-17 08:32:53.105428597,Technical,Low,Resolved,5
906492,16144,2026-05-27,2026-05-27 06:08:12.542249205,Performance,Low,Resolved,2
906493,16535,2024-03-31,2024-03-31 06:10:30.509270929,Integration,Medium,Resolved,2
906494,17577,2025-05-17,2025-05-17 07:18:25.382421828,Performance,High,Resolved,4
906495,11188,2024-08-19,2024-08-19 06:22:39.623230117,Account,Medium,Resolved,3
906496,11249,2026-07-27,2026-07-27 09:43:23.899407718,Account,Medium,Resolved,3
906497,14632,2025-11-10,2025-11-10 15:36:04.500115084,Integration,Medium,Resolved,5
906498,14076,2026-07-27,2026-07-27 12:38:27.147585876,Performance,High,Resolved,2
906499,17558,2026-02-13,2026-02-13 07:07:18.181338952,Security,Medium,Resolved,4
906500,19583,2026-06-07,2026-06-07 08:04:30.648423327,Technical,Medium,Resolved,2
906501,12246,2024-07-29,2024-07-29 04:17:57.338024679,Account,High,Resolved,2
906502,18529,2026-06-30,2026-06-30 11:25:03.554139622,Feature Request,Low,Resolved,5
906503,16760,2025-12-16,2025-12-17 18:58:01.940583950,Feature Request,Low,Resolved,4
906504,14492,2026-04-09,2026-04-09 14:30:34.051245444,Feature Request,Critical,Resolved,4
906505,15948,2025-12-14,2025-12-14 13:50:10.183513664,Billing,Low,Resolved,5
906506,11786,2026-03-15,2026-03-15 05:01:18.929854747,Technical,Medium,Resolved,5
906507,19182,2026-04-02,2026-04-02 09:45:21.782058703,Integration,Medium,Resolved,4
906508,15826,2026-01-20,2026-01-20 12:30:22.038678712,Integration,High,Resolved,5
906509,11519,2025-06-12,2025-06-12 06:29:01.801919025,Billing,High,Resolved,1
906510,17862,2026-08-12,2026-08-12 12:28:15.484904612,Account,Low,Resolved,3
906511,15091,2025-12-19,2025-12-19 17:41:02.072766624,Billing,Medium,Resolved,5
906512,16525,2026-02-15,2026-02-15 06:06:28.587034580,Technical,Low,Resolved,2
906513,18799,2026-07-01,2026-07-01 08:19:59.218409816,Technical,Medium,Resolved,3
906514,11046,2024-07-17,2024-07-17 07:49:32.746812121,Performance,Medium,Resolved,4
906515,18756,2024-08-31,2024-08-31 07:47:33.435597804,Integration,Low,Resolved,5
906516,16712,2024-11-20,2024-11-20 10:32:02.151899570,Performance,Medium,Resolved,5
906517,16252,2024-05-02,2024-05-02 14:19:56.382708360,Technical,Low,Resolved,2
906518,14200,2024-02-11,2024-02-11 14:38:56.565087136,Technical,Medium,Resolved,5
906519,12189,2024-10-26,2024-10-26 09:17:18.064888090,Billing,High,Resolved,2
906520,19890,2024-11-30,2024-11-30 06:16:50.508966007,Performance,Low,Resolved,4
906521,18307,2024-09-10,2024-09-10 06:52:09.475524037,Billing,Medium,Resolved,2
906522,13505,2026-06-14,2026-06-14 17:17:35.926820764,Technical,Low,Resolved,5
906523,17585,2026-07-02,2026-07-02 17:31:39.651443918,Billing,Medium,Resolved,5
906524,11948,2026-06-02,2026-06-02 06:21:19.093764902,Feature Request,High,Pending,4
906525,17072,2026-08-29,2026-08-29 11:49:23.501227695,Technical,Medium,Resolved,4
906526,15873,2026-04-12,2026-04-12 02:19:33.956896839,Integration,High,Resolved,5
906527,13220,2026-04-24,2026-04-24 09:47:25.281393892,Performance,High,Resolved,2
906528,13172,2026-08-10,2026-08-10 11:41:00.495188059,Technical,Medium,Resolved,1
906529,11486,2026-05-16,2026-05-16 03:10:45.217834050,Technical,High,Resolved,4
906530,15371,2025-04-06,2025-04-06 17:20:43.854423010,Technical,Low,Open,5
906531,14581,2026-05-15,2026-05-15 10:56:43.901856628,Integration,Medium,Resolved,4
906532,19691,2026-08-21,2026-08-21 09:15:30.446033853,Integration,High,Resolved,3
906533,19648,2024-11-27,2024-11-27 03:51:39.920770058,Feature Request,High,Resolved,5
906534,10446,2025-07-02,2025-07-02 07:11:47.644075924,Security,Medium,Resolved,4
906535,10196,2025-12-31,2025-12-31 07:50:59.904140960,Billing,High,Resolved,5
906536,16352,2024-05-09,2024-05-09 04:32:50.682689466,Integration,High,Resolved,5
906537,16906,2026-08-20,2026-08-20 18:02:39.744895531,Performance,Medium,Resolved,4
906538,16020,2025-06-02,2025-06-03 05:27:37.506896589,Billing,Medium,Resolved,5
906539,11636,2025-12-14,2025-12-14 09:06:34.949716146,Integration,Low,Pending,1
906540,14781,2026-04-01,2026-04-01 10:08:17.443989315,Security,High,Resolved,3
906541,10064,2026-03-17,2026-03-17 03:46:52.482256755,Account,Medium,Open,4
906542,10059,2026-05-27,2026-05-27 07:48:19.990188432,Feature Request,Low,Resolved,4
906543,14809,2025-04-30,2025-04-30 09:16:46.828791717,Technical,High,Resolved,4
906544,17187,2025-06-10,2025-06-10 10:42:31.221779691,Integration,Low,Resolved,5
906545,11106,2026-08-02,2026-08-02 04:18:11.472754870,Integration,Medium,Resolved,5
906546,11837,2026-06-24,2026-06-24 17:56:20.846615506,Billing,High,Resolved,4
906547,19727,2025-07-11,2025-07-11 05:18:58.816689148,Performance,High,Resolved,3
906548,19799,2026-05-02,2026-05-03 04:03:40.119802556,Technical,Medium,Resolved,4
906549,12364,2024-11-08,2024-11-08 16:08:49.896811176,Security,Medium,Resolved,3
906550,15149,2025-11-11,2025-11-11 13:27:58.532433768,Account,Low,Pending,4
906551,14916,2025-07-24,2025-07-24 05:07:59.447499301,Integration,Medium,Resolved,3
906552,14960,2025-05-11,2025-05-11 06:28:56.859458106,Integration,Low,Pending,5
906553,16465,2025-12-10,2025-12-10 04:04:37.649676324,Technical,Medium,Resolved,4
906554,18560,2026-03-01,2026-03-01 17:09:38.478218047,Account,Low,Resolved,4
906555,15744,2026-06-01,2026-06-01 02:18:09.554800564,Integration,Low,Resolved,5
906556,19233,2024-10-15,2024-10-15 08:26:09.993483571,Billing,Medium,Resolved,4
906557,14038,2024-10-20,2024-10-20 04:46:22.897578417,Billing,Low,Resolved,3
906558,16937,2026-01-22,2026-01-22 12:00:19.411758932,Feature Request,Low,Resolved,4
906559,17996,2026-07-17,2026-07-17 09:37:15.312067896,Integration,Medium,Resolved,3
906560,12911,2026-03-28,2026-03-29 03:56:55.373093347,Feature Request,Low,Resolved,5
906561,13695,2025-05-23,2025-05-23 17:40:03.077379415,Feature Request,Low,Resolved,5
906562,14406,2026-01-05,2026-01-05 05:03:13.500932749,Billing,Low,Open,4
906563,16541,2024-12-06,2024-12-06 10:47:01.754935350,Integration,Medium,Resolved,4
906564,13866,2026-08-23,2026-08-23 12:48:17.041109360,Performance,Low,Resolved,3
906565,17643,2025-09-17,2025-09-17 06:26:45.618301593,Technical,Low,Resolved,2
906566,11436,2025-02-05,2025-02-05 05:51:14.511097404,Technical,Low,Resolved,5
906567,17148,2026-02-20,2026-02-20 06:45:05.764584780,Feature Request,High,Resolved,3
906568,15884,2026-04-26,2026-04-26 09:09:50.515381724,Billing,Low,Resolved,5
906569,13584,2026-06-29,2026-06-29 13:50:22.519979736,Account,Medium,Resolved,5
906570,17299,2026-08-08,2026-08-08 08:20:29.657270976,Feature Request,Medium,Resolved,1
906571,16116,2026-05-17,2026-05-17 07:21:26.548174436,Technical,Medium,Resolved,5
906572,14991,2025-06-18,2025-06-18 08:56:58.863891825,Performance,High,Resolved,4
906573,14879,2025-10-22,2025-10-22 09:21:52.057708052,Account,Medium,Resolved,5
906574,10131,2025-06-08,2025-06-08 11:53:44.196568443,Integration,Medium,Resolved,4
906575,12716,2025-06-13,2025-06-13 04:21:49.200716804,Feature Request,Low,Resolved,4
906576,16110,2025-03-15,2025-03-15 09:31:28.198611336,Integration,Low,Resolved,4
906577,11152,2024-08-22,2024-08-22 09:51:05.115547497,Account,Medium,Resolved,4
906578,16207,2024-04-22,2024-04-22 08:29:02.369973116,Performance,Medium,Resolved,4
906579,12984,2025-03-03,2025-03-03 12:34:07.388229982,Feature Request,Low,Resolved,2
906580,17184,2024-07-23,2024-07-23 11:25:17.801051804,Technical,Medium,Resolved,5
906581,16468,2025-04-23,2025-04-23 12:39:50.198571738,Technical,Low,Resolved,2
906582,19482,2026-06-08,2026-06-08 09:27:39.327669892,Performance,Low,Resolved,1
906583,19955,2026-01-17,2026-01-17 05:40:47.875468083,Integration,Low,Resolved,4
906584,16877,2025-08-02,2025-08-02 12:50:01.460976097,Feature Request,Low,Resolved,5
906585,11101,2025-09-24,2025-09-24 16:08:03.766851009,Billing,High,Resolved,5
906586,15829,2026-06-29,2026-06-30 13:09:05.560099322,Integration,Medium,Resolved,4
906587,11387,2026-06-09,2026-06-09 08:10:53.003021761,Integration,Medium,Resolved,5
906588,10006,2026-05-01,2026-05-01 13:15:46.410230671,Technical,Medium,Pending,2
906589,16159,2026-04-02,2026-04-02 12:19:54.226189142,Technical,Medium,Resolved,3
906590,16508,2025-08-23,2025-08-23 18:42:58.924925478,Security,High,Resolved,4
906591,17535,2025-10-21,2025-10-21 04:05:15.132093612,Integration,Medium,Resolved,3
906592,14463,2024-07-13,2024-07-13 16:06:01.711978110,Billing,Medium,Resolved,3
906593,19993,2025-05-04,2025-05-04 19:37:44.738848858,Integration,Medium,Resolved,2
906594,11625,2026-03-12,2026-03-12 22:39:50.981314586,Technical,Medium,Resolved,1
906595,17269,2026-05-26,2026-05-26 06:24:43.803464976,Technical,High,Resolved,3
906596,16960,2024-10-22,2024-10-22 09:35:21.725572776,Account,Low,Open,2
906597,11585,2026-06-14,2026-06-14 08:16:37.705108688,Integration,Medium,Resolved,2
906598,18359,2025-09-01,2025-09-01 05:04:15.813155953,Feature Request,Medium,Resolved,4
906599,15099,2024-04-04,2024-04-04 07:10:07.647698985,Billing,Medium,Resolved,4
906600,16535,2024-03-31,2024-04-01 18:38:19.711672774,Account,Low,Resolved,5
906601,16470,2025-04-19,2025-04-19 07:05:43.770083377,Account,Medium,Resolved,2
906602,12205,2025-12-28,2025-12-28 08:36:34.051431387,Performance,High,Resolved,5
906603,16506,2025-06-15,2025-06-15 08:34:09.822083498,Technical,Low,Resolved,5
906604,17704,2026-08-13,2026-08-13 09:21:27.122308837,Technical,Low,Resolved,5
906605,18937,2026-03-29,2026-03-29 05:33:06.324848780,Performance,Low,Resolved,5
906606,11788,2024-06-06,2024-06-06 23:29:26.073123622,Account,Low,Resolved,5
906607,10141,2026-02-11,2026-02-11 23:01:30.812843146,Technical,Low,Resolved,1
906608,11170,2025-08-28,2025-08-28 05:37:59.896989915,Integration,Medium,Resolved,5
906609,17963,2025-05-18,2025-05-18 19:15:32.708252826,Billing,Low,Resolved,5
906610,18959,2025-08-02,2025-08-02 13:54:14.251272714,Performance,Medium,Resolved,5
906611,16383,2025-05-13,2025-05-13 02:20:23.812698757,Technical,High,Resolved,4
906612,17010,2026-08-06,2026-08-06 18:28:28.229302628,Integration,Low,Resolved,5
906613,11605,2025-10-13,2025-10-15 19:51:28.221263139,Technical,Medium,Resolved,4
906614,19131,2025-09-09,2025-09-09 06:04:06.305193087,Feature Request,High,Pending,5
906615,15316,2026-08-23,2026-08-23 09:28:04.821448162,Feature Request,Low,Resolved,3
906616,12360,2025-04-01,2025-04-01 03:51:52.126812500,Technical,High,Resolved,5
906617,17908,2024-12-05,2024-12-05 18:02:09.497103248,Integration,Medium,Resolved,2
906618,19858,2026-06-14,2026-06-14 04:27:45.151627701,Performance,Medium,Open,4
906619,11775,2025-10-01,2025-10-02 03:39:36.919647270,Technical,Medium,Resolved,2
906620,12673,2025-12-04,2025-12-04 11:53:50.226292215,Account,Medium,Open,5
906621,15738,2026-06-27,2026-06-27 13:17:09.055466253,Technical,High,Resolved,2
906622,15001,2026-03-05,2026-03-05 17:39:29.807429958,Performance,High,Resolved,5
906623,19068,2024-07-16,2024-07-16 06:23:42.418114782,Technical,Low,Resolved,5
906624,12284,2025-06-20,2025-06-20 10:31:13.087411312,Account,Medium,Resolved,4
906625,14854,2026-01-22,2026-01-22 08:53:00.730935430,Performance,Medium,Resolved,5
906626,12858,2026-07-02,2026-07-02 03:35:14.054328560,Billing,Low,Resolved,2
906627,10858,2025-12-03,2025-12-03 09:59:59.689299706,Feature Request,Medium,Resolved,5
906628,19392,2025-06-14,2025-06-14 02:37:40.591441513,Technical,Low,Resolved,4
906629,13490,2025-10-19,2025-10-19 09:42:00.503437968,Technical,High,Open,3
906630,17137,2026-06-09,2026-06-09 09:58:13.361100326,Integration,Low,Resolved,4
906631,10686,2026-03-25,2026-03-25 05:04:04.326608305,Performance,Low,Resolved,3
906632,18772,2025-03-22,2025-03-22 07:07:26.037666004,Account,Medium,Resolved,3
906633,10694,2025-11-04,2025-11-04 03:10:01.449524974,Integration,Medium,Resolved,5
906634,10074,2026-04-14,2026-04-14 11:09:44.992857733,Billing,Low,Resolved,4
906635,13376,2026-04-06,2026-04-06 07:24:30.482948041,Technical,Medium,Pending,3
906636,14368,2025-06-12,2025-06-12 03:32:47.109093475,Account,Low,Resolved,5
906637,11619,2025-03-13,2025-03-14 20:02:04.305830218,Technical,Medium,Resolved,1
906638,11379,2025-10-25,2025-10-25 13:53:51.829822082,Billing,Medium,Resolved,5
906639,11062,2026-06-22,2026-06-22 07:26:37.906965430,Account,Low,Resolved,5
906640,15315,2025-05-27,2025-05-27 06:14:03.447165825,Billing,Medium,Resolved,5
906641,14906,2025-07-31,2025-07-31 15:36:32.980872621,Technical,Low,Resolved,1
906642,11273,2026-08-16,2026-08-16 23:18:42.596005154,Feature Request,High,Resolved,5
906643,18481,2026-03-09,2026-03-09 07:23:00.635315074,Billing,Medium,Resolved,5
906644,15401,2025-03-01,2025-03-01 08:18:21.029204649,Billing,Medium,Resolved,5
906645,14438,2026-04-17,2026-04-17 03:45:54.833668866,Performance,Medium,Resolved,4
906646,18599,2025-09-02,2025-09-02 10:40:30.970598354,Performance,Medium,Resolved,2
906647,13890,2025-09-23,2025-09-23 16:12:51.321885577,Technical,Low,Resolved,1
906648,18587,2025-11-28,2025-11-28 07:54:18.468613576,Integration,High,Resolved,5
906649,11801,2025-03-17,2025-03-17 07:32:39.906984008,Technical,Low,Resolved,3
906650,19345,2024-04-30,2024-04-30 04:59:04.162383052,Performance,Low,Pending,5
906651,11976,2026-01-27,2026-01-27 14:10:46.873105593,Technical,Low,Resolved,5
906652,19644,2026-01-11,2026-01-11 13:19:51.939806019,Billing,Low,Resolved,4
906653,11690,2026-07-23,2026-07-23 21:50:36.924081309,Billing,High,Pending,5
906654,13672,2026-01-31,2026-01-31 04:55:01.866223228,Account,High,Resolved,4
906655,17312,2026-03-21,2026-03-21 04:13:00.580621429,Feature Request,Low,Resolved,4
906656,15838,2025-11-28,2025-11-29 08:55:09.105690648,Account,Medium,Resolved,4
906657,17925,2026-05-07,2026-05-07 07:08:43.756837242,Security,Critical,Resolved,5
906658,18791,2024-08-17,2024-08-17 05:56:47.821395238,Performance,Medium,Resolved,5
906659,10420,2024-10-17,2024-10-17 18:30:12.040103012,Technical,Medium,Open,4
906660,10466,2026-06-19,2026-06-19 11:27:54.549939438,Technical,Low,Resolved,2
906661,17353,2024-08-02,2024-08-02 09:23:27.611267154,Technical,High,Open,1
906662,18330,2024-09-06,2024-09-06 21:37:50.967028718,Technical,Medium,Resolved,4
906663,15226,2025-06-22,2025-06-22 05:01:09.591629602,Technical,Low,Resolved,5
906664,12574,2026-05-01,2026-05-01 23:21:06.283129453,Feature Request,Low,Open,5
906665,12626,2025-07-13,2025-07-13 10:43:26.547726651,Technical,Medium,Resolved,4
906666,16902,2026-07-23,2026-07-23 05:46:20.728644128,Performance,Medium,Pending,5
906667,18386,2025-10-22,2025-10-22 03:27:42.034669030,Feature Request,High,Resolved,4
906668,17538,2026-06-30,2026-06-30 13:54:38.454103198,Technical,Medium,Resolved,3
906669,19832,2025-12-14,2025-12-14 05:28:09.745276724,Integration,Medium,Resolved,5
906670,11715,2025-02-03,2025-02-03 14:47:52.509109491,Billing,Medium,Resolved,1
906671,15262,2026-07-12,2026-07-12 11:53:15.684135590,Technical,Medium,Resolved,5
906672,10604,2024-05-26,2024-05-26 08:33:00.041969685,Billing,Low,Resolved,5
906673,15727,2024-11-25,2024-11-25 05:38:53.585825838,Billing,Medium,Resolved,5
906674,14490,2025-02-28,2025-02-28 03:28:50.204216370,Integration,Medium,Resolved,1
906675,11338,2025-04-19,2025-04-19 02:32:50.425122598,Feature Request,Medium,Resolved,2
906676,16989,2026-08-09,2026-08-09 22:22:49.592355394,Technical,Low,Resolved,4
906677,12338,2026-06-30,2026-06-30 03:31:49.519876825,Integration,Medium,Open,5
906678,12947,2026-06-20,2026-06-20 08:29:19.980168986,Security,Low,Resolved,4
906679,12252,2026-03-12,2026-03-12 17:14:41.655847491,Feature Request,Medium,Resolved,5
906680,13186,2025-04-08,2025-04-08 06:06:53.851471405,Billing,High,Resolved,5
906681,10523,2026-04-11,2026-04-11 17:50:01.883766217,Billing,Low,Resolved,4
906682,15103,2026-06-16,2026-06-16 10:42:08.983922749,Technical,Low,Resolved,4
906683,11492,2025-03-15,2025-03-15 06:24:00.113987210,Technical,High,Resolved,5
906684,18890,2026-01-25,2026-01-26 05:42:07.698398256,Integration,High,Resolved,4
906685,13581,2024-05-29,2024-05-29 03:22:15.500385832,Account,High,Open,2
906686,15404,2026-06-14,2026-06-14 03:21:48.601892584,Integration,Low,Resolved,5
906687,10842,2025-02-02,2025-02-02 13:06:52.814983269,Billing,Low,Resolved,4
906688,13221,2025-06-11,2025-06-11 15:32:39.585166810,Security,Low,Resolved,4
906689,16323,2025-06-09,2025-06-09 05:56:48.636960266,Account,High,Resolved,2
906690,18869,2025-08-05,2025-08-05 13:52:46.449473145,Billing,High,Pending,3
906691,17875,2026-05-11,2026-05-11 08:55:25.743994093,Billing,Low,Resolved,5
906692,12165,2025-10-25,2025-10-25 03:34:33.378400326,Account,Medium,Resolved,4
906693,10832,2024-10-23,2024-10-23 10:53:40.388622172,Technical,Low,Resolved,3
906694,19667,2025-12-08,2025-12-09 05:18:46.311460344,Performance,Medium,Resolved,5
906695,18193,2026-04-06,2026-04-06 12:54:55.449572252,Integration,Medium,Resolved,5
906696,17102,2025-09-30,2025-09-30 06:46:53.270603734,Account,Medium,Pending,4
906697,12670,2026-07-21,2026-07-21 23:09:48.808467601,Account,Low,Resolved,4
906698,11336,2024-03-06,2024-03-06 09:43:03.319065278,Performance,Critical,Resolved,5
906699,12613,2026-06-26,2026-06-27 16:44:37.817797041,Performance,Low,Resolved,4
906700,17579,2025-09-08,2025-09-08 03:17:32.058770978,Security,Medium,Open,3
906701,10678,2026-05-14,2026-05-14 12:58:00.510386188,Integration,Medium,Pending,5
906702,10043,2025-10-03,2025-10-04 02:46:23.848729327,Billing,High,Open,1
906703,14453,2025-04-26,2025-04-26 12:44:28.386372688,Technical,Medium,Resolved,3
906704,13223,2026-07-19,2026-07-21 03:23:26.963916784,Billing,Medium,Resolved,5
906705,15903,2025-04-07,2025-04-07 13:15:06.947688135,Performance,High,Resolved,5
906706,17988,2025-03-12,2025-03-13 00:03:49.008014373,Technical,High,Resolved,1
906707,16708,2025-09-02,2025-09-02 02:26:52.658310674,Feature Request,Low,Resolved,4
906708,13310,2024-10-20,2024-10-20 13:04:41.979096739,Performance,Medium,Resolved,3
906709,16039,2026-05-16,2026-05-16 04:21:12.506801896,Integration,High,Resolved,3
906710,18960,2024-12-22,2024-12-22 09:41:00.418307971,Billing,High,Open,5
906711,17476,2026-01-28,2026-01-28 10:28:23.441254953,Account,Medium,Open,1
906712,15940,2025-01-03,2025-01-03 05:09:42.704402493,Performance,Low,Resolved,5
906713,17289,2025-06-08,2025-06-08 10:57:11.968065849,Account,Medium,Resolved,2
906714,17825,2026-08-23,2026-08-23 13:48:01.455051704,Security,High,Resolved,3
906715,11189,2026-08-31,,Account,Low,Resolved,5
906716,11555,2025-11-29,2025-11-29 09:52:09.221723914,Feature Request,Low,Resolved,4
906717,13446,2026-03-25,2026-03-25 04:51:57.321457038,Billing,Medium,Resolved,3
906718,11591,2025-11-26,2025-11-26 05:48:30.645086619,Technical,Low,Resolved,4
906719,12034,2026-03-29,2026-03-29 13:46:40.761939266,Account,High,Resolved,3
906720,15720,2025-11-21,2025-11-21 08:03:41.387557186,Billing,High,Resolved,3
906721,16841,2024-10-03,2024-10-03 03:31:01.709336254,Feature Request,Critical,Resolved,4
906722,13960,2026-01-13,2026-01-13 03:49:12.774070599,Billing,Medium,Resolved,4
906723,17558,2026-02-13,2026-02-13 03:13:34.040903703,Billing,Low,Resolved,5
906724,14501,2026-04-01,2026-04-01 08:06:02.180377296,Performance,High,Resolved,2
906725,11643,2026-02-08,2026-02-08 07:37:46.890324638,Technical,Medium,Resolved,1
906726,14150,2025-05-06,2025-05-06 04:43:24.356650033,Integration,Medium,Resolved,3
906727,13558,2026-01-19,2026-01-19 03:11:31.434388519,Billing,Medium,Resolved,5
906728,18720,2026-06-25,2026-06-25 14:33:01.296211320,Billing,Medium,Resolved,4
906729,11870,2026-06-18,2026-06-18 08:40:06.707846038,Feature Request,High,Resolved,4
906730,15691,2025-10-11,2025-10-11 09:18:33.249321468,Feature Request,Medium,Resolved,3
906731,16487,2026-04-27,2026-04-28 15:05:35.605979674,Technical,Critical,Resolved,4
906732,16527,2024-05-18,2024-05-18 09:57:57.651366841,Integration,High,Resolved,4
906733,10515,2024-10-09,2024-10-09 11:51:48.794774853,Technical,Medium,Resolved,2
906734,17311,2026-05-24,2026-05-24 05:10:34.606450606,Account,High,Resolved,5
906735,13559,2025-09-18,2025-09-18 15:14:19.670102242,Integration,Medium,Resolved,4
906736,17521,2026-01-02,2026-01-02 06:27:29.686076524,Technical,Medium,Resolved,4
906737,17367,2026-02-22,2026-02-22 05:19:20.970699636,Security,Low,Open,4
906738,15849,2026-04-16,2026-04-16 10:57:47.456735000,Technical,Low,Resolved,3
906739,19213,2025-11-05,2025-11-05 15:48:47.318304531,Billing,Critical,Resolved,4
906740,13535,2025-10-25,2025-10-25 06:49:59.737622599,Technical,High,Resolved,4
906741,10757,2026-04-22,2026-04-22 12:45:20.667856755,Technical,Low,Resolved,3
906742,13976,2025-06-16,2025-06-16 04:14:45.943940191,Billing,High,Resolved,4
906743,10187,2026-08-31,,Performance,Medium,Resolved,4
906744,14784,2025-12-02,2025-12-02 07:37:56.538238285,Technical,High,Resolved,2
906745,19254,2026-01-26,2026-01-26 08:11:45.878579019,Performance,Low,Resolved,3
906746,19605,2024-12-02,2024-12-02 04:34:19.713045277,Technical,Medium,Resolved,5
906747,14043,2026-06-16,2026-06-16 07:31:08.239749762,Billing,High,Resolved,1
906748,13737,2025-02-08,2025-02-08 15:36:33.399507927,Performance,Medium,Resolved,3
906749,13888,2026-01-01,2026-01-01 02:06:04.393825527,Technical,Medium,Resolved,4
906750,18870,2024-09-21,2024-09-21 11:43:22.869859303,Integration,High,Resolved,5
906751,11282,2024-08-23,2024-08-23 06:08:14.183939612,Integration,Medium,Resolved,5
906752,19645,2026-01-18,2026-01-18 14:22:54.841618412,Billing,Medium,Resolved,4
906753,17913,2025-09-23,2025-09-23 20:31:34.444172874,Billing,Low,Resolved,2
906754,15095,2026-03-18,2026-03-18 04:36:54.213991254,Technical,Low,Resolved,5
906755,13081,2026-06-16,2026-06-16 05:09:56.714303905,Feature Request,Medium,Resolved,3
906756,16280,2026-06-26,2026-06-28 01:41:33.219739233,Performance,Medium,Resolved,3
906757,12677,2026-04-28,2026-04-28 14:23:44.635746606,Technical,Low,Resolved,3
906758,16764,2024-09-07,2024-09-07 18:53:35.848048740,Technical,Medium,Open,2
906759,15959,2025-07-15,2025-07-15 16:08:41.887800834,Technical,Medium,Resolved,4
906760,16278,2024-07-29,2024-07-29 06:44:40.954515453,Integration,High,Resolved,3
906761,10055,2025-11-09,2025-11-10 00:53:12.378747357,Account,High,Resolved,4
906762,11130,2026-08-10,2026-08-11 06:37:58.788758107,Billing,High,Open,2
906763,17920,2026-04-21,2026-04-21 08:53:39.361147684,Technical,Medium,Resolved,3
906764,13590,2026-04-07,2026-04-07 13:28:40.762599978,Integration,Low,Resolved,4
906765,17451,2025-11-01,2025-11-01 08:14:08.670824138,Billing,Low,Pending,5
906766,10831,2026-03-16,2026-03-16 16:42:21.958997662,Integration,Low,Resolved,5
906767,17786,2026-07-08,2026-07-08 11:33:27.413634639,Performance,Medium,Resolved,1
906768,13310,2024-10-20,2024-10-20 18:43:14.185326043,Technical,Medium,Resolved,3
906769,16618,2025-03-01,2025-03-01 02:38:28.787042774,Integration,High,Resolved,3
906770,17020,2024-10-25,2024-10-25 14:21:22.385992878,Technical,Medium,Open,2
906771,15175,2026-06-17,2026-06-17 19:43:58.455810159,Account,Low,Open,2
906772,11387,2026-06-09,2026-06-09 06:13:11.416689422,Integration,Medium,Resolved,1
906773,12941,2024-11-17,2024-11-17 14:28:55.143031263,Account,High,Resolved,3
906774,14830,2025-12-29,2025-12-29 23:36:34.199484750,Account,Medium,Resolved,5
906775,17184,2026-08-12,2026-08-12 11:24:55.681584465,Security,Low,Resolved,4
906776,13896,2026-07-26,2026-07-26 15:03:16.187712523,Performance,High,Resolved,5
906777,16480,2026-02-14,2026-02-14 03:47:55.898421921,Feature Request,High,Open,5
906778,19635,2026-08-13,2026-08-13 11:59:28.415096322,Integration,High,Resolved,4
906779,16866,2026-04-13,2026-04-13 15:30:37.623091399,Technical,High,Resolved,2
906780,10537,2026-01-16,2026-01-16 15:03:08.336053461,Integration,Low,Resolved,5
906781,16811,2024-12-21,2024-12-23 18:51:24.426563900,Performance,Medium,Resolved,4
906782,16677,2024-03-15,2024-03-15 06:05:28.509130644,Technical,Low,Resolved,1
906783,12405,2024-12-21,2024-12-21 01:33:08.390115622,Technical,Medium,Resolved,4
906784,16496,2024-10-27,2024-10-27 16:30:02.512825002,Technical,Low,Resolved,3
906785,15367,2026-05-23,2026-05-23 05:59:21.161830567,Performance,High,Resolved,2
906786,18433,2026-03-21,2026-03-22 03:49:08.096275239,Technical,Low,Resolved,4
906787,12928,2026-01-10,2026-01-10 09:23:18.990801488,Performance,Medium,Resolved,3
906788,13009,2026-05-16,2026-05-16 11:09:42.973037611,Performance,High,Pending,3
906789,16221,2026-06-27,2026-06-27 15:17:23.349653761,Account,Medium,Open,2
906790,19946,2024-02-15,2024-02-15 07:56:18.437898721,Technical,Low,Resolved,3
906791,19205,2025-02-01,2025-02-01 07:29:11.376796430,Performance,Low,Resolved,1
906792,12393,2026-07-26,2026-07-26 07:31:01.545059956,Performance,Low,Resolved,3
906793,15198,2025-05-07,2025-05-07 05:28:24.609673452,Performance,Medium,Resolved,4
906794,15927,2026-04-03,2026-04-03 19:34:19.558755814,Technical,Medium,Resolved,5
906795,12210,2026-06-30,2026-06-30 12:02:21.874164576,Billing,Medium,Resolved,4
906796,16063,2024-08-20,2024-08-20 15:08:49.465354588,Billing,High,Open,1
906797,17665,2025-04-15,2025-04-15 13:15:51.734413116,Feature Request,Low,Resolved,4
906798,15376,2026-06-26,2026-06-26 08:00:39.900503365,Integration,Low,Resolved,4
906799,17497,2026-05-28,2026-05-28 06:07:54.639840543,Account,High,Resolved,2
906800,14128,2024-07-06,2024-07-06 09:56:01.559845294,Technical,Medium,Resolved,5
906801,14090,2025-08-13,2025-08-13 08:09:29.322711079,Integration,Medium,Resolved,4
906802,11022,2024-11-25,2024-11-25 01:06:33.451022689,Billing,High,Resolved,3
906803,12384,2025-07-01,2025-07-01 08:14:24.340672208,Account,Medium,Resolved,2
906804,17134,2026-05-12,2026-05-12 02:09:38.964749464,Billing,Low,Resolved,1
906805,11766,2025-05-22,2025-05-22 08:25:36.338835295,Technical,Medium,Resolved,5
906806,17543,2026-02-17,2026-02-17 12:30:44.687537485,Performance,High,Resolved,3
906807,11638,2025-08-15,2025-08-15 10:09:29.977258107,Performance,Low,Pending,3
906808,10672,2025-04-13,2025-04-13 05:07:32.965902919,Technical,Low,Resolved,3
906809,16003,2026-02-20,2026-02-20 14:03:53.579664126,Account,Low,Resolved,4
906810,17059,2025-01-13,2025-01-13 16:51:04.895222925,Billing,Low,Resolved,4
906811,18676,2026-02-24,2026-02-24 02:35:44.652261829,Feature Request,Medium,Resolved,5
906812,13103,2026-01-25,2026-01-25 05:32:20.141844709,Security,Medium,Resolved,5
906813,12246,2024-09-20,2024-09-20 06:22:44.647302280,Billing,Medium,Resolved,5
906814,19366,2026-01-28,2026-01-28 12:08:03.529997095,Technical,Medium,Open,4
906815,13185,2024-04-25,2024-04-25 08:38:39.667440440,Technical,High,Resolved,4
906816,10859,2025-11-02,2025-11-02 22:36:11.351950048,Security,Medium,Open,4
906817,16991,2025-06-01,2025-06-01 01:44:35.028684780,Billing,Medium,Resolved,4
906818,14932,2024-09-11,2024-09-11 07:49:27.656062842,Integration,Medium,Resolved,2
906819,11185,2026-08-26,2026-08-26 16:10:36.509845306,Integration,Low,Pending,5
906820,11019,2025-12-25,2025-12-25 03:47:08.307363541,Integration,Critical,Resolved,5
906821,18247,2025-09-05,2025-09-05 09:19:21.553115023,Technical,Medium,Resolved,5
906822,12877,2024-10-30,2024-10-30 08:04:25.491625625,Integration,Low,Resolved,4
906823,18847,2025-11-24,2025-11-25 00:29:48.532770794,Technical,High,Resolved,5
906824,15580,2025-08-24,2025-08-24 04:31:25.978332100,Technical,Low,Pending,4
906825,13249,2026-08-15,2026-08-15 08:13:37.362824961,Integration,Low,Resolved,3
906826,11580,2026-07-25,2026-07-25 08:40:01.189170807,Billing,Medium,Resolved,1
906827,17805,2026-04-28,2026-04-28 04:08:19.698447750,Technical,Medium,Resolved,1
906828,12186,2025-07-22,2025-07-22 05:29:50.941719009,Account,Medium,Pending,5
906829,10603,2026-04-03,2026-04-03 04:41:59.372679616,Security,Low,Resolved,4
906830,17389,2025-11-25,2025-11-26 04:50:16.547831638,Technical,Low,Resolved,2
906831,14914,2025-05-10,2025-05-10 02:42:06.555810744,Performance,Low,Resolved,5
906832,19445,2026-06-18,2026-06-18 10:17:42.439352863,Technical,Low,Resolved,4
906833,13320,2026-03-19,2026-03-19 15:33:14.636038086,Account,Low,Resolved,4
906834,17672,2025-08-26,2025-08-26 13:39:31.785475284,Account,Medium,Resolved,2
906835,10115,2025-12-16,2025-12-17 06:18:23.564490156,Integration,Medium,Resolved,5
906836,17802,2025-04-14,2025-04-15 01:19:25.219692757,Account,Medium,Resolved,4
906837,18839,2025-02-16,2025-02-16 08:53:26.716859257,Technical,High,Resolved,4
906838,17722,2024-10-15,2024-10-16 08:13:05.343509665,Account,High,Resolved,5
906839,19552,2026-03-16,2026-03-17 08:52:21.819164073,Performance,Medium,Resolved,4
906840,13405,2026-02-23,2026-02-23 06:26:51.576098143,Technical,Medium,Resolved,4
906841,14048,2024-06-25,2024-06-25 04:55:07.653544802,Technical,High,Resolved,5
906842,14203,2025-07-12,2025-07-12 14:19:27.048902977,Performance,Medium,Resolved,5
906843,15149,2025-11-11,2025-11-12 07:41:49.996605782,Account,Medium,Resolved,5
906844,11324,2025-03-14,2025-03-14 10:44:24.889646871,Billing,High,Resolved,3
906845,13549,2025-04-28,2025-04-28 04:24:55.434678350,Technical,Medium,Resolved,5
906846,10310,2025-11-27,2025-11-27 05:59:24.279588549,Billing,Low,Resolved,5
906847,13483,2024-10-08,2024-10-08 23:41:14.811675781,Technical,Low,Resolved,4
906848,10437,2026-05-28,2026-05-28 08:24:20.328943053,Technical,High,Resolved,4
906849,12782,2026-02-18,2026-02-19 10:16:25.733949938,Feature Request,Low,Pending,2
906850,11636,2024-11-06,2024-11-06 04:38:06.919776002,Feature Request,Low,Resolved,5
906851,13304,2025-01-07,2025-01-07 22:14:59.907723064,Technical,High,Resolved,5
906852,17099,2025-03-17,2025-03-17 18:59:48.735776814,Integration,Medium,Resolved,4
906853,18875,2025-02-09,2025-02-09 02:24:00.462959989,Feature Request,Low,Resolved,2
906854,12755,2025-02-15,2025-02-15 11:30:11.253417192,Technical,Low,Resolved,5
906855,15815,2026-03-27,2026-03-27 21:53:47.531222286,Account,Low,Open,5
906856,15673,2025-01-16,2025-01-16 12:37:28.464790818,Performance,Low,Resolved,4
906857,13357,2026-01-30,2026-01-30 09:19:19.522932646,Technical,High,Resolved,5
906858,13965,2025-05-03,2025-05-03 04:27:21.179181330,Feature Request,Medium,Resolved,4
906859,16998,2026-08-17,2026-08-17 05:56:13.780568385,Security,Low,Resolved,2
906860,11754,2026-07-06,2026-07-06 08:45:22.164427472,Billing,Medium,Resolved,4
906861,16609,2025-07-28,2025-07-28 09:19:34.255274426,Technical,Low,Resolved,1
906862,17500,2026-02-16,2026-02-17 12:04:01.137130708,Billing,Low,Resolved,4
906863,19748,2024-09-01,2024-09-01 15:45:16.736415858,Technical,Low,Resolved,3
906864,19821,2025-07-12,2025-07-12 05:45:11.183263772,Account,High,Resolved,4
906865,15785,2026-06-11,2026-06-11 09:18:56.382227096,Feature Request,Medium,Resolved,5
906866,12520,2026-04-09,2026-04-09 11:19:30.488823822,Performance,Medium,Pending,4
906867,14257,2025-02-10,2025-02-10 06:44:00.532621640,Feature Request,High,Pending,2
906868,17966,2026-07-31,2026-07-31 11:23:31.173780998,Billing,High,Resolved,3
906869,14307,2024-09-07,2024-09-07 02:58:02.092114120,Security,Low,Resolved,3
906870,13887,2024-09-01,2024-09-02 10:33:00.124234149,Technical,Low,Resolved,4
906871,14037,2025-11-19,2025-11-19 02:13:24.135755797,Feature Request,High,Resolved,5
906872,16636,2026-07-22,2026-07-22 14:27:07.714259413,Security,Medium,Resolved,5
906873,11377,2025-06-20,2025-06-20 10:29:48.460313241,Billing,Low,Resolved,3
906874,16894,2025-04-28,2025-04-28 17:58:23.339039163,Security,High,Resolved,4
906875,13901,2024-05-09,2024-05-09 18:02:37.921412601,Technical,Low,Resolved,3
906876,13891,2024-12-09,2024-12-09 10:56:30.600472725,Technical,Medium,Resolved,5
906877,12216,2026-01-03,2026-01-03 14:36:49.737588836,Technical,Low,Pending,5
906878,10703,2026-02-14,2026-02-14 13:02:22.463491326,Performance,Critical,Resolved,1
906879,15452,2025-11-04,2025-11-04 08:43:27.345884289,Technical,Medium,Open,2
906880,12216,2025-06-08,2025-06-08 08:27:27.516961436,Account,Medium,Resolved,4
906881,17086,2025-05-03,2025-05-03 04:01:19.580731777,Feature Request,Low,Resolved,5
906882,16654,2025-06-18,2025-06-18 11:16:01.338599827,Feature Request,Low,Resolved,4
906883,10656,2026-07-15,2026-07-15 09:19:30.480041431,Technical,Medium,Resolved,3
906884,18283,2026-05-20,2026-05-21 14:29:46.846906080,Account,High,Pending,4
906885,13503,2026-03-22,2026-03-23 13:55:46.871949928,Account,Critical,Resolved,4
906886,12730,2024-12-18,2024-12-18 08:18:04.817136121,Billing,Medium,Resolved,4
906887,17937,2025-08-09,2025-08-09 06:12:12.063381494,Feature Request,Low,Resolved,2
906888,11617,2026-03-16,2026-03-16 05:24:31.269442914,Feature Request,Medium,Resolved,5
906889,15694,2026-07-31,2026-07-31 11:05:02.658942366,Technical,High,Resolved,4
906890,11807,2026-04-29,2026-04-29 17:50:53.494315789,Technical,Medium,Resolved,4
906891,14431,2025-01-02,2025-01-02 11:56:30.979083800,Technical,Medium,Resolved,5
906892,14058,2025-11-29,2025-11-29 04:08:39.454368615,Performance,Medium,Pending,2
906893,19827,2025-11-01,2025-11-01 10:13:25.714553736,Technical,High,Resolved,3
906894,10849,2026-06-15,2026-06-15 14:25:55.072831998,Technical,Medium,Resolved,4
906895,13986,2026-08-12,2026-08-12 08:51:12.410496298,Integration,Medium,Resolved,1
906896,14973,2025-06-10,2025-06-10 10:51:04.055123070,Technical,Medium,Resolved,4
906897,10298,2025-08-06,2025-08-06 05:54:58.895642844,Performance,High,Resolved,3
906898,18245,2026-07-12,2026-07-12 04:45:15.549118275,Account,Low,Resolved,4
906899,16338,2025-09-23,2025-09-23 08:59:23.635304422,Technical,Medium,Resolved,4
906900,13248,2024-11-23,2024-11-24 16:49:25.729714106,Billing,Low,Resolved,2
906901,13353,2025-12-16,2025-12-16 11:34:29.210131491,Integration,Medium,Resolved,5
906902,16045,2024-08-31,2024-08-31 21:49:37.905023136,Billing,High,Resolved,5
906903,14521,2026-03-31,2026-03-31 20:28:25.646978438,Account,Medium,Resolved,3
906904,10306,2026-07-15,2026-07-15 04:43:44.960282936,Technical,Medium,Resolved,3
906905,13474,2026-08-23,2026-08-23 05:02:32.664771942,Technical,Medium,Resolved,4
906906,14801,2026-08-31,,Feature Request,High,Resolved,4
906907,17784,2026-07-23,2026-07-24 00:02:03.489506307,Integration,Medium,Resolved,3
906908,12348,2025-10-23,2025-10-23 14:24:04.388223132,Account,Medium,Resolved,2
906909,14020,2025-10-02,2025-10-02 15:57:32.405552992,Feature Request,Low,Resolved,3
906910,16222,2026-08-18,2026-08-18 07:48:30.427118755,Performance,High,Resolved,3
906911,11083,2026-08-17,2026-08-17 15:27:56.175406966,Account,Low,Open,3
906912,17652,2025-11-03,2025-11-03 05:14:41.767920013,Account,Medium,Resolved,4
906913,15689,2025-04-14,2025-04-14 20:48:03.932993559,Account,Low,Resolved,5
906914,14478,2025-06-07,2025-06-07 08:02:10.758933571,Account,Medium,Pending,3
906915,16277,2025-07-04,2025-07-04 04:51:54.074603487,Account,Medium,Resolved,3
906916,12892,2025-07-07,2025-07-07 04:40:31.614036344,Performance,Medium,Resolved,5
906917,16889,2026-08-01,2026-08-01 10:08:25.247213361,Performance,Medium,Resolved,4
906918,19234,2025-08-23,2025-08-23 19:18:59.309265456,Integration,Medium,Resolved,1
906919,12372,2024-12-25,2024-12-26 06:26:50.649634978,Performance,High,Resolved,3
906920,18813,2025-08-01,2025-08-01 02:27:00.162384314,Billing,High,Resolved,5
906921,16950,2025-11-17,2025-11-17 05:54:53.000284406,Billing,Low,Resolved,5
906922,11255,2026-05-14,2026-05-14 04:14:56.325943467,Performance,Critical,Pending,4
906923,11366,2026-04-20,2026-04-20 04:42:26.275935495,Performance,High,Pending,4
906924,11121,2025-05-15,2025-05-16 12:36:43.544673720,Technical,Medium,Resolved,4
906925,12497,2026-08-24,2026-08-24 17:48:43.416748076,Billing,Low,Resolved,3
906926,19157,2026-03-31,2026-03-31 10:19:53.854871548,Performance,High,Pending,5
906927,14808,2025-12-14,2025-12-14 03:50:55.454918568,Billing,Low,Resolved,3
906928,17091,2026-01-22,2026-01-22 13:51:53.825573458,Technical,Low,Pending,5
906929,11752,2026-08-02,2026-08-02 21:24:38.814483463,Account,Low,Resolved,4
906930,19040,2024-09-15,2024-09-15 03:57:58.849465564,Billing,Low,Resolved,5
906931,11722,2025-11-02,2025-11-02 09:40:36.601657276,Feature Request,Medium,Resolved,2
906932,19576,2025-09-30,2025-09-30 06:11:25.589134327,Security,Medium,Resolved,4
906933,19174,2026-06-13,2026-06-13 03:38:33.936878796,Billing,Low,Resolved,3
906934,16100,2026-07-02,2026-07-02 12:17:08.849980244,Technical,Medium,Resolved,3
906935,11641,2025-01-09,2025-01-09 11:39:23.409694137,Billing,Low,Resolved,4
906936,10379,2026-06-21,2026-06-21 04:51:11.597483912,Technical,Medium,Resolved,1
906937,13252,2025-04-29,2025-04-29 21:12:22.678566660,Technical,High,Resolved,4
906938,10700,2026-08-31,,Billing,Low,Resolved,1
906939,13768,2026-08-01,2026-08-02 04:25:25.462826479,Technical,Medium,Resolved,4
906940,15157,2024-08-30,2024-08-30 03:07:30.769144917,Technical,Low,Resolved,4
906941,11177,2026-03-20,2026-03-20 20:23:04.383760286,Feature Request,Low,Open,1
906942,13718,2025-08-06,2025-08-06 09:12:41.270517658,Technical,Critical,Resolved,3
906943,12765,2026-05-12,2026-05-12 10:21:30.865226576,Technical,Medium,Resolved,5
906944,11898,2025-12-08,2025-12-08 10:58:20.375878594,Feature Request,Low,Resolved,2
906945,19529,2026-08-13,2026-08-13 08:57:08.990999064,Billing,Low,Resolved,1
906946,19999,2025-05-10,2025-05-10 15:52:06.075087729,Feature Request,High,Resolved,2
906947,13455,2026-07-17,2026-07-17 03:01:24.510080863,Technical,High,Resolved,4
906948,15749,2026-06-19,2026-06-19 05:52:23.375802630,Account,Low,Open,3
906949,11813,2026-03-23,2026-03-23 15:15:22.146389546,Performance,Medium,Resolved,5
906950,17832,2024-08-19,2024-08-19 06:38:57.479534635,Feature Request,Low,Resolved,4
906951,17635,2024-05-31,2024-05-31 17:46:34.751116484,Account,Medium,Open,1
906952,11800,2026-06-28,2026-06-29 06:01:26.179938818,Performance,Low,Resolved,3
906953,17769,2026-03-20,2026-03-20 03:44:33.814655757,Billing,Low,Resolved,4
906954,18385,2025-02-22,2025-02-22 08:20:24.298227528,Billing,Low,Resolved,4
906955,18466,2025-09-28,2025-09-28 03:52:33.370638312,Billing,Medium,Resolved,4
906956,19515,2025-12-03,2025-12-03 15:32:21.144220710,Feature Request,Critical,Resolved,1
906957,16301,2025-09-02,2025-09-02 02:35:08.160554241,Technical,Low,Open,3
906958,10326,2025-10-07,2025-10-07 06:34:26.745775852,Billing,Medium,Resolved,4
906959,15639,2025-10-12,2025-10-13 01:03:46.332364456,Integration,High,Open,4
906960,16696,2025-06-03,2025-06-03 07:54:20.896648894,Technical,Medium,Resolved,4
906961,17681,2025-02-22,2025-02-22 08:26:02.241932690,Billing,Low,Resolved,5
906962,17142,2024-11-23,2024-11-23 08:54:10.868751921,Integration,Low,Resolved,4
906963,19353,2026-01-06,2026-01-06 12:56:18.700171382,Performance,Medium,Resolved,3
906964,14307,2024-09-17,2024-09-18 01:47:15.390821212,Feature Request,Low,Resolved,4
906965,14910,2024-08-14,2024-08-14 04:55:30.121652348,Performance,Low,Resolved,4
906966,19521,2024-12-14,2024-12-14 07:51:52.743769153,Technical,Medium,Resolved,5
906967,19396,2026-08-21,2026-08-21 18:46:23.893172767,Feature Request,Low,Resolved,1
906968,15709,2026-02-27,2026-02-27 09:50:03.346933833,Integration,Low,Open,4
906969,19385,2026-02-08,2026-02-09 00:48:29.215407448,Feature Request,Low,Resolved,2
906970,12751,2024-10-02,2024-10-02 11:33:15.961663810,Account,Medium,Resolved,4
906971,11718,2025-01-13,2025-01-13 23:45:58.726053338,Technical,High,Resolved,5
906972,12690,2024-12-06,2024-12-06 11:51:04.112420839,Technical,Medium,Resolved,5
906973,13285,2026-08-07,2026-08-07 09:22:54.090245182,Account,Medium,Resolved,2
906974,12173,2025-03-01,2025-03-02 01:17:02.416108830,Technical,Medium,Resolved,1
906975,19412,2024-11-28,2024-11-28 04:13:14.938593369,Performance,Medium,Resolved,5
906976,11354,2025-05-20,2025-05-20 03:24:02.399265468,Integration,High,Resolved,5
906977,16554,2026-06-08,2026-06-08 05:14:24.086968414,Feature Request,Medium,Pending,2
906978,16610,2024-11-02,2024-11-02 14:36:42.517324141,Feature Request,Critical,Resolved,3
906979,15999,2026-04-13,2026-04-13 16:46:38.760432805,Feature Request,Low,Resolved,4
906980,18469,2025-05-19,2025-05-19 08:14:36.753622573,Technical,Critical,Resolved,4
906981,14455,2026-06-22,2026-06-22 08:05:15.133058980,Account,Medium,Resolved,5
906982,11611,2026-01-28,2026-01-28 08:48:08.645645037,Performance,Low,Resolved,3
906983,11677,2026-08-08,2026-08-08 14:05:29.962518086,Performance,Low,Resolved,5
906984,11521,2025-12-03,2025-12-03 14:09:58.392569746,Billing,Low,Resolved,4
906985,17060,2024-10-22,2024-10-24 10:01:05.575345593,Feature Request,Medium,Resolved,3
906986,19291,2026-07-14,2026-07-14 05:41:43.829380230,Integration,Medium,Resolved,5
906987,17705,2026-03-03,2026-03-04 01:31:49.493907505,Account,Medium,Resolved,5
906988,15758,2026-07-14,2026-07-14 04:47:49.481679375,Technical,Low,Resolved,4
906989,15206,2026-02-21,2026-02-21 21:52:50.904298534,Technical,Low,Resolved,4
906990,18949,2025-10-30,2025-10-30 15:49:15.697117279,Feature Request,Low,Resolved,1
906991,12224,2025-12-19,2025-12-19 07:42:52.294148866,Feature Request,Low,Resolved,2
906992,13808,2024-05-29,2024-05-29 11:09:57.983975874,Billing,Medium,Resolved,5
906993,17432,2026-03-06,2026-03-06 19:24:45.094721072,Technical,Medium,Resolved,4
906994,19254,2026-06-01,2026-06-01 08:33:23.367553894,Security,Critical,Resolved,5
906995,16225,2026-04-20,2026-04-20 08:12:10.668543998,Technical,Medium,Resolved,4
906996,18195,2024-04-15,2024-04-15 06:29:03.075885826,Technical,Medium,Resolved,5
906997,11315,2024-12-23,2024-12-23 04:34:31.196563197,Performance,Medium,Resolved,5
906998,14322,2025-02-27,2025-02-27 18:35:13.543608411,Technical,Medium,Resolved,2
906999,10257,2026-05-01,2026-05-01 02:11:46.081717288,Billing,High,Resolved,4
907000,14378,2026-01-31,2026-01-31 04:59:35.293108084,Feature Request,Medium,Resolved,1
907001,12724,2025-10-20,2025-10-20 17:51:49.734062071,Billing,Medium,Resolved,5
907002,14920,2024-07-28,2024-07-28 12:17:23.413932931,Feature Request,High,Open,5
907003,13414,2026-08-22,2026-08-24 11:36:32.461731093,Performance,Medium,Resolved,5
907004,13681,2026-06-18,2026-06-18 16:17:26.328768205,Performance,Medium,Resolved,2
907005,12867,2025-12-29,2025-12-29 12:03:37.900945861,Feature Request,High,Resolved,3
907006,17639,2026-03-05,2026-03-05 11:46:12.680223474,Integration,Low,Pending,4
907007,15723,2025-06-24,2025-06-24 11:25:36.376119508,Performance,Low,Resolved,5
907008,11075,2025-05-27,2025-05-27 09:32:26.499708931,Billing,Medium,Resolved,3
907009,18742,2026-06-17,2026-06-17 04:24:44.108305084,Account,Low,Pending,4
907010,13583,2025-07-29,2025-07-29 16:49:14.300887058,Security,Low,Resolved,5
907011,19580,2026-05-03,2026-05-03 11:36:41.589428418,Integration,Low,Open,5
907012,10489,2026-07-30,2026-07-30 21:18:53.649284090,Performance,High,Resolved,5
907013,16425,2026-04-15,2026-04-15 08:08:32.150884955,Performance,Low,Resolved,4
907014,17445,2024-09-29,2024-09-29 02:11:20.657911012,Technical,Low,Resolved,4
907015,16031,2024-12-14,2024-12-14 11:41:25.046824905,Account,High,Resolved,2
907016,12143,2025-10-09,2025-10-09 05:24:12.392977424,Account,High,Resolved,1
907017,16782,2025-11-04,2025-11-04 05:44:06.468548521,Technical,High,Resolved,4
907018,10344,2026-07-07,2026-07-07 08:32:44.842836969,Technical,High,Resolved,4
907019,15541,2026-01-05,2026-01-06 07:02:03.447979321,Feature Request,Medium,Resolved,5
907020,17921,2026-05-21,2026-05-21 06:58:45.520757209,Account,Medium,Resolved,3
907021,15235,2026-02-19,2026-02-19 10:04:01.356600010,Integration,Critical,Resolved,3
907022,12522,2025-04-28,2025-04-28 09:39:55.741720730,Feature Request,Low,Resolved,3
907023,12071,2024-12-19,2024-12-20 04:12:30.199607874,Performance,High,Resolved,3
907024,11310,2026-02-06,2026-02-06 03:18:22.076717511,Technical,Medium,Open,2
907025,18353,2025-04-18,2025-04-18 02:35:23.731347303,Feature Request,Medium,Resolved,5
907026,14686,2026-01-03,2026-01-03 08:22:56.068126294,Billing,Low,Resolved,5
907027,13801,2026-07-02,2026-07-02 05:08:26.435273888,Feature Request,Low,Pending,4
907028,15589,2025-06-06,2025-06-06 11:14:31.042915465,Performance,Low,Resolved,4
907029,18931,2026-03-16,2026-03-16 04:02:20.435842831,Performance,Low,Resolved,4
907030,12543,2025-06-09,2025-06-09 01:43:16.751383176,Technical,Medium,Resolved,1
907031,11664,2026-07-19,2026-07-19 14:00:19.624583271,Billing,Medium,Resolved,3
907032,17233,2024-12-29,2024-12-29 05:45:18.268364005,Performance,Low,Resolved,4
907033,19571,2026-02-11,2026-02-11 09:24:47.557948982,Performance,Medium,Resolved,3
907034,10079,2025-10-14,2025-10-14 09:34:18.793662744,Billing,High,Resolved,4
907035,10528,2025-08-07,2025-08-07 08:08:53.534210985,Technical,Medium,Resolved,5
907036,10830,2026-02-04,2026-02-04 15:22:00.862776199,Integration,Critical,Open,4
907037,17610,2026-07-13,2026-07-13 04:36:11.123413779,Performance,Medium,Resolved,4
907038,13956,2024-09-03,2024-09-03 02:57:43.242709323,Security,Low,Resolved,3
907039,10534,2026-06-17,2026-06-18 12:00:41.683090284,Billing,Low,Resolved,2
907040,10728,2026-03-05,2026-03-05 02:17:49.370468719,Feature Request,Medium,Resolved,4
907041,10782,2026-04-13,2026-04-13 04:42:57.205451016,Technical,Low,Resolved,5
907042,13227,2025-08-09,2025-08-09 05:58:54.806120569,Technical,Low,Resolved,4
907043,16101,2024-10-01,2024-10-02 02:36:30.101675248,Integration,Medium,Resolved,4
907044,19292,2024-10-16,2024-10-16 06:00:07.525265857,Performance,Low,Resolved,4
907045,14667,2025-06-30,2025-06-30 09:39:06.753599863,Feature Request,Medium,Resolved,5
907046,11210,2024-11-29,2024-11-29 10:09:56.432663053,Feature Request,Low,Resolved,4
907047,10179,2024-10-04,2024-10-04 19:36:42.844928994,Security,Low,Resolved,5
907048,17363,2025-03-27,2025-03-27 22:27:07.409843978,Feature Request,High,Resolved,4
907049,13445,2026-01-31,2026-01-31 06:59:52.729866178,Technical,Low,Resolved,5
907050,11929,2026-01-01,2026-01-01 13:08:59.407616126,Performance,Medium,Resolved,4
907051,11795,2025-12-19,2025-12-19 06:20:17.668574728,Performance,Medium,Resolved,5
907052,18412,2025-10-13,2025-10-13 06:27:58.328935275,Billing,Medium,Resolved,3
907053,17316,2026-02-19,2026-02-19 05:21:12.130686716,Account,Low,Resolved,5
907054,11377,2026-08-25,2026-08-26 13:46:26.571863949,Security,Low,Resolved,4
907055,15605,2026-08-15,2026-08-15 09:00:27.036788274,Performance,Medium,Resolved,5
907056,19961,2025-12-14,2025-12-14 05:27:31.429242968,Billing,Medium,Resolved,4
907057,13432,2026-02-18,2026-02-18 08:03:52.994431177,Integration,Medium,Resolved,5
907058,11789,2026-03-29,2026-03-30 03:35:18.306210289,Integration,Medium,Resolved,3
907059,15031,2024-08-06,2024-08-06 07:32:46.848447207,Integration,Low,Resolved,2
907060,12767,2026-06-27,2026-06-27 10:23:34.321979932,Billing,Low,Resolved,3
907061,13712,2025-10-09,2025-10-11 17:44:29.088646033,Billing,High,Resolved,3
907062,10630,2024-09-15,2024-09-15 12:06:43.697231478,Account,Low,Resolved,4
907063,10756,2025-06-20,2025-06-20 21:30:19.039765168,Security,Medium,Resolved,4
907064,16905,2026-02-26,2026-02-27 12:46:29.872082629,Technical,Low,Resolved,5
907065,14963,2025-01-22,2025-01-22 04:28:47.133733112,Account,Low,Resolved,5
907066,12219,2024-11-08,2024-11-09 06:15:38.775951964,Integration,Medium,Resolved,5
907067,14733,2026-02-16,2026-02-16 12:34:36.368924916,Integration,Low,Resolved,3
907068,19714,2025-12-30,2025-12-30 07:30:54.870577491,Billing,Low,Resolved,3
907069,11805,2025-09-13,2025-09-13 08:38:59.519391018,Security,Medium,Resolved,3
907070,17747,2025-11-15,2025-11-15 06:49:10.280167921,Feature Request,Medium,Open,4
907071,11101,2025-09-24,2025-09-24 05:17:06.126763527,Technical,Medium,Resolved,5
907072,13947,2026-04-12,2026-04-12 05:48:26.951219888,Account,Medium,Resolved,4
907073,17257,2025-08-13,2025-08-13 09:39:12.527067308,Integration,Medium,Pending,5
907074,11006,2026-04-01,2026-04-01 05:20:11.570467830,Feature Request,Medium,Open,4
907075,15997,2026-05-30,2026-05-30 14:10:12.462621366,Integration,Medium,Resolved,3
907076,13103,2026-01-25,2026-01-25 07:12:35.530501906,Performance,Low,Resolved,4
907077,16500,2025-07-29,2025-07-29 11:02:13.792974601,Technical,Low,Resolved,5
907078,18931,2024-06-11,2024-06-11 03:24:11.627006464,Technical,Medium,Pending,4
907079,18627,2024-08-24,2024-08-25 09:12:50.296785886,Performance,Medium,Open,4
907080,19282,2026-08-10,2026-08-11 05:01:10.601774688,Performance,Medium,Open,4
907081,16936,2024-06-13,2024-06-13 14:09:26.320039210,Technical,Medium,Resolved,1
907082,18620,2026-08-15,2026-08-15 21:45:14.209051467,Security,Low,Resolved,2
907083,10360,2024-06-13,2024-06-13 02:28:58.724094453,Account,Low,Resolved,4
907084,15927,2025-03-07,2025-03-07 05:44:36.095439804,Account,Medium,Resolved,3
907085,14671,2024-07-10,2024-07-10 20:26:13.688560197,Account,High,Resolved,3
907086,18372,2025-05-14,2025-05-14 02:56:08.215890183,Feature Request,Low,Resolved,5
907087,15077,2026-07-02,2026-07-02 17:50:08.295051642,Technical,Medium,Resolved,4
907088,19711,2025-01-24,2025-01-24 11:24:29.334769041,Technical,Medium,Resolved,4
907089,19719,2024-06-29,2024-06-29 04:52:01.751188717,Technical,High,Resolved,3
907090,17483,2026-06-04,2026-06-04 14:55:05.287922119,Technical,Medium,Resolved,4
907091,11743,2026-04-05,2026-04-05 09:11:06.478983942,Feature Request,Low,Resolved,5
907092,16854,2025-10-20,2025-10-20 13:12:01.086765357,Security,Low,Resolved,3
907093,16069,2026-08-26,2026-08-26 17:14:47.659330770,Account,Medium,Resolved,5
907094,10512,2024-11-14,2024-11-14 04:01:03.597946446,Technical,Low,Resolved,3
907095,16584,2025-05-13,2025-05-13 11:25:06.807745358,Integration,Low,Resolved,4
907096,10954,2026-03-08,2026-03-08 14:19:54.330798763,Integration,Low,Open,5
907097,14538,2026-05-04,2026-05-04 05:29:00.183849860,Feature Request,Critical,Resolved,2
907098,17769,2026-08-26,2026-08-26 06:58:34.465927321,Performance,Low,Resolved,4
907099,15732,2026-06-27,2026-06-27 05:33:11.803341164,Feature Request,High,Resolved,5
907100,17371,2024-06-01,2024-06-01 07:38:11.272887837,Billing,Medium,Resolved,5
907101,14858,2024-12-12,2024-12-12 14:22:57.451188486,Account,Low,Resolved,4
907102,12847,2024-11-18,2024-11-18 05:31:57.106868440,Technical,Medium,Resolved,5
907103,18534,2025-10-31,2025-10-31 11:05:49.494694578,Security,Medium,Open,3
907104,17419,2026-03-16,2026-03-16 05:49:36.794941078,Technical,Medium,Resolved,3
907105,12367,2026-06-11,2026-06-11 18:56:35.971080478,Integration,Low,Resolved,2
907106,14970,2025-05-28,2025-05-28 18:12:14.757369116,Billing,High,Resolved,4
907107,19160,2024-08-03,2024-08-03 01:56:53.633455238,Security,High,Resolved,5
907108,17362,2026-06-16,2026-06-16 08:37:40.785265639,Billing,Medium,Resolved,5
907109,14755,2025-06-02,2025-06-02 05:49:36.273743605,Performance,Medium,Resolved,5
907110,18917,2025-08-24,2025-08-24 22:43:14.067917994,Feature Request,Low,Open,5
907111,16924,2026-04-25,2026-04-25 12:42:50.764849117,Integration,High,Resolved,5
907112,14216,2025-02-18,2025-02-18 07:45:07.381803502,Performance,Medium,Resolved,5
907113,15017,2025-05-12,2025-05-12 08:37:13.072271239,Billing,Medium,Resolved,5
907114,16387,2026-07-12,2026-07-12 19:06:21.550140896,Billing,Low,Resolved,2
907115,17634,2024-01-05,2024-01-05 04:04:30.916865841,Feature Request,High,Resolved,4
907116,12629,2025-07-24,2025-07-24 14:55:59.322024343,Security,High,Resolved,4
907117,17601,2024-09-24,2024-09-24 03:36:42.284072570,Integration,Medium,Resolved,1
907118,11038,2026-04-08,2026-04-08 03:20:49.492489786,Technical,Low,Resolved,4
907119,17611,2025-06-24,2025-06-24 07:02:26.104492003,Billing,Low,Resolved,4
907120,15540,2025-12-18,2025-12-18 03:43:58.280852805,Security,Medium,Pending,4
907121,17105,2025-05-19,2025-05-19 07:37:46.898751673,Billing,Low,Resolved,3
907122,16012,2025-05-28,2025-05-28 13:57:36.419639655,Feature Request,Low,Resolved,2
907123,10653,2024-03-30,2024-03-30 18:50:01.741892294,Technical,Medium,Resolved,5
907124,19054,2025-05-07,2025-05-07 08:13:31.913348926,Performance,Medium,Resolved,1
907125,11713,2025-07-27,2025-07-27 13:59:03.273419032,Technical,Low,Resolved,5
907126,10507,2025-08-03,2025-08-03 15:11:08.256673737,Billing,Low,Resolved,5
907127,13884,2026-05-28,2026-05-28 18:03:08.817152227,Technical,Medium,Resolved,4
907128,13496,2025-03-11,2025-03-11 04:35:59.687787245,Integration,Low,Resolved,4
907129,19627,2025-03-10,2025-03-10 08:10:18.330602120,Feature Request,Medium,Resolved,4
907130,17080,2025-03-02,2025-03-02 03:19:51.674232511,Performance,Low,Resolved,4
907131,19911,2024-04-14,2024-04-14 04:52:10.588408575,Performance,Low,Resolved,1
907132,12548,2026-07-29,2026-07-29 03:44:07.846091217,Account,High,Resolved,5
907133,17669,2026-03-28,2026-03-28 12:30:48.983579568,Technical,Medium,Resolved,2
907134,15605,2025-02-21,2025-02-21 11:36:24.051218122,Technical,Medium,Open,5
907135,15910,2024-10-03,2024-10-03 10:05:36.813573178,Security,Low,Pending,2
907136,13048,2024-12-17,2024-12-17 11:17:16.471873050,Feature Request,Low,Resolved,5
907137,16860,2025-09-30,2025-09-30 18:22:13.479024352,Billing,Medium,Resolved,4
907138,13975,2026-07-23,2026-07-23 05:42:50.578636806,Feature Request,Medium,Resolved,3
907139,18103,2025-08-24,2025-08-24 04:37:53.974486041,Performance,Critical,Resolved,5
907140,11894,2026-06-16,2026-06-16 07:36:14.017733492,Technical,Medium,Resolved,3
907141,18920,2025-10-01,2025-10-01 14:21:53.811506858,Feature Request,High,Pending,3
907142,17179,2025-02-23,2025-02-23 11:25:42.339044755,Billing,Medium,Resolved,1
907143,12895,2025-11-07,2025-11-09 02:51:57.064875490,Technical,Medium,Resolved,4
907144,17863,2026-02-19,2026-02-19 06:44:03.982850847,Performance,Low,Resolved,4
907145,10656,2026-07-15,2026-07-15 10:02:53.499670476,Billing,Medium,Resolved,4
907146,10283,2024-11-08,2024-11-09 10:24:58.362213391,Security,Low,Resolved,3
907147,12028,2026-06-30,2026-06-30 14:40:59.683956348,Technical,Medium,Resolved,5
907148,12094,2024-07-06,2024-07-06 06:34:34.079650824,Performance,Low,Resolved,3
907149,19643,2026-06-20,2026-06-20 03:50:09.535962613,Integration,Medium,Resolved,5
907150,13977,2026-01-10,2026-01-10 12:51:34.207054178,Technical,Medium,Resolved,4
907151,17662,2025-03-07,2025-03-07 05:55:12.827281292,Integration,Medium,Resolved,5
907152,14528,2024-03-19,2024-03-19 13:53:31.153493806,Integration,Medium,Resolved,5
907153,18542,2025-11-19,2025-11-19 10:01:50.800001098,Performance,Low,Resolved,1
907154,18409,2026-07-04,2026-07-04 04:27:27.559563548,Billing,Medium,Resolved,4
907155,12166,2026-03-21,2026-03-21 09:15:53.638452205,Account,Medium,Resolved,4
907156,13647,2026-07-05,2026-07-05 06:32:12.300350524,Performance,High,Resolved,3
907157,18412,2025-05-13,2025-05-13 10:50:43.065257456,Performance,High,Resolved,3
907158,15182,2026-08-25,2026-08-26 05:27:51.829754094,Integration,Low,Resolved,4
907159,15055,2026-07-30,2026-07-30 10:18:25.699097556,Performance,Medium,Resolved,4
907160,10027,2024-05-15,2024-05-16 05:10:00.161444211,Integration,Low,Resolved,4
907161,11960,2026-06-07,2026-06-07 07:33:27.937380247,Technical,High,Pending,2
907162,17638,2024-03-29,2024-03-29 09:04:01.015644511,Performance,Medium,Resolved,5
907163,13088,2026-03-04,2026-03-04 13:01:32.178227412,Integration,Medium,Resolved,5
907164,12977,2024-10-14,2024-10-14 06:37:47.227735617,Billing,Critical,Resolved,4
907165,16399,2024-07-18,2024-07-18 16:18:34.777801519,Performance,Medium,Resolved,2
907166,11372,2025-04-21,2025-04-22 06:12:15.894755035,Integration,Low,Resolved,2
907167,19715,2025-12-19,2025-12-19 06:10:04.351368194,Account,Medium,Resolved,4
907168,15069,2026-03-07,2026-03-07 05:37:29.741025086,Feature Request,Critical,Resolved,5
907169,17222,2024-12-16,2024-12-16 06:46:13.550258791,Integration,Medium,Resolved,5
907170,14589,2026-02-23,2026-02-23 12:49:10.598796372,Billing,High,Resolved,5
907171,13279,2026-08-08,2026-08-08 14:43:16.754587064,Account,Low,Resolved,5
907172,11427,2025-10-31,2025-10-31 13:35:09.329014431,Performance,High,Resolved,4
907173,13929,2025-03-05,2025-03-05 23:06:18.418251132,Technical,Medium,Resolved,4
907174,17299,2026-08-20,2026-08-20 11:26:03.595724725,Account,High,Resolved,4
907175,13896,2025-07-07,2025-07-07 16:36:29.403886680,Technical,High,Resolved,4
907176,14298,2024-06-01,2024-06-01 09:29:56.326780798,Technical,Medium,Resolved,4
907177,16785,2025-09-15,2025-09-15 04:40:10.523337852,Feature Request,Medium,Resolved,4
907178,14317,2026-07-16,2026-07-16 08:44:03.745447558,Technical,Low,Resolved,3
907179,15785,2026-08-16,2026-08-16 23:25:27.846032160,Feature Request,Medium,Resolved,5
907180,10727,2025-02-19,2025-02-19 09:09:59.022002995,Technical,Low,Resolved,5
907181,10616,2025-10-15,2025-10-15 06:16:25.598390170,Technical,Medium,Resolved,5
907182,12662,2026-06-30,2026-06-30 09:31:44.566115631,Technical,High,Resolved,1
907183,11763,2025-03-24,2025-03-24 07:49:08.422182465,Account,Medium,Open,4
907184,13104,2026-05-28,2026-05-28 02:06:59.179682282,Performance,High,Resolved,4
907185,16934,2025-10-20,2025-10-20 10:21:12.136067298,Feature Request,Medium,Resolved,3
907186,17573,2026-07-17,2026-07-17 03:26:55.197595237,Performance,Low,Open,1
907187,15307,2026-03-16,2026-03-17 22:11:49.528595580,Account,Medium,Open,4
907188,13105,2025-08-15,2025-08-15 05:53:06.574486077,Performance,High,Resolved,3
907189,16889,2026-08-01,2026-08-01 12:21:46.422703918,Technical,Low,Resolved,5
907190,12120,2026-05-11,2026-05-11 08:23:19.179505741,Performance,Medium,Resolved,1
907191,19247,2026-07-21,2026-07-21 05:05:40.249616470,Performance,Medium,Resolved,5
907192,18477,2026-08-29,2026-08-29 07:42:26.587176076,Billing,Low,Resolved,2
907193,18225,2024-10-20,2024-10-20 06:23:59.221043534,Billing,Medium,Resolved,5
907194,12001,2026-01-19,2026-01-19 18:06:22.977270435,Technical,Medium,Resolved,4
907195,15812,2025-10-18,2025-10-18 03:44:12.384790998,Feature Request,Medium,Resolved,5
907196,10219,2024-07-16,2024-07-16 09:11:28.440834298,Integration,Low,Resolved,3
907197,13525,2026-07-23,2026-07-24 02:11:15.288381960,Performance,Medium,Resolved,5
907198,12808,2024-11-12,2024-11-12 03:55:04.295138689,Integration,Low,Resolved,4
907199,12607,2025-11-25,2025-11-25 03:27:40.753248840,Billing,Low,Resolved,3
907200,14971,2026-05-14,2026-05-14 05:30:13.241787760,Account,Low,Resolved,1
907201,10564,2026-07-22,2026-07-22 19:44:16.240849418,Billing,Low,Resolved,5
907202,11953,2026-06-22,2026-06-22 19:47:35.371857220,Technical,Low,Resolved,5
907203,10727,2024-08-18,2024-08-18 10:33:50.639995709,Feature Request,High,Resolved,5
907204,19442,2025-12-12,2025-12-12 08:12:18.031786340,Account,Medium,Resolved,4
907205,19775,2026-08-08,2026-08-09 07:05:00.743504024,Technical,Medium,Resolved,4
907206,14607,2024-06-17,2024-06-17 11:19:23.300993096,Technical,Medium,Resolved,5
907207,15756,2024-11-13,2024-11-13 11:20:06.079183335,Integration,Medium,Open,2
907208,14534,2026-03-09,2026-03-09 10:15:05.622694815,Technical,Medium,Resolved,4
907209,18407,2025-05-12,2025-05-12 05:12:30.644491312,Feature Request,Medium,Resolved,3
907210,11448,2025-08-10,2025-08-10 12:42:32.525835066,Feature Request,High,Open,2
907211,19529,2026-08-13,2026-08-13 22:41:14.529376338,Billing,Low,Resolved,4
907212,19373,2025-05-26,2025-05-26 05:20:02.339078532,Performance,Medium,Resolved,4
907213,18723,2025-09-19,2025-09-19 03:31:14.294567683,Performance,High,Resolved,4
907214,16881,2026-05-27,2026-05-27 09:58:52.260555496,Billing,Low,Resolved,5
907215,11246,2024-09-27,2024-09-27 12:44:11.326547072,Billing,High,Pending,1
907216,11188,2024-08-19,2024-08-20 15:47:53.276936895,Performance,Low,Resolved,4
907217,13792,2026-08-03,2026-08-03 07:45:33.042403108,Billing,Low,Resolved,4
907218,12862,2025-10-17,2025-10-17 07:42:14.744356639,Technical,Medium,Open,5
907219,13680,2024-07-18,2024-07-18 06:05:43.138789609,Feature Request,Medium,Resolved,4
907220,13707,2025-12-10,2025-12-11 04:04:02.147165540,Feature Request,Medium,Open,4
907221,14591,2026-01-31,2026-01-31 15:10:05.236183398,Performance,Low,Resolved,1
907222,15586,2026-03-04,2026-03-04 02:20:59.983778986,Billing,Low,Open,5
907223,16537,2026-05-14,2026-05-14 04:12:01.976451984,Technical,Low,Open,4
907224,13977,2026-03-13,2026-03-13 09:48:11.283917745,Account,Low,Resolved,5
907225,16540,2026-02-26,2026-02-27 03:35:10.733138419,Technical,Low,Pending,2
907226,19131,2025-09-09,2025-09-09 07:58:29.803782169,Billing,High,Resolved,2
907227,16632,2025-02-17,2025-02-17 12:17:17.252013480,Feature Request,Critical,Resolved,3
907228,16259,2025-07-14,2025-07-14 09:16:45.024096212,Technical,Low,Resolved,3
907229,11168,2026-02-20,2026-02-20 14:51:07.344258771,Account,Low,Resolved,5
907230,18959,2025-06-15,2025-06-16 04:58:22.590841069,Technical,High,Open,5
907231,15250,2025-06-20,2025-06-20 06:39:55.998768949,Performance,Medium,Open,4
907232,12754,2025-02-11,2025-02-11 17:10:01.682226606,Performance,Medium,Resolved,4
907233,16529,2025-06-19,2025-06-19 15:25:21.920859706,Performance,Medium,Open,5
907234,17502,2025-07-06,2025-07-07 01:34:15.856167651,Technical,High,Resolved,5
907235,10225,2026-05-31,2026-05-31 06:49:30.053029908,Billing,Medium,Resolved,5
907236,13176,2026-02-14,2026-02-14 04:21:37.255824190,Feature Request,High,Resolved,3
907237,16566,2026-08-16,2026-08-16 05:56:30.991203772,Technical,Low,Resolved,4
907238,12897,2025-06-02,2025-06-03 06:50:47.589802332,Performance,Low,Resolved,5
907239,15455,2025-11-25,2025-11-25 03:40:22.697352433,Account,High,Resolved,5
907240,19443,2025-09-27,2025-09-27 18:19:09.661441195,Integration,High,Resolved,4
907241,14528,2026-02-06,2026-02-06 03:47:46.633371147,Feature Request,Medium,Resolved,5
907242,15706,2025-06-23,2025-06-23 04:42:26.080123057,Billing,Medium,Resolved,4
907243,12388,2026-08-25,2026-08-25 11:43:24.726249577,Performance,Medium,Resolved,1
907244,15303,2024-03-12,2024-03-12 13:06:41.692200620,Billing,Medium,Resolved,1
907245,10938,2026-08-13,2026-08-13 08:40:04.527353103,Account,Low,Resolved,4
907246,16183,2026-01-29,2026-01-29 03:59:23.905045114,Billing,High,Resolved,5
907247,13601,2025-09-14,2025-09-14 07:15:49.424475484,Technical,High,Open,5
907248,15927,2024-06-14,2024-06-14 12:45:28.126406170,Account,Medium,Resolved,5
907249,14243,2025-04-28,2025-04-28 18:56:38.825711217,Integration,High,Resolved,1
907250,13162,2026-01-04,2026-01-04 03:47:00.512397859,Feature Request,Medium,Resolved,4
907251,13929,2026-01-05,2026-01-05 10:38:29.585962593,Feature Request,Critical,Resolved,1
907252,13662,2026-05-31,2026-05-31 11:19:45.727854502,Performance,Low,Resolved,5
907253,13326,2025-11-24,2025-11-24 05:00:35.149868946,Technical,Medium,Resolved,4
907254,13534,2025-05-17,2025-05-17 04:46:54.903185353,Integration,Low,Open,4
907255,19086,2026-08-18,2026-08-18 07:35:44.544937092,Feature Request,Medium,Resolved,4
907256,13287,2025-11-16,2025-11-16 03:49:39.837564512,Technical,High,Resolved,4
907257,12794,2024-08-08,2024-08-08 05:00:48.771351352,Account,Low,Resolved,4
907258,19294,2024-08-08,2024-08-08 16:33:08.500828294,Performance,Low,Resolved,4
907259,10097,2026-06-26,2026-06-26 13:44:36.005614238,Account,High,Resolved,4
907260,13158,2026-05-19,2026-05-19 08:44:33.113985986,Technical,Low,Resolved,4
907261,15806,2026-08-12,2026-08-12 10:27:26.156378138,Billing,High,Resolved,4
907262,13975,2026-07-23,2026-07-23 07:22:06.228027742,Feature Request,Low,Resolved,2
907263,15970,2025-12-31,2025-12-31 12:51:03.061064066,Security,Medium,Resolved,2
907264,17021,2024-06-24,2024-06-24 01:21:32.681914372,Feature Request,Medium,Resolved,5
907265,12243,2026-07-25,2026-07-25 13:57:00.670459582,Billing,Medium,Pending,5
907266,18187,2026-03-24,2026-03-24 12:17:22.153796091,Technical,Low,Resolved,3
907267,12967,2026-06-06,2026-06-06 08:14:28.694125683,Account,High,Resolved,5
907268,15601,2026-08-12,2026-08-12 16:51:43.005680902,Performance,Medium,Resolved,1
907269,11274,2025-12-24,2025-12-24 01:51:42.663318404,Integration,High,Resolved,1
907270,16434,2025-04-15,2025-04-15 19:41:05.136220280,Billing,High,Resolved,5
907271,12884,2026-07-24,2026-07-24 14:11:42.025333534,Billing,Medium,Resolved,3
907272,14303,2026-01-14,2026-01-14 05:11:28.807664010,Billing,Low,Resolved,4
907273,19262,2026-07-29,2026-07-29 04:14:52.928497345,Feature Request,Medium,Resolved,5
907274,11102,2026-03-12,2026-03-12 09:06:03.624521810,Security,Low,Resolved,4
907275,12120,2026-05-11,2026-05-11 05:19:35.206829904,Integration,High,Resolved,3
907276,19054,2025-05-28,2025-05-29 16:55:54.788878012,Billing,Low,Resolved,5
907277,13024,2025-07-07,2025-07-07 11:48:54.807569179,Account,Low,Resolved,2
907278,19136,2025-02-09,2025-02-09 03:56:20.359308688,Feature Request,Medium,Resolved,4
907279,13156,2026-06-18,2026-06-18 07:12:30.512308802,Security,High,Resolved,3
907280,11116,2024-12-03,2024-12-03 10:51:16.460885786,Billing,Low,Resolved,4
907281,17809,2026-07-14,2026-07-14 11:29:09.516803971,Technical,Medium,Resolved,4
907282,19540,2026-06-04,2026-06-04 07:28:30.839703567,Billing,Low,Resolved,4
907283,19432,2026-04-26,2026-04-26 06:35:28.249461870,Technical,Critical,Resolved,1
907284,19489,2025-04-05,2025-04-05 08:06:37.094603896,Technical,Medium,Resolved,1
907285,18863,2026-04-24,2026-04-25 10:31:48.468096940,Technical,Medium,Resolved,5
907286,14175,2026-06-21,2026-06-21 02:49:45.434463499,Billing,Medium,Pending,2
907287,14288,2026-08-24,2026-08-24 10:24:17.816338422,Feature Request,High,Resolved,4
907288,14292,2025-07-26,2025-07-26 05:19:39.805894837,Technical,Medium,Resolved,5
907289,18763,2024-10-28,2024-10-28 07:54:59.811528348,Performance,Medium,Resolved,3
907290,14160,2026-04-02,2026-04-02 16:02:25.503307735,Technical,Low,Resolved,4
907291,11275,2026-05-22,2026-05-22 17:53:08.761278667,Technical,Medium,Resolved,3
907292,17235,2026-06-20,2026-06-20 07:28:12.868556509,Billing,Medium,Resolved,4
907293,16794,2026-07-02,2026-07-02 09:18:19.854910429,Feature Request,Medium,Resolved,4
907294,12133,2025-02-11,2025-02-11 04:19:20.214579648,Integration,Critical,Resolved,3
907295,18327,2025-05-01,2025-05-01 04:53:18.557822209,Technical,High,Resolved,5
907296,12697,2025-10-18,2025-10-18 08:14:59.731781301,Integration,Low,Resolved,5
907297,15773,2026-02-16,2026-02-16 06:34:00.361482617,Billing,Medium,Open,2
907298,12366,2025-02-17,2025-02-17 02:28:18.322868233,Technical,Critical,Pending,1
907299,16037,2024-05-22,2024-05-22 07:38:00.584441131,Account,Medium,Resolved,5
907300,13424,2026-01-24,2026-01-24 07:30:44.498550214,Billing,Low,Open,5
907301,14852,2026-03-01,2026-03-01 12:10:01.193046189,Feature Request,Medium,Resolved,3
907302,10524,2025-04-13,2025-04-13 13:41:26.613657247,Integration,High,Resolved,4
907303,11939,2025-01-18,2025-01-18 06:49:55.219984546,Security,Medium,Resolved,4
907304,17678,2025-06-14,2025-06-14 05:35:39.876256503,Account,Medium,Resolved,1
907305,17333,2026-05-31,2026-05-31 02:12:30.245476197,Feature Request,Medium,Resolved,5
907306,10737,2024-10-10,2024-10-10 22:56:41.192906578,Feature Request,Medium,Resolved,4
907307,15372,2026-02-01,2026-02-01 14:48:45.592679106,Account,Low,Resolved,4
907308,11844,2026-03-31,2026-03-31 12:42:45.731851020,Performance,High,Resolved,4
907309,18482,2026-07-06,2026-07-06 20:37:40.017272948,Technical,Low,Open,3
907310,14901,2026-05-07,2026-05-07 04:00:00.632900570,Account,Low,Resolved,2
907311,11780,2026-03-04,2026-03-04 18:17:29.479666758,Technical,Medium,Resolved,5
907312,19321,2025-08-14,2025-08-15 01:24:06.699234063,Technical,Low,Resolved,3
907313,19671,2025-08-09,2025-08-09 07:50:56.797988319,Technical,High,Resolved,5
907314,14945,2025-06-16,2025-06-16 05:35:16.926687855,Billing,Medium,Resolved,3
907315,10232,2024-04-27,2024-04-29 06:35:48.110061285,Billing,Medium,Resolved,4
907316,13247,2025-08-27,2025-08-28 11:03:20.869234678,Billing,Medium,Resolved,5
907317,19641,2025-08-05,2025-08-05 04:52:18.704333672,Account,Low,Pending,4
907318,14713,2025-01-14,2025-01-14 06:28:56.863208208,Account,Medium,Resolved,3
907319,15356,2025-06-11,2025-06-12 08:42:10.064546377,Technical,Low,Resolved,4
907320,16073,2024-09-15,2024-09-16 00:23:58.681929980,Account,Medium,Pending,2
907321,12875,2026-01-20,2026-01-20 15:31:01.102244980,Billing,Medium,Pending,4
907322,16150,2025-12-03,2025-12-04 00:11:35.620781060,Technical,High,Resolved,4
907323,11350,2025-03-10,2025-03-11 01:05:45.342907314,Security,Medium,Resolved,4
907324,14289,2025-10-17,2025-10-17 10:26:33.454263501,Technical,Low,Resolved,3
907325,13635,2024-08-21,2024-08-21 11:26:01.426393482,Feature Request,Medium,Resolved,3
907326,13731,2025-12-15,2025-12-15 08:32:34.650757013,Feature Request,Low,Resolved,1
907327,16523,2026-08-05,2026-08-09 14:21:37.683875214,Performance,Low,Resolved,3
907328,19720,2026-01-10,2026-01-10 04:29:29.712209834,Billing,Medium,Open,5
907329,14197,2026-08-11,2026-08-11 05:21:58.938144224,Performance,High,Resolved,2
907330,12613,2026-06-26,2026-06-26 05:14:31.724288440,Integration,Medium,Pending,5
907331,16244,2024-09-07,2024-09-07 14:57:07.250943139,Account,Low,Resolved,4
907332,16828,2026-07-06,2026-07-06 09:41:34.067652792,Feature Request,Medium,Resolved,4
907333,10081,2026-06-01,2026-06-01 14:36:02.420505853,Account,Low,Open,5
907334,14693,2025-08-08,2025-08-08 11:11:27.522404854,Technical,Medium,Resolved,1
907335,17379,2025-07-18,2025-07-19 00:31:55.855260472,Technical,Medium,Resolved,4
907336,17419,2025-05-29,2025-05-29 05:21:39.001223883,Performance,Low,Resolved,2
907337,18915,2026-04-22,2026-04-22 12:21:10.160242398,Technical,Critical,Resolved,1
907338,19150,2025-09-23,2025-09-23 15:21:29.926731700,Billing,Medium,Resolved,3
907339,15047,2025-12-04,2025-12-04 05:59:25.814613958,Performance,Medium,Open,4
907340,12986,2024-10-22,2024-10-22 11:35:19.890162891,Account,Medium,Resolved,5
907341,12945,2025-11-19,2025-11-19 08:05:21.151440787,Feature Request,Medium,Resolved,5
907342,13715,2024-09-29,2024-09-29 06:53:49.619640822,Billing,Low,Open,3
907343,19825,2024-06-13,2024-06-14 02:49:55.901227400,Technical,Low,Resolved,5
907344,12519,2026-05-19,2026-05-19 22:33:34.194493796,Billing,Critical,Resolved,3
907345,13216,2025-10-08,2025-10-08 07:00:57.367515070,Billing,Medium,Resolved,3
907346,10954,2025-10-31,2025-10-31 09:28:41.842382404,Integration,High,Resolved,4
907347,12975,2026-06-05,2026-06-05 15:54:55.230345360,Security,Low,Resolved,5
907348,14916,2025-03-01,2025-03-01 07:52:56.911479016,Security,Low,Resolved,1
907349,11140,2026-06-09,2026-06-09 02:46:29.964818910,Integration,High,Resolved,3
907350,18594,2026-08-14,2026-08-14 09:46:33.424406155,Integration,Low,Resolved,4
907351,13383,2026-03-08,2026-03-08 06:03:21.960779972,Technical,Medium,Resolved,4
907352,16588,2025-10-21,2025-10-21 10:32:10.899562077,Technical,Medium,Open,5
907353,11977,2026-07-04,2026-07-04 20:30:15.217683850,Feature Request,Medium,Resolved,5
907354,12322,2025-11-14,2025-11-14 11:31:15.897620791,Feature Request,Medium,Resolved,4
907355,17396,2024-11-09,2024-11-09 04:54:13.986116928,Technical,Low,Resolved,5
907356,10029,2026-03-11,2026-03-11 10:26:30.538181389,Performance,Medium,Resolved,4
907357,12930,2025-11-20,2025-11-20 07:05:54.912474960,Billing,Medium,Resolved,5
907358,12916,2026-07-20,2026-07-20 05:33:11.492321990,Account,Medium,Resolved,5
907359,13887,2025-01-23,2025-01-23 08:31:34.293729561,Billing,Low,Resolved,4
907360,11816,2024-06-08,2024-06-08 05:42:12.643857774,Technical,High,Resolved,4
907361,14351,2025-02-14,2025-02-14 08:33:25.973173900,Technical,Low,Resolved,3
907362,11013,2026-02-12,2026-02-13 03:18:48.597654211,Billing,Low,Resolved,3
907363,13753,2026-04-22,2026-04-22 21:12:47.095452072,Technical,Medium,Resolved,4
907364,17340,2026-01-07,2026-01-07 04:28:07.152903732,Performance,Medium,Resolved,4
907365,13880,2026-01-09,2026-01-09 07:36:11.818421107,Billing,Critical,Resolved,3
907366,16375,2025-10-22,2025-10-23 03:36:40.788843735,Account,Medium,Open,4
907367,12754,2026-06-01,2026-06-01 12:46:01.963677003,Account,Medium,Resolved,3
907368,19213,2025-09-16,2025-09-16 10:05:57.112275426,Technical,Medium,Open,4
907369,19805,2024-07-16,2024-07-16 09:43:00.136044901,Performance,Medium,Resolved,5
907370,17676,2025-04-06,2025-04-06 02:55:25.067957725,Technical,High,Resolved,4
907371,12084,2025-01-31,2025-01-31 17:30:47.935776833,Billing,Low,Resolved,3
907372,19874,2025-05-05,2025-05-05 04:46:20.243712709,Technical,Low,Resolved,3
907373,14281,2025-01-04,2025-01-06 02:13:38.142735931,Technical,Low,Resolved,3
907374,15266,2026-05-02,2026-05-02 16:49:07.807303938,Technical,High,Resolved,4
907375,11430,2025-01-02,2025-01-02 10:05:54.149952976,Account,Medium,Resolved,4
907376,18155,2025-02-23,2025-02-23 07:52:30.465889543,Performance,Critical,Resolved,5
907377,17825,2026-08-23,2026-08-23 12:05:32.117267662,Integration,Critical,Resolved,2
907378,13096,2025-08-20,2025-08-20 09:25:30.988709040,Account,Low,Resolved,2
907379,18549,2026-02-27,2026-02-27 09:49:47.311367620,Billing,Medium,Pending,5
907380,11529,2026-08-09,2026-08-10 01:48:56.689215588,Integration,Low,Resolved,3
907381,19732,2026-04-13,2026-04-13 09:16:28.145840833,Performance,Medium,Resolved,5
907382,10821,2026-08-15,2026-08-15 10:52:23.826168948,Performance,Medium,Resolved,5
907383,19461,2025-03-18,2025-03-18 02:58:14.232213591,Technical,Low,Resolved,4
907384,14403,2025-06-08,2025-06-08 09:31:07.393098849,Technical,High,Resolved,3
907385,19798,2025-05-16,2025-05-16 14:17:30.952997034,Integration,Medium,Resolved,1
907386,16676,2024-12-14,2024-12-14 03:27:22.565941164,Performance,Low,Resolved,3
907387,14846,2025-12-08,2025-12-08 04:27:08.584601162,Feature Request,Low,Resolved,3
907388,17420,2025-09-06,2025-09-07 00:08:35.678665640,Technical,Low,Resolved,5
907389,16580,2026-03-21,2026-03-21 17:46:56.662462005,Security,Medium,Resolved,3
907390,15897,2024-11-19,2024-11-19 03:01:14.510475814,Billing,High,Open,4
907391,15078,2026-07-06,2026-07-06 04:33:53.840446693,Billing,High,Resolved,5
907392,11910,2025-09-01,2025-09-01 10:12:13.957868066,Technical,Low,Pending,5
907393,12752,2026-08-08,2026-08-08 13:06:14.334358701,Technical,Low,Resolved,5
907394,18535,2024-08-19,2024-08-19 04:33:59.108418385,Account,Medium,Pending,5
907395,14620,2025-05-22,2025-05-22 05:11:43.121596725,Integration,High,Pending,4
907396,17758,2025-09-08,2025-09-08 22:32:10.879232611,Performance,Medium,Resolved,4
907397,10018,2024-08-07,2024-08-07 08:29:55.222237399,Integration,Medium,Resolved,3
907398,11124,2025-04-21,2025-04-22 03:52:44.830118125,Integration,High,Pending,4
907399,11196,2026-08-20,2026-08-20 10:11:45.922826778,Billing,Low,Resolved,5
907400,13969,2026-08-15,2026-08-15 09:16:01.704118105,Performance,Medium,Resolved,4
907401,11345,2026-04-09,2026-04-09 16:02:37.339371780,Account,Medium,Resolved,3
907402,12181,2025-10-01,2025-10-01 04:45:33.090943629,Billing,Medium,Open,4
907403,19853,2025-08-09,2025-08-09 12:20:57.473784294,Feature Request,Medium,Resolved,5
907404,14627,2026-01-15,2026-01-15 05:32:27.051914626,Integration,Medium,Resolved,4
907405,10881,2026-02-26,2026-02-26 07:45:02.169328622,Technical,High,Resolved,4
907406,17112,2026-03-02,2026-03-02 12:48:27.576922539,Account,Low,Resolved,4
907407,18392,2025-09-06,2025-09-06 14:48:15.839241192,Performance,Medium,Open,3
907408,15505,2025-06-01,2025-06-01 01:31:33.212774179,Integration,Medium,Resolved,3
907409,13888,2026-08-28,2026-08-29 13:02:43.430239730,Performance,Low,Resolved,4
907410,12028,2026-06-30,2026-07-01 02:20:41.648163237,Technical,Low,Resolved,5
907411,19468,2026-07-19,2026-07-19 06:06:15.804677919,Billing,High,Pending,2
907412,12513,2026-06-08,2026-06-08 08:46:08.846644252,Technical,Low,Resolved,4
907413,10419,2025-06-10,2025-06-10 04:59:18.316657392,Performance,Medium,Resolved,4
907414,13640,2026-04-22,2026-04-22 10:16:57.287141014,Billing,Low,Resolved,4
907415,15791,2025-01-27,2025-01-27 11:59:45.426259658,Account,Medium,Resolved,2
907416,19579,2025-12-29,2025-12-29 09:10:18.555203820,Security,Low,Resolved,3
907417,16024,2026-07-27,2026-07-27 06:41:45.647775780,Performance,High,Resolved,4
907418,10598,2026-05-30,2026-05-30 04:20:04.985413749,Technical,Low,Resolved,5
907419,14738,2025-09-07,2025-09-07 09:46:48.629181615,Account,Medium,Resolved,4
907420,11972,2025-01-02,2025-01-02 09:05:24.661548121,Performance,Low,Resolved,4
907421,16265,2026-03-01,2026-03-01 09:54:17.115754456,Technical,Medium,Resolved,2
907422,11347,2025-09-11,2025-09-11 07:31:35.756902934,Billing,High,Resolved,4
907423,15666,2025-08-24,2025-08-24 07:58:18.442086103,Account,Low,Resolved,3
907424,14367,2025-06-13,2025-06-15 12:46:49.843780024,Account,Low,Resolved,4
907425,17171,2025-10-16,2025-10-16 09:59:40.120200967,Technical,Low,Resolved,5
907426,19395,2026-05-23,2026-05-23 09:54:04.841414395,Account,Medium,Resolved,5
907427,18819,2026-05-22,2026-05-22 12:46:48.270693115,Account,High,Resolved,3
907428,15246,2024-05-29,2024-05-29 03:30:58.670392496,Performance,Low,Resolved,5
907429,12243,2026-07-25,2026-07-25 03:52:23.811319290,Integration,Medium,Resolved,1
907430,12486,2026-01-05,2026-01-05 04:53:14.148294374,Billing,Critical,Resolved,3
907431,14709,2026-06-13,2026-06-13 09:35:50.235235681,Feature Request,Low,Resolved,3
907432,18524,2026-08-05,2026-08-05 07:35:18.594866608,Technical,Medium,Resolved,4
907433,11865,2026-03-25,2026-03-25 06:27:37.876873964,Billing,Low,Resolved,5
907434,16833,2026-02-24,2026-02-24 21:39:04.991286031,Feature Request,High,Resolved,5
907435,14194,2025-06-15,2025-06-15 21:55:32.879736580,Technical,Medium,Resolved,4
907436,10966,2026-03-28,2026-03-28 04:07:29.494657585,Integration,High,Resolved,5
907437,19528,2025-11-16,2025-11-16 14:04:57.931666352,Technical,Medium,Open,4
907438,16491,2025-04-01,2025-04-01 10:57:47.057097218,Account,Low,Resolved,3
907439,11856,2024-05-14,2024-05-14 16:59:02.049808848,Feature Request,Medium,Resolved,2
907440,13267,2026-06-18,2026-06-18 21:07:33.869793064,Performance,Medium,Resolved,1
907441,15687,2025-03-05,2025-03-05 08:45:24.347137302,Account,High,Pending,4
907442,17626,2024-05-17,2024-05-17 06:54:22.278877984,Technical,Medium,Resolved,1
907443,15528,2026-07-20,2026-07-21 03:16:16.213438430,Feature Request,Low,Resolved,5
907444,13551,2026-07-19,2026-07-19 08:13:36.902559046,Feature Request,Low,Resolved,4
907445,19175,2025-08-24,2025-08-24 10:56:24.961959841,Technical,High,Pending,1
907446,16629,2025-12-28,2025-12-28 05:05:27.842982806,Performance,High,Resolved,4
907447,19974,2026-05-09,2026-05-09 12:31:36.356110968,Technical,Medium,Resolved,5
907448,15352,2026-05-10,2026-05-10 09:57:27.917861914,Technical,Medium,Resolved,5
907449,12791,2026-06-05,2026-06-05 10:19:40.070893278,Technical,Medium,Resolved,3
907450,17333,2026-04-12,2026-04-12 15:17:08.514761211,Security,High,Resolved,4
907451,14123,2026-03-14,2026-03-14 02:39:20.379351927,Feature Request,Low,Resolved,4
907452,15160,2026-03-30,2026-03-30 04:41:17.773515222,Performance,Low,Resolved,5
907453,16721,2025-04-06,2025-04-06 07:36:36.534152383,Technical,Low,Resolved,5
907454,19323,2025-06-18,2025-06-18 13:40:36.243068469,Feature Request,Low,Resolved,5
907455,15722,2026-08-31,,Account,Low,Resolved,4
907456,15378,2025-04-29,2025-04-30 17:19:59.366203636,Integration,Low,Pending,5
907457,11787,2026-03-21,2026-03-21 11:10:26.216829634,Security,Medium,Resolved,4
907458,10431,2026-02-21,2026-02-21 08:36:55.055557566,Billing,Low,Resolved,5
907459,13729,2025-12-22,2025-12-22 03:25:40.859601844,Performance,Low,Resolved,4
907460,13852,2026-06-21,2026-06-21 05:24:53.881272525,Performance,Medium,Resolved,5
907461,16951,2025-08-07,2025-08-07 12:23:17.457338752,Feature Request,Low,Resolved,4
907462,12491,2026-08-03,2026-08-04 00:37:30.320301176,Billing,Medium,Resolved,3
907463,14576,2026-03-24,2026-03-24 10:46:05.916722599,Integration,Medium,Resolved,5
907464,12254,2025-09-27,2025-09-27 09:55:52.371151690,Billing,High,Resolved,3
907465,15126,2024-08-10,2024-08-10 19:58:16.099355218,Billing,Medium,Pending,2
907466,13817,2026-08-27,2026-08-27 11:25:12.477142750,Security,High,Pending,5
907467,14151,2026-02-17,2026-02-17 07:13:21.305821436,Performance,Low,Open,1
907468,11206,2025-03-06,2025-03-07 04:19:18.723156006,Account,Medium,Resolved,5
907469,12699,2025-01-26,2025-01-27 13:47:02.539739907,Performance,Low,Resolved,5
907470,19182,2026-04-02,2026-04-02 10:18:04.462805329,Performance,Medium,Resolved,5
907471,11933,2025-07-23,2025-07-24 05:50:29.090006455,Billing,Medium,Open,1
907472,11440,2026-04-13,2026-04-13 07:10:10.898747893,Technical,Low,Resolved,4
907473,16528,2026-05-10,2026-05-10 09:11:09.486894526,Technical,Low,Resolved,4
907474,18631,2026-02-16,2026-02-16 10:21:17.426444544,Technical,Low,Resolved,5
907475,17676,2025-02-28,2025-02-28 11:44:01.452870024,Account,Low,Resolved,2
907476,13233,2025-06-26,2025-06-26 11:10:33.626870144,Billing,High,Resolved,4
907477,16231,2025-07-05,2025-07-05 13:08:02.406011247,Performance,Low,Pending,4
907478,12665,2026-06-06,2026-06-06 07:58:52.484535195,Billing,High,Resolved,3
907479,11381,2025-05-30,2025-05-30 05:09:48.107829690,Technical,Critical,Resolved,4
907480,14837,2026-07-08,2026-07-08 07:01:31.919171800,Billing,Medium,Resolved,5
907481,16737,2025-11-04,2025-11-04 14:17:19.847307166,Technical,Medium,Resolved,5
907482,13368,2026-07-22,2026-07-22 03:05:38.322553509,Billing,Medium,Resolved,4
907483,18148,2025-05-12,2025-05-12 03:36:25.138241604,Technical,Medium,Pending,4
907484,11230,2025-12-20,2025-12-20 11:34:35.246855168,Feature Request,Low,Resolved,2
907485,16376,2026-02-20,2026-02-20 03:50:58.094871640,Performance,Medium,Resolved,5
907486,16979,2024-09-26,2024-09-27 05:38:52.876972755,Billing,Low,Resolved,5
907487,11918,2024-12-30,2024-12-30 22:41:16.558946358,Technical,Low,Resolved,5
907488,13247,2025-08-27,2025-08-27 05:31:43.372585682,Billing,Medium,Resolved,4
907489,15465,2026-02-26,2026-02-26 12:23:18.497457222,Performance,Medium,Resolved,5
907490,19534,2025-12-24,2025-12-25 00:22:35.763577129,Billing,High,Resolved,2
907491,15370,2024-12-17,2024-12-17 08:31:31.320779617,Performance,Medium,Open,5
907492,17842,2026-04-15,2026-04-15 07:37:53.849487410,Feature Request,Low,Resolved,5
907493,10053,2026-04-25,2026-04-25 10:42:07.878511494,Technical,Low,Resolved,2
907494,17415,2026-06-03,2026-06-03 14:15:02.573019658,Billing,High,Resolved,5
907495,11001,2025-01-02,2025-01-02 02:45:21.385206759,Account,Low,Resolved,4
907496,17656,2026-04-07,2026-04-07 05:00:46.600551813,Feature Request,Medium,Open,3
907497,12798,2026-07-10,2026-07-11 08:14:42.157331282,Technical,Medium,Resolved,4
907498,13014,2025-06-25,2025-06-25 03:06:08.345103084,Performance,Low,Open,4
907499,13844,2025-06-29,2025-06-29 16:14:49.513849576,Technical,Medium,Open,5
907500,11748,2026-01-10,2026-01-10 10:03:20.163988904,Technical,Low,Resolved,3
907501,10816,2026-07-30,2026-07-30 12:53:01.015957212,Account,Low,Resolved,4
907502,18532,2025-06-20,2025-06-20 09:27:13.221863596,Feature Request,Low,Resolved,5
907503,13197,2025-09-07,2025-09-07 05:47:07.082812881,Technical,High,Pending,4
907504,18920,2024-08-26,2024-08-26 13:17:48.282313110,Feature Request,Low,Resolved,5
907505,11855,2025-12-04,2025-12-04 08:04:16.228379679,Billing,Low,Open,3
907506,10099,2025-03-11,2025-03-11 03:48:47.989816167,Integration,High,Resolved,5
907507,17206,2026-05-16,2026-05-16 04:26:51.345198978,Security,Low,Resolved,3
907508,11818,2026-06-21,2026-06-21 07:53:03.592244432,Feature Request,Medium,Resolved,4
907509,15645,2026-02-03,2026-02-03 06:58:32.359140091,Technical,Low,Resolved,4
907510,17870,2025-06-10,2025-06-10 20:16:09.620404708,Technical,High,Resolved,4
907511,12725,2025-08-18,2025-08-19 06:20:14.216276216,Technical,Medium,Resolved,4
907512,17649,2026-08-19,2026-08-19 08:36:21.359031976,Account,Low,Resolved,4
907513,18801,2025-12-12,2025-12-12 09:05:34.742604382,Account,Medium,Resolved,5
907514,19587,2026-01-15,2026-01-15 12:16:18.941760883,Billing,Low,Resolved,4
907515,14797,2025-02-13,2025-02-13 17:02:49.011957510,Feature Request,Medium,Open,5
907516,13584,2026-06-01,2026-06-01 07:05:44.211018804,Technical,Medium,Resolved,1
907517,13854,2025-09-16,2025-09-16 13:59:57.201410792,Performance,Low,Resolved,4
907518,12249,2026-06-21,2026-06-21 08:32:36.057877011,Account,High,Resolved,4
907519,17353,2024-08-02,2024-08-02 14:41:37.002299636,Technical,High,Resolved,5
907520,16012,2025-03-10,2025-03-10 13:35:49.850717391,Feature Request,Low,Pending,3
907521,19440,2025-09-30,2025-09-30 16:24:35.868541251,Billing,High,Resolved,4
907522,10348,2025-08-03,2025-08-03 05:36:02.111696830,Billing,High,Resolved,1
907523,11798,2025-04-22,2025-04-24 01:17:24.116044365,Feature Request,Low,Resolved,5
907524,14340,2025-09-28,2025-09-28 04:48:06.059195643,Billing,Medium,Resolved,4
907525,19369,2026-04-24,2026-04-24 11:31:02.024944651,Technical,Medium,Resolved,3
907526,11048,2025-07-17,2025-07-17 22:39:50.239798923,Technical,Medium,Pending,5
907527,15041,2026-04-05,2026-04-05 12:46:53.212379275,Integration,Low,Resolved,1
907528,19089,2024-12-21,2024-12-22 04:04:32.078840883,Billing,High,Resolved,4
907529,17387,2024-06-03,2024-06-03 05:17:56.820207944,Technical,Medium,Resolved,5
907530,16481,2024-05-20,2024-05-20 23:00:12.071169489,Integration,High,Resolved,3
907531,11020,2025-06-09,2025-06-09 16:43:51.000043846,Billing,Low,Resolved,3
907532,18176,2025-11-03,2025-11-04 10:38:31.062448366,Security,Low,Resolved,5
907533,14443,2026-01-03,2026-01-03 09:58:56.476798064,Technical,Low,Open,3
907534,11564,2026-02-14,2026-02-14 12:20:56.485117060,Technical,High,Resolved,4
907535,15441,2026-06-20,2026-06-20 09:22:56.510196380,Technical,Medium,Resolved,4
907536,14922,2024-12-16,2024-12-17 19:41:40.605569412,Feature Request,High,Resolved,4
907537,13716,2025-12-06,2025-12-06 07:18:10.579615628,Integration,Medium,Resolved,3
907538,16774,2025-10-23,2025-10-23 06:03:18.771788354,Security,Medium,Resolved,5
907539,14471,2025-11-07,2025-11-07 05:38:00.580156476,Technical,Medium,Resolved,4
907540,14309,2026-01-20,2026-01-20 13:28:40.452771468,Account,Low,Resolved,1
907541,15359,2024-08-08,2024-08-08 17:05:01.878865954,Technical,Low,Resolved,5
907542,14738,2026-08-26,2026-08-26 05:27:40.109843005,Billing,Medium,Resolved,3
907543,16545,2026-03-01,2026-03-01 15:03:02.360394831,Billing,Medium,Resolved,4
907544,12310,2024-09-20,2024-09-20 13:39:16.510010022,Technical,Medium,Resolved,4
907545,11633,2025-09-04,2025-09-04 11:48:26.131421926,Feature Request,High,Resolved,4
907546,11990,2026-04-18,2026-04-18 12:38:02.354344990,Security,Low,Resolved,5
907547,17860,2026-08-28,2026-08-28 11:09:53.251152055,Performance,Medium,Resolved,4
907548,18412,2025-05-13,2025-05-13 06:49:50.009828304,Technical,Medium,Resolved,4
907549,18273,2026-06-24,2026-06-24 07:43:13.213526365,Feature Request,Medium,Resolved,2
907550,19527,2026-04-24,2026-04-24 03:41:54.217935376,Performance,Medium,Resolved,2
907551,11866,2026-02-12,2026-02-12 08:35:25.966760874,Performance,Low,Resolved,2
907552,13567,2025-01-27,2025-01-28 05:13:12.119115054,Feature Request,Medium,Resolved,2
907553,11294,2026-02-10,2026-02-10 07:46:00.304975974,Performance,High,Resolved,4
907554,15659,2025-11-19,2025-11-19 10:45:30.773681542,Security,Medium,Open,4
907555,10550,2025-10-16,2025-10-17 01:37:41.646014878,Feature Request,Medium,Resolved,5
907556,18117,2026-07-26,2026-07-27 00:33:03.778179044,Technical,Low,Resolved,1
907557,16290,2026-06-23,2026-06-23 05:02:14.932200667,Billing,Low,Resolved,4
907558,18578,2025-05-21,2025-05-21 09:38:18.287033434,Technical,Medium,Resolved,5
907559,15950,2026-08-17,2026-08-17 10:15:44.836111314,Technical,High,Resolved,5
907560,14887,2026-05-12,2026-05-12 04:54:38.814471399,Billing,Medium,Resolved,5
907561,11254,2025-02-13,2025-02-13 06:25:55.285380152,Integration,Low,Open,3
907562,10010,2025-09-10,2025-09-10 12:24:20.452697420,Integration,High,Resolved,1
907563,13117,2024-12-20,2024-12-20 13:07:32.505380562,Billing,Low,Resolved,5
907564,17035,2026-08-10,2026-08-10 05:40:24.653978371,Technical,Low,Resolved,5
907565,18281,2026-03-19,2026-03-19 09:48:27.394788369,Performance,Medium,Resolved,4
907566,15997,2026-04-01,2026-04-01 05:39:39.193889288,Integration,Medium,Pending,4
907567,17615,2026-04-08,2026-04-08 15:00:31.957289953,Performance,High,Resolved,4
907568,18904,2026-07-30,2026-07-31 04:35:25.806315562,Feature Request,Medium,Resolved,2
907569,17975,2025-02-24,2025-02-24 07:56:16.546593026,Account,High,Resolved,5
907570,15438,2025-12-25,2025-12-25 09:17:35.051869003,Technical,High,Resolved,2
907571,19536,2026-01-13,2026-01-13 13:10:29.041434649,Account,High,Open,5
907572,16821,2026-06-17,2026-06-17 20:00:08.943850767,Billing,Medium,Resolved,3
907573,11482,2025-12-20,2025-12-20 22:32:36.665555038,Feature Request,Medium,Resolved,4
907574,18556,2024-03-13,2024-03-13 05:31:29.341067930,Account,Low,Resolved,5
907575,15822,2025-04-01,2025-04-02 04:02:29.676029244,Technical,Medium,Resolved,2
907576,11887,2025-10-31,2025-10-31 03:22:07.737351092,Billing,Medium,Resolved,5
907577,10449,2026-06-16,2026-06-16 07:15:54.608517061,Billing,Medium,Resolved,5
907578,13967,2024-11-22,2024-11-22 11:03:30.567815114,Technical,Medium,Resolved,2
907579,17017,2025-07-04,2025-07-04 06:06:38.769986386,Integration,Low,Resolved,4
907580,18946,2025-09-28,2025-09-28 16:05:28.866566284,Account,Medium,Resolved,4
907581,15486,2026-03-19,2026-03-19 11:42:37.959939007,Integration,High,Resolved,5
907582,10926,2025-10-06,2025-10-06 02:49:37.424917916,Performance,Medium,Resolved,4
907583,18128,2025-01-10,2025-01-10 14:01:30.460428134,Billing,High,Resolved,5
907584,14388,2026-06-26,2026-06-27 02:05:38.820625069,Feature Request,Low,Resolved,2
907585,14671,2025-11-28,2025-11-28 06:28:53.057730993,Billing,Medium,Resolved,5
907586,15193,2024-07-31,2024-07-31 13:14:02.779240542,Integration,Low,Resolved,2
907587,14825,2025-12-15,2025-12-15 09:23:47.142457339,Technical,Medium,Resolved,4
907588,16994,2025-04-30,2025-05-01 00:43:28.263896425,Technical,High,Resolved,4
907589,13169,2024-10-14,2024-10-14 03:47:00.475530100,Integration,Medium,Resolved,5
907590,12323,2026-03-17,2026-03-17 18:06:50.395682811,Feature Request,Medium,Resolved,1
907591,17067,2025-04-02,2025-04-02 21:24:53.093072894,Technical,High,Resolved,5
907592,16426,2026-01-18,2026-01-18 08:54:26.459480250,Integration,Low,Resolved,4
907593,15785,2026-07-14,2026-07-14 12:38:50.211478694,Technical,Low,Resolved,3
907594,10402,2026-03-31,2026-03-31 05:39:44.803014634,Technical,Medium,Resolved,3
907595,12399,2024-07-19,2024-07-19 01:16:37.130904778,Technical,Low,Open,5
907596,14364,2024-12-03,2024-12-03 08:21:36.331081574,Performance,Low,Resolved,4
907597,16636,2026-06-10,2026-06-10 05:25:42.776874462,Technical,Low,Resolved,3
907598,17763,2026-06-22,2026-06-22 07:10:53.751404067,Performance,Medium,Resolved,2
907599,17482,2026-02-03,2026-02-03 20:46:38.407212192,Technical,High,Resolved,4
907600,14904,2026-03-04,2026-03-04 08:49:11.966861550,Billing,Medium,Resolved,4
907601,13034,2026-02-11,2026-02-11 05:01:52.802943718,Billing,Medium,Resolved,5
907602,12840,2025-04-10,2025-04-10 05:23:39.510101587,Account,Low,Resolved,2
907603,19265,2025-02-17,2025-02-17 22:40:01.955368556,Technical,Medium,Resolved,5
907604,11351,2026-05-24,2026-05-24 13:46:01.632768855,Technical,Low,Resolved,3
907605,10396,2026-05-30,2026-05-30 06:56:35.035028883,Technical,Low,Resolved,2
907606,11753,2025-08-10,2025-08-10 13:52:18.127073928,Integration,Low,Resolved,5
907607,11990,2025-10-02,2025-10-02 11:03:01.746204008,Integration,Medium,Resolved,4
907608,11774,2025-11-22,2025-11-22 02:28:11.295119690,Technical,Medium,Open,3
907609,12690,2024-08-09,2024-08-09 08:27:32.527051876,Account,Low,Resolved,4
907610,13739,2025-03-25,2025-03-25 20:33:04.344874091,Performance,Low,Resolved,4
907611,19474,2025-06-20,2025-06-20 10:37:10.281571683,Security,Low,Resolved,4
907612,14825,2024-03-15,2024-03-15 02:36:01.201832496,Technical,High,Pending,4
907613,13772,2026-06-20,2026-06-20 14:44:18.285398941,Security,Medium,Resolved,4
907614,15689,2025-04-14,2025-04-14 17:51:02.133883432,Technical,Low,Open,3
907615,19395,2025-09-08,2025-09-08 20:40:52.864953564,Account,Low,Resolved,5
907616,18719,2025-10-21,2025-10-21 19:27:10.379348262,Technical,Low,Resolved,3
907617,12087,2025-02-27,2025-02-27 10:00:38.275823970,Technical,Medium,Resolved,5
907618,15245,2025-11-13,2025-11-13 20:49:11.706607246,Feature Request,Low,Resolved,2
907619,11047,2024-09-26,2024-09-26 20:18:46.420619090,Feature Request,Medium,Resolved,4
907620,14678,2024-11-16,2024-11-16 20:35:59.735066708,Billing,High,Resolved,5
907621,11707,2025-12-09,2025-12-09 07:46:34.386261985,Performance,High,Resolved,5
907622,18376,2024-12-06,2024-12-06 10:29:47.648867100,Performance,Low,Resolved,3
907623,11064,2026-08-17,2026-08-17 11:34:22.556080722,Technical,Low,Pending,1
907624,13545,2025-05-25,2025-05-25 04:45:21.122939102,Billing,High,Resolved,4
907625,13172,2026-01-21,2026-01-21 08:02:26.992504903,Technical,High,Resolved,4
907626,12087,2024-05-10,2024-05-10 10:37:28.853144335,Performance,Low,Resolved,2
907627,12358,2026-06-05,2026-06-05 10:10:46.803846201,Account,Low,Resolved,3
907628,13859,2025-06-12,2025-06-12 06:59:16.500008662,Account,Medium,Resolved,5
907629,16392,2026-02-22,2026-02-22 13:54:55.562006322,Integration,Low,Resolved,4
907630,12376,2024-09-02,2024-09-02 10:34:06.155414378,Technical,High,Resolved,1
907631,14512,2026-02-18,2026-02-18 22:56:01.705326568,Performance,Medium,Resolved,1
907632,16416,2026-05-14,2026-05-14 16:05:32.708683428,Feature Request,Medium,Resolved,1
907633,13219,2026-04-15,2026-04-16 11:45:13.850993833,Feature Request,Medium,Resolved,4
907634,19460,2026-01-17,2026-01-17 17:40:31.242406411,Technical,Low,Resolved,4
907635,13982,2026-08-19,2026-08-19 01:42:00.769585849,Feature Request,Medium,Resolved,3
907636,13679,2025-05-29,2025-05-29 04:00:26.664399417,Technical,Medium,Resolved,2
907637,14757,2026-05-15,2026-05-15 10:06:50.790537295,Integration,Low,Resolved,4
907638,18338,2025-09-26,2025-09-26 09:47:34.818432291,Feature Request,High,Resolved,5
907639,15763,2026-03-22,2026-03-22 09:45:20.004232734,Feature Request,Medium,Resolved,4
907640,12454,2025-04-07,2025-04-07 15:21:48.460097160,Account,Medium,Resolved,1
907641,16532,2026-04-04,2026-04-04 15:07:04.248811203,Account,Critical,Resolved,5
907642,19575,2025-12-26,2025-12-26 15:27:49.329557733,Performance,High,Resolved,1
907643,12497,2026-08-24,2026-08-24 14:48:34.420063744,Performance,Low,Resolved,4
907644,10672,2025-10-19,2025-10-20 02:36:46.502277181,Security,Low,Resolved,3
907645,19714,2025-12-30,2025-12-30 08:00:37.002544365,Technical,Low,Resolved,5
907646,16795,2024-07-12,2024-07-12 18:20:38.251371426,Technical,High,Resolved,5
907647,12227,2026-04-13,2026-04-13 03:27:55.506038050,Performance,High,Resolved,4
907648,17077,2024-12-19,2024-12-19 17:01:06.381879625,Account,Medium,Resolved,3
907649,11834,2025-08-23,2025-08-23 04:11:04.037507520,Feature Request,Low,Resolved,4
907650,11026,2026-08-24,2026-08-25 03:50:38.470704972,Feature Request,Medium,Resolved,2
907651,18046,2025-12-11,2025-12-12 12:38:41.453665616,Technical,Medium,Open,1
907652,10809,2026-08-15,2026-08-15 07:48:09.228903940,Billing,Medium,Resolved,5
907653,12978,2024-11-01,2024-11-01 12:37:50.549042373,Account,Low,Resolved,3
907654,19249,2026-01-24,2026-01-24 04:01:26.613911244,Account,Low,Resolved,4
907655,17612,2025-12-01,2025-12-01 13:00:43.263563860,Billing,Medium,Open,4
907656,10438,2026-05-02,2026-05-02 10:56:37.747943793,Performance,Medium,Resolved,4
907657,14141,2025-07-28,2025-07-28 03:33:40.694853225,Billing,Medium,Resolved,3
907658,11978,2026-04-18,2026-04-18 08:01:42.609958489,Technical,Medium,Pending,1
907659,18129,2026-01-27,2026-01-27 13:02:33.936715917,Billing,Medium,Open,3
907660,10126,2024-03-23,2024-03-23 16:21:46.059280117,Integration,Low,Resolved,5
907661,19767,2026-05-09,2026-05-10 15:11:53.856012278,Integration,High,Resolved,3
907662,13640,2025-06-30,2025-06-30 08:09:19.117455764,Account,High,Resolved,5
907663,13470,2026-06-05,2026-06-05 11:04:28.358853819,Billing,Low,Resolved,5
907664,15632,2025-07-24,2025-07-24 10:03:57.304050933,Security,Medium,Resolved,4
907665,13236,2025-03-05,2025-03-05 13:57:59.715536558,Integration,Medium,Resolved,5
907666,17079,2026-06-23,2026-06-23 18:14:50.181374504,Feature Request,Medium,Resolved,4
907667,15900,2026-01-01,2026-01-01 11:44:58.660991606,Technical,High,Resolved,1
907668,14255,2025-08-16,2025-08-16 08:42:10.794336210,Technical,Low,Resolved,3
907669,11227,2026-04-13,2026-04-13 04:36:04.535064755,Feature Request,Low,Resolved,3
907670,10345,2025-03-18,2025-03-18 04:26:18.119067972,Technical,Medium,Resolved,3
907671,18356,2026-04-25,2026-04-25 07:19:38.893206950,Performance,Low,Resolved,2
907672,10340,2026-06-19,2026-06-19 05:15:34.960183156,Technical,Medium,Resolved,3
907673,14855,2026-02-19,2026-02-19 15:21:17.662904326,Technical,Medium,Resolved,5
907674,11595,2026-04-30,2026-04-30 08:05:25.659592882,Feature Request,Medium,Open,4
907675,11276,2025-08-11,2025-08-11 13:26:56.063242010,Technical,Low,Resolved,5
907676,12916,2026-07-20,2026-07-20 16:16:52.243463316,Technical,Medium,Resolved,5
907677,16989,2025-07-05,2025-07-05 07:48:28.085830261,Billing,Low,Resolved,4
907678,15496,2025-12-13,2025-12-13 15:37:10.076377868,Feature Request,High,Resolved,5
907679,16464,2025-12-02,2025-12-02 05:59:10.164305457,Technical,Medium,Resolved,3
907680,16876,2026-01-08,2026-01-08 05:50:52.494706017,Integration,High,Resolved,5
907681,17398,2026-06-22,2026-06-22 01:47:26.126420953,Performance,Low,Resolved,5
907682,19120,2025-09-22,2025-09-22 13:16:33.237047708,Billing,Low,Open,4
907683,11971,2026-05-14,2026-05-14 18:43:58.069411456,Technical,Low,Resolved,5
907684,11651,2024-11-25,2024-11-25 08:07:23.444609685,Billing,Low,Resolved,4
907685,18666,2026-06-22,2026-06-22 03:59:35.342696259,Technical,Low,Open,3
907686,17307,2025-11-01,2025-11-01 17:51:03.843112118,Security,Low,Open,5
907687,14644,2024-08-19,2024-08-20 14:45:25.110752792,Integration,High,Resolved,4
907688,17619,2025-10-13,2025-10-15 09:33:21.698954553,Technical,High,Resolved,5
907689,12948,2025-11-17,2025-11-17 17:10:19.408059051,Feature Request,Low,Open,3
907690,18744,2026-05-28,2026-05-28 14:46:29.264110096,Technical,Low,Resolved,4
907691,13225,2025-06-07,2025-06-07 05:40:08.887579104,Account,Low,Resolved,4
907692,19709,2026-04-29,2026-04-29 20:09:13.794873948,Technical,Medium,Open,5
907693,18476,2025-07-27,2025-07-27 05:53:33.987690186,Billing,Low,Resolved,5
907694,18302,2025-11-12,2025-11-12 07:02:57.733968217,Billing,Medium,Resolved,4
907695,16459,2025-04-01,2025-04-01 04:54:50.757699283,Feature Request,Low,Resolved,1
907696,17415,2025-07-18,2025-07-18 18:17:19.435391754,Technical,Medium,Pending,5
907697,19849,2026-02-26,2026-02-26 03:50:16.559645046,Performance,Low,Pending,4
907698,16980,2026-04-09,2026-04-10 03:50:00.734637901,Feature Request,Low,Resolved,3
907699,13246,2025-12-30,2025-12-30 02:03:39.993051078,Performance,Critical,Resolved,4
907700,16370,2024-04-21,2024-04-21 11:33:53.112263212,Billing,High,Resolved,3
907701,11163,2025-01-18,2025-01-18 05:00:35.137779073,Account,Medium,Pending,2
907702,14637,2025-07-13,2025-07-13 14:38:00.527434915,Account,Medium,Resolved,4
907703,17561,2026-06-03,2026-06-03 15:58:47.452123462,Technical,High,Resolved,4
907704,12047,2024-11-03,2024-11-04 06:31:55.960543876,Performance,Medium,Resolved,2
907705,11024,2026-05-30,2026-05-30 16:21:18.162719521,Account,Medium,Resolved,5
907706,18296,2025-10-12,2025-10-12 04:28:38.764571750,Performance,Low,Resolved,2
907707,10237,2024-09-12,2024-09-12 23:35:50.492230342,Integration,Medium,Pending,4
907708,17340,2026-08-05,2026-08-05 10:31:13.323177922,Performance,Medium,Resolved,5
907709,12926,2026-05-09,2026-05-09 11:18:25.410050618,Integration,Low,Resolved,5
907710,11243,2025-05-13,2025-05-13 04:45:14.412988818,Billing,Low,Resolved,2
907711,17338,2026-06-19,2026-06-19 13:07:00.208793373,Billing,Medium,Resolved,1
907712,11292,2026-08-02,2026-08-02 08:23:16.008784656,Billing,High,Resolved,3
907713,13272,2025-05-24,2025-05-24 09:27:05.963843937,Billing,High,Resolved,1
907714,16582,2025-05-26,2025-05-26 08:10:32.294415432,Account,Medium,Resolved,4
907715,19693,2025-03-05,2025-03-05 21:40:55.162837488,Technical,Medium,Resolved,2
907716,13305,2025-08-17,2025-08-17 19:13:11.665813940,Integration,Medium,Resolved,2
907717,18717,2025-05-31,2025-05-31 05:15:49.957485739,Billing,Medium,Resolved,5
907718,19868,2025-03-28,2025-03-28 13:04:37.563245238,Technical,High,Resolved,3
907719,19338,2026-04-21,2026-04-21 04:51:02.074907242,Technical,Medium,Open,5
907720,16430,2025-11-16,2025-11-17 05:22:53.575250134,Security,Low,Resolved,3
907721,11442,2025-05-09,2025-05-09 10:25:47.775089838,Security,Low,Resolved,4
907722,14853,2026-05-28,2026-05-28 04:11:13.436344456,Performance,Low,Resolved,4
907723,14083,2026-05-26,2026-05-26 05:42:03.336292130,Billing,Low,Resolved,4
907724,16694,2025-05-17,2025-05-17 06:11:09.277796673,Account,Low,Resolved,3
907725,10662,2025-09-12,2025-09-12 15:31:15.884639864,Integration,Medium,Resolved,4
907726,12124,2026-02-05,2026-02-05 21:28:20.997847488,Performance,Medium,Resolved,4
907727,11515,2025-02-08,2025-02-09 10:37:26.082322593,Account,High,Resolved,4
907728,15338,2025-01-21,2025-01-21 08:21:01.081523998,Feature Request,Medium,Resolved,3
907729,10799,2026-03-01,2026-03-01 08:49:26.695346808,Technical,High,Resolved,4
907730,12445,2025-05-12,2025-05-12 05:57:27.708265472,Integration,High,Resolved,2
907731,19767,2025-09-04,2025-09-04 17:56:11.624098434,Account,Low,Resolved,4
907732,17801,2025-07-15,2025-07-15 06:20:19.400721961,Technical,Medium,Resolved,2
907733,18833,2026-03-13,2026-03-13 14:07:06.032370892,Billing,Low,Pending,5
907734,11272,2025-05-30,2025-05-30 11:38:43.833799150,Feature Request,Medium,Resolved,3
907735,12853,2026-01-11,2026-01-11 05:23:45.031213435,Performance,Low,Resolved,1
907736,17175,2025-06-30,2025-06-30 20:32:46.652463337,Technical,Medium,Resolved,4
907737,12852,2026-02-22,2026-02-22 18:49:51.873278991,Integration,Low,Resolved,4
907738,19684,2024-12-01,2024-12-01 09:47:35.269639785,Technical,Medium,Resolved,4
907739,19568,2026-07-26,2026-07-26 15:24:53.687441811,Billing,Medium,Resolved,3
907740,15392,2026-02-15,2026-02-15 11:49:46.683967184,Account,Medium,Resolved,4
907741,13807,2026-01-04,2026-01-04 11:56:43.120089762,Account,Low,Resolved,4
907742,10584,2025-11-04,2025-11-04 06:17:16.509913494,Feature Request,High,Resolved,3
907743,18384,2026-01-01,2026-01-02 06:36:59.270024559,Feature Request,Medium,Resolved,3
907744,19239,2026-02-07,2026-02-07 06:27:35.613067395,Feature Request,Medium,Resolved,4
907745,18897,2025-02-26,2025-02-26 15:48:06.191757525,Account,Medium,Resolved,5
907746,11185,2025-08-17,2025-08-17 20:15:56.903927241,Feature Request,High,Resolved,4
907747,14454,2026-05-14,2026-05-14 14:33:01.892112912,Billing,Low,Resolved,5
907748,18123,2026-02-21,2026-02-22 10:06:08.747219235,Performance,Low,Pending,5
907749,15069,2026-08-10,2026-08-10 02:21:08.781233176,Integration,Low,Resolved,4
907750,15120,2026-05-28,2026-05-28 03:09:44.613393854,Technical,Low,Resolved,2
907751,13454,2026-02-09,2026-02-09 11:42:29.958402844,Technical,Low,Resolved,5
907752,10629,2025-10-03,2025-10-03 09:14:44.135429042,Account,Medium,Resolved,4
907753,14210,2026-05-06,2026-05-08 11:02:29.372585197,Performance,High,Resolved,5
907754,13488,2025-11-06,2025-11-06 03:49:09.035292633,Performance,Medium,Resolved,4
907755,16914,2025-08-16,2025-08-16 16:48:15.120881611,Technical,Low,Resolved,4
907756,18986,2024-04-11,2024-04-11 07:21:09.473488995,Billing,Low,Resolved,2
907757,18130,2026-08-28,2026-08-28 10:47:56.023630645,Billing,Low,Open,4
907758,19370,2025-10-15,2025-10-15 14:46:23.083100940,Integration,Low,Resolved,4
907759,10889,2025-12-15,2025-12-15 01:27:29.560109281,Account,Low,Resolved,4
907760,18881,2026-04-25,2026-04-25 08:57:04.224548534,Performance,Medium,Pending,5
907761,18184,2025-06-07,2025-06-07 09:57:54.280543003,Technical,High,Resolved,4
907762,15519,2025-01-31,2025-01-31 04:12:41.900257447,Billing,High,Resolved,5
907763,16607,2026-04-21,2026-04-21 16:37:45.156549759,Integration,Low,Resolved,5
907764,18346,2025-12-14,2025-12-14 06:59:02.878070384,Integration,Medium,Resolved,4
907765,14267,2024-12-18,2024-12-18 15:48:33.644655723,Integration,High,Resolved,3
907766,12657,2025-05-23,2025-05-23 17:56:00.387297920,Feature Request,Low,Resolved,5
907767,19418,2026-08-29,2026-08-29 03:04:50.033627094,Integration,Low,Resolved,3
907768,12514,2025-07-02,2025-07-02 15:55:38.052812654,Integration,Medium,Resolved,5
907769,10910,2026-05-24,2026-05-24 10:48:55.513341018,Technical,Low,Resolved,5
907770,17240,2024-02-21,2024-02-21 03:42:30.469554738,Feature Request,Critical,Open,2
907771,17095,2024-10-21,2024-10-21 20:11:11.785841311,Technical,Medium,Resolved,5
907772,13559,2025-06-08,2025-06-08 06:59:35.321565908,Technical,Medium,Resolved,5
907773,11516,2025-06-06,2025-06-06 12:26:06.222944533,Feature Request,Medium,Resolved,2
907774,15423,2024-10-18,2024-10-18 08:41:31.704014479,Feature Request,Low,Resolved,5
907775,19615,2026-05-01,2026-05-01 23:21:43.583050112,Billing,High,Resolved,4
907776,12475,2025-06-21,2025-06-21 05:05:04.609750570,Performance,Low,Resolved,2
907777,19360,2025-09-13,2025-09-13 03:17:38.184063104,Performance,Medium,Resolved,1
907778,14257,2026-03-16,2026-03-16 04:49:07.749481656,Performance,Low,Resolved,5
907779,13155,2025-12-15,2025-12-15 19:00:38.447025728,Integration,High,Resolved,3
907780,16571,2026-06-29,2026-06-29 03:56:32.668363053,Performance,Medium,Resolved,5
907781,19935,2025-02-22,2025-02-22 03:59:24.770591797,Billing,High,Resolved,4
907782,12199,2026-04-08,2026-04-08 16:10:41.833214072,Technical,Low,Resolved,3
907783,11475,2026-07-04,2026-07-04 14:11:01.441604594,Feature Request,Medium,Resolved,4
907784,16664,2025-11-11,2025-11-11 21:24:25.910227000,Integration,Low,Resolved,4
907785,14436,2024-11-17,2024-11-17 14:00:10.636660249,Integration,Critical,Resolved,5
907786,19152,2025-03-05,2025-03-05 05:29:55.832717749,Billing,Medium,Resolved,3
907787,17269,2025-07-10,2025-07-10 10:50:51.109531893,Billing,High,Resolved,5
907788,19931,2024-11-22,2024-11-22 18:47:08.428240698,Technical,Medium,Resolved,5
907789,10427,2025-02-22,2025-02-22 18:52:10.338976113,Integration,Low,Resolved,4
907790,16954,2024-08-10,2024-08-10 12:51:02.340839854,Performance,Low,Resolved,1
907791,15596,2025-07-15,2025-07-15 04:29:46.195326049,Technical,High,Resolved,4
907792,19549,2024-06-20,2024-06-20 10:39:20.615697226,Technical,Medium,Resolved,3
907793,17976,2025-10-30,2025-10-30 07:19:50.221962368,Technical,Low,Resolved,4
907794,17717,2026-02-02,2026-02-03 09:21:29.514057012,Technical,Medium,Resolved,2
907795,15173,2026-07-09,2026-07-09 08:16:24.335808567,Feature Request,Low,Resolved,4
907796,16743,2024-06-23,2024-06-23 14:23:34.969671322,Account,High,Resolved,2
907797,18777,2026-02-26,2026-02-27 02:21:47.785683866,Security,Medium,Pending,2
907798,11494,2025-11-06,2025-11-06 07:40:25.367314425,Feature Request,High,Resolved,5
907799,15918,2025-05-03,2025-05-03 01:52:15.913190766,Integration,Medium,Pending,3
907800,19450,2026-07-30,2026-07-30 09:01:25.036752849,Performance,Medium,Resolved,4
907801,12546,2025-06-06,2025-06-06 08:39:31.654403316,Feature Request,Medium,Resolved,1
907802,16772,2024-11-23,2024-11-23 07:54:53.959503974,Feature Request,Low,Resolved,3
907803,13850,2025-08-25,2025-08-26 05:25:46.291282827,Performance,Medium,Resolved,5
907804,14607,2025-07-07,2025-07-07 05:34:44.332834350,Security,Low,Resolved,4
907805,19273,2025-02-12,2025-02-12 13:49:59.212057144,Integration,High,Resolved,5
907806,19987,2026-01-27,2026-01-27 22:00:50.005281531,Integration,Medium,Resolved,2
907807,12969,2024-11-15,2024-11-15 11:24:53.662844419,Technical,Low,Resolved,3
907808,18531,2026-05-17,2026-05-17 10:00:20.473397100,Performance,Critical,Resolved,4
907809,19689,2024-05-18,2024-05-18 13:05:42.574931804,Feature Request,Low,Resolved,3
907810,16689,2024-09-09,2024-09-09 06:16:18.001811258,Billing,Medium,Resolved,3
907811,10051,2025-09-05,2025-09-05 13:18:12.735004266,Billing,Low,Resolved,3
907812,18063,2025-12-27,2025-12-27 06:06:48.361640554,Technical,High,Resolved,2
907813,14535,2026-07-29,2026-07-29 05:34:22.155481956,Integration,Medium,Open,1
907814,13759,2024-06-26,2024-06-26 06:26:58.180015831,Integration,Medium,Resolved,5
907815,15638,2025-08-30,2025-08-30 03:48:54.605668809,Account,Low,Open,5
907816,15908,2026-07-10,2026-07-11 01:04:13.014514394,Account,Medium,Resolved,2
907817,13103,2026-01-25,2026-01-26 18:34:11.537754524,Billing,Low,Resolved,4
907818,19238,2026-05-12,2026-05-12 05:33:30.896116632,Feature Request,Low,Resolved,5
907819,16206,2024-06-25,2024-06-25 09:33:48.627673524,Security,Low,Resolved,3
907820,11939,2025-03-20,2025-03-21 03:23:31.745404849,Technical,Medium,Open,4
907821,10010,2025-09-10,2025-09-10 12:11:14.677633042,Integration,Low,Resolved,4
907822,17116,2024-06-04,2024-06-04 12:19:42.691371430,Billing,High,Resolved,4
907823,18121,2025-11-14,2025-11-14 06:07:27.888739140,Feature Request,Medium,Resolved,5
907824,15409,2026-05-09,2026-05-09 16:21:49.797058150,Feature Request,Medium,Resolved,2
907825,16439,2026-07-18,2026-07-18 06:15:14.009958576,Feature Request,High,Resolved,3
907826,18769,2025-06-30,2025-06-30 07:46:38.759014041,Performance,Medium,Resolved,3
907827,13870,2025-09-24,2025-09-24 03:46:39.752184525,Feature Request,Medium,Resolved,5
907828,12088,2026-06-16,2026-06-16 11:54:12.853033012,Technical,Low,Resolved,5
907829,12341,2025-09-30,2025-09-30 03:56:21.477057244,Account,Medium,Resolved,3
907830,19169,2025-10-08,2025-10-08 09:12:02.539709449,Integration,Low,Resolved,1
907831,13286,2026-02-25,2026-02-25 03:37:27.023072199,Account,Medium,Resolved,5
907832,11228,2025-11-13,2025-11-13 13:29:29.984515893,Technical,Medium,Resolved,5
907833,12953,2025-01-12,2025-01-12 06:14:28.576313296,Technical,Medium,Resolved,4
907834,16624,2026-03-12,2026-03-12 06:53:04.945690122,Feature Request,High,Pending,4
907835,16797,2024-01-30,2024-01-30 02:41:43.065093116,Security,Medium,Resolved,3
907836,10414,2025-11-02,2025-11-03 02:34:46.241850597,Performance,Medium,Resolved,1
907837,16995,2026-04-04,2026-04-04 06:49:08.626746867,Account,Medium,Resolved,2
907838,18207,2024-11-04,2024-11-04 12:36:09.444464478,Account,High,Resolved,4
907839,18427,2025-11-14,2025-11-15 05:13:22.170771300,Feature Request,High,Resolved,5
907840,19387,2024-07-22,2024-07-22 14:43:18.942833355,Account,Low,Resolved,5
907841,14312,2025-07-08,2025-07-08 14:26:26.715507874,Performance,Medium,Pending,3
907842,18096,2025-12-09,2025-12-09 13:30:46.902804141,Integration,Medium,Resolved,4
907843,18267,2025-08-14,2025-08-15 02:42:38.047189975,Technical,Medium,Resolved,4
907844,16040,2025-06-25,2025-06-26 10:21:41.104683108,Technical,Medium,Pending,3
907845,17190,2024-12-13,2024-12-13 14:40:02.573336236,Technical,Low,Resolved,3
907846,19639,2026-05-15,2026-05-15 09:25:16.680932522,Technical,Medium,Resolved,3
907847,12619,2025-05-26,2025-05-26 08:27:18.822833989,Technical,Critical,Resolved,4
907848,11117,2024-04-27,2024-04-27 02:53:12.583641732,Technical,High,Resolved,5
907849,12003,2025-07-21,2025-07-21 16:21:03.694727595,Performance,Medium,Resolved,3
907850,18417,2025-06-24,2025-06-25 06:44:07.841575503,Technical,Low,Resolved,5
907851,11632,2026-05-14,2026-05-14 14:03:31.155443784,Account,High,Open,2
907852,19940,2026-02-17,2026-02-19 16:46:32.388547015,Technical,High,Resolved,4
907853,12903,2026-04-24,2026-04-24 08:57:35.366724237,Technical,Critical,Resolved,4
907854,18250,2026-06-13,2026-06-13 13:52:14.572300605,Account,Medium,Resolved,1
907855,12298,2026-06-24,2026-06-24 06:54:53.617637278,Performance,Medium,Resolved,5
907856,19114,2026-03-09,2026-03-09 09:05:34.217811412,Technical,Low,Resolved,5
907857,18430,2025-05-20,2025-05-20 06:20:02.572012183,Technical,Low,Resolved,3
907858,14682,2025-10-12,2025-10-12 15:57:22.838958104,Technical,Low,Resolved,5
907859,17590,2025-08-11,2025-08-11 10:19:52.389095376,Performance,Medium,Resolved,4
907860,10079,2026-04-17,2026-04-17 11:46:06.490868455,Account,Low,Resolved,5
907861,10947,2026-06-20,2026-06-20 05:46:45.003011818,Performance,High,Resolved,3
907862,16337,2024-10-14,2024-10-14 23:10:23.082830860,Technical,Medium,Resolved,4
907863,19992,2024-11-14,2024-11-14 12:04:22.090861671,Security,High,Resolved,5
907864,12008,2025-09-01,2025-09-01 01:41:35.150652711,Integration,Medium,Resolved,1
907865,16266,2025-06-23,2025-06-23 01:21:43.045323156,Account,Medium,Resolved,2
907866,14018,2025-05-13,2025-05-13 12:52:06.415354765,Billing,Low,Resolved,4
907867,18008,2025-07-24,2025-07-24 14:23:30.031483488,Account,Medium,Resolved,2
907868,13240,2025-08-14,2025-08-14 04:15:36.927216068,Account,Medium,Resolved,5
907869,12647,2024-12-25,2024-12-25 06:25:13.772931024,Integration,High,Resolved,5
907870,18904,2025-05-17,2025-05-17 12:30:04.669505766,Technical,Critical,Resolved,4
907871,18673,2025-08-19,2025-08-19 05:05:38.279034481,Account,High,Resolved,4
907872,12333,2025-05-01,2025-05-01 09:06:45.171215294,Billing,High,Resolved,4
907873,15636,2025-07-13,2025-07-13 04:51:50.995436202,Account,Low,Resolved,5
907874,12789,2024-05-04,2024-05-05 08:47:11.478690477,Technical,High,Resolved,4
907875,15577,2025-09-28,2025-09-28 12:17:38.961815791,Technical,High,Resolved,4
907876,14902,2025-03-26,2025-03-26 04:52:17.016702398,Billing,Medium,Resolved,5
907877,12295,2025-04-18,2025-04-18 13:44:26.473976563,Technical,Low,Resolved,5
907878,18508,2026-03-09,2026-03-09 09:28:06.952865736,Account,Medium,Resolved,3
907879,17720,2025-10-09,2025-10-09 15:00:34.803764665,Technical,High,Pending,4
907880,10882,2025-12-18,2025-12-18 05:55:11.561707966,Performance,Low,Resolved,4
907881,19476,2025-04-11,2025-04-11 09:34:17.633870068,Technical,Low,Resolved,3
907882,12125,2025-12-06,2025-12-06 20:18:13.865996970,Feature Request,High,Resolved,1
907883,17461,2024-06-15,2024-06-15 08:42:04.730420502,Security,Medium,Open,3
907884,14470,2025-04-27,2025-04-27 10:32:19.512639146,Billing,High,Resolved,3
907885,18479,2024-10-30,2024-10-30 12:11:26.992381614,Integration,Low,Pending,2
907886,19428,2025-12-06,2025-12-06 07:26:30.957853250,Billing,Low,Open,5
907887,16085,2026-03-17,2026-03-17 12:10:10.374050964,Technical,Medium,Resolved,5
907888,18912,2025-07-09,2025-07-09 20:46:30.480898864,Technical,High,Resolved,4
907889,12129,2026-07-16,2026-07-16 03:35:05.226433728,Feature Request,Medium,Resolved,5
907890,19426,2025-11-12,2025-11-12 19:40:42.872897074,Account,Medium,Resolved,4
907891,10546,2025-11-07,2025-11-07 06:44:44.171336382,Billing,High,Resolved,4
907892,10557,2025-07-19,2025-07-19 10:58:19.806345418,Billing,Medium,Resolved,2
907893,13651,2026-07-13,2026-07-13 14:15:23.706099565,Billing,High,Resolved,4
907894,15374,2024-08-26,2024-08-26 04:43:33.146660053,Account,High,Resolved,2
907895,13935,2026-02-19,2026-02-19 13:40:58.344027175,Feature Request,Medium,Resolved,5
907896,19502,2025-10-10,2025-10-10 02:41:11.678936701,Account,Critical,Open,4
907897,18465,2026-08-06,2026-08-06 07:40:23.484817995,Security,Medium,Resolved,4
907898,10543,2026-03-29,2026-03-29 02:18:02.984273730,Performance,Medium,Open,3
907899,14575,2025-11-20,2025-11-21 04:00:40.686479892,Integration,Medium,Resolved,2
907900,14242,2026-02-03,2026-02-03 06:28:13.843136013,Technical,Medium,Resolved,4
907901,11359,2024-08-12,2024-08-12 10:33:50.326760368,Performance,Medium,Resolved,4
907902,17687,2025-07-15,2025-07-15 18:24:54.391369374,Account,Low,Resolved,5
907903,18734,2024-06-30,2024-06-30 12:41:47.003892086,Technical,Medium,Resolved,4
907904,18255,2026-06-10,2026-06-10 12:11:17.196945180,Account,Medium,Resolved,3
907905,17342,2026-06-30,2026-06-30 08:27:23.378515642,Technical,Medium,Pending,4
907906,15667,2026-02-27,2026-02-27 14:49:59.503320512,Account,Medium,Resolved,4
907907,10246,2025-05-20,2025-05-20 08:47:18.732005682,Feature Request,Low,Resolved,3
907908,14043,2026-05-26,2026-05-26 02:16:35.929626902,Billing,Critical,Resolved,4
907909,13691,2024-11-06,2024-11-06 04:13:16.069478055,Billing,High,Resolved,4
907910,11667,2025-01-12,2025-01-12 06:57:54.537897164,Integration,High,Resolved,4
907911,14030,2026-02-24,2026-02-24 12:31:27.774060546,Integration,Medium,Resolved,5
907912,19293,2026-03-03,2026-03-03 09:06:42.017185242,Feature Request,High,Open,3
907913,15499,2026-05-30,2026-05-30 10:13:37.832899389,Performance,Medium,Resolved,4
907914,10523,2026-04-11,2026-04-11 11:12:14.883365602,Technical,Low,Resolved,3
907915,13235,2026-08-07,2026-08-08 12:54:22.197256855,Account,Medium,Open,4
907916,14123,2026-08-27,2026-08-27 06:22:03.648644778,Billing,Medium,Resolved,5
907917,16133,2025-07-03,2025-07-03 09:50:03.014856315,Technical,High,Resolved,4
907918,11458,2026-03-24,2026-03-24 15:52:43.050784249,Billing,Medium,Resolved,5
907919,17417,2026-05-10,2026-05-10 09:23:15.725168304,Feature Request,High,Resolved,5
907920,17125,2025-12-10,2025-12-10 07:55:12.174914071,Technical,Critical,Resolved,4
907921,15345,2024-07-11,2024-07-11 07:52:48.437101282,Technical,High,Resolved,1
907922,14648,2024-05-07,2024-05-07 10:39:58.214862021,Performance,Medium,Open,3
907923,17220,2025-07-14,2025-07-14 03:13:05.130629468,Feature Request,Low,Resolved,5
907924,12270,2026-04-30,2026-04-30 04:12:02.861836077,Feature Request,Low,Resolved,5
907925,16946,2025-04-06,2025-04-06 11:33:26.556365484,Performance,Critical,Resolved,4
907926,13451,2026-02-17,2026-02-17 11:08:42.763623612,Security,Medium,Resolved,3
907927,17820,2026-01-18,2026-01-18 20:34:26.348156346,Performance,High,Resolved,5
907928,10845,2026-07-13,2026-07-13 07:04:09.706922648,Account,Critical,Resolved,1
907929,12327,2026-01-23,2026-01-23 08:14:28.369763649,Feature Request,Low,Resolved,3
907930,15034,2025-11-30,2025-11-30 13:12:26.527181922,Technical,Medium,Resolved,4
907931,17322,2026-06-06,2026-06-06 03:38:24.452839896,Technical,Medium,Resolved,5
907932,15431,2025-08-09,2025-08-09 12:49:33.649858509,Feature Request,Medium,Pending,5
907933,11477,2025-10-04,2025-10-05 17:02:06.656816457,Billing,Medium,Open,4
907934,19977,2026-07-30,2026-07-30 16:48:38.533875008,Integration,High,Resolved,3
907935,14589,2026-01-17,2026-01-17 09:40:59.404715616,Performance,High,Open,5
907936,11248,2025-10-28,2025-10-28 10:08:59.544988062,Feature Request,Medium,Resolved,5
907937,12825,2026-03-11,2026-03-11 14:32:43.392852650,Integration,Medium,Resolved,4
907938,15779,2026-04-28,2026-04-28 06:37:40.481333583,Feature Request,Medium,Resolved,5
907939,11106,2026-08-02,2026-08-02 11:29:22.987339076,Feature Request,Medium,Resolved,4
907940,13951,2025-03-11,2025-03-11 09:47:53.503125824,Billing,High,Resolved,5
907941,17590,2026-06-05,2026-06-05 18:41:39.522092301,Feature Request,Low,Resolved,4
907942,16587,2025-09-08,2025-09-08 08:10:39.454545874,Billing,Medium,Resolved,4
907943,12724,2026-06-05,2026-06-05 20:21:14.933665159,Technical,Medium,Resolved,4
907944,10901,2024-02-24,2024-02-24 13:34:48.431059233,Feature Request,Medium,Resolved,2
907945,13655,2025-02-22,2025-02-22 10:33:29.207981134,Feature Request,High,Resolved,3
907946,18936,2025-12-07,2025-12-07 13:22:54.455918826,Account,Medium,Pending,4
907947,17826,2026-07-07,2026-07-07 10:15:43.895764177,Performance,High,Resolved,4
907948,14103,2026-03-14,2026-03-14 09:28:07.320962031,Billing,Medium,Resolved,4
907949,14935,2026-01-09,2026-01-09 14:08:56.331984015,Feature Request,Low,Resolved,5
907950,13762,2025-10-31,2025-10-31 06:27:14.635159974,Technical,Medium,Resolved,5
907951,10766,2026-06-07,2026-06-08 12:08:55.572214642,Technical,Medium,Resolved,4
907952,18943,2025-09-14,2025-09-14 16:24:48.373280694,Security,Medium,Resolved,5
907953,17803,2025-05-29,2025-05-29 09:05:56.395047116,Feature Request,Medium,Resolved,5
907954,15629,2026-06-17,2026-06-17 15:23:50.092428138,Technical,Low,Resolved,5
907955,14294,2025-11-30,2025-11-30 03:17:35.086158769,Account,Medium,Resolved,5
907956,17893,2024-06-29,2024-06-29 17:05:51.070589908,Integration,Medium,Resolved,3
907957,10354,2025-03-31,2025-03-31 16:29:33.062631288,Account,Medium,Resolved,3
907958,17107,2024-03-22,2024-03-22 14:11:00.710535753,Integration,Medium,Resolved,3
907959,12022,2026-05-02,2026-05-02 04:33:50.144963418,Account,Medium,Resolved,2
907960,18488,2025-12-28,2025-12-28 16:02:10.622370832,Account,High,Open,2
907961,16445,2024-02-05,2024-02-05 06:08:57.785718213,Technical,Medium,Resolved,3
907962,19441,2026-05-21,2026-05-21 03:28:52.381745961,Security,High,Resolved,2
907963,18791,2025-02-19,2025-02-19 07:25:30.129105234,Technical,Medium,Resolved,5
907964,16585,2026-05-21,2026-05-21 10:13:17.072052016,Integration,Low,Pending,5
907965,13066,2026-07-13,2026-07-13 21:36:21.714212480,Account,Medium,Resolved,5
907966,16925,2026-03-30,2026-03-30 19:51:12.440489684,Technical,Critical,Open,4
907967,11004,2024-08-25,2024-08-25 09:12:32.938769016,Billing,High,Resolved,3
907968,17048,2025-12-04,2025-12-04 06:16:12.539510068,Billing,Critical,Resolved,4
907969,19032,2025-03-09,2025-03-09 22:23:48.995616357,Feature Request,Critical,Resolved,2
907970,14857,2025-07-12,2025-07-12 19:56:24.182622481,Technical,Medium,Resolved,3
907971,10730,2026-08-12,2026-08-12 22:16:58.594801130,Account,High,Open,5
907972,20000,2025-11-17,2025-11-17 15:35:31.361432899,Feature Request,Low,Resolved,5
907973,16571,2025-03-15,2025-03-15 13:46:34.454286933,Performance,Medium,Resolved,4
907974,16211,2026-05-25,2026-05-25 05:01:28.473099427,Feature Request,High,Resolved,5
907975,13907,2025-07-12,2025-07-12 04:46:53.801798037,Feature Request,Medium,Resolved,4
907976,18821,2025-07-20,2025-07-20 13:21:56.996025310,Technical,Low,Resolved,4
907977,10644,2026-06-30,2026-06-30 11:09:41.648911448,Performance,Medium,Resolved,2
907978,17129,2026-03-19,2026-03-19 08:56:39.955965831,Feature Request,Low,Pending,3
907979,11412,2024-08-03,2024-08-03 05:29:12.049728763,Integration,High,Resolved,1
907980,18329,2026-03-13,2026-03-14 13:08:03.485045724,Account,Medium,Resolved,5
907981,13613,2025-10-17,2025-10-17 12:22:28.223575849,Account,Medium,Resolved,4
907982,10828,2024-05-10,2024-05-10 05:43:01.329411237,Security,Medium,Resolved,4
907983,13894,2026-02-10,2026-02-10 02:40:13.876161009,Security,Low,Open,2
907984,19226,2024-03-15,2024-03-15 10:51:33.712147422,Billing,High,Resolved,3
907985,10743,2026-03-07,2026-03-07 06:32:44.591969587,Feature Request,Low,Open,2
907986,10944,2025-11-18,2025-11-18 03:00:58.659565676,Technical,High,Resolved,2
907987,13657,2025-06-02,2025-06-02 12:07:48.191895688,Technical,Low,Resolved,2
907988,17114,2025-03-05,2025-03-06 17:53:31.871911808,Technical,Medium,Resolved,4
907989,13837,2026-07-07,2026-07-07 21:43:06.045838701,Integration,Medium,Resolved,5
907990,19925,2025-06-05,2025-06-05 08:39:11.385742428,Performance,High,Resolved,5
907991,18217,2026-07-07,2026-07-07 09:23:43.516210138,Technical,High,Resolved,4
907992,12499,2025-10-01,2025-10-01 11:37:45.035267502,Integration,High,Resolved,4
907993,12231,2025-06-08,2025-06-08 11:42:03.710401560,Security,Medium,Resolved,4
907994,16160,2025-01-01,2025-01-01 12:34:13.476497552,Technical,Low,Resolved,1
907995,11745,2026-03-24,2026-03-25 10:37:07.040568201,Security,Medium,Open,4
907996,15961,2026-05-24,2026-05-24 12:44:00.766126086,Integration,Medium,Resolved,4
907997,13287,2024-12-12,2024-12-12 18:25:06.124328691,Billing,Medium,Resolved,5
907998,16116,2026-04-04,2026-04-05 09:00:05.627355832,Technical,High,Resolved,5
907999,15297,2026-01-20,2026-01-20 06:55:29.460620384,Technical,Low,Resolved,4
908000,19154,2024-11-27,2024-11-27 09:27:51.593864047,Performance,High,Resolved,2
908001,12771,2025-04-25,2025-04-25 14:37:18.950666584,Security,Low,Resolved,1
908002,15550,2026-07-03,2026-07-04 01:09:51.946326100,Technical,High,Resolved,2
908003,19148,2025-01-29,2025-01-29 14:54:01.718828766,Technical,Medium,Resolved,3
908004,15317,2025-01-28,2025-01-28 08:56:47.691871216,Billing,High,Resolved,4
908005,10732,2026-02-19,2026-02-19 02:49:01.877545905,Feature Request,Low,Resolved,3
908006,10982,2026-03-21,2026-03-21 05:58:46.324316341,Security,Medium,Resolved,1
908007,15543,2026-04-18,2026-04-18 11:41:03.788002240,Integration,Medium,Open,5
908008,16400,2024-05-22,2024-05-22 17:10:36.682461087,Performance,High,Resolved,5
908009,14729,2025-05-31,2025-05-31 05:24:09.652819366,Account,Low,Open,4
908010,19564,2026-07-14,2026-07-14 03:35:17.616669525,Feature Request,Medium,Resolved,3
908011,10513,2025-03-12,2025-03-12 05:49:44.125353462,Technical,Medium,Open,4
908012,17565,2025-05-15,2025-05-15 23:05:43.086164701,Performance,Low,Resolved,5
908013,15649,2025-06-21,2025-06-21 17:03:35.536061239,Technical,Medium,Resolved,3
908014,13744,2025-10-18,2025-10-19 11:37:28.773410260,Account,Medium,Resolved,3
908015,13779,2026-06-14,2026-06-14 17:47:13.530540264,Feature Request,Medium,Resolved,5
908016,11898,2025-12-08,2025-12-08 20:47:38.160762122,Integration,Low,Resolved,5
908017,11015,2025-08-20,2025-08-20 14:35:38.830777256,Technical,Medium,Resolved,4
908018,11994,2026-06-05,2026-06-05 07:16:06.117442366,Technical,Medium,Pending,4
908019,12959,2024-07-19,2024-07-19 18:59:45.393099986,Performance,High,Resolved,3
908020,10619,2025-12-20,2025-12-20 06:12:58.078335996,Billing,Low,Resolved,5
908021,18333,2025-11-25,2025-11-25 04:36:23.504326275,Technical,Low,Resolved,5
908022,10330,2025-01-15,2025-01-15 17:11:18.515160963,Feature Request,Medium,Resolved,4
908023,16076,2025-01-15,2025-01-15 04:35:44.172565033,Technical,Critical,Resolved,3
908024,19552,2026-03-16,2026-03-16 13:39:01.758422437,Technical,Low,Resolved,4
908025,17280,2025-02-22,2025-02-22 03:03:41.648094842,Billing,Low,Resolved,2
908026,19958,2026-05-11,2026-05-11 06:43:37.118897684,Account,Low,Resolved,3
908027,17661,2025-07-29,2025-07-29 21:28:12.650425672,Billing,Low,Resolved,5
908028,10774,2026-08-12,2026-08-12 10:21:54.455660334,Feature Request,Medium,Resolved,3
908029,18537,2025-01-02,2025-01-02 18:52:03.360204325,Integration,High,Resolved,4
908030,11167,2026-06-03,2026-06-03 06:39:26.258369180,Integration,Low,Resolved,1
908031,13194,2026-04-29,2026-04-29 03:02:15.259339456,Integration,Low,Open,5
908032,15645,2026-04-08,2026-04-08 14:18:07.870601123,Billing,Critical,Resolved,2
908033,16973,2025-02-14,2025-02-14 21:38:57.602819209,Integration,Low,Resolved,1
908034,16350,2025-05-13,2025-05-13 14:36:11.576792318,Integration,Medium,Resolved,3
908035,17676,2025-01-24,2025-01-24 06:41:14.871364591,Account,Low,Resolved,2
908036,12265,2025-12-23,2025-12-23 08:36:06.025013085,Security,Low,Open,4
908037,14639,2026-08-03,2026-08-03 07:45:12.060106851,Security,Low,Resolved,4
908038,17320,2025-10-24,2025-10-24 17:02:58.318927144,Billing,Medium,Resolved,5
908039,18666,2025-05-20,2025-05-20 20:36:25.198938716,Feature Request,High,Resolved,4
908040,10598,2025-10-02,2025-10-02 13:12:43.082534206,Integration,Low,Pending,5
908041,15037,2026-06-23,2026-06-23 14:12:31.915936393,Integration,Medium,Resolved,3
908042,14087,2026-06-01,2026-06-01 06:18:53.135127615,Integration,Low,Resolved,3
908043,10168,2025-07-10,2025-07-10 07:34:22.690884871,Performance,Low,Resolved,5
908044,13125,2025-12-10,2025-12-10 08:33:20.401959632,Performance,Medium,Pending,4
908045,14224,2026-06-23,2026-06-23 07:36:20.222922956,Billing,Medium,Resolved,4
908046,13503,2024-11-18,2024-11-18 06:09:03.169194022,Performance,Low,Resolved,4
908047,16689,2025-06-10,2025-06-10 02:29:30.055953181,Integration,Critical,Resolved,4
908048,12190,2025-12-06,2025-12-06 22:37:57.618851314,Performance,Medium,Resolved,5
908049,14747,2025-10-28,2025-10-28 11:11:07.646527147,Integration,Low,Resolved,1
908050,11294,2026-08-23,2026-08-23 07:14:48.454268665,Billing,Medium,Resolved,4
908051,12476,2024-08-23,2024-08-23 09:30:10.292258545,Performance,Medium,Resolved,4
908052,15004,2025-10-22,2025-10-22 11:30:22.999733550,Integration,Medium,Resolved,5
908053,17368,2025-05-12,2025-05-12 05:03:35.158118454,Account,High,Resolved,5
908054,13602,2025-07-21,2025-07-21 08:43:01.928146148,Security,Low,Resolved,4
908055,11509,2025-05-31,2025-05-31 18:02:03.548493772,Security,Medium,Resolved,4
908056,12032,2026-01-07,2026-01-07 08:27:54.688907214,Feature Request,Medium,Resolved,2
908057,11011,2025-01-31,2025-01-31 21:58:30.950818687,Technical,Medium,Resolved,2
908058,14482,2026-07-13,2026-07-13 08:49:27.528799710,Performance,Medium,Resolved,3
908059,17714,2025-05-20,2025-05-20 09:16:25.426140477,Technical,Medium,Resolved,2
908060,13536,2025-04-14,2025-04-15 00:36:04.875260043,Integration,Medium,Resolved,3
908061,14378,2025-03-15,2025-03-18 14:42:16.700336103,Integration,High,Resolved,4
908062,18137,2026-07-11,2026-07-11 12:10:04.053406681,Account,Low,Resolved,4
908063,16777,2025-12-03,2025-12-03 06:01:56.823559276,Technical,High,Resolved,4
908064,11334,2024-08-27,2024-08-29 01:22:40.899484120,Billing,High,Resolved,3
908065,19828,2026-04-30,2026-05-01 16:04:36.685612362,Integration,Low,Resolved,5
908066,12523,2026-04-25,2026-04-25 10:47:34.842117742,Feature Request,Medium,Resolved,5
908067,11398,2024-10-23,2024-10-23 04:07:03.364018608,Technical,Critical,Resolved,2
908068,14892,2025-12-20,2025-12-20 04:26:31.152759460,Performance,Low,Resolved,4
908069,16770,2026-05-06,2026-05-06 18:51:02.344212518,Performance,Medium,Resolved,5
908070,12679,2026-04-02,2026-04-02 08:24:26.675076056,Technical,Medium,Resolved,3
908071,12521,2024-10-27,2024-10-27 18:39:53.482490427,Billing,Medium,Resolved,4
908072,11188,2026-08-20,2026-08-20 05:50:31.723670986,Technical,High,Resolved,2
908073,18429,2025-10-28,2025-10-28 16:58:22.738792238,Technical,Low,Resolved,5
908074,16871,2026-05-12,2026-05-12 20:54:17.525751102,Integration,High,Resolved,4
908075,19203,2026-03-11,2026-03-11 04:20:38.237001432,Technical,Low,Resolved,5
908076,19235,2025-12-02,2025-12-02 14:00:54.896601862,Integration,Medium,Resolved,2
908077,14990,2024-10-04,2024-10-04 09:19:23.946451845,Technical,High,Resolved,5
908078,11351,2026-07-07,2026-07-07 03:09:19.154132272,Technical,Low,Resolved,2
908079,18066,2026-03-25,2026-03-25 08:32:25.920243823,Integration,Medium,Resolved,2
908080,17800,2025-01-20,2025-01-20 12:31:39.087379376,Security,Low,Resolved,5
908081,17465,2026-03-13,2026-03-13 14:43:17.756589493,Account,Low,Resolved,3
908082,14455,2025-11-23,2025-11-23 07:06:40.494267676,Performance,Low,Resolved,4
908083,19588,2026-06-25,2026-06-25 19:02:51.311659495,Feature Request,Critical,Open,2
908084,17020,2026-06-29,2026-06-29 08:08:19.748854021,Technical,Low,Resolved,4
908085,15513,2025-05-22,2025-05-22 07:40:03.946973005,Technical,Medium,Resolved,4
908086,11642,2025-08-07,2025-08-07 07:27:38.401125901,Account,Low,Pending,3
908087,19825,2025-11-22,2025-11-22 04:59:23.835663600,Integration,Low,Open,5
908088,10456,2025-03-09,2025-03-09 06:58:59.331630655,Technical,Low,Resolved,4
908089,10222,2025-08-06,2025-08-07 02:14:34.520085214,Billing,High,Resolved,1
908090,16829,2024-12-31,2024-12-31 09:24:13.945567730,Account,Critical,Resolved,3
908091,15679,2025-07-01,2025-07-01 21:52:53.137658146,Billing,Medium,Pending,5
908092,19989,2025-12-31,2026-01-01 18:51:27.260437190,Technical,High,Resolved,3
908093,14686,2026-08-04,2026-08-04 09:09:37.338192741,Performance,High,Resolved,4
908094,17203,2026-07-16,2026-07-16 06:40:32.495209734,Account,Medium,Resolved,3
908095,19524,2026-07-05,2026-07-06 11:07:15.332274678,Billing,High,Resolved,3
908096,12771,2026-06-16,2026-06-16 07:55:10.478006932,Performance,Medium,Resolved,1
908097,11036,2025-12-11,2025-12-11 05:45:55.086905386,Integration,High,Resolved,3
908098,19674,2024-08-03,2024-08-03 06:56:09.465280184,Integration,Low,Resolved,5
908099,12101,2026-07-10,2026-07-10 09:30:16.299856076,Billing,Medium,Open,3
908100,18861,2026-08-29,2026-08-30 02:01:20.210200366,Feature Request,High,Resolved,2
908101,18589,2025-07-14,2025-07-15 11:40:56.127287211,Billing,Low,Resolved,5
908102,10882,2025-12-18,2025-12-18 13:21:15.010674044,Integration,High,Resolved,3
908103,18444,2024-12-12,2024-12-13 02:44:23.432918467,Performance,Low,Resolved,2
908104,11263,2024-12-03,2024-12-03 05:45:03.764587446,Technical,Low,Resolved,4
908105,11652,2025-09-18,2025-09-19 05:13:32.739250947,Feature Request,Low,Resolved,2
908106,19734,2025-09-25,2025-09-25 07:08:20.022612910,Performance,Medium,Resolved,3
908107,18483,2025-10-24,2025-10-24 03:46:55.772679651,Feature Request,High,Resolved,3
908108,10594,2026-01-14,2026-01-14 11:18:00.999191944,Technical,Medium,Resolved,2
908109,17408,2024-08-30,2024-08-31 21:18:49.173523156,Technical,Low,Pending,2
908110,19729,2025-10-05,2025-10-05 04:40:14.715362114,Technical,Medium,Resolved,4
908111,11951,2024-11-10,2024-11-11 01:31:42.488673621,Feature Request,High,Resolved,3
908112,14557,2025-06-25,2025-06-25 08:34:44.884650547,Billing,Low,Resolved,5
908113,19993,2024-02-24,2024-02-24 03:58:26.528830374,Integration,Medium,Open,4
908114,13554,2024-06-30,2024-07-01 02:24:32.299419340,Account,High,Resolved,5
908115,15450,2025-02-09,2025-02-09 05:15:26.321784681,Performance,High,Resolved,5
908116,11350,2025-07-14,2025-07-14 04:12:09.292906342,Performance,High,Resolved,4
908117,19483,2024-11-25,2024-11-25 08:53:27.633628143,Integration,High,Resolved,5
908118,10517,2025-05-31,2025-05-31 03:03:48.042716756,Feature Request,Medium,Resolved,5
908119,14466,2025-08-25,2025-08-25 06:17:06.795007209,Feature Request,Low,Resolved,4
908120,15589,2025-06-29,2025-06-29 07:09:51.990006006,Technical,Low,Pending,5
908121,18525,2025-10-03,2025-10-03 13:07:04.591752535,Billing,Medium,Resolved,2
908122,16881,2026-05-27,2026-05-27 06:03:43.333995218,Performance,Medium,Open,4
908123,17465,2024-11-10,2024-11-10 09:05:22.202162786,Billing,High,Resolved,5
908124,10177,2026-04-07,2026-04-07 20:04:06.168491814,Technical,Medium,Pending,4
908125,10961,2026-06-15,2026-06-15 18:05:03.238511006,Billing,Medium,Resolved,4
908126,12106,2025-08-26,2025-08-26 11:32:39.952684438,Performance,Medium,Resolved,4
908127,17818,2025-02-24,2025-02-24 09:02:44.949824397,Account,Low,Resolved,4
908128,18736,2025-02-19,2025-02-19 06:21:56.144460463,Integration,Medium,Resolved,5
908129,11825,2025-01-05,2025-01-05 06:03:00.827599780,Billing,High,Resolved,4
908130,18030,2024-07-08,2024-07-08 17:22:42.135562966,Performance,Low,Resolved,4
908131,13844,2026-06-23,2026-06-23 07:38:14.075773180,Feature Request,Low,Resolved,4
908132,17206,2026-05-16,2026-05-16 11:52:47.292506767,Feature Request,Medium,Resolved,5
908133,12663,2026-01-11,2026-01-11 06:46:43.222465336,Account,Medium,Resolved,2
908134,10364,2026-02-20,2026-02-20 09:41:13.006575826,Integration,Medium,Resolved,4
908135,11605,2025-06-04,2025-06-04 07:20:34.213932981,Performance,Medium,Resolved,5
908136,15371,2025-10-31,2025-10-31 05:17:11.552574670,Account,Critical,Resolved,4
908137,17945,2026-06-18,2026-06-18 16:46:00.897135477,Technical,Medium,Resolved,3
908138,16882,2025-02-07,2025-02-08 02:59:46.947332562,Billing,Medium,Resolved,5
908139,15662,2024-06-02,2024-06-02 16:03:26.061454173,Account,Medium,Resolved,2
908140,13200,2025-09-25,2025-09-25 08:29:08.874342502,Account,Medium,Resolved,4
908141,19884,2025-10-07,2025-10-08 18:12:53.379398926,Technical,Medium,Resolved,4
908142,19558,2025-04-21,2025-04-22 15:15:03.326838228,Performance,Low,Resolved,4
908143,18645,2025-06-06,2025-06-06 17:06:43.373383524,Feature Request,Low,Resolved,1
908144,14117,2026-07-09,2026-07-09 07:51:47.606383314,Integration,Medium,Resolved,4
908145,10722,2025-10-01,2025-10-01 11:38:36.463981196,Account,Medium,Resolved,4
908146,10491,2026-03-23,2026-03-23 19:34:32.415097357,Feature Request,Low,Resolved,4
908147,17280,2025-02-22,2025-02-22 03:24:27.947112663,Technical,Low,Resolved,1
908148,11614,2026-04-23,2026-04-23 09:29:32.018507761,Integration,Medium,Open,5
908149,17405,2026-07-08,2026-07-08 07:46:58.066656434,Account,Medium,Pending,4
908150,16439,2026-07-18,2026-07-18 21:31:49.312869718,Feature Request,Medium,Resolved,3
908151,11652,2025-01-02,2025-01-02 08:09:31.839332929,Feature Request,Low,Resolved,4
908152,18745,2026-02-18,2026-02-18 01:38:17.458086580,Technical,Low,Resolved,4
908153,12596,2025-03-27,2025-03-27 15:48:36.087298153,Billing,Low,Resolved,5
908154,11498,2025-05-09,2025-05-09 07:54:45.271093341,Performance,Low,Resolved,4
908155,12738,2026-01-29,2026-01-29 08:29:34.987126426,Feature Request,High,Resolved,5
908156,16360,2025-07-30,2025-07-30 22:44:36.719322043,Technical,High,Resolved,4
908157,11453,2025-12-16,2025-12-16 09:30:59.752493711,Billing,Medium,Resolved,3
908158,17585,2026-07-02,2026-07-02 03:44:46.981039822,Account,Critical,Resolved,4
908159,11934,2026-07-11,2026-07-11 04:10:11.281245034,Technical,Medium,Resolved,4
908160,17834,2024-10-14,2024-10-14 08:01:46.563851578,Technical,Low,Resolved,3
908161,18678,2025-10-20,2025-10-20 09:09:21.984459764,Billing,Low,Resolved,5
908162,19495,2025-12-11,2025-12-11 12:46:37.023401816,Account,Low,Resolved,5
908163,15876,2025-06-30,2025-06-30 08:53:47.354924623,Integration,Low,Resolved,5
908164,14641,2026-07-30,2026-07-30 04:12:16.218282830,Technical,Medium,Resolved,5
908165,10360,2026-04-26,2026-04-26 11:41:45.317502481,Performance,High,Resolved,4
908166,18532,2025-06-20,2025-06-20 16:42:23.505287425,Account,High,Resolved,1
908167,18603,2026-01-06,2026-01-06 17:59:41.711968006,Technical,Medium,Resolved,1
908168,15836,2025-11-22,2025-11-22 04:49:15.647247685,Account,Medium,Resolved,5
908169,17700,2026-03-09,2026-03-09 08:17:51.266114635,Security,Medium,Resolved,5
908170,10791,2026-01-20,2026-01-20 11:18:22.678233886,Technical,Medium,Open,5
908171,17016,2026-06-21,2026-06-21 06:27:23.752609772,Integration,Medium,Pending,3
908172,15082,2026-07-23,2026-07-24 21:08:18.604386542,Account,Medium,Pending,1
908173,13930,2025-10-03,2025-10-03 12:05:27.492769496,Billing,Low,Resolved,3
908174,11527,2025-06-04,2025-06-04 07:43:52.285391130,Feature Request,Medium,Resolved,4
908175,17105,2025-05-19,2025-05-19 06:39:46.430558766,Technical,Medium,Resolved,3
908176,13900,2026-01-21,2026-01-21 16:51:36.475000610,Integration,Critical,Resolved,4
908177,16847,2026-05-30,2026-05-30 11:46:35.543042220,Account,High,Resolved,2
908178,18277,2026-07-26,2026-07-26 02:29:41.931306711,Account,Low,Resolved,2
908179,16261,2024-10-23,2024-10-23 01:44:14.494599132,Billing,High,Resolved,2
908180,11015,2026-08-23,2026-08-23 03:11:14.670769340,Billing,Low,Resolved,5
908181,12076,2026-07-08,2026-07-08 04:04:12.792868568,Billing,Low,Resolved,4
908182,16865,2026-07-20,2026-07-20 04:59:47.539733629,Account,Medium,Resolved,4
908183,15289,2025-06-29,2025-06-29 12:01:27.004691107,Technical,High,Resolved,5
908184,11144,2026-03-12,2026-03-12 06:36:14.361612688,Account,Medium,Open,4
908185,10148,2025-07-04,2025-07-04 11:30:12.347799548,Billing,Low,Resolved,5
908186,16083,2024-08-03,2024-08-03 12:37:43.875631513,Performance,Medium,Resolved,5
908187,17709,2025-08-27,2025-08-27 10:01:16.794900742,Performance,Medium,Resolved,5
908188,14623,2025-02-20,2025-02-20 06:14:20.340467887,Performance,Medium,Resolved,3
908189,19602,2025-06-29,2025-06-29 08:24:24.123107419,Account,High,Resolved,3
908190,17173,2025-09-18,2025-09-18 11:25:08.593282380,Technical,Medium,Resolved,5
908191,11264,2026-05-23,2026-05-23 07:53:15.485192520,Integration,Low,Resolved,1
908192,19511,2026-07-06,2026-07-06 19:09:37.201122118,Feature Request,Low,Resolved,4
908193,14154,2024-11-02,2024-11-03 14:04:32.654863743,Technical,High,Resolved,1
908194,14961,2026-01-31,2026-01-31 19:30:58.107827307,Performance,Medium,Resolved,4
908195,15263,2025-02-06,2025-02-06 15:27:01.458050572,Feature Request,Critical,Resolved,5
908196,19104,2025-05-16,2025-05-16 14:36:52.384967924,Integration,High,Resolved,4
908197,15813,2025-06-26,2025-06-26 02:07:18.593367798,Technical,Medium,Resolved,5
908198,16648,2025-06-26,2025-06-26 06:45:20.164255639,Account,Medium,Resolved,5
908199,11875,2026-01-04,2026-01-04 17:32:40.044848208,Security,Medium,Resolved,1
908200,13899,2025-07-06,2025-07-06 04:11:25.883271366,Feature Request,High,Resolved,5
908201,13605,2026-08-10,2026-08-10 09:59:45.222015775,Performance,Medium,Resolved,5
908202,13188,2024-05-14,2024-05-14 05:50:47.034676838,Integration,Medium,Resolved,4
908203,12851,2025-08-18,2025-08-18 04:55:19.140618853,Technical,High,Resolved,5
908204,11321,2026-06-04,2026-06-04 06:12:19.740839569,Technical,Low,Resolved,5
908205,11458,2026-02-17,2026-02-18 11:31:58.451138677,Technical,Low,Resolved,1
908206,17952,2025-01-17,2025-01-17 05:32:18.207673890,Technical,Low,Open,4
908207,10675,2025-02-24,2025-02-24 06:03:00.322547914,Billing,Low,Resolved,3
908208,12948,2025-11-17,2025-11-17 10:28:22.592235910,Performance,High,Resolved,5
908209,18882,2024-08-11,2024-08-11 05:15:55.281610670,Account,Medium,Resolved,4
908210,13643,2026-06-23,2026-06-23 06:31:14.760253855,Account,High,Resolved,3
908211,11471,2025-12-17,2025-12-18 01:01:02.517438777,Technical,Medium,Resolved,4
908212,16536,2026-04-06,2026-04-06 05:24:22.123351306,Feature Request,Medium,Resolved,5
908213,17542,2025-11-25,2025-11-25 18:09:58.071999186,Integration,Low,Resolved,3
908214,15869,2026-04-24,2026-04-24 16:29:54.783551792,Technical,Medium,Resolved,5
908215,11854,2026-08-21,2026-08-21 11:54:43.545434889,Feature Request,Low,Resolved,5
908216,15239,2026-08-14,2026-08-14 15:37:10.026615946,Feature Request,Low,Resolved,2
908217,11594,2026-08-24,2026-08-24 01:52:51.368361816,Feature Request,High,Resolved,4
908218,19299,2026-07-20,2026-07-20 06:12:17.160551917,Security,Medium,Resolved,4
908219,18583,2026-08-31,,Technical,Medium,Resolved,3
908220,19719,2024-07-13,2024-07-13 15:12:14.874317658,Security,Critical,Resolved,5
908221,16728,2025-01-27,2025-01-28 06:29:52.162245686,Integration,High,Open,4
908222,10435,2026-08-16,2026-08-16 08:38:31.224820830,Integration,Low,Resolved,5
908223,16751,2024-07-12,2024-07-12 10:10:55.716833449,Technical,Medium,Open,2
908224,11144,2026-03-12,2026-03-12 06:06:54.054366120,Billing,Medium,Pending,4
908225,14696,2026-04-27,2026-04-27 06:27:02.701398916,Performance,Low,Resolved,4
908226,14850,2026-06-21,2026-06-21 07:40:18.854883454,Integration,Medium,Resolved,5
908227,12536,2025-07-04,2025-07-04 08:56:06.449635474,Security,High,Open,4
908228,12647,2026-01-07,2026-01-07 08:23:16.089572259,Billing,Medium,Resolved,5
908229,17393,2025-04-13,2025-04-13 06:15:55.452459387,Integration,Medium,Resolved,5
908230,12304,2026-03-16,2026-03-16 14:49:30.355731883,Billing,Medium,Resolved,5
908231,16010,2025-03-06,2025-03-06 23:09:53.939617923,Technical,Low,Resolved,4
908232,16031,2025-09-26,2025-09-26 23:03:33.862207082,Integration,Medium,Resolved,2
908233,19784,2025-12-23,2025-12-23 03:15:46.391753001,Performance,Low,Resolved,1
908234,18902,2025-07-27,2025-07-27 02:15:46.216185595,Technical,Low,Resolved,4
908235,12598,2025-11-03,2025-11-03 18:30:27.623239380,Account,Medium,Resolved,5
908236,17464,2025-06-15,2025-06-15 22:56:06.752772463,Integration,Medium,Pending,5
908237,10450,2026-06-08,2026-06-08 09:39:27.114499126,Account,Medium,Resolved,5
908238,18531,2026-05-17,2026-05-18 09:59:39.973777285,Performance,High,Resolved,4
908239,10625,2026-02-13,2026-02-13 11:43:25.616930718,Integration,Medium,Resolved,4
908240,13019,2025-04-01,2025-04-01 07:32:35.871505735,Performance,Medium,Open,4
908241,13097,2026-07-10,2026-07-10 11:24:10.055726006,Performance,High,Open,5
908242,14483,2024-12-20,2024-12-20 02:26:55.569339340,Integration,Medium,Resolved,4
908243,14231,2025-08-15,2025-08-15 04:26:18.622244155,Billing,High,Resolved,4
908244,18874,2025-04-11,2025-04-11 09:26:32.687763666,Technical,Medium,Pending,4
908245,12675,2026-03-09,2026-03-09 03:11:44.086026768,Performance,Low,Resolved,5
908246,14608,2026-05-13,2026-05-13 14:23:17.714453607,Feature Request,Medium,Open,5
908247,15594,2025-10-05,2025-10-05 06:28:28.123573260,Billing,Low,Resolved,5
908248,10139,2025-12-24,2025-12-24 09:56:48.073184066,Billing,Low,Resolved,1
908249,16171,2025-03-30,2025-03-30 06:43:39.657001774,Integration,Medium,Resolved,5
908250,14269,2024-11-24,2024-11-25 10:20:29.399926077,Performance,High,Resolved,3
908251,12512,2025-10-24,2025-10-24 04:44:31.458402690,Integration,Medium,Resolved,4
908252,11558,2025-02-12,2025-02-12 15:59:24.006528340,Integration,Medium,Resolved,4
908253,10133,2025-03-18,2025-03-18 10:39:24.357888104,Performance,Medium,Resolved,5
908254,10515,2024-06-27,2024-06-27 11:36:30.968481250,Technical,Medium,Pending,2
908255,16603,2025-06-15,2025-06-15 10:07:06.284997116,Technical,Low,Resolved,5
908256,14599,2025-08-15,2025-08-16 00:38:57.610610617,Performance,Low,Resolved,4
908257,17153,2025-07-07,2025-07-07 05:31:16.988333523,Technical,High,Open,5
908258,19386,2026-04-17,2026-04-17 10:20:43.859662472,Billing,High,Resolved,4
908259,19736,2025-07-27,2025-07-27 11:32:50.955870156,Technical,Low,Resolved,4
908260,13569,2026-07-30,2026-07-30 17:06:18.111665782,Account,Low,Resolved,3
908261,14196,2024-09-25,2024-09-25 05:41:54.256269073,Account,High,Resolved,5
908262,13666,2025-11-28,2025-11-29 06:05:24.746015857,Technical,High,Open,3
908263,17985,2026-05-30,2026-05-30 06:09:41.466358828,Integration,Low,Resolved,2
908264,15606,2025-03-05,2025-03-06 15:34:05.325178209,Technical,High,Resolved,3
908265,15678,2025-08-29,2025-08-29 21:11:51.289203721,Billing,Medium,Open,3
908266,15347,2025-08-25,2025-08-25 21:37:21.047851678,Billing,Medium,Resolved,5
908267,16727,2026-06-16,2026-06-16 05:24:01.979082489,Feature Request,Medium,Resolved,2
908268,17989,2025-09-29,2025-09-29 09:06:29.435073480,Feature Request,Low,Open,5
908269,14146,2026-08-23,2026-08-23 17:04:26.171374656,Performance,Medium,Resolved,4
908270,19256,2026-08-06,2026-08-06 14:09:07.850290546,Technical,Low,Resolved,3
908271,13220,2026-04-24,2026-04-24 07:28:58.442522962,Performance,High,Resolved,5
908272,19751,2025-10-31,2025-10-31 12:54:01.128178303,Performance,Low,Resolved,5
908273,13910,2025-08-22,2025-08-22 17:21:31.367590711,Feature Request,High,Resolved,3
908274,18629,2026-07-04,2026-07-04 08:10:14.889501858,Technical,Low,Resolved,4
908275,12498,2024-11-26,2024-11-26 02:19:03.769660110,Billing,Medium,Resolved,3
908276,11414,2024-07-05,2024-07-05 03:05:44.887785738,Billing,Medium,Resolved,3
908277,16693,2025-06-11,2025-06-11 14:13:18.458320634,Technical,Medium,Resolved,4
908278,14804,2026-04-21,2026-04-21 16:00:36.819437212,Integration,High,Resolved,4
908279,10619,2026-03-01,2026-03-01 09:01:22.316706926,Integration,High,Resolved,4
908280,15827,2024-09-11,2024-09-12 04:23:36.779479724,Technical,Low,Resolved,3
908281,19561,2024-03-19,2024-03-19 06:14:10.509875296,Technical,Low,Resolved,3
908282,17416,2026-03-04,2026-03-04 04:24:01.626236006,Account,Low,Resolved,4
908283,18973,2026-01-09,2026-01-09 05:44:45.052331028,Performance,Low,Pending,3
908284,19379,2026-08-22,2026-08-22 01:24:16.530703423,Security,Low,Resolved,4
908285,17276,2025-05-19,2025-05-19 07:39:58.982691949,Technical,Low,Resolved,4
908286,14739,2024-09-12,2024-09-13 07:00:25.939131037,Account,Low,Resolved,3
908287,16245,2026-03-04,2026-03-04 12:54:24.884009467,Billing,Medium,Resolved,4
908288,17600,2026-06-04,2026-06-04 14:30:55.667447928,Account,Low,Resolved,2
908289,19950,2025-08-21,2025-08-21 17:50:48.263383784,Billing,High,Resolved,2
908290,17260,2025-01-21,2025-01-21 13:51:00.916990232,Billing,Critical,Resolved,2
908291,17129,2025-03-28,2025-03-28 06:54:10.338115615,Account,Medium,Resolved,1
908292,18592,2025-11-14,2025-11-14 21:56:15.957953732,Feature Request,Medium,Resolved,3
908293,14979,2026-07-02,2026-07-02 08:46:25.388809100,Billing,Low,Resolved,5
908294,13910,2026-06-22,2026-06-22 03:39:11.917248620,Technical,Medium,Resolved,5
908295,16175,2025-09-24,2025-09-24 04:09:47.754341910,Billing,High,Resolved,3
908296,14940,2025-09-06,2025-09-06 07:19:06.900291314,Account,Medium,Resolved,5
908297,18160,2026-02-14,2026-02-14 02:05:38.795878093,Billing,Medium,Resolved,1
908298,11154,2025-10-19,2025-10-20 09:16:00.765880244,Account,Low,Resolved,3
908299,15762,2026-08-18,2026-08-18 04:46:29.102566969,Integration,Medium,Resolved,5
908300,14698,2024-11-20,2024-11-20 09:23:57.376755135,Technical,Medium,Resolved,3
908301,11645,2025-08-14,2025-08-14 05:03:07.234535206,Integration,High,Resolved,5
908302,10483,2025-12-20,2025-12-20 18:03:03.589422134,Security,High,Resolved,4
908303,18189,2025-11-30,2025-11-30 10:46:00.757428510,Technical,Low,Resolved,5
908304,17162,2026-05-13,2026-05-13 11:10:08.936219881,Feature Request,Low,Resolved,5
908305,19827,2025-11-01,2025-11-01 18:48:54.661429767,Integration,Low,Resolved,4
908306,19364,2024-08-31,2024-08-31 10:05:41.123479146,Billing,Medium,Resolved,4
908307,15067,2026-08-21,2026-08-21 06:14:11.519396689,Technical,Medium,Resolved,3
908308,16782,2025-11-04,2025-11-04 09:12:15.159614929,Billing,Medium,Resolved,3
908309,18778,2026-02-18,2026-02-18 06:03:42.630709338,Account,High,Resolved,4
908310,19139,2024-12-01,2024-12-01 18:52:12.493059582,Performance,Medium,Resolved,3
908311,18520,2025-03-05,2025-03-05 12:18:30.561850515,Technical,Medium,Resolved,2
908312,11523,2026-04-05,2026-04-05 11:35:37.373331883,Feature Request,High,Resolved,5
908313,13803,2026-04-28,2026-04-28 15:49:19.115065484,Feature Request,Low,Resolved,3
908314,13051,2026-07-15,2026-07-15 02:16:11.387981956,Security,Medium,Resolved,5
908315,11838,2025-09-26,2025-09-27 07:44:22.161000688,Feature Request,Medium,Resolved,4
908316,16108,2026-03-13,2026-03-13 18:56:08.079737726,Technical,Medium,Resolved,4
908317,13915,2025-12-10,2025-12-10 04:58:19.362826030,Integration,Critical,Resolved,4
908318,17613,2025-12-05,2025-12-06 18:01:40.541982574,Billing,High,Resolved,3
908319,15976,2026-07-16,2026-07-17 02:27:25.324058293,Technical,High,Resolved,4
908320,14521,2026-03-31,2026-03-31 08:06:41.588666146,Integration,Medium,Pending,4
908321,12183,2025-07-09,2025-07-09 18:11:04.753622180,Performance,Medium,Resolved,4
908322,15946,2026-04-09,2026-04-09 11:04:29.657137796,Technical,High,Pending,2
908323,13712,2024-07-16,2024-07-16 05:28:20.599572356,Technical,Low,Resolved,5
908324,17138,2025-09-18,2025-09-18 04:12:03.436596320,Integration,Critical,Resolved,4
908325,16717,2025-12-10,2025-12-11 04:28:34.134836660,Integration,Medium,Resolved,5
908326,13826,2025-12-15,2025-12-15 07:41:55.422282570,Feature Request,High,Resolved,4
908327,11403,2026-03-07,2026-03-07 06:21:19.324899536,Billing,Medium,Resolved,5
908328,18024,2026-04-10,2026-04-10 12:18:14.955611817,Account,Medium,Resolved,5
908329,12640,2025-02-21,2025-02-21 04:01:22.948317771,Billing,High,Resolved,1
908330,12756,2025-05-17,2025-05-17 14:38:00.178365688,Billing,Low,Resolved,3
908331,11236,2025-04-28,2025-04-28 02:14:17.167683793,Account,Medium,Resolved,3
908332,10082,2026-06-03,2026-06-03 19:21:29.488006666,Performance,Medium,Resolved,5
908333,15074,2026-08-19,2026-08-19 07:25:13.279588665,Feature Request,Low,Resolved,5
908334,12642,2025-08-27,2025-08-28 12:34:54.531632344,Integration,Medium,Open,4
908335,16515,2026-04-25,2026-04-25 01:36:56.809787551,Security,Low,Resolved,5
908336,14964,2025-03-23,2025-03-23 03:13:20.408994220,Security,Medium,Resolved,5
908337,13190,2026-07-08,2026-07-08 11:09:43.405878214,Technical,Medium,Resolved,4
908338,15893,2026-05-01,2026-05-01 05:55:27.795300337,Technical,Critical,Resolved,1
908339,16062,2026-05-02,2026-05-02 15:10:35.330987625,Performance,Low,Resolved,5
908340,15372,2026-02-01,2026-02-01 14:47:39.836313070,Technical,Low,Resolved,4
908341,16480,2024-10-28,2024-10-28 15:16:14.902289770,Account,Medium,Resolved,4
908342,12241,2026-02-26,2026-02-27 13:24:02.386217462,Performance,Medium,Resolved,3
908343,12751,2026-03-14,2026-03-14 05:18:12.542898456,Integration,Medium,Resolved,3
908344,17558,2026-02-13,2026-02-13 10:28:15.152309389,Integration,Low,Resolved,5
908345,17225,2025-12-21,2025-12-21 13:51:36.122736506,Technical,Medium,Resolved,2
908346,15171,2026-03-17,2026-03-17 03:49:42.995365143,Billing,Low,Resolved,1
908347,10095,2026-05-15,2026-05-15 07:17:02.858549420,Account,Medium,Resolved,4
908348,16568,2026-03-19,2026-03-19 10:39:27.850699209,Technical,Low,Resolved,2
908349,16706,2025-05-12,2025-05-12 09:00:33.168071559,Billing,Medium,Resolved,5
908350,15047,2025-12-04,2025-12-04 04:10:10.671532179,Billing,Low,Resolved,5
908351,11474,2025-08-02,2025-08-02 03:28:00.950993878,Feature Request,Medium,Pending,3
908352,15993,2025-03-25,2025-03-25 06:42:58.544741466,Performance,Low,Resolved,5
908353,14865,2025-02-11,2025-02-11 07:20:51.317465370,Account,Low,Resolved,5
908354,10524,2026-01-01,2026-01-01 07:10:36.020066664,Account,Medium,Resolved,4
908355,10865,2025-07-25,2025-07-26 01:27:59.127758920,Billing,Medium,Resolved,5
908356,17303,2026-07-03,2026-07-05 11:22:22.827153338,Billing,Medium,Pending,4
908357,16282,2026-01-11,2026-01-12 20:02:13.511716634,Performance,Low,Resolved,2
908358,10391,2026-08-26,2026-08-26 09:11:53.779885623,Technical,Low,Resolved,1
908359,16617,2025-01-22,2025-01-22 20:16:36.736512524,Integration,High,Resolved,4
908360,18709,2026-01-16,2026-01-16 18:47:39.307879582,Billing,Medium,Resolved,1
908361,18797,2024-10-27,2024-10-27 12:11:55.743107672,Feature Request,Low,Resolved,4
908362,11300,2025-12-18,2025-12-18 16:40:11.950069573,Technical,Low,Open,3
908363,16690,2026-05-05,2026-05-05 13:40:10.611510938,Account,Low,Resolved,4
908364,19022,2024-10-22,2024-10-22 06:11:36.848518922,Account,Medium,Resolved,1
908365,14822,2025-03-10,2025-03-10 11:35:45.729513175,Technical,High,Resolved,4
908366,13443,2025-02-26,2025-02-26 19:02:22.098900494,Account,Low,Resolved,5
908367,14752,2026-07-21,2026-07-21 06:24:09.802917158,Integration,High,Resolved,4
908368,19138,2026-08-22,2026-08-22 18:26:55.595665766,Integration,High,Resolved,4
908369,14536,2025-05-03,2025-05-03 10:43:06.749717084,Integration,Medium,Resolved,4
908370,19457,2024-12-07,2024-12-07 20:46:41.668936190,Technical,Low,Resolved,5
908371,19289,2024-09-08,2024-09-08 11:04:46.230467728,Feature Request,High,Resolved,5
908372,16005,2024-05-20,2024-05-20 07:10:29.580111969,Billing,Medium,Pending,5
908373,15777,2026-07-05,2026-07-05 10:07:34.991876485,Billing,Low,Resolved,5
908374,19768,2026-08-16,2026-08-18 01:23:31.724773764,Account,Low,Resolved,5
908375,19234,2024-07-30,2024-07-30 04:06:58.573709784,Technical,Medium,Resolved,4
908376,11823,2026-08-04,2026-08-04 03:53:16.267681197,Account,Medium,Resolved,2
908377,19586,2026-02-23,2026-02-23 21:53:05.920884582,Integration,High,Resolved,4
908378,18006,2026-03-20,2026-03-20 04:46:02.668746212,Security,Low,Resolved,5
908379,16705,2025-12-25,2025-12-25 03:08:49.810983406,Billing,Medium,Resolved,5
908380,14720,2026-06-26,2026-06-26 06:44:27.633203106,Account,Critical,Resolved,3
908381,18109,2024-11-26,2024-11-26 05:55:44.005424815,Billing,Low,Resolved,5
908382,15350,2026-02-10,2026-02-10 03:32:00.689058787,Account,Medium,Open,3
908383,19531,2025-02-02,2025-02-02 18:33:21.630033093,Account,Low,Resolved,3
908384,16453,2026-06-22,2026-06-22 08:16:26.510454645,Technical,Medium,Pending,2
908385,11038,2026-04-08,2026-04-08 10:37:35.035260236,Account,High,Pending,5
908386,16222,2026-08-18,2026-08-18 03:09:22.451168991,Technical,Low,Resolved,4
908387,14683,2024-08-03,2024-08-03 05:13:11.006350057,Performance,High,Resolved,3
908388,19496,2025-08-02,2025-08-02 09:49:35.424473037,Billing,High,Resolved,5
908389,11031,2024-12-26,2024-12-26 09:32:34.694114841,Account,Medium,Resolved,4
908390,17923,2026-08-12,2026-08-12 10:32:14.266943869,Performance,Medium,Resolved,4
908391,16773,2025-06-04,2025-06-04 09:44:08.578150782,Technical,Medium,Pending,3
908392,11331,2024-10-13,2024-10-13 03:03:38.469811388,Security,Medium,Resolved,5
908393,17868,2024-11-11,2024-11-11 20:30:24.603539666,Account,High,Resolved,5
908394,11227,2026-04-13,2026-04-13 07:49:57.284789131,Technical,Low,Pending,4
908395,18809,2025-10-10,2025-10-11 10:22:07.322040433,Technical,Low,Resolved,1
908396,14423,2026-06-21,2026-06-21 03:22:17.514983971,Billing,Medium,Pending,5
908397,17715,2026-06-21,2026-06-21 05:04:50.219036961,Technical,Medium,Resolved,2
908398,12196,2024-07-03,2024-07-03 12:26:54.163136043,Performance,Low,Resolved,4
908399,17972,2025-10-01,2025-10-01 11:56:05.444132352,Account,Medium,Resolved,1
908400,11673,2025-07-01,2025-07-01 14:34:12.808409570,Technical,High,Resolved,4
908401,15904,2026-05-16,2026-05-16 12:09:46.465568348,Billing,Medium,Resolved,5
908402,11125,2026-05-02,2026-05-02 17:28:59.153741306,Performance,Medium,Resolved,2
908403,15446,2025-09-13,2025-09-13 09:07:08.582772327,Performance,Medium,Open,5
908404,16693,2025-06-23,2025-06-23 07:23:52.867657208,Technical,Low,Open,4
908405,17260,2026-07-24,2026-07-24 07:59:55.319773160,Feature Request,High,Resolved,5
908406,11649,2026-07-23,2026-07-23 20:31:48.053446251,Performance,Medium,Resolved,5
908407,12859,2025-09-19,2025-09-19 05:12:42.057836060,Feature Request,Medium,Open,4
908408,13714,2025-11-16,2025-11-16 19:16:05.530579712,Feature Request,High,Resolved,5
908409,13274,2026-01-21,2026-01-21 02:53:46.603407444,Billing,Medium,Resolved,4
908410,14555,2026-05-04,2026-05-04 06:32:55.178459286,Technical,High,Pending,1
908411,19436,2025-01-13,2025-01-13 09:42:52.943755881,Feature Request,Medium,Resolved,5
908412,19502,2025-05-19,2025-05-19 16:12:37.192405989,Performance,High,Resolved,4
908413,14901,2026-05-07,2026-05-07 22:20:01.262291420,Performance,Medium,Open,4
908414,11995,2025-12-23,2025-12-23 08:29:11.680829800,Feature Request,Medium,Resolved,5
908415,11237,2024-12-28,2024-12-28 15:46:51.788038861,Billing,Low,Resolved,4
908416,16783,2026-04-13,2026-04-13 05:28:10.776384782,Account,Medium,Resolved,4
908417,17353,2026-01-22,2026-01-22 10:03:07.740824544,Billing,High,Open,5
908418,16549,2025-03-14,2025-03-14 07:09:59.970425410,Performance,Medium,Resolved,5
908419,13900,2025-11-24,2025-11-25 01:33:33.221682428,Technical,High,Resolved,3
908420,12455,2026-05-06,2026-05-06 21:41:25.413076968,Integration,Low,Resolved,3
908421,12389,2026-08-17,2026-08-17 09:23:03.884862930,Account,Medium,Resolved,1
908422,10881,2026-02-26,2026-02-26 08:55:15.071131401,Billing,Medium,Resolved,3
908423,13691,2025-10-12,2025-10-12 11:42:05.472378309,Performance,Low,Resolved,4
908424,17892,2024-06-28,2024-06-28 13:20:12.733738267,Account,High,Open,4
908425,12042,2024-08-25,2024-08-25 06:38:17.511649396,Billing,Medium,Resolved,5
908426,12041,2026-03-28,2026-03-28 02:39:18.422866936,Security,Medium,Resolved,5
908427,14167,2025-11-26,2025-11-26 16:49:50.235124177,Technical,Medium,Resolved,5
908428,11094,2026-04-24,2026-04-25 07:51:25.735898383,Billing,Low,Resolved,4
908429,12141,2026-01-07,2026-01-08 08:57:55.191494066,Technical,Low,Resolved,3
908430,10861,2025-07-28,2025-07-28 20:18:49.487725630,Technical,Medium,Resolved,2
908431,17069,2026-03-14,2026-03-14 15:08:18.604882755,Billing,Medium,Resolved,4
908432,12973,2025-12-01,2025-12-01 11:12:47.205135842,Security,Medium,Resolved,5
908433,13807,2025-09-12,2025-09-12 14:58:06.504675139,Billing,Low,Resolved,5
908434,10018,2026-06-09,2026-06-09 05:44:46.715464309,Account,High,Resolved,4
908435,12250,2024-06-19,2024-06-19 04:57:48.655695466,Feature Request,Medium,Resolved,1
908436,13237,2026-03-28,2026-03-28 02:59:53.835049885,Integration,Low,Resolved,5
908437,10782,2025-11-26,2025-11-26 22:52:27.814106204,Integration,High,Resolved,4
908438,18972,2026-08-27,2026-08-27 15:27:01.656630766,Technical,Critical,Open,5
908439,14904,2025-02-12,2025-02-12 09:13:48.746448620,Technical,Medium,Resolved,4
908440,13998,2024-05-07,2024-05-09 02:40:24.240346438,Feature Request,High,Resolved,5
908441,11512,2026-05-23,2026-05-23 10:10:20.689168288,Billing,High,Resolved,5
908442,13102,2026-08-12,2026-08-12 21:39:30.262946065,Technical,Medium,Resolved,4
908443,14183,2026-05-18,2026-05-18 07:55:15.978612198,Integration,Medium,Resolved,5
908444,17741,2026-07-30,2026-07-30 08:13:27.463100700,Technical,Medium,Resolved,1
908445,15374,2025-03-05,2025-03-05 05:52:54.266678389,Technical,Low,Resolved,4
908446,16657,2026-08-09,2026-08-11 02:14:29.782314510,Billing,High,Resolved,5
908447,15565,2025-06-13,2025-06-13 09:41:59.683379816,Account,Medium,Open,5
908448,16606,2026-06-29,2026-06-29 00:59:56.051539195,Feature Request,Medium,Open,4
908449,10455,2026-01-20,2026-01-20 05:19:14.135587377,Account,Medium,Resolved,5
908450,16823,2026-04-05,2026-04-05 06:37:04.561506422,Billing,High,Resolved,5
908451,19636,2025-12-04,2025-12-04 14:13:40.340316036,Integration,Low,Resolved,5
908452,16805,2025-02-15,2025-02-15 06:33:06.784910938,Integration,Low,Resolved,1
908453,10201,2024-11-08,2024-11-08 08:49:33.377925648,Technical,Low,Resolved,4
908454,10435,2026-08-16,2026-08-16 05:35:36.275005694,Technical,Medium,Pending,4
908455,17520,2026-05-09,2026-05-09 06:56:04.198953580,Billing,High,Resolved,1
908456,10496,2026-04-13,2026-04-13 03:35:16.324378666,Integration,Medium,Resolved,5
908457,11781,2025-06-04,2025-06-04 05:28:49.583082489,Technical,Low,Resolved,4
908458,16068,2026-07-28,2026-07-28 02:02:41.742082334,Feature Request,Medium,Resolved,2
908459,17117,2026-03-30,2026-03-30 06:43:16.544849286,Technical,Medium,Open,1
908460,15628,2024-08-31,2024-09-01 10:32:34.421931330,Performance,Low,Resolved,4
908461,10736,2026-04-07,2026-04-07 19:38:33.029700482,Account,High,Resolved,4
908462,12139,2025-08-22,2025-08-23 03:57:34.356962606,Performance,Medium,Resolved,5
908463,17855,2026-02-25,2026-02-25 07:17:23.631709455,Integration,High,Resolved,5
908464,18575,2025-09-08,2025-09-08 14:20:45.170346001,Account,Low,Resolved,4
908465,11020,2026-03-03,2026-03-03 11:32:18.758350762,Billing,Medium,Resolved,3
908466,14635,2025-07-11,2025-07-11 15:47:47.407979187,Technical,Low,Resolved,5
908467,18744,2026-05-28,2026-05-28 05:32:44.117806243,Technical,High,Resolved,3
908468,19603,2025-11-22,2025-11-22 22:49:35.672469488,Feature Request,Medium,Resolved,3
908469,18227,2026-03-27,2026-03-27 18:24:15.029843382,Billing,Medium,Resolved,5
908470,11388,2025-04-12,2025-04-12 14:55:10.907439672,Performance,Low,Resolved,2
908471,15943,2025-01-03,2025-01-03 07:14:40.738757071,Billing,Low,Resolved,5
908472,16914,2025-08-16,2025-08-16 06:05:51.491431773,Performance,Low,Resolved,4
908473,17231,2026-02-02,2026-02-02 04:10:28.114455309,Account,Medium,Resolved,3
908474,14015,2026-08-19,2026-08-20 05:12:21.961350928,Billing,High,Resolved,4
908475,18515,2026-03-03,2026-03-03 08:08:55.015512583,Security,Medium,Resolved,3
908476,14327,2025-12-06,2025-12-07 07:17:07.524475724,Security,Low,Open,2
908477,14385,2024-12-18,2024-12-18 04:47:19.722039712,Feature Request,Medium,Open,1
908478,10967,2026-02-19,2026-02-19 10:32:47.731531272,Account,Low,Open,5
908479,13494,2026-07-17,2026-07-17 04:41:17.573194287,Account,Low,Resolved,4
908480,16444,2025-12-28,2025-12-28 11:55:21.949653064,Integration,Low,Resolved,5
908481,15804,2026-08-02,2026-08-02 03:32:55.893812283,Technical,Medium,Open,4
908482,15528,2026-07-20,2026-07-20 04:22:33.603723753,Account,High,Resolved,2
908483,14950,2026-07-22,2026-07-22 03:48:08.247222853,Performance,High,Resolved,3
908484,15187,2025-01-18,2025-01-18 04:06:21.390576793,Technical,Low,Resolved,4
908485,12207,2026-03-05,2026-03-05 17:22:20.788543952,Account,Low,Resolved,2
908486,18046,2026-06-22,2026-06-22 04:49:42.940404098,Account,Medium,Resolved,5
908487,16183,2025-10-20,2025-10-20 04:30:30.482573760,Performance,Medium,Resolved,5
908488,16755,2025-03-07,2025-03-07 13:40:18.555129249,Account,Low,Resolved,2
908489,12491,2026-08-03,2026-08-03 06:11:58.349204484,Performance,Medium,Open,2
908490,12588,2026-01-01,2026-01-01 06:39:03.515327791,Account,Critical,Resolved,3
908491,15878,2026-08-14,2026-08-14 08:52:00.532920630,Feature Request,Medium,Pending,5
908492,19254,2025-07-28,2025-07-28 03:42:32.016255966,Performance,Medium,Resolved,4
908493,11650,2025-06-14,2025-06-14 14:10:15.096247028,Feature Request,High,Resolved,2
908494,11704,2026-05-03,2026-05-03 03:55:09.771323160,Account,Low,Open,5
908495,17789,2024-12-01,2024-12-02 12:53:34.530829706,Technical,High,Resolved,4
908496,18522,2026-03-13,2026-03-13 07:43:11.835138734,Account,Medium,Resolved,3
908497,15085,2025-07-30,2025-07-30 06:35:14.157082467,Feature Request,Low,Resolved,5
908498,12294,2025-08-08,2025-08-08 19:15:31.352806421,Technical,Low,Resolved,5
908499,17395,2025-02-15,2025-02-15 08:09:18.378072968,Technical,High,Pending,5
908500,15730,2024-03-28,2024-03-28 07:45:03.622958823,Security,Medium,Open,2
908501,17834,2026-08-22,2026-08-22 18:10:02.390318004,Billing,Medium,Resolved,4
908502,15628,2026-05-02,2026-05-02 06:13:28.059636374,Billing,Low,Resolved,4
908503,12528,2026-02-05,2026-02-05 18:43:21.442496224,Billing,Medium,Pending,4
908504,15704,2026-03-27,2026-03-27 05:32:33.691733448,Performance,Medium,Pending,5
908505,19442,2024-11-15,2024-11-15 10:22:12.477352940,Billing,Low,Resolved,2
908506,14480,2025-12-11,2025-12-11 07:45:48.451027680,Technical,Critical,Resolved,4
908507,18398,2026-07-20,2026-07-20 17:45:53.917376684,Billing,Low,Resolved,5
908508,18160,2026-07-09,2026-07-09 07:33:04.519437825,Billing,Critical,Resolved,5
908509,10221,2025-09-10,2025-09-10 05:15:22.688534419,Billing,Low,Resolved,3
908510,14944,2025-09-14,2025-09-14 13:43:18.306369958,Billing,Medium,Resolved,5
908511,13337,2025-12-31,2025-12-31 06:57:45.151892895,Performance,High,Resolved,5
908512,14009,2025-06-17,2025-06-17 09:31:21.017469842,Billing,Low,Resolved,4
908513,14399,2026-05-31,2026-05-31 16:26:01.859312864,Billing,Medium,Resolved,4
908514,18230,2026-02-07,2026-02-07 03:52:01.447784428,Technical,Medium,Resolved,3
908515,11447,2026-08-01,2026-08-02 21:08:24.127595991,Feature Request,Low,Resolved,5
908516,13620,2026-03-22,2026-03-22 05:21:23.859885682,Performance,Low,Resolved,4
908517,15908,2025-11-11,2025-11-11 07:12:57.887568954,Feature Request,Medium,Resolved,4
908518,13221,2026-07-17,2026-07-17 08:48:54.553406248,Account,Low,Resolved,2
908519,16225,2024-06-18,2024-06-18 08:12:50.191894465,Account,Medium,Open,4
908520,16011,2025-06-05,2025-06-06 00:34:34.535461961,Security,Medium,Resolved,3
908521,15617,2025-11-20,2025-11-20 05:26:41.834174524,Technical,Medium,Resolved,4
908522,17922,2026-04-04,2026-04-04 18:15:15.768942390,Integration,Low,Resolved,4
908523,14108,2025-08-20,2025-08-20 05:55:55.970295402,Technical,Low,Resolved,4
908524,17034,2026-03-09,2026-03-09 07:10:54.810929290,Billing,Medium,Resolved,5
908525,12165,2025-10-25,2025-10-25 13:52:24.761966275,Technical,Low,Resolved,2
908526,12692,2026-04-06,2026-04-06 13:24:12.816147204,Feature Request,Medium,Resolved,4
908527,19874,2026-06-21,2026-06-22 01:06:22.013023896,Account,Medium,Resolved,5
908528,17866,2024-11-24,2024-11-24 10:06:58.439539224,Account,Medium,Resolved,4
908529,10053,2026-01-21,2026-01-21 17:44:26.675912882,Integration,Medium,Pending,5
908530,19019,2026-06-16,2026-06-16 17:55:49.345672328,Security,Low,Resolved,5
908531,13614,2026-06-27,2026-06-27 10:19:09.161712022,Feature Request,Medium,Resolved,5
908532,13801,2026-07-02,2026-07-02 07:10:28.076274620,Billing,Medium,Resolved,4
908533,18207,2025-09-25,2025-09-25 15:22:47.440788600,Technical,Medium,Resolved,5
908534,11053,2025-11-16,2025-11-16 07:20:23.775365623,Technical,High,Resolved,4
908535,12671,2026-07-01,2026-07-01 10:01:24.706812856,Integration,Low,Resolved,3
908536,11330,2024-05-07,2024-05-08 11:36:49.038570968,Performance,High,Resolved,5
908537,17581,2025-10-06,2025-10-07 05:47:12.210513291,Security,Low,Open,4
908538,10687,2025-06-14,2025-06-15 03:52:34.953138674,Account,High,Resolved,3
908539,12557,2026-07-26,2026-07-26 19:46:34.220362360,Technical,Low,Pending,5
908540,11322,2025-05-14,2025-05-14 07:18:00.927633571,Technical,Low,Resolved,4
908541,18081,2026-07-04,2026-07-04 01:18:19.219995633,Performance,Low,Resolved,4
908542,14046,2025-10-24,2025-10-24 14:06:40.235264510,Security,High,Resolved,4
908543,13282,2026-06-12,2026-06-12 04:45:55.177957677,Feature Request,High,Resolved,3
908544,18702,2025-09-07,2025-09-07 04:19:56.233365844,Technical,Medium,Resolved,4
908545,17873,2026-05-16,2026-05-16 14:56:17.053532350,Technical,Medium,Resolved,4
908546,18985,2026-01-06,2026-01-06 03:33:44.278528996,Technical,High,Resolved,4
908547,18487,2025-07-17,2025-07-17 09:55:27.278251824,Billing,Low,Resolved,4
908548,16148,2024-11-23,2024-11-23 05:59:52.108335632,Security,Critical,Resolved,3
908549,16056,2025-03-17,2025-03-17 04:10:32.451306679,Technical,Low,Resolved,3
908550,18367,2026-05-02,2026-05-02 07:31:40.639716861,Account,Medium,Resolved,4
908551,12456,2025-12-11,2025-12-11 11:19:32.657046805,Integration,High,Resolved,3
908552,13245,2026-07-05,2026-07-05 07:26:58.859389381,Account,Medium,Resolved,4
908553,14387,2025-04-27,2025-04-27 17:29:27.359669392,Account,High,Resolved,3
908554,12911,2025-12-14,2025-12-14 09:50:10.048367342,Technical,High,Resolved,3
908555,12214,2026-03-12,2026-03-12 03:26:20.109652933,Integration,Medium,Open,5
908556,10614,2026-01-30,2026-01-30 08:44:44.061150843,Integration,High,Resolved,3
908557,10747,2026-05-31,2026-06-01 14:58:20.750930036,Account,Medium,Resolved,4
908558,13847,2026-02-03,2026-02-03 03:30:28.142432258,Billing,Low,Resolved,4
908559,16612,2025-05-18,2025-05-18 18:39:45.987038816,Security,Low,Resolved,3
908560,16913,2026-06-11,2026-06-11 06:25:03.358836242,Integration,Low,Resolved,4
908561,14263,2024-12-10,2024-12-10 21:42:08.550099813,Account,Medium,Resolved,4
908562,17571,2026-05-16,2026-05-16 07:17:00.698580816,Technical,Medium,Resolved,5
908563,18558,2026-05-29,2026-05-30 17:06:48.324376288,Billing,Critical,Resolved,5
908564,18289,2024-12-15,2024-12-16 03:03:21.525885208,Technical,Medium,Resolved,4
908565,14854,2026-01-22,2026-01-22 09:28:34.139260257,Performance,Low,Resolved,5
908566,16108,2026-05-22,2026-05-22 04:44:12.655834371,Account,High,Resolved,3
908567,18702,2026-05-01,2026-05-01 08:55:31.832409122,Integration,Medium,Resolved,4
908568,13857,2026-04-25,2026-04-25 03:25:20.827591147,Integration,Medium,Resolved,4
908569,10630,2026-02-28,2026-02-28 15:27:30.978931161,Technical,High,Resolved,3
908570,10961,2026-06-15,2026-06-15 22:31:56.304493136,Feature Request,Low,Pending,4
908571,17223,2026-04-03,2026-04-03 16:04:26.310912708,Technical,High,Open,3
908572,13517,2026-06-16,2026-06-16 17:28:52.666512456,Billing,Medium,Open,5
908573,16142,2025-12-08,2025-12-09 04:42:23.763758299,Billing,Low,Pending,5
908574,12230,2025-05-06,2025-05-08 06:05:17.290130859,Technical,Low,Resolved,5
908575,16520,2025-12-20,2025-12-20 09:21:26.206776651,Technical,Medium,Resolved,4
908576,13076,2026-04-17,2026-04-18 00:11:13.844432490,Integration,High,Resolved,2
908577,11527,2025-07-22,2025-07-22 03:27:49.045213029,Technical,Low,Resolved,4
908578,15396,2025-11-11,2025-11-11 04:32:48.484644468,Feature Request,Medium,Resolved,3
908579,18858,2024-10-07,2024-10-08 13:03:16.845561417,Performance,High,Resolved,4
908580,16459,2026-04-20,2026-04-20 06:56:57.015458066,Integration,High,Resolved,5
908581,14391,2024-10-18,2024-10-18 17:15:50.227642738,Feature Request,Medium,Resolved,3
908582,19066,2025-12-11,2025-12-11 05:11:29.113977141,Security,Medium,Resolved,3
908583,15965,2025-10-17,2025-10-17 13:41:44.963779236,Performance,Medium,Resolved,4
908584,19792,2025-09-27,2025-09-28 05:18:41.028699456,Feature Request,Medium,Resolved,3
908585,17819,2025-06-30,2025-06-30 05:56:40.099083860,Performance,Low,Resolved,4
908586,15014,2026-03-04,2026-03-04 10:13:07.124194909,Feature Request,Medium,Resolved,3
908587,17166,2026-03-05,2026-03-06 06:36:25.437944782,Integration,Medium,Resolved,4
908588,18412,2025-07-14,2025-07-15 10:44:39.300377258,Billing,Critical,Resolved,4
908589,15749,2026-06-19,2026-06-19 09:31:49.922563004,Performance,Low,Open,5
908590,11383,2025-08-22,2025-08-22 18:14:29.960235301,Billing,Low,Resolved,5
908591,16406,2026-08-14,2026-08-14 05:56:38.232456176,Security,Medium,Resolved,3
908592,16142,2025-10-06,2025-10-06 06:48:56.982650558,Account,Medium,Resolved,5
908593,15668,2025-09-24,2025-09-24 15:08:17.986288243,Billing,Low,Resolved,2
908594,15145,2026-03-22,2026-03-22 07:15:39.070843189,Feature Request,Medium,Resolved,5
908595,17287,2026-08-19,2026-08-20 06:47:47.067372459,Account,Medium,Open,4
908596,15029,2024-12-26,2024-12-26 11:10:55.932792988,Technical,Medium,Resolved,3
908597,18048,2025-06-01,2025-06-01 05:29:52.204600723,Technical,Low,Pending,3
908598,16257,2024-09-13,2024-09-13 08:05:40.201585645,Technical,Low,Resolved,4
908599,11234,2026-07-01,2026-07-01 10:41:10.420183867,Security,Medium,Open,4
908600,19604,2026-05-13,2026-05-13 06:14:35.953222653,Technical,Medium,Resolved,5
908601,19555,2025-01-27,2025-01-27 07:27:07.323210378,Technical,Low,Resolved,2
908602,19087,2024-12-23,2024-12-23 09:28:22.894960677,Integration,Low,Resolved,4
908603,17908,2025-12-29,2025-12-29 10:29:18.223844676,Billing,Medium,Resolved,5
908604,11130,2026-08-10,2026-08-10 16:57:53.652511137,Billing,Low,Resolved,5
908605,12545,2026-01-15,2026-01-15 12:54:39.608466454,Billing,Low,Resolved,5
908606,19782,2025-04-06,2025-04-06 08:09:26.677914642,Integration,Medium,Resolved,3
908607,11901,2025-08-05,2025-08-06 00:55:34.909622234,Account,Medium,Resolved,3
908608,16999,2025-06-29,2025-06-29 04:01:02.186301525,Feature Request,Medium,Resolved,5
908609,12097,2025-11-21,2025-11-21 07:22:11.226140695,Billing,Medium,Resolved,3
908610,11092,2026-01-31,2026-01-31 08:44:50.441462235,Billing,Low,Resolved,4
908611,17458,2026-03-20,2026-03-20 08:38:03.372926478,Billing,High,Resolved,4
908612,13491,2025-06-29,2025-06-29 15:11:23.770712500,Technical,Medium,Resolved,4
908613,16038,2025-10-07,2025-10-07 09:52:34.871851754,Integration,Medium,Resolved,3
908614,19962,2025-02-20,2025-02-20 09:18:59.781887517,Account,High,Resolved,5
908615,18567,2025-12-25,2025-12-25 17:04:33.747384403,Technical,High,Resolved,4
908616,19561,2025-07-31,2025-07-31 22:40:53.089743896,Integration,Medium,Resolved,4
908617,13368,2026-07-22,2026-07-22 19:14:06.287303187,Account,Medium,Pending,4
908618,14529,2026-06-21,2026-06-21 05:53:48.338532481,Technical,Low,Resolved,1
908619,15988,2026-02-01,2026-02-01 06:16:38.080910726,Technical,Critical,Resolved,3
908620,16330,2024-05-15,2024-05-15 05:55:14.185758410,Technical,Low,Resolved,3
908621,10307,2026-06-19,2026-06-20 00:19:29.836224213,Technical,High,Resolved,4
908622,18011,2024-05-12,2024-05-12 10:56:38.626835614,Performance,Low,Resolved,4
908623,16920,2026-01-15,2026-01-15 06:01:48.136114506,Integration,Low,Open,1
908624,19912,2025-03-14,2025-03-14 11:19:41.976694088,Account,High,Resolved,4
908625,12373,2026-06-24,2026-06-24 06:18:33.983388396,Technical,Low,Resolved,5
908626,14472,2025-02-08,2025-02-08 17:23:48.495747534,Technical,Low,Resolved,5
908627,17117,2026-03-30,2026-03-30 04:43:52.732510096,Technical,High,Resolved,5
908628,14208,2026-04-19,2026-04-19 11:54:22.996459861,Technical,High,Resolved,4
908629,14198,2026-02-02,2026-02-02 10:17:58.663346791,Account,Medium,Resolved,4
908630,15837,2024-07-31,2024-07-31 14:38:45.507107803,Billing,Low,Open,5
908631,18587,2025-07-24,2025-07-24 04:43:31.838392290,Technical,Medium,Resolved,4
908632,19205,2025-04-15,2025-04-15 16:15:26.800999905,Integration,Low,Resolved,1
908633,13989,2026-08-29,2026-08-29 16:06:13.467520148,Account,High,Resolved,3
908634,13446,2024-09-10,2024-09-10 05:52:32.783643217,Billing,Medium,Resolved,3
908635,15867,2026-06-09,2026-06-10 08:06:48.112065367,Security,Medium,Resolved,3
908636,19796,2026-04-10,2026-04-10 11:33:36.817453810,Feature Request,Medium,Resolved,4
908637,12041,2026-02-27,2026-02-27 14:24:05.478486519,Security,High,Resolved,5
908638,18923,2025-06-13,2025-06-13 11:10:33.711267655,Technical,Medium,Open,4
908639,13656,2024-10-26,2024-10-26 15:21:22.008914640,Technical,Low,Resolved,5
908640,15287,2025-12-12,2025-12-12 11:20:53.774799356,Performance,Low,Resolved,5
908641,12054,2026-01-14,2026-01-14 07:33:37.919671491,Technical,Low,Pending,3
908642,10203,2025-08-21,2025-08-21 07:25:46.916224518,Technical,Medium,Resolved,1
908643,11986,2026-02-20,2026-02-20 04:22:13.846125244,Billing,Medium,Resolved,5
908644,11312,2024-11-29,2024-11-29 11:03:02.479503654,Performance,Medium,Resolved,3
908645,10852,2025-07-24,2025-07-24 02:07:47.496637081,Technical,Medium,Resolved,4
908646,11240,2026-07-27,2026-07-27 04:06:45.806119336,Billing,Medium,Resolved,4
908647,14176,2026-08-26,2026-08-26 11:19:53.756933041,Security,Low,Resolved,5
908648,14408,2024-06-03,2024-06-03 07:20:54.557513124,Integration,High,Resolved,5
908649,13064,2025-02-17,2025-02-17 05:09:34.562592100,Technical,High,Resolved,3
908650,19782,2025-09-14,2025-09-14 21:28:47.941449661,Integration,Low,Resolved,5
908651,17756,2025-09-24,2025-09-24 11:42:58.519603411,Performance,Medium,Resolved,3
908652,13432,2025-08-10,2025-08-10 22:28:13.732567680,Technical,Low,Resolved,3
908653,17974,2026-04-08,2026-04-08 03:59:22.035264320,Performance,Medium,Resolved,3
908654,17434,2025-12-26,2025-12-26 08:22:58.024330298,Performance,Medium,Pending,4
908655,16415,2026-08-11,2026-08-11 05:13:35.722630434,Feature Request,Low,Resolved,5
908656,19046,2026-07-19,2026-07-19 03:28:23.248089444,Technical,High,Resolved,2
908657,12322,2026-04-04,2026-04-04 12:13:30.379783785,Billing,Critical,Resolved,5
908658,11163,2026-02-28,2026-02-28 09:25:37.742540962,Technical,Medium,Resolved,1
908659,18839,2025-09-03,2025-09-03 06:39:17.526151803,Technical,High,Resolved,5
908660,15643,2026-03-06,2026-03-06 09:02:52.962049287,Account,High,Resolved,4
908661,10706,2024-03-29,2024-03-29 10:08:40.254730098,Technical,Medium,Resolved,1
908662,18348,2026-01-22,2026-01-23 11:09:43.101575697,Feature Request,Medium,Pending,3
908663,14952,2025-07-24,2025-07-24 08:01:57.252143899,Performance,Medium,Resolved,4
908664,14515,2024-04-08,2024-04-08 07:18:33.850405897,Technical,Medium,Resolved,4
908665,18770,2025-12-23,2025-12-23 14:01:56.182338231,Technical,Medium,Resolved,2
908666,18070,2024-08-01,2024-08-01 21:24:22.852169802,Account,Medium,Resolved,2
908667,12397,2025-11-04,2025-11-04 06:07:31.959294056,Account,Critical,Resolved,4
908668,15756,2024-09-06,2024-09-06 12:53:27.950197794,Technical,High,Resolved,4
908669,11179,2025-05-31,2025-05-31 03:33:09.905771919,Billing,Medium,Resolved,4
908670,15892,2026-01-24,2026-01-24 09:09:22.969974333,Account,Medium,Resolved,4
908671,16741,2025-12-09,2025-12-09 08:32:43.911960050,Integration,High,Resolved,5
908672,12450,2026-06-21,2026-06-21 14:06:02.977757661,Feature Request,Medium,Resolved,4
908673,15747,2025-11-30,2025-11-30 07:43:37.825348080,Billing,Medium,Resolved,1
908674,17660,2026-07-23,2026-07-23 03:55:25.567969922,Integration,High,Resolved,2
908675,18818,2026-08-24,2026-08-24 10:15:37.046881821,Security,Medium,Resolved,5
908676,11991,2026-01-15,2026-01-16 07:41:19.635535100,Feature Request,Low,Resolved,4
908677,12953,2024-08-22,2024-08-22 22:23:04.188912025,Technical,Medium,Resolved,5
908678,16112,2025-09-08,2025-09-08 07:44:43.744064150,Feature Request,High,Resolved,4
908679,10823,2026-06-08,2026-06-08 09:46:56.278451953,Feature Request,Medium,Resolved,1
908680,12039,2026-03-11,2026-03-11 13:04:59.920585759,Integration,Medium,Resolved,5
908681,16169,2024-11-09,2024-11-09 10:40:08.614139336,Billing,High,Resolved,2
908682,15192,2026-06-21,2026-06-21 12:17:14.688464557,Billing,Medium,Resolved,5
908683,14866,2026-05-30,2026-05-30 20:32:35.117222891,Billing,High,Resolved,3
908684,17663,2026-03-31,2026-03-31 07:54:34.673861192,Technical,Low,Resolved,3
908685,14034,2026-08-09,2026-08-09 14:55:18.459493399,Account,Low,Resolved,4
908686,19489,2025-04-05,2025-04-05 10:43:24.782879960,Performance,Critical,Resolved,1
908687,13291,2025-06-10,2025-06-10 09:10:09.886450400,Account,High,Resolved,5
908688,14972,2025-09-19,2025-09-20 06:21:36.026299260,Technical,High,Resolved,4
908689,15583,2024-12-01,2024-12-01 06:35:47.063635954,Billing,Low,Pending,5
908690,18478,2025-06-03,2025-06-03 08:10:44.168330103,Technical,Low,Resolved,4
908691,12945,2026-06-13,2026-06-14 00:26:05.378853876,Performance,Medium,Resolved,4
908692,10315,2025-02-26,2025-02-26 05:26:20.533857388,Feature Request,Medium,Resolved,4
908693,12523,2025-02-14,2025-02-14 08:27:45.644231174,Security,High,Resolved,5
908694,17969,2026-01-01,2026-01-01 03:07:17.002217528,Technical,Low,Resolved,4
908695,17484,2025-11-02,2025-11-02 11:38:05.648575084,Account,Medium,Resolved,5
908696,13776,2026-06-24,2026-06-24 07:55:55.925653062,Technical,High,Open,4
908697,16161,2024-05-21,2024-05-21 06:27:07.584794762,Account,High,Resolved,3
908698,13288,2025-09-13,2025-09-13 12:35:02.425213309,Billing,Low,Resolved,5
908699,11617,2025-05-04,2025-05-04 17:53:32.100895784,Performance,Low,Resolved,4
908700,12056,2026-01-12,2026-01-12 11:52:54.479914057,Technical,Low,Resolved,5
908701,15629,2026-06-17,2026-06-17 21:05:50.621896194,Account,Low,Resolved,4
908702,17558,2026-02-13,2026-02-13 06:59:27.996119545,Account,High,Open,5
908703,13847,2026-02-03,2026-02-03 05:15:31.855821789,Account,Medium,Resolved,5
908704,12129,2025-06-02,2025-06-02 06:27:33.573583015,Technical,Low,Resolved,4
908705,11136,2024-03-23,2024-03-23 04:31:12.180308988,Feature Request,High,Resolved,5
908706,11937,2025-12-16,2025-12-16 06:48:11.837385666,Integration,Low,Resolved,4
908707,19713,2025-12-08,2025-12-08 09:57:13.063592592,Performance,Medium,Resolved,4
908708,11724,2026-04-03,2026-04-03 09:37:26.792845456,Billing,Medium,Resolved,5
908709,12733,2026-07-29,2026-07-29 14:44:48.873387264,Performance,High,Resolved,4
908710,17820,2024-05-19,2024-05-19 12:00:36.969646654,Performance,High,Resolved,4
908711,18917,2025-08-24,2025-08-24 21:48:30.329522802,Integration,Low,Resolved,1
908712,16769,2025-10-02,2025-10-02 03:42:57.694340329,Performance,High,Resolved,4
908713,12589,2025-12-12,2025-12-12 08:51:38.072186953,Performance,Low,Resolved,4
908714,11208,2026-06-12,2026-06-12 13:19:55.779862148,Feature Request,Medium,Resolved,5
908715,10647,2025-08-19,2025-08-19 12:14:16.451257203,Technical,Medium,Resolved,4
908716,19528,2025-11-16,2025-11-16 07:09:27.760083739,Account,Medium,Resolved,3
908717,19102,2026-04-21,2026-04-21 19:47:19.495572597,Billing,Medium,Resolved,4
908718,17125,2025-12-10,2025-12-10 16:24:34.662355153,Technical,Medium,Resolved,4
908719,18496,2025-12-18,2025-12-18 08:03:37.528997310,Account,High,Resolved,5
908720,19709,2026-04-29,2026-04-29 07:32:30.990632521,Security,Low,Resolved,4
908721,19676,2026-08-04,2026-08-04 03:20:09.694034898,Feature Request,Low,Resolved,4
908722,13927,2026-03-02,2026-03-02 06:09:27.400437673,Technical,Medium,Resolved,3
908723,11232,2025-01-17,2025-01-17 06:47:34.613656958,Integration,Medium,Resolved,5
908724,17723,2026-04-22,2026-04-22 02:10:36.355939896,Performance,Medium,Resolved,5
908725,18418,2026-02-11,2026-02-11 15:40:08.034042608,Technical,Medium,Pending,5
908726,11054,2024-12-10,2024-12-11 02:22:10.253390149,Integration,Low,Resolved,4
908727,16571,2026-04-29,2026-04-29 12:44:59.945196235,Integration,Low,Resolved,2
908728,16196,2025-09-20,2025-09-20 05:14:10.159123902,Integration,Critical,Resolved,5
908729,16015,2025-09-26,2025-09-26 03:43:49.566351216,Security,Medium,Resolved,3
908730,10687,2026-06-03,2026-06-03 04:06:16.922465330,Performance,High,Resolved,5
908731,12488,2025-12-28,2025-12-28 10:26:48.536974600,Feature Request,Medium,Resolved,5
908732,19143,2025-12-25,2025-12-25 12:01:48.124161282,Performance,High,Resolved,3
908733,15421,2025-11-14,2025-11-14 09:19:47.261456918,Billing,Low,Resolved,5
908734,10530,2026-04-06,2026-04-06 02:56:48.715871323,Technical,Medium,Resolved,4
908735,19370,2024-12-18,2024-12-19 09:06:42.185503814,Billing,Medium,Resolved,3
908736,11306,2026-03-04,2026-03-04 04:50:18.132252946,Performance,Medium,Resolved,4
908737,12390,2024-09-30,2024-09-30 14:27:22.017375349,Technical,Medium,Pending,3
908738,18268,2026-03-25,2026-03-25 19:40:30.636505459,Integration,High,Resolved,5
908739,14742,2026-03-17,2026-03-17 08:20:09.397268512,Technical,High,Resolved,5
908740,13301,2026-06-29,2026-06-29 20:35:04.266094570,Billing,Low,Resolved,4
908741,14568,2025-08-07,2025-08-07 07:37:54.720542251,Performance,Medium,Resolved,5
908742,19704,2025-03-29,2025-03-29 12:08:53.264856771,Technical,Critical,Resolved,4
908743,11239,2025-03-11,2025-03-11 05:59:22.506245102,Billing,Low,Resolved,5
908744,11938,2025-12-20,2025-12-20 03:53:19.754611310,Account,Low,Resolved,3
908745,18023,2026-08-05,2026-08-05 03:40:23.389470948,Feature Request,Medium,Resolved,3
908746,18580,2026-03-21,2026-03-21 06:11:22.159312447,Performance,Medium,Resolved,2
908747,10032,2026-08-18,2026-08-18 13:53:27.305989209,Billing,Medium,Resolved,3
908748,10975,2025-12-15,2025-12-15 10:36:03.122570264,Billing,Medium,Open,3
908749,15570,2025-07-13,2025-07-13 04:29:39.152798271,Billing,Low,Resolved,5
908750,19895,2025-10-31,2025-10-31 10:36:43.579098036,Integration,Low,Resolved,5
908751,15751,2026-02-05,2026-02-05 10:06:11.245685479,Billing,Low,Resolved,3
908752,14334,2025-11-17,2025-11-17 04:10:34.300328073,Account,Medium,Resolved,3
908753,19775,2025-04-06,2025-04-06 04:07:18.962544990,Integration,Low,Resolved,5
908754,15419,2026-03-06,2026-03-06 07:13:04.857581640,Feature Request,Low,Resolved,4
908755,18707,2026-05-04,2026-05-06 08:27:54.511636352,Performance,Medium,Resolved,5
908756,11586,2026-04-16,2026-04-16 06:40:34.350242491,Feature Request,Medium,Resolved,1
908757,17235,2026-06-20,2026-06-20 16:40:03.644867470,Integration,Medium,Resolved,2
908758,16622,2026-06-07,2026-06-07 23:58:00.351075579,Integration,Low,Resolved,2
908759,17580,2024-10-02,2024-10-02 16:00:05.680596045,Performance,Low,Resolved,4
908760,12179,2026-07-06,2026-07-06 11:30:34.470687618,Technical,Medium,Resolved,4
908761,10676,2026-06-05,2026-06-05 11:15:24.215528869,Security,Medium,Resolved,5
908762,15164,2026-01-10,2026-01-10 08:55:45.655112816,Feature Request,Low,Resolved,3
908763,18365,2024-05-11,2024-05-12 12:11:04.492655854,Feature Request,Low,Resolved,5
908764,16223,2026-08-04,2026-08-04 05:53:34.575509367,Billing,Low,Pending,4
908765,13964,2026-02-06,2026-02-06 06:55:06.813428170,Performance,Low,Resolved,5
908766,18516,2026-02-06,2026-02-06 07:19:05.335803267,Integration,Low,Resolved,5
908767,16043,2025-02-14,2025-02-14 08:06:05.882999432,Technical,Low,Resolved,2
908768,14144,2026-01-06,2026-01-07 03:23:37.885712834,Performance,Low,Resolved,5
908769,19971,2025-07-30,2025-07-30 07:38:41.704789174,Performance,Medium,Resolved,2
908770,18451,2026-06-28,2026-06-28 08:37:53.465489907,Billing,Medium,Resolved,4
908771,11803,2026-03-14,2026-03-14 21:20:44.491491355,Billing,Low,Resolved,5
908772,19500,2025-07-17,2025-07-18 02:01:06.030918159,Billing,Low,Resolved,4
908773,11833,2025-05-29,2025-05-29 13:44:57.472289530,Integration,Medium,Pending,2
908774,11842,2026-08-20,2026-08-20 02:47:38.761001203,Technical,High,Open,1
908775,13144,2026-04-19,2026-04-19 05:18:23.604725152,Account,Low,Resolved,3
908776,10107,2026-02-26,2026-02-26 12:37:14.337994854,Billing,Medium,Resolved,3
908777,13102,2026-04-28,2026-04-28 08:34:53.805790991,Technical,Medium,Resolved,4
908778,14344,2025-09-30,2025-09-30 10:58:05.476716562,Feature Request,Low,Resolved,4
908779,10851,2024-10-17,2024-10-17 12:53:27.289245332,Performance,Medium,Resolved,5
908780,14930,2026-06-07,2026-06-07 10:26:01.869101214,Billing,Medium,Resolved,3
908781,12150,2026-08-09,2026-08-09 10:49:11.275837485,Technical,Low,Resolved,4
908782,14145,2026-04-11,2026-04-11 20:17:33.311956056,Performance,Medium,Resolved,5
908783,19628,2025-07-23,2025-07-23 05:40:38.701543288,Integration,High,Resolved,3
908784,17602,2026-04-08,2026-04-08 08:52:58.776111184,Billing,Medium,Resolved,5
908785,12288,2025-11-23,2025-11-23 09:22:37.111318384,Performance,High,Resolved,5
908786,13806,2025-07-10,2025-07-10 08:33:30.722136321,Billing,High,Resolved,5
908787,19254,2025-03-14,2025-03-14 02:25:51.901898754,Feature Request,Low,Open,5
908788,10835,2026-02-04,2026-02-04 12:51:04.709805004,Technical,Medium,Resolved,5
908789,17077,2026-04-10,2026-04-10 06:32:34.509095293,Technical,Medium,Resolved,4
908790,17528,2024-05-23,2024-05-23 09:42:33.663741418,Account,Medium,Resolved,4
908791,15154,2025-03-28,2025-03-28 04:33:36.428862571,Technical,Medium,Resolved,2
908792,18069,2024-12-21,2024-12-21 10:01:33.783243999,Technical,Medium,Resolved,3
908793,19060,2026-07-28,2026-07-28 03:20:18.189875554,Account,High,Pending,4
908794,17644,2026-06-09,2026-06-09 06:11:20.364042472,Feature Request,Low,Resolved,5
908795,14932,2025-07-26,2025-07-26 19:04:59.306400976,Integration,Medium,Open,4
908796,14563,2025-12-24,2025-12-24 11:03:54.134077327,Performance,High,Resolved,3
908797,13446,2024-09-10,2024-09-13 04:46:35.020091251,Account,High,Pending,4
908798,10038,2025-06-26,2025-06-26 05:41:47.053037976,Technical,Medium,Resolved,2
908799,17860,2026-08-28,2026-08-28 16:30:52.787411240,Technical,Low,Pending,2
908800,14916,2026-04-14,2026-04-14 07:52:53.293613883,Account,Medium,Resolved,4
908801,17473,2025-06-13,2025-06-13 02:01:47.758824289,Feature Request,High,Resolved,4
908802,18183,2025-04-23,2025-04-23 10:04:14.706875870,Technical,Medium,Resolved,4
908803,15303,2025-02-22,2025-02-22 14:16:55.880055609,Performance,Low,Open,4
908804,16662,2026-04-15,2026-04-15 16:07:04.421384058,Feature Request,Medium,Pending,4
908805,11037,2024-12-26,2024-12-26 12:38:50.785316574,Performance,Low,Resolved,4
908806,10707,2025-10-25,2025-10-25 16:05:28.083150175,Technical,Low,Resolved,3
908807,12352,2024-04-23,2024-04-23 11:27:41.224801773,Billing,High,Pending,3
908808,16698,2026-04-04,2026-04-04 11:34:21.209769192,Account,Low,Resolved,3
908809,11510,2026-08-20,2026-08-20 08:06:12.642731089,Technical,Low,Resolved,3
908810,10420,2026-07-24,2026-07-24 20:43:38.817212880,Feature Request,Medium,Resolved,1
908811,10920,2026-03-16,2026-03-16 10:43:44.296029789,Technical,Medium,Resolved,2
908812,16933,2025-10-23,2025-10-23 03:30:46.513803448,Integration,Low,Resolved,5
908813,12889,2026-03-02,2026-03-02 09:16:40.088057354,Technical,Medium,Resolved,3
908814,16940,2025-11-12,2025-11-12 12:57:08.510919361,Technical,High,Open,4
908815,18977,2025-03-17,2025-03-17 04:57:13.530952670,Technical,Medium,Resolved,4
908816,15574,2025-03-04,2025-03-05 06:33:16.962104509,Technical,Medium,Resolved,3
908817,10172,2024-09-17,2024-09-17 05:57:12.048688450,Performance,High,Resolved,4
908818,12840,2025-08-08,2025-08-08 16:05:20.526519807,Integration,Medium,Resolved,4
908819,19193,2025-01-31,2025-01-31 10:48:27.115166466,Feature Request,Low,Pending,1
908820,17584,2026-01-13,2026-01-13 17:30:34.184716181,Integration,High,Resolved,5
908821,12575,2026-06-29,2026-06-29 08:56:24.611456738,Technical,High,Resolved,4
908822,10792,2024-06-27,2024-06-27 06:13:47.733342578,Performance,High,Resolved,2
908823,11928,2026-07-29,2026-07-31 03:19:01.861438846,Account,High,Open,2
908824,13987,2024-04-10,2024-04-10 06:35:58.536044102,Performance,Low,Resolved,4
908825,18000,2026-02-18,2026-02-19 02:57:41.293541178,Feature Request,Medium,Resolved,5
908826,16854,2025-10-20,2025-10-20 03:39:22.280831470,Technical,Medium,Resolved,4
908827,15130,2026-05-21,2026-05-21 15:07:57.075908746,Billing,Medium,Pending,4
908828,13681,2026-06-18,2026-06-18 06:50:14.282761923,Integration,Medium,Resolved,2
908829,19497,2026-06-22,2026-06-22 05:38:18.118866505,Performance,Low,Resolved,5
908830,14709,2026-06-13,2026-06-13 10:34:36.401689808,Performance,High,Resolved,4
908831,16079,2024-07-16,2024-07-16 19:37:56.620316348,Billing,Medium,Resolved,5
908832,18873,2026-08-28,2026-08-28 05:18:45.821141038,Performance,Low,Resolved,4
908833,10320,2025-01-22,2025-01-22 19:35:10.807825686,Account,Medium,Resolved,4
908834,16449,2026-06-24,2026-06-24 10:45:47.245777628,Technical,High,Resolved,5
908835,17390,2026-01-05,2026-01-05 05:06:13.502078128,Integration,Medium,Resolved,4
908836,13920,2025-07-09,2025-07-09 11:21:37.169385973,Technical,Medium,Open,5
908837,17605,2026-05-14,2026-05-14 02:26:11.230166180,Billing,Medium,Resolved,4
908838,16701,2026-04-19,2026-04-19 23:12:11.777757310,Account,Low,Resolved,4
908839,15405,2025-10-31,2025-10-31 21:57:00.863632069,Feature Request,Medium,Resolved,3
908840,12757,2025-10-08,2025-10-08 08:34:38.907458698,Feature Request,Medium,Resolved,5
908841,15897,2024-11-19,2024-11-19 09:54:33.852024144,Account,High,Pending,4
908842,15563,2025-02-16,2025-02-16 16:21:38.967960254,Account,Medium,Resolved,1
908843,12549,2024-09-25,2024-09-25 06:36:54.562004427,Technical,Low,Resolved,2
908844,13011,2024-12-15,2024-12-15 08:46:04.157692078,Technical,Low,Resolved,4
908845,17179,2026-06-16,2026-06-16 05:10:57.873820522,Integration,Low,Resolved,4
908846,15179,2024-06-14,2024-06-14 03:10:08.970968708,Technical,Low,Resolved,4
908847,14033,2026-06-07,2026-06-07 10:42:23.505566083,Technical,High,Open,3
908848,16004,2026-05-30,2026-05-30 09:04:43.302745725,Technical,Low,Resolved,4
908849,19827,2025-11-01,2025-11-01 06:36:27.162769752,Account,Low,Resolved,4
908850,19745,2025-10-06,2025-10-06 05:10:45.757666264,Billing,High,Resolved,4
908851,15747,2025-11-30,2025-11-30 09:23:28.040020846,Security,Low,Resolved,5
908852,14950,2026-07-22,2026-07-23 11:59:17.744840826,Account,Medium,Resolved,5
908853,11276,2026-08-21,2026-08-21 08:56:48.833104621,Performance,High,Resolved,5
908854,11715,2026-06-12,2026-06-12 11:24:09.675723834,Performance,Medium,Resolved,2
908855,10991,2025-09-07,2025-09-09 03:02:01.001738489,Performance,High,Resolved,2
908856,12257,2026-04-11,2026-04-11 05:27:23.763454012,Billing,Medium,Resolved,5
908857,11411,2024-07-15,2024-07-15 11:17:37.652861389,Account,Medium,Resolved,4
908858,14510,2026-08-30,2026-08-30 03:16:17.503231432,Performance,Medium,Resolved,5
908859,14563,2026-05-11,2026-05-11 04:55:28.793294295,Technical,Critical,Pending,5
908860,18600,2026-03-17,2026-03-17 09:08:03.283573675,Feature Request,High,Open,3
908861,12809,2025-01-17,2025-01-17 16:56:02.252075899,Performance,Low,Resolved,5
908862,10382,2025-09-26,2025-09-26 14:50:13.317412016,Integration,Medium,Resolved,4
908863,17389,2025-09-06,2025-09-06 02:49:11.595168271,Account,Medium,Resolved,4
908864,12133,2025-02-20,2025-02-20 13:13:02.659742234,Account,Medium,Resolved,5
908865,16795,2024-11-28,2024-11-28 14:48:22.839207274,Technical,Medium,Resolved,5
908866,17148,2025-06-01,2025-06-01 16:36:47.236865724,Technical,Low,Resolved,2
908867,12555,2026-06-25,2026-06-25 03:21:04.114015945,Billing,Low,Resolved,5
908868,17226,2025-05-08,2025-05-08 14:39:14.140332756,Technical,Low,Resolved,5
908869,17725,2025-09-25,2025-09-25 17:59:15.029439817,Billing,Medium,Resolved,3
908870,14570,2026-05-20,2026-05-20 23:44:23.132771210,Feature Request,High,Open,3
908871,17447,2025-03-10,2025-03-10 19:28:58.275379887,Performance,Medium,Resolved,3
908872,11414,2025-01-04,2025-01-04 07:51:34.978303036,Performance,Low,Resolved,4
908873,13796,2026-06-20,2026-06-20 02:45:48.868015122,Feature Request,Low,Resolved,4
908874,15230,2025-12-10,2025-12-10 13:15:36.515294452,Performance,Low,Resolved,4
908875,10597,2026-01-27,2026-01-27 03:55:09.318339494,Technical,Low,Resolved,3
908876,18501,2026-02-01,2026-02-01 21:56:15.511929194,Integration,Medium,Resolved,3
908877,16497,2025-04-04,2025-04-04 06:47:30.169785051,Billing,Low,Resolved,5
908878,11403,2026-08-11,2026-08-11 03:58:59.314470178,Feature Request,Medium,Open,5
908879,16547,2024-09-27,2024-09-27 13:42:15.734339452,Billing,Medium,Resolved,4
908880,13991,2025-05-31,2025-05-31 03:09:06.853599352,Account,High,Pending,5
908881,11922,2026-05-19,2026-05-19 19:10:04.100774674,Account,Low,Resolved,4
908882,15405,2025-08-20,2025-08-20 09:23:56.762056946,Billing,Medium,Resolved,2
908883,15985,2026-08-17,2026-08-17 04:46:27.251470750,Technical,Low,Resolved,4
908884,14237,2026-07-28,2026-07-29 02:05:58.202393715,Feature Request,Medium,Resolved,4
908885,17411,2025-02-18,2025-02-18 09:43:28.882617398,Billing,Medium,Resolved,2
908886,19735,2026-07-27,2026-07-27 04:46:06.801210177,Account,Medium,Resolved,5
908887,16720,2026-04-08,2026-04-08 22:39:06.574146721,Technical,Low,Resolved,2
908888,12107,2026-05-04,2026-05-04 08:19:22.400664459,Technical,Low,Resolved,4
908889,11842,2026-08-20,2026-08-20 10:42:38.814565003,Technical,Medium,Resolved,4
908890,14570,2025-12-05,2025-12-06 10:55:54.472643270,Technical,Low,Resolved,5
908891,11562,2026-01-14,2026-01-14 15:00:38.402143020,Account,Medium,Resolved,4
908892,13520,2026-05-03,2026-05-03 02:54:34.217551148,Performance,Low,Resolved,4
908893,18394,2025-01-22,2025-01-22 19:32:00.835037635,Technical,High,Open,4
908894,10788,2024-12-05,2024-12-05 01:09:34.228520913,Technical,Low,Resolved,5
908895,10897,2025-04-05,2025-04-05 03:27:27.295170048,Technical,Low,Resolved,4
908896,16515,2026-04-25,2026-04-25 12:31:39.148731573,Technical,Medium,Resolved,5
908897,10947,2026-06-20,2026-06-20 07:48:17.669346825,Billing,Medium,Resolved,4
908898,14502,2026-08-27,2026-08-27 04:36:12.634113790,Feature Request,Medium,Resolved,5
908899,18849,2026-02-22,2026-02-22 05:11:48.388636406,Feature Request,Medium,Resolved,5
908900,11056,2026-02-01,2026-02-01 03:49:34.428160570,Technical,High,Resolved,4
908901,11705,2026-01-25,2026-01-25 04:58:03.704175649,Technical,Low,Resolved,4
908902,10881,2026-02-26,2026-02-26 10:25:31.361654942,Technical,Low,Resolved,4
908903,10370,2026-07-30,2026-07-30 09:35:44.374246159,Billing,Medium,Resolved,5
908904,12238,2025-03-05,2025-03-05 11:36:04.187527311,Performance,Medium,Resolved,4
908905,13708,2025-09-05,2025-09-05 14:41:22.426675429,Account,Low,Resolved,5
908906,12372,2025-07-02,2025-07-02 15:23:20.828450824,Feature Request,Medium,Resolved,5
908907,12788,2026-07-13,2026-07-13 03:29:38.331007422,Technical,Low,Resolved,4
908908,14068,2025-04-04,2025-04-04 03:23:09.624123124,Billing,Low,Resolved,2
908909,18297,2025-10-24,2025-10-24 13:12:55.759704220,Performance,Medium,Resolved,4
908910,16449,2025-06-29,2025-06-29 08:01:40.388446102,Performance,Medium,Resolved,4
908911,17465,2026-01-10,2026-01-10 04:05:06.302138668,Technical,Critical,Resolved,5
908912,18193,2025-02-04,2025-02-04 09:34:10.425971427,Performance,Medium,Resolved,5
908913,16474,2026-01-06,2026-01-06 11:28:53.558716231,Performance,Medium,Resolved,2
908914,16819,2026-02-12,2026-02-12 09:28:06.052899608,Technical,Low,Resolved,4
908915,16376,2026-02-20,2026-02-20 06:28:16.117038544,Performance,High,Resolved,4
908916,15061,2026-04-12,2026-04-12 05:50:45.365303346,Technical,Medium,Open,5
908917,11965,2025-01-28,2025-01-28 07:49:53.180923551,Billing,Medium,Open,5
908918,11227,2026-04-13,2026-04-13 06:32:32.380740049,Performance,Medium,Resolved,3
908919,19331,2026-01-25,2026-01-25 03:47:22.419929425,Integration,High,Resolved,4
908920,14388,2025-07-26,2025-07-26 05:52:43.412761225,Feature Request,Low,Resolved,4
908921,11297,2025-09-10,2025-09-10 19:06:24.716183256,Account,Medium,Resolved,1
908922,12679,2026-02-11,2026-02-11 02:19:36.397295209,Integration,Low,Resolved,1
908923,15574,2024-08-14,2024-08-14 11:23:42.721958151,Technical,Low,Resolved,4
908924,10798,2026-02-02,2026-02-02 06:24:11.687384170,Billing,Medium,Resolved,4
908925,10208,2025-08-22,2025-08-22 02:53:49.828156476,Billing,High,Pending,2
908926,17702,2025-05-13,2025-05-13 10:32:48.527926731,Performance,High,Resolved,4
908927,11875,2026-01-04,2026-01-04 13:31:51.726850158,Billing,Low,Resolved,5
908928,19067,2024-03-02,2024-03-02 13:30:10.301637103,Performance,High,Resolved,4
908929,13034,2026-03-04,2026-03-04 04:35:14.451140313,Account,Low,Resolved,2
908930,10604,2025-02-15,2025-02-15 12:24:50.791402616,Billing,Low,Resolved,4
908931,19124,2026-07-03,2026-07-03 02:26:16.496420060,Technical,High,Resolved,4
908932,13376,2025-10-02,2025-10-02 07:35:47.187281976,Account,Low,Resolved,4
908933,18067,2025-04-27,2025-04-29 08:42:59.477150973,Performance,Medium,Resolved,4
908934,16675,2025-12-11,2025-12-11 07:07:29.147149254,Technical,Medium,Resolved,4
908935,16402,2025-10-16,2025-10-17 08:49:20.885539148,Billing,Critical,Open,5
908936,19016,2024-03-03,2024-03-03 15:26:28.215810549,Account,Medium,Resolved,1
908937,13057,2026-06-30,2026-07-01 11:24:05.972412279,Billing,High,Resolved,2
908938,12066,2024-10-08,2024-10-08 08:13:48.373778769,Integration,High,Resolved,3
908939,15404,2026-06-14,2026-06-14 15:54:13.022365042,Billing,Low,Resolved,5
908940,16454,2025-09-04,2025-09-04 09:39:45.382088199,Billing,High,Open,5
908941,16674,2024-04-02,2024-04-02 08:03:01.183083886,Performance,Medium,Resolved,4
908942,11681,2025-02-11,2025-02-12 04:06:23.169591136,Account,Medium,Pending,5
908943,12204,2026-06-05,2026-06-06 01:45:44.050425512,Technical,Medium,Pending,3
908944,15921,2025-01-23,2025-01-23 06:46:56.905728862,Performance,High,Resolved,4
908945,15339,2026-02-07,2026-02-07 08:01:58.700536417,Technical,Medium,Resolved,3
908946,18367,2025-07-29,2025-07-30 06:37:03.683369190,Performance,Medium,Resolved,1
908947,15421,2025-07-31,2025-08-01 11:13:08.817613420,Performance,Low,Resolved,1
908948,18872,2024-12-14,2024-12-14 11:20:03.079505986,Technical,High,Resolved,4
908949,10879,2026-07-25,2026-07-25 07:51:19.601899984,Security,High,Resolved,4
908950,10376,2026-05-08,2026-05-08 05:07:59.110426880,Billing,Low,Resolved,1
908951,19642,2026-07-23,2026-07-23 11:02:35.010708496,Security,Low,Resolved,2
908952,11996,2024-07-16,2024-07-16 09:14:50.951633730,Technical,Medium,Open,5
908953,10039,2026-04-05,2026-04-05 09:03:05.490314157,Billing,Medium,Resolved,4
908954,18645,2024-10-18,2024-10-20 07:37:55.274500945,Feature Request,Low,Resolved,5
908955,13978,2024-08-01,2024-08-01 14:51:16.651067954,Technical,High,Open,5
908956,18481,2026-03-09,2026-03-10 13:32:23.857817154,Billing,High,Resolved,4
908957,15978,2026-06-13,2026-06-13 19:10:57.079010438,Technical,Low,Resolved,3
908958,19549,2026-01-07,2026-01-08 01:46:37.468323130,Performance,High,Resolved,5
908959,19612,2025-04-14,2025-04-14 19:54:02.220586045,Technical,Critical,Resolved,5
908960,19394,2025-10-28,2025-10-28 05:00:05.400931413,Technical,Medium,Resolved,5
908961,17588,2025-01-15,2025-01-15 01:43:31.890217245,Technical,Medium,Resolved,3
908962,19649,2025-11-13,2025-11-13 06:51:29.873541009,Performance,Low,Resolved,1
908963,19104,2025-08-25,2025-08-25 02:25:49.913476730,Integration,Low,Resolved,3
908964,15130,2025-07-10,2025-07-10 06:07:07.948483276,Technical,Medium,Open,1
908965,14975,2025-03-31,2025-03-31 20:34:31.934089531,Account,Low,Resolved,5
908966,12863,2026-02-19,2026-02-21 06:06:29.422893718,Technical,Medium,Resolved,5
908967,18160,2026-02-14,2026-02-14 07:53:10.938011704,Integration,Medium,Pending,2
908968,15805,2026-06-06,2026-06-06 05:19:59.886407370,Account,Medium,Resolved,5
908969,19293,2026-03-03,2026-03-03 08:16:55.810591258,Feature Request,Medium,Resolved,2
908970,14651,2024-10-14,2024-10-15 07:11:38.540726145,Account,Critical,Resolved,4
908971,16065,2026-03-30,2026-03-30 07:05:44.476320447,Integration,High,Resolved,4
908972,10709,2026-06-23,2026-06-23 11:48:08.020440856,Integration,Medium,Resolved,2
908973,16134,2025-06-11,2025-06-11 17:55:39.828156056,Technical,Medium,Resolved,4
908974,15237,2025-11-07,2025-11-07 12:30:10.149275174,Billing,Medium,Resolved,1
908975,14405,2026-03-30,2026-03-30 23:03:44.696390792,Technical,Low,Resolved,4
908976,19143,2025-05-03,2025-05-03 10:31:32.199306560,Account,Low,Resolved,3
908977,16887,2025-08-18,2025-08-18 12:08:55.702294987,Performance,Low,Resolved,1
908978,18626,2025-05-13,2025-05-13 16:00:12.499209194,Performance,High,Resolved,4
908979,16220,2025-08-11,2025-08-11 18:30:53.626729680,Performance,Medium,Resolved,3
908980,16371,2026-05-09,2026-05-09 07:01:45.468538993,Account,Medium,Resolved,5
908981,15658,2024-11-19,2024-11-19 09:15:33.839874266,Technical,Medium,Resolved,1
908982,15073,2026-07-28,2026-07-29 05:08:22.028381408,Account,Medium,Resolved,4
908983,16583,2026-07-22,2026-07-22 04:02:10.529871424,Technical,High,Resolved,3
908984,12347,2026-04-19,2026-04-19 05:01:22.276690132,Feature Request,Low,Resolved,4
908985,11604,2025-12-13,2025-12-13 17:35:28.039056071,Technical,Medium,Resolved,5
908986,18241,2024-08-28,2024-08-28 10:57:27.177581088,Technical,High,Pending,2
908987,19559,2026-03-11,2026-03-11 05:28:54.726197163,Feature Request,Low,Resolved,5
908988,15346,2025-06-24,2025-06-24 09:18:05.618233537,Technical,Low,Resolved,3
908989,17547,2025-07-05,2025-07-05 17:09:38.706758388,Technical,High,Resolved,5
908990,17389,2025-09-06,2025-09-06 16:47:58.135958311,Integration,Medium,Resolved,2
908991,16104,2026-03-05,2026-03-05 13:09:33.416824608,Technical,High,Resolved,4
908992,13566,2024-05-30,2024-05-30 12:24:44.386438744,Account,Medium,Resolved,3
908993,16518,2026-07-18,2026-07-18 07:47:28.197267810,Feature Request,Low,Resolved,4
908994,17917,2026-07-27,2026-07-27 16:14:19.560365948,Technical,Low,Resolved,5
908995,17204,2026-06-29,2026-06-29 04:51:53.083108713,Technical,Low,Resolved,4
908996,13312,2026-01-20,2026-01-20 09:25:09.222312903,Billing,High,Resolved,5
908997,19947,2026-01-31,2026-01-31 06:35:11.102562002,Technical,Low,Pending,2
908998,13177,2024-10-09,2024-10-09 02:39:07.918749201,Security,Low,Open,1
908999,13202,2025-11-28,2025-11-28 09:44:18.422819653,Technical,High,Resolved,5
909000,18657,2026-03-13,2026-03-13 05:07:50.481589659,Billing,Medium,Resolved,4
909001,12183,2025-07-09,2025-07-09 06:49:35.720675392,Technical,Medium,Resolved,3
909002,12568,2025-07-03,2025-07-03 05:54:22.353054138,Technical,High,Resolved,5
909003,14764,2025-08-18,2025-08-18 03:13:12.392347886,Technical,Medium,Pending,2
909004,12601,2026-08-02,2026-08-02 16:06:07.945099174,Performance,Low,Resolved,5
909005,18399,2026-06-21,2026-06-21 05:24:48.764168802,Technical,Medium,Resolved,4
909006,10421,2025-11-21,2025-11-21 02:23:39.108315253,Billing,High,Resolved,2
909007,14745,2026-05-06,2026-05-06 13:37:53.701114620,Performance,Medium,Resolved,5
909008,11391,2025-05-27,2025-05-27 05:42:06.546669883,Technical,Low,Resolved,5
909009,18666,2025-05-20,2025-05-20 06:07:11.378489185,Technical,Low,Resolved,5
909010,18606,2025-10-04,2025-10-04 07:26:04.861914903,Integration,Low,Resolved,4
909011,16546,2025-09-11,2025-09-11 02:17:53.101463168,Integration,Low,Pending,5
909012,13210,2026-06-12,2026-06-12 08:17:14.430619892,Billing,High,Resolved,4
909013,12736,2026-04-28,2026-04-28 07:18:03.652640920,Integration,High,Resolved,5
909014,15672,2025-10-17,2025-10-17 07:20:46.588733844,Technical,Critical,Resolved,5
909015,12020,2025-01-24,2025-01-26 02:14:59.653170726,Technical,Critical,Resolved,3
909016,14855,2026-02-19,2026-02-19 20:05:09.421553814,Integration,Low,Resolved,5
909017,17527,2026-06-17,2026-06-17 20:14:28.667878134,Account,Medium,Resolved,4
909018,11538,2026-07-06,2026-07-06 20:06:07.605282560,Technical,Medium,Resolved,5
909019,18761,2025-03-21,2025-03-21 16:03:14.289111446,Integration,Medium,Resolved,3
909020,11024,2026-04-02,2026-04-02 02:27:12.604381506,Billing,Medium,Resolved,4
909021,14747,2025-04-01,2025-04-01 06:45:38.975943614,Performance,Low,Open,4
909022,15560,2026-04-12,2026-04-13 23:08:23.319319120,Security,Low,Resolved,4
909023,13331,2026-07-11,2026-07-11 16:53:08.944893052,Performance,Medium,Resolved,5
909024,17299,2026-05-08,2026-05-08 19:37:39.759587832,Technical,Low,Pending,1
909025,14177,2026-01-25,2026-01-25 08:56:10.276466827,Integration,Medium,Resolved,4
909026,15061,2026-04-12,2026-04-12 04:57:31.823694590,Technical,Medium,Resolved,4
909027,18227,2024-10-12,2024-10-12 07:40:19.431275833,Billing,High,Resolved,3
909028,15441,2025-04-08,2025-04-08 14:11:49.132442814,Technical,Medium,Resolved,1
909029,15218,2025-07-13,2025-07-13 18:34:20.250879297,Performance,Medium,Resolved,4
909030,10355,2026-03-13,2026-03-13 18:58:07.998184880,Technical,High,Resolved,2
909031,15923,2024-12-07,2024-12-07 19:13:44.460450112,Technical,Medium,Resolved,4
909032,15543,2026-06-21,2026-06-23 19:07:06.598247368,Account,Critical,Pending,5
909033,17710,2025-01-20,2025-01-20 11:14:04.505346164,Account,Medium,Resolved,3
909034,10196,2025-12-29,2025-12-29 11:53:46.980115803,Technical,Medium,Open,5
909035,14105,2026-01-31,2026-01-31 14:17:36.070886932,Technical,Medium,Open,5
909036,14929,2024-10-11,2024-10-11 03:07:24.409880407,Technical,Medium,Pending,4
909037,10139,2025-10-20,2025-10-20 12:10:12.892655478,Feature Request,Medium,Resolved,4
909038,10841,2024-12-07,2024-12-07 17:58:18.215867301,Billing,Low,Resolved,4
909039,18580,2026-08-26,2026-08-26 13:28:46.734829111,Account,Low,Resolved,5
909040,16247,2026-03-15,2026-03-15 01:52:56.371308376,Integration,Medium,Resolved,5
909041,19950,2025-08-21,2025-08-21 04:32:07.785254439,Account,Medium,Resolved,4
909042,11215,2026-05-19,2026-05-19 14:17:48.846762574,Billing,Low,Resolved,4
909043,18995,2025-05-19,2025-05-19 13:18:00.985017391,Feature Request,Low,Resolved,4
909044,19805,2024-05-23,2024-05-23 06:41:55.998547540,Technical,Low,Resolved,5
909045,11840,2025-03-23,2025-03-23 09:35:33.105298560,Technical,High,Resolved,4
909046,15668,2026-04-28,2026-04-28 12:20:26.000676582,Performance,Medium,Resolved,5
909047,16026,2026-03-05,2026-03-06 01:44:49.036722583,Billing,Medium,Open,5
909048,14592,2026-08-15,2026-08-15 09:12:57.682193817,Technical,Medium,Resolved,5
909049,17623,2026-03-31,2026-04-01 05:07:17.286961364,Billing,Medium,Resolved,3
909050,10856,2025-09-11,2025-09-11 04:00:23.216397868,Feature Request,High,Resolved,5
909051,14925,2026-02-26,2026-02-26 04:46:26.794787289,Account,Medium,Resolved,3
909052,16585,2026-05-21,2026-05-21 08:52:42.169160298,Feature Request,Low,Pending,1
909053,14317,2025-09-29,2025-09-29 17:50:14.555824288,Integration,Low,Resolved,1
909054,19902,2026-01-29,2026-01-29 22:40:27.000709939,Technical,Low,Resolved,1
909055,19411,2025-10-20,2025-10-20 05:27:16.657402406,Account,High,Resolved,4
909056,19712,2026-03-04,2026-03-04 05:01:51.554569764,Technical,Medium,Resolved,3
909057,13460,2025-06-01,2025-06-01 06:44:25.840723704,Technical,Low,Resolved,4
909058,14710,2025-04-19,2025-04-19 10:20:20.473518253,Technical,Low,Resolved,4
909059,13156,2026-06-18,2026-06-18 07:21:34.640387078,Account,Medium,Resolved,1
909060,14445,2026-05-23,2026-05-24 07:44:10.818329355,Performance,Medium,Resolved,4
909061,12822,2026-07-10,2026-07-10 06:37:02.854674300,Technical,Medium,Resolved,2
909062,10098,2024-09-25,2024-09-25 04:14:58.147691820,Security,Medium,Resolved,2
909063,10899,2025-12-16,2025-12-16 05:51:59.631236874,Security,Medium,Resolved,2
909064,10249,2025-10-01,2025-10-01 08:07:12.959610042,Technical,Medium,Open,3
909065,19259,2026-01-23,2026-01-23 20:04:36.463005091,Account,Low,Resolved,2
909066,11272,2025-05-30,2025-05-31 02:26:21.173899527,Security,Medium,Open,3
909067,14656,2025-09-10,2025-09-10 06:34:26.231870470,Technical,Medium,Resolved,5
909068,15244,2026-04-11,2026-04-11 10:29:41.773306992,Billing,Medium,Resolved,5
909069,16870,2026-02-06,2026-02-06 14:29:22.335541332,Technical,Medium,Resolved,5
909070,14582,2024-04-04,2024-04-04 15:07:51.355838870,Technical,High,Resolved,5
909071,18552,2026-05-31,2026-05-31 18:05:20.611460335,Billing,High,Pending,4
909072,18399,2026-06-21,2026-06-21 13:01:11.445755782,Account,High,Resolved,4
909073,11649,2026-07-29,2026-07-30 09:42:22.992634900,Integration,Medium,Resolved,5
909074,15498,2025-02-26,2025-02-26 05:52:39.301651509,Performance,High,Resolved,5
909075,11547,2026-01-02,2026-01-02 10:25:39.480400480,Technical,High,Resolved,1
909076,16017,2026-06-09,2026-06-10 20:34:27.722493530,Integration,High,Resolved,5
909077,17600,2024-03-20,2024-03-20 10:42:56.878889432,Technical,High,Resolved,1
909078,10819,2025-06-15,2025-06-16 00:08:02.197271572,Performance,Low,Resolved,4
909079,16971,2025-09-28,2025-09-28 03:47:36.076347002,Integration,Medium,Resolved,5
909080,11162,2025-12-21,2025-12-22 02:01:41.774372814,Technical,Medium,Resolved,4
909081,12846,2025-07-31,2025-07-31 04:00:43.844222041,Performance,High,Resolved,4
909082,18389,2026-02-19,2026-02-19 01:58:25.381694496,Performance,High,Resolved,4
909083,10281,2026-08-30,2026-08-30 06:16:13.987907724,Technical,Medium,Pending,4
909084,14353,2025-04-20,2025-04-20 14:26:24.928826398,Technical,Low,Resolved,4
909085,16908,2026-08-04,2026-08-04 13:25:07.474641841,Performance,High,Pending,1
909086,10608,2024-07-19,2024-07-19 18:39:22.445905960,Technical,Medium,Resolved,4
909087,15376,2025-01-25,2025-01-25 13:41:06.830963660,Technical,Low,Open,5
909088,15460,2025-07-18,2025-07-18 05:23:25.766416161,Integration,Low,Resolved,5
909089,14957,2026-05-02,2026-05-02 04:37:55.564529401,Technical,Low,Open,5
909090,10169,2025-10-25,2025-10-25 19:59:44.847638736,Performance,Medium,Resolved,1
909091,11248,2025-03-17,2025-03-17 10:52:39.726472893,Integration,Low,Resolved,5
909092,13209,2025-01-17,2025-01-17 15:44:07.192524469,Billing,High,Resolved,5
909093,15990,2026-02-23,2026-02-23 02:10:08.452195010,Billing,Medium,Resolved,2
909094,11815,2024-05-22,2024-05-22 07:23:39.215394160,Account,Low,Resolved,4
909095,16419,2025-02-19,2025-02-19 11:38:42.346366461,Technical,Medium,Resolved,3
909096,16136,2024-06-18,2024-06-18 06:26:58.910555040,Billing,Medium,Resolved,5
909097,16125,2026-06-14,2026-06-14 08:00:09.028006880,Technical,Medium,Resolved,5
909098,11178,2025-10-26,2025-10-26 19:46:50.348843526,Account,Medium,Resolved,2
909099,13002,2026-08-30,2026-08-30 15:20:45.891862134,Technical,Low,Resolved,4
909100,11004,2026-06-10,2026-06-10 18:44:42.970117149,Account,Low,Pending,4
909101,18371,2025-08-04,2025-08-04 06:34:19.746290233,Feature Request,Medium,Open,4
909102,13909,2025-11-03,2025-11-03 05:57:57.866949244,Billing,Low,Resolved,4
909103,16673,2026-04-09,2026-04-09 12:00:21.361392349,Account,High,Resolved,5
909104,17025,2024-08-15,2024-08-15 03:52:31.918604044,Billing,Medium,Resolved,5
909105,18137,2026-01-04,2026-01-04 08:48:58.675346244,Integration,Low,Open,2
909106,16687,2025-04-29,2025-04-29 20:14:38.663132524,Account,Low,Resolved,3
909107,15365,2025-12-23,2025-12-24 06:42:16.653307474,Account,Low,Resolved,1
909108,10351,2025-12-20,2025-12-20 08:33:57.617524321,Performance,High,Resolved,5
909109,10652,2026-08-18,2026-08-18 05:09:59.587868124,Feature Request,Low,Open,3
909110,19220,2025-03-26,2025-03-26 07:27:50.740609118,Performance,Medium,Resolved,3
909111,14050,2025-10-19,2025-10-19 09:01:14.401916922,Performance,Low,Pending,4
909112,16970,2024-11-17,2024-11-17 16:48:43.665840417,Account,High,Resolved,5
909113,15951,2024-09-15,2024-09-15 08:14:36.967100272,Integration,Low,Resolved,3
909114,13180,2026-05-25,2026-05-25 18:02:26.247756375,Billing,Low,Resolved,1
909115,14306,2026-04-29,2026-04-29 09:52:25.454657265,Billing,Medium,Resolved,5
909116,13972,2025-04-19,2025-04-19 19:34:34.093771413,Integration,High,Open,4
909117,18593,2026-04-16,2026-04-16 07:06:00.496146132,Technical,Critical,Resolved,2
909118,16948,2024-06-09,2024-06-09 05:01:19.017237194,Integration,Medium,Resolved,4
909119,12303,2026-02-20,2026-02-20 02:16:12.318688797,Integration,High,Resolved,5
909120,19018,2026-07-14,2026-07-14 17:40:11.308554228,Billing,Medium,Resolved,4
909121,10043,2026-08-25,2026-08-25 09:27:59.175394743,Feature Request,Low,Open,4
909122,14895,2026-02-19,2026-02-19 05:39:06.654740810,Billing,Medium,Resolved,1
909123,11429,2026-08-28,2026-08-29 07:46:39.603166705,Technical,Low,Resolved,3
909124,16553,2024-11-21,2024-11-21 07:48:31.347934772,Billing,Low,Resolved,4
909125,15919,2025-07-24,2025-07-24 04:12:06.116879696,Feature Request,Medium,Resolved,4
909126,15524,2025-10-23,2025-10-23 08:58:45.965090146,Security,Low,Resolved,5
909127,19591,2025-07-23,2025-07-23 04:09:28.084260441,Feature Request,High,Open,5
909128,14055,2025-03-24,2025-03-24 08:58:35.921624833,Feature Request,Low,Resolved,5
909129,10219,2024-12-27,2024-12-27 07:32:49.601446702,Technical,High,Resolved,4
909130,18851,2025-08-23,2025-08-23 11:59:43.371969442,Technical,Medium,Resolved,2
909131,14555,2026-03-21,2026-03-21 09:39:28.319600959,Integration,Medium,Resolved,2
909132,13961,2026-05-30,2026-05-30 10:28:56.615680387,Technical,Medium,Resolved,5
909133,10698,2024-04-13,2024-04-13 04:40:43.269997562,Technical,Low,Resolved,3
909134,16706,2025-09-04,2025-09-04 06:40:04.220290257,Technical,Medium,Resolved,2
909135,11454,2026-03-03,2026-03-03 05:38:39.524939671,Billing,Medium,Resolved,3
909136,13281,2026-08-07,2026-08-07 13:06:05.530474278,Billing,Medium,Resolved,4
909137,12534,2024-12-29,2024-12-29 05:59:51.783567543,Technical,Critical,Resolved,3
909138,18981,2024-08-01,2024-08-01 01:09:56.369906330,Technical,High,Resolved,4
909139,16444,2025-01-31,2025-01-31 11:00:39.062401596,Technical,Medium,Resolved,2
909140,14218,2026-06-16,2026-06-17 10:23:22.218454568,Billing,Low,Resolved,5
909141,10515,2024-12-16,2024-12-16 04:01:09.857592166,Technical,Low,Resolved,5
909142,18646,2024-12-13,2024-12-13 12:40:08.512662910,Performance,Medium,Resolved,3
909143,11315,2025-03-22,2025-03-22 05:40:58.599565838,Technical,Critical,Resolved,5
909144,12500,2026-07-09,2026-07-09 14:25:09.037503843,Technical,Low,Pending,5
909145,12336,2025-04-08,2025-04-08 13:46:08.868851223,Billing,Medium,Resolved,3
909146,10723,2026-06-04,2026-06-04 08:42:06.059385460,Account,High,Resolved,5
909147,14835,2025-01-01,2025-01-02 18:58:22.802524579,Feature Request,Medium,Resolved,2
909148,13549,2026-07-17,2026-07-17 12:15:51.707933546,Performance,Medium,Pending,5
909149,15671,2025-12-15,2025-12-15 12:21:42.988261474,Performance,Medium,Resolved,4
909150,18319,2024-10-16,2024-10-16 11:44:47.360544943,Technical,Medium,Resolved,3
909151,14082,2025-12-28,2025-12-28 18:19:45.547917960,Technical,Low,Resolved,2
909152,18224,2026-08-19,2026-08-19 10:57:05.537516799,Account,Low,Resolved,2
909153,10857,2024-04-02,2024-04-02 06:23:13.405125847,Integration,Medium,Resolved,4
909154,13482,2025-08-17,2025-08-17 05:40:16.515629490,Account,Low,Resolved,4
909155,18679,2026-04-05,2026-04-05 04:13:40.703070122,Technical,Low,Resolved,1
909156,14328,2026-07-26,2026-07-26 11:02:24.428635951,Billing,Medium,Open,4
909157,16873,2024-08-13,2024-08-13 08:15:15.788704500,Integration,High,Resolved,4
909158,13216,2025-07-05,2025-07-05 07:37:59.054939079,Billing,Medium,Resolved,2
909159,17274,2026-06-16,2026-06-16 03:35:46.303022886,Security,Low,Resolved,5
909160,13597,2025-05-13,2025-05-13 23:21:43.914227043,Technical,Low,Resolved,5
909161,11907,2025-08-20,2025-08-20 11:56:04.000232882,Performance,Medium,Resolved,4
909162,17143,2026-01-04,2026-01-05 20:59:01.778129898,Account,Medium,Resolved,3
909163,13568,2026-07-05,2026-07-05 10:16:07.543028006,Technical,High,Open,4
909164,13728,2024-12-16,2024-12-17 05:55:24.229325168,Technical,High,Resolved,5
909165,16539,2026-01-15,2026-01-15 09:51:16.555158021,Feature Request,Low,Resolved,4
909166,10020,2025-09-24,2025-09-24 13:57:14.986287435,Account,Critical,Resolved,5
909167,17981,2026-03-12,2026-03-12 03:59:17.863342944,Technical,Medium,Resolved,2
909168,10267,2025-10-26,2025-10-26 09:51:07.278397383,Performance,Medium,Pending,4
909169,19029,2026-02-17,2026-02-17 16:06:33.140603660,Billing,Low,Resolved,3
909170,10346,2026-07-30,2026-07-30 08:22:45.505463984,Technical,High,Resolved,5
909171,15583,2026-04-10,2026-04-10 10:38:00.534055776,Feature Request,Low,Resolved,5
909172,10440,2026-04-09,2026-04-10 05:07:52.968523673,Performance,Medium,Resolved,4
909173,10540,2026-05-07,2026-05-07 07:32:22.494531544,Performance,High,Resolved,5
909174,18793,2026-01-07,2026-01-07 23:20:14.704749610,Technical,Low,Resolved,3
909175,11908,2026-07-14,2026-07-14 10:53:25.401631308,Security,Medium,Resolved,5
909176,10315,2026-02-24,2026-02-24 08:58:10.055134455,Technical,Critical,Resolved,4
909177,15946,2024-09-04,2024-09-04 16:56:36.093147540,Billing,Medium,Resolved,5
909178,18102,2026-07-20,2026-07-21 06:25:42.054387960,Technical,Low,Resolved,3
909179,19062,2024-08-17,2024-08-17 06:37:40.320697393,Integration,Medium,Resolved,3
909180,11648,2026-06-23,2026-06-23 02:12:39.830131101,Feature Request,High,Resolved,3
909181,12550,2026-07-27,2026-07-27 12:03:06.212817936,Feature Request,Low,Resolved,5
909182,14660,2024-03-18,2024-03-18 21:26:32.680230180,Integration,Low,Resolved,3
909183,13716,2025-12-06,2025-12-06 10:39:48.326632660,Feature Request,Low,Resolved,5
909184,10032,2025-06-25,2025-06-25 04:59:20.209715811,Integration,High,Resolved,4
909185,16192,2026-01-02,2026-01-02 12:54:12.843633193,Performance,Low,Resolved,2
909186,10136,2026-06-09,2026-06-09 20:01:12.226357801,Technical,Medium,Resolved,2
909187,11002,2024-05-24,2024-05-24 13:32:33.756026315,Technical,Low,Resolved,3
909188,16982,2026-04-21,2026-04-21 05:03:30.929536900,Account,Medium,Resolved,4
909189,14282,2025-05-03,2025-05-03 13:17:03.876038995,Technical,Critical,Resolved,2
909190,13232,2026-07-03,2026-07-03 06:49:36.775305728,Technical,High,Resolved,4
909191,17837,2025-10-31,2025-10-31 13:02:41.278079036,Technical,Medium,Open,4
909192,10411,2025-08-05,2025-08-05 10:43:56.715786224,Performance,Low,Resolved,3
909193,10516,2025-10-29,2025-10-29 15:14:33.380169748,Feature Request,Medium,Pending,1
909194,10211,2025-06-16,2025-06-16 12:40:34.185349977,Account,Medium,Resolved,4
909195,19151,2026-07-24,2026-07-24 12:52:44.530751128,Performance,Medium,Resolved,2
909196,16909,2025-03-10,2025-03-10 11:46:41.102694800,Billing,Medium,Resolved,4
909197,18278,2025-06-25,2025-06-25 11:18:00.441274863,Integration,Low,Resolved,4
909198,12660,2025-03-23,2025-03-23 03:10:49.606607917,Billing,Low,Pending,1
909199,16483,2025-10-26,2025-10-27 09:26:50.883343699,Technical,Medium,Resolved,4
909200,16011,2026-02-03,2026-02-03 07:08:35.308271356,Account,Medium,Resolved,5
909201,16023,2025-06-01,2025-06-01 18:52:37.988219010,Account,High,Resolved,5
909202,11156,2025-11-25,2025-11-25 11:10:17.769858726,Account,Medium,Resolved,4
909203,13605,2025-05-27,2025-05-27 13:14:00.482550579,Technical,Low,Resolved,3
909204,12821,2025-11-27,2025-11-27 19:53:49.746912291,Technical,High,Resolved,5
909205,15947,2026-03-29,2026-03-29 15:55:04.970515321,Integration,Medium,Resolved,2
909206,15261,2025-04-15,2025-04-15 05:26:18.325407674,Feature Request,Medium,Resolved,5
909207,17341,2026-07-27,2026-07-27 22:38:03.683922583,Performance,Low,Resolved,4
909208,12279,2026-06-17,2026-06-17 20:10:35.058200509,Technical,High,Pending,4
909209,16403,2024-11-14,2024-11-14 12:42:51.108266721,Feature Request,High,Resolved,4
909210,18878,2026-04-13,2026-04-13 08:26:51.979870834,Security,Medium,Resolved,2
909211,17137,2026-06-09,2026-06-10 09:24:10.612450731,Technical,Critical,Resolved,3
909212,16639,2025-03-04,2025-03-04 11:05:04.022448201,Technical,Medium,Resolved,4
909213,19944,2026-04-09,2026-04-09 21:45:58.148973907,Billing,Low,Open,5
909214,19020,2025-07-14,2025-07-15 01:11:13.162262672,Performance,High,Open,5
909215,15719,2024-12-02,2024-12-02 06:37:55.364869977,Technical,High,Resolved,5
909216,14468,2024-10-26,2024-10-27 10:04:25.592530821,Technical,Low,Resolved,5
909217,19712,2026-03-04,2026-03-04 06:09:02.335496626,Security,Medium,Resolved,1
909218,15007,2025-02-26,2025-02-26 04:02:17.999645366,Billing,Medium,Resolved,2
909219,15285,2025-09-12,2025-09-12 10:34:22.056136096,Billing,Low,Resolved,4
909220,18799,2025-11-17,2025-11-17 09:36:18.953897385,Feature Request,Low,Resolved,3
909221,12307,2024-10-24,2024-10-24 14:07:30.279845834,Performance,Low,Resolved,2
909222,10041,2026-08-28,2026-08-28 06:33:18.305473366,Integration,High,Resolved,5
909223,14843,2026-08-18,2026-08-18 21:09:46.952816407,Technical,Medium,Pending,4
909224,13132,2025-12-28,2025-12-28 07:05:00.254342061,Performance,Low,Resolved,4
909225,11827,2024-07-05,2024-07-06 02:46:03.882954230,Technical,Low,Resolved,4
909226,17984,2026-02-04,2026-02-04 16:19:36.091148880,Performance,High,Resolved,3
909227,12990,2024-08-31,2024-08-31 06:00:05.457582122,Integration,Medium,Resolved,4
909228,14077,2025-06-23,2025-06-23 10:37:13.426609875,Technical,High,Resolved,3
909229,13435,2025-12-28,2025-12-28 19:53:21.880359927,Performance,High,Resolved,2
909230,12322,2024-07-25,2024-07-25 04:28:08.553853189,Integration,High,Pending,3
909231,16859,2025-08-24,2025-08-25 22:39:23.851193047,Integration,Medium,Resolved,4
909232,13907,2025-02-06,2025-02-06 05:18:02.118944919,Billing,Medium,Resolved,5
909233,10913,2025-12-12,2025-12-12 13:38:57.978249954,Technical,Low,Resolved,3
909234,18763,2024-09-25,2024-09-25 06:16:22.810820660,Feature Request,Medium,Resolved,5
909235,15851,2026-04-23,2026-04-23 10:56:10.295496614,Technical,High,Resolved,5
909236,12164,2026-02-05,2026-02-07 15:41:29.815448521,Performance,Low,Resolved,5
909237,19433,2025-04-21,2025-04-21 04:27:19.506578868,Performance,Low,Resolved,1
909238,12399,2024-11-04,2024-11-04 05:29:04.787614680,Technical,Medium,Resolved,1
909239,17772,2026-05-08,2026-05-08 05:32:39.269114790,Billing,High,Resolved,4
909240,10480,2026-03-04,2026-03-04 08:22:50.163675747,Integration,High,Resolved,5
909241,15465,2025-09-03,2025-09-03 06:21:18.538401074,Technical,Medium,Resolved,4
909242,17070,2025-08-14,2025-08-14 05:53:36.684452389,Technical,Low,Resolved,2
909243,19803,2025-11-14,2025-11-17 14:54:53.728935084,Account,High,Resolved,5
909244,16847,2026-05-30,2026-05-30 03:34:29.636472082,Billing,Low,Resolved,4
909245,19370,2026-07-20,2026-07-20 05:22:25.697202063,Technical,Low,Resolved,2
909246,18138,2026-02-16,2026-02-16 07:09:38.793670909,Technical,High,Resolved,5
909247,15210,2025-04-23,2025-04-23 14:20:47.517600235,Billing,Low,Resolved,4
909248,15657,2025-05-23,2025-05-23 13:37:27.755597128,Feature Request,Low,Resolved,5
909249,13447,2025-02-14,2025-02-15 06:00:53.447837788,Technical,Low,Resolved,5
909250,19448,2026-02-17,2026-02-17 19:12:32.556005247,Performance,High,Resolved,5
909251,12807,2025-08-23,2025-08-23 05:19:15.501567594,Account,Low,Resolved,4
909252,11060,2025-04-01,2025-04-01 03:16:05.834559705,Performance,High,Resolved,5
909253,17867,2026-03-29,2026-03-29 10:00:53.132576742,Account,High,Resolved,1
909254,17891,2025-11-07,2025-11-07 07:11:56.881050669,Technical,Medium,Resolved,4
909255,12626,2026-05-18,2026-05-18 10:14:11.698155916,Security,High,Resolved,4
909256,14460,2026-06-19,2026-06-19 13:14:16.036369425,Technical,High,Open,3
909257,15086,2025-03-20,2025-03-20 07:12:14.438039266,Billing,Low,Resolved,4
909258,16240,2025-05-09,2025-05-09 10:54:18.338237114,Integration,Medium,Resolved,1
909259,15591,2025-05-02,2025-05-02 02:21:11.210671371,Technical,Medium,Resolved,5
909260,19471,2026-02-05,2026-02-05 06:04:56.240805115,Billing,Medium,Pending,4
909261,19399,2026-06-11,2026-06-11 18:21:57.097450965,Integration,Low,Pending,5
909262,14777,2026-04-08,2026-04-08 11:28:02.621198690,Performance,Critical,Resolved,4
909263,14419,2026-03-23,2026-03-23 08:23:48.348367231,Integration,Medium,Resolved,2
909264,15058,2025-10-27,2025-10-28 01:28:28.411795070,Technical,Low,Pending,4
909265,14640,2026-08-23,2026-08-23 08:18:42.319189083,Security,High,Resolved,5
909266,15129,2026-05-27,2026-05-27 13:36:27.854577918,Billing,High,Resolved,5
909267,18752,2025-12-14,2025-12-14 08:22:32.164616204,Account,Medium,Resolved,4
909268,19595,2025-10-31,2025-10-31 09:58:53.094448416,Integration,Medium,Resolved,1
909269,12180,2026-05-19,2026-05-19 13:35:52.342870862,Security,Medium,Resolved,5
909270,16759,2026-04-05,2026-04-07 05:36:27.159115683,Billing,High,Pending,4
909271,17285,2026-01-29,2026-01-30 03:15:41.923197237,Performance,Medium,Resolved,5
909272,19661,2026-02-27,2026-02-27 15:58:49.530637423,Security,Medium,Resolved,3
909273,10852,2026-01-02,2026-01-02 08:02:19.004514360,Feature Request,High,Resolved,3
909274,11128,2025-12-24,2025-12-24 10:54:39.423088220,Integration,Low,Resolved,1
909275,17779,2026-04-14,2026-04-14 04:33:25.960707403,Account,Medium,Open,5
909276,17546,2025-02-08,2025-02-08 09:52:35.330842246,Integration,Low,Resolved,4
909277,10489,2026-07-30,2026-07-30 13:03:13.813233516,Technical,Medium,Resolved,5
909278,12954,2026-01-31,2026-01-31 09:55:55.023429360,Performance,Medium,Resolved,5
909279,19578,2024-05-13,2024-05-13 15:33:55.172827216,Performance,Medium,Resolved,5
909280,18693,2026-03-15,2026-03-15 05:26:54.195099504,Performance,Low,Pending,4
909281,10627,2025-06-02,2025-06-02 17:58:25.527815590,Performance,Medium,Resolved,4
909282,14976,2025-09-29,2025-09-29 12:00:28.692343807,Performance,High,Open,2
909283,12797,2025-08-27,2025-08-27 05:16:56.382889598,Account,Medium,Resolved,3
909284,10081,2024-12-22,2024-12-22 02:52:10.789143294,Billing,High,Resolved,4
909285,12919,2025-03-21,2025-03-21 04:42:38.827306677,Billing,Low,Resolved,3
909286,16340,2025-04-15,2025-04-15 10:24:30.886305573,Performance,Medium,Resolved,4
909287,13612,2026-04-17,2026-04-17 11:47:25.835728624,Technical,High,Resolved,2
909288,19174,2026-06-13,2026-06-13 07:52:18.903397962,Account,High,Open,4
909289,14531,2025-01-22,2025-01-22 12:06:00.272884755,Billing,Low,Pending,3
909290,17112,2025-11-07,2025-11-07 09:12:11.666443489,Security,High,Resolved,5
909291,11148,2024-12-29,2024-12-29 08:29:32.731454526,Integration,Medium,Open,4
909292,14913,2026-03-23,2026-03-23 04:32:59.846879486,Feature Request,Low,Resolved,5
909293,18767,2026-04-23,2026-04-23 03:19:45.478892625,Billing,Medium,Pending,3
909294,10782,2024-12-05,2024-12-07 10:18:35.471393575,Technical,Medium,Resolved,4
909295,17795,2026-03-30,2026-03-30 10:37:17.194676980,Technical,Medium,Resolved,4
909296,17562,2025-10-26,2025-10-26 03:09:59.061882596,Technical,Medium,Resolved,5
909297,11870,2026-08-23,2026-08-23 06:01:43.979777166,Technical,Low,Resolved,5
909298,11443,2024-08-30,2024-08-30 01:33:34.794069325,Integration,Low,Resolved,5
909299,18515,2026-03-03,2026-03-04 02:13:23.172726918,Feature Request,Critical,Open,5
909300,15395,2025-05-10,2025-05-11 05:59:18.231282546,Technical,Low,Resolved,3
909301,15541,2025-01-06,2025-01-06 08:13:22.584715748,Technical,Low,Resolved,5
909302,15677,2026-04-25,2026-04-26 02:24:46.592951004,Billing,Medium,Resolved,3
909303,16552,2025-08-01,2025-08-01 02:43:55.767225010,Performance,High,Resolved,4
909304,13313,2024-10-01,2024-10-01 04:11:24.675732754,Integration,Medium,Open,4
909305,13396,2026-08-05,2026-08-05 03:51:18.204328612,Technical,Medium,Resolved,4
909306,14787,2025-03-01,2025-03-01 05:33:13.014939038,Technical,Medium,Resolved,3
909307,15979,2026-02-07,2026-02-07 03:06:05.931372279,Performance,Low,Resolved,5
909308,15962,2025-01-04,2025-01-04 03:21:24.728037303,Performance,Low,Open,4
909309,18069,2025-03-11,2025-03-11 07:48:36.999714985,Technical,High,Resolved,2
909310,19794,2026-04-16,2026-04-16 22:24:33.116581249,Security,Medium,Open,5
909311,11246,2025-03-23,2025-03-23 09:12:47.531556356,Technical,Low,Resolved,3
909312,17780,2025-02-28,2025-02-28 17:45:02.112110402,Billing,Low,Resolved,4
909313,12686,2026-08-01,2026-08-01 07:18:02.998169107,Technical,Medium,Resolved,5
909314,10073,2026-01-30,2026-01-30 05:42:59.940426146,Billing,Medium,Resolved,3
909315,13310,2024-10-20,2024-10-20 04:48:49.677564204,Account,Low,Open,2
909316,16655,2026-07-03,2026-07-03 08:11:18.062692040,Billing,Low,Resolved,5
909317,13187,2025-08-19,2025-08-19 06:50:47.998720683,Technical,High,Resolved,4
909318,19575,2025-11-22,2025-11-22 20:32:36.280785951,Technical,Medium,Pending,5
909319,10351,2025-12-20,2025-12-21 07:13:26.941651888,Security,Medium,Resolved,4
909320,11104,2026-07-15,2026-07-15 18:55:13.998853466,Performance,Low,Resolved,5
909321,12500,2026-07-09,2026-07-09 21:22:15.445238271,Performance,Medium,Resolved,5
909322,18255,2026-06-10,2026-06-10 05:26:36.219198775,Account,High,Resolved,3
909323,16333,2026-08-13,2026-08-13 14:29:32.285747472,Feature Request,Medium,Resolved,3
909324,19944,2026-04-09,2026-04-09 14:07:40.531640444,Technical,Medium,Resolved,1
909325,10525,2026-01-20,2026-01-20 03:01:41.412213868,Billing,Medium,Resolved,3
909326,12799,2026-04-21,2026-04-21 16:00:25.758486378,Integration,Low,Open,3
909327,11385,2025-08-04,2025-08-04 03:33:00.122694544,Account,High,Resolved,4
909328,18476,2025-07-27,2025-07-27 06:24:44.123864126,Technical,Medium,Resolved,4
909329,19700,2025-02-10,2025-02-10 06:47:00.500518089,Feature Request,Medium,Resolved,4
909330,11716,2025-03-12,2025-03-12 11:48:32.602206517,Performance,Medium,Pending,4
909331,15937,2024-08-30,2024-08-30 04:43:27.158621484,Performance,Low,Resolved,3
909332,12461,2025-12-29,2025-12-29 10:12:45.169909952,Performance,Medium,Pending,4
909333,15281,2026-04-09,2026-04-09 15:38:26.954401743,Technical,Low,Resolved,5
909334,10376,2025-11-05,2025-11-05 07:20:12.237551502,Billing,Medium,Resolved,2
909335,17818,2026-08-23,2026-08-23 07:56:22.911110991,Technical,Medium,Resolved,5
909336,10366,2024-09-04,2024-09-04 17:41:06.397229353,Integration,Low,Pending,4
909337,13910,2025-02-07,2025-02-07 02:22:37.299921715,Feature Request,Low,Resolved,3
909338,12447,2026-02-18,2026-02-18 06:05:50.961254042,Security,Low,Resolved,3
909339,14019,2026-05-07,2026-05-07 08:15:42.381819500,Performance,Medium,Resolved,3
909340,16925,2026-03-30,2026-03-30 06:10:37.106067594,Performance,Medium,Resolved,5
909341,19613,2025-10-29,2025-10-29 14:17:25.551389734,Account,High,Open,5
909342,16803,2025-05-09,2025-05-09 07:55:23.482890102,Account,Low,Resolved,1
909343,10818,2025-06-06,2025-06-06 06:28:01.805999451,Integration,Medium,Resolved,2
909344,19428,2025-07-24,2025-07-24 12:00:01.675161316,Billing,Low,Resolved,2
909345,15309,2024-04-25,2024-04-25 12:45:26.692750483,Technical,High,Resolved,1
909346,15260,2026-04-29,2026-04-29 12:19:02.989603466,Feature Request,High,Resolved,4
909347,11202,2024-09-24,2024-09-24 07:37:40.816989472,Technical,High,Resolved,3
909348,12176,2026-02-19,2026-02-19 15:27:43.210000152,Technical,Low,Resolved,1
909349,17918,2024-07-09,2024-07-09 19:49:31.774896933,Performance,Low,Open,5
909350,18112,2026-04-11,2026-04-11 06:18:28.240378945,Billing,High,Resolved,3
909351,18694,2026-06-14,2026-06-14 11:19:04.260879994,Technical,Medium,Resolved,5
909352,18580,2026-03-21,2026-03-21 12:48:21.082610782,Performance,High,Open,5
909353,11588,2026-06-07,2026-06-07 06:31:58.820492956,Integration,Low,Resolved,4
909354,15317,2025-01-28,2025-01-28 03:15:21.157725031,Account,High,Resolved,2
909355,11565,2025-03-26,2025-03-26 16:22:05.715437995,Account,Medium,Resolved,5
909356,12299,2025-01-07,2025-01-07 12:14:13.407388386,Performance,Medium,Resolved,1
909357,16820,2026-07-30,2026-07-30 14:23:45.131716683,Billing,Medium,Resolved,4
909358,13514,2026-01-10,2026-01-10 05:05:05.285255532,Billing,Low,Resolved,5
909359,16483,2025-04-07,2025-04-07 16:37:45.143252835,Performance,High,Resolved,4
909360,18520,2025-07-11,2025-07-11 05:04:30.255771687,Technical,High,Resolved,5
909361,11812,2025-04-14,2025-04-14 08:58:23.702346951,Technical,Medium,Resolved,3
909362,10552,2026-04-07,2026-04-09 04:00:49.912452666,Account,High,Resolved,4
909363,12581,2026-05-08,2026-05-08 11:22:23.409273399,Performance,Medium,Resolved,2
909364,11563,2025-09-23,2025-09-23 11:53:16.282271407,Feature Request,Low,Resolved,2
909365,13037,2026-01-20,2026-01-20 04:38:40.095799774,Billing,Low,Resolved,4
909366,17292,2025-06-20,2025-06-20 12:46:04.221430266,Billing,High,Pending,3
909367,15802,2026-02-15,2026-02-15 06:10:35.243312343,Technical,Low,Resolved,3
909368,15319,2025-02-15,2025-02-15 06:07:51.600068079,Feature Request,Medium,Resolved,5
909369,14589,2026-01-17,2026-01-17 06:00:54.570888471,Performance,Low,Open,2
909370,10731,2026-08-12,2026-08-12 06:50:49.530877195,Performance,Medium,Resolved,3
909371,16504,2026-07-01,2026-07-01 16:31:10.969408534,Performance,High,Resolved,3
909372,17786,2026-07-08,2026-07-08 08:44:45.471114668,Technical,High,Resolved,3
909373,14597,2026-05-16,2026-05-16 11:34:58.896184522,Technical,Medium,Resolved,3
909374,17342,2026-08-24,2026-08-24 11:48:37.670079441,Account,Low,Resolved,5
909375,14379,2025-08-09,2025-08-09 02:36:09.066546259,Technical,Medium,Resolved,5
909376,15595,2026-07-21,2026-07-21 08:40:32.474661866,Feature Request,Low,Resolved,3
909377,14842,2025-05-07,2025-05-07 10:06:59.239692687,Performance,Medium,Resolved,4
909378,12186,2025-07-01,2025-07-01 03:11:37.518763354,Technical,Low,Resolved,4
909379,18942,2026-01-20,2026-01-20 18:36:48.263235537,Feature Request,High,Resolved,5
909380,11496,2026-01-04,2026-01-04 01:26:54.208790149,Security,Low,Resolved,3
909381,18102,2024-11-09,2024-11-09 13:00:56.880873702,Technical,Medium,Resolved,3
909382,17599,2025-10-31,2025-11-01 01:17:31.432816212,Integration,High,Resolved,5
909383,10680,2025-03-06,2025-03-06 06:47:30.003584611,Security,Low,Resolved,4
909384,14475,2026-08-08,2026-08-08 17:51:16.013491290,Technical,Medium,Resolved,1
909385,11256,2026-07-23,2026-07-23 06:08:38.313681939,Technical,Medium,Resolved,5
909386,11082,2025-06-07,2025-06-07 08:55:09.118669317,Technical,Medium,Resolved,3
909387,17098,2024-07-12,2024-07-12 16:40:51.349366653,Feature Request,High,Resolved,2
909388,11217,2026-02-22,2026-02-22 21:04:00.389258482,Account,Low,Open,5
909389,18995,2025-06-03,2025-06-03 04:53:44.122912234,Technical,Medium,Resolved,5
909390,10068,2026-05-02,2026-05-02 14:59:55.054125481,Account,Low,Resolved,4
909391,15258,2026-07-29,2026-07-29 04:50:50.878195044,Integration,Medium,Open,5
909392,19758,2025-09-07,2025-09-07 19:32:09.839953255,Integration,Low,Open,1
909393,12856,2026-02-19,2026-02-19 03:02:11.540391504,Technical,High,Resolved,4
909394,19123,2026-07-13,2026-07-13 05:36:52.804673226,Technical,High,Pending,4
909395,15636,2025-02-07,2025-02-07 10:26:40.654673530,Integration,Low,Resolved,2
909396,14213,2026-04-18,2026-04-18 08:22:32.792165090,Account,High,Resolved,5
909397,15336,2024-05-17,2024-05-17 19:33:38.793756985,Performance,Low,Resolved,5
909398,10031,2026-04-13,2026-04-13 07:24:43.619499907,Technical,High,Resolved,4
909399,19314,2024-12-01,2024-12-01 02:21:24.800932663,Security,Medium,Resolved,4
909400,17289,2025-06-08,2025-06-08 13:23:54.941731803,Security,Medium,Resolved,3
909401,11210,2025-12-06,2025-12-06 19:37:55.079868871,Billing,High,Resolved,4
909402,18054,2025-12-25,2025-12-25 10:54:17.234797633,Technical,Medium,Resolved,5
909403,18877,2026-07-20,2026-07-20 15:23:19.994539419,Performance,High,Resolved,4
909404,12911,2026-03-22,2026-03-22 09:59:29.716974067,Performance,Low,Resolved,4
909405,15371,2025-04-06,2025-04-06 23:29:58.384464918,Billing,Low,Resolved,1
909406,19997,2026-08-11,2026-08-11 14:03:08.577210636,Technical,Medium,Resolved,4
909407,13682,2025-07-20,2025-07-20 11:39:40.977098006,Integration,Medium,Resolved,2
909408,10216,2026-07-23,2026-07-23 04:50:35.825576730,Billing,Low,Open,5
909409,15799,2025-10-25,2025-10-25 12:45:25.809556899,Performance,Critical,Resolved,5
909410,17476,2026-01-28,2026-01-28 14:10:20.448680869,Feature Request,Medium,Resolved,4
909411,11540,2024-11-16,2024-11-16 09:27:55.350400294,Performance,High,Resolved,1
909412,10453,2025-03-28,2025-03-28 09:16:31.789766758,Performance,Low,Resolved,4
909413,14856,2026-02-20,2026-02-20 04:44:44.465397774,Billing,Medium,Resolved,4
909414,15072,2026-06-08,2026-06-08 08:24:35.771297230,Billing,Low,Open,2
909415,11588,2026-06-07,2026-06-07 23:48:42.388535091,Technical,Medium,Pending,5
909416,15533,2024-07-04,2024-07-04 06:24:04.633901600,Account,Medium,Resolved,5
909417,15441,2025-08-15,2025-08-15 09:49:51.744819090,Account,Critical,Resolved,3
909418,19724,2024-06-07,2024-06-07 05:23:30.853288107,Billing,Medium,Resolved,3
909419,11885,2026-02-16,2026-02-16 13:12:26.160655359,Technical,Low,Open,4
909420,11054,2026-07-14,2026-07-14 02:27:21.734121567,Performance,Medium,Resolved,4
909421,11442,2026-07-01,2026-07-01 07:34:03.500873482,Performance,High,Resolved,1
909422,15148,2025-09-05,2025-09-05 22:47:42.538514118,Technical,Medium,Pending,5
909423,14249,2026-06-21,2026-06-21 14:08:48.695008948,Performance,Medium,Resolved,4
909424,17827,2025-11-29,2025-11-29 14:34:10.741067130,Billing,High,Resolved,2
909425,17905,2024-09-05,2024-09-05 09:01:31.108258225,Feature Request,Medium,Resolved,4
909426,13052,2026-07-03,2026-07-03 20:23:28.101068376,Technical,Medium,Resolved,5
909427,16870,2026-04-16,2026-04-17 08:18:14.961824272,Integration,Medium,Resolved,5
909428,10829,2026-07-12,2026-07-12 12:20:57.149590293,Billing,Medium,Resolved,3
909429,14447,2025-11-17,2025-11-17 08:21:28.457822066,Technical,Low,Resolved,4
909430,15284,2026-06-05,2026-06-05 10:21:16.861969756,Integration,Medium,Resolved,1
909431,12144,2025-12-29,2025-12-29 14:55:46.581554881,Technical,Low,Resolved,5
909432,18215,2026-08-21,2026-08-21 22:09:29.401629494,Performance,Medium,Resolved,4
909433,12694,2026-07-28,2026-07-28 10:39:30.888996274,Technical,Low,Resolved,3
909434,11234,2026-06-10,2026-06-10 03:59:48.488367411,Billing,High,Resolved,5
909435,17547,2025-07-05,2025-07-05 06:13:37.913290910,Technical,Medium,Resolved,4
909436,11981,2026-06-08,2026-06-08 05:36:36.464340610,Performance,Medium,Resolved,5
909437,17230,2026-02-09,2026-02-09 04:19:20.651375560,Account,Low,Resolved,4
909438,11808,2026-06-07,2026-06-07 18:42:29.508927285,Security,High,Open,4
909439,12116,2026-06-11,2026-06-11 10:53:23.250434636,Technical,Medium,Resolved,3
909440,13703,2025-06-17,2025-06-19 14:22:52.387393836,Performance,High,Resolved,4
909441,18377,2026-08-08,2026-08-08 10:45:12.473672162,Feature Request,Medium,Resolved,4
909442,11570,2024-12-05,2024-12-05 05:57:34.950527787,Billing,Low,Resolved,3
909443,17985,2026-01-16,2026-01-16 17:37:36.758266564,Integration,Low,Resolved,4
909444,11312,2025-07-25,2025-07-25 14:01:17.180827143,Integration,Medium,Resolved,3
909445,15012,2025-01-20,2025-01-20 04:05:01.802969102,Billing,High,Resolved,5
909446,18948,2025-07-05,2025-07-05 09:42:55.161874868,Performance,Low,Resolved,4
909447,16889,2026-08-01,2026-08-01 10:16:40.604806920,Billing,Low,Resolved,4
909448,11581,2025-07-14,2025-07-14 15:33:12.134417306,Account,Low,Resolved,5
909449,15795,2025-05-25,2025-05-25 04:59:18.552879085,Billing,Medium,Resolved,3
909450,11260,2025-06-10,2025-06-10 17:31:34.745104347,Account,Low,Open,5
909451,19500,2026-05-06,2026-05-06 19:19:29.594042724,Technical,Medium,Resolved,4
909452,10555,2026-04-30,2026-04-30 03:59:15.446351792,Security,Critical,Resolved,5
909453,11319,2026-03-13,2026-03-13 22:05:16.170563148,Technical,Medium,Resolved,4
909454,15418,2026-03-30,2026-03-30 10:55:53.970811622,Account,High,Resolved,4
909455,11460,2026-08-17,2026-08-17 11:44:01.059930571,Billing,Critical,Resolved,5
909456,15363,2026-05-30,2026-05-30 05:02:44.537491694,Feature Request,Low,Resolved,3
909457,16560,2026-05-22,2026-05-22 02:40:56.413272086,Technical,Medium,Resolved,4
909458,10476,2026-02-20,2026-02-20 09:34:22.803029529,Billing,Low,Resolved,1
909459,18348,2026-01-22,2026-01-23 02:17:48.224669640,Account,Medium,Resolved,3
909460,16925,2026-03-30,2026-03-30 12:39:51.783142964,Technical,Medium,Resolved,5
909461,19281,2026-02-14,2026-02-14 08:39:34.816738384,Technical,Medium,Resolved,3
909462,10221,2025-09-10,2025-09-10 06:57:05.760221702,Technical,Low,Open,2
909463,18123,2025-06-18,2025-06-18 06:19:44.416067703,Account,High,Resolved,5
909464,11306,2026-03-04,2026-03-04 09:19:11.988624651,Technical,Medium,Resolved,5
909465,17403,2026-05-30,2026-05-30 05:03:44.655210777,Integration,Medium,Resolved,4
909466,11458,2026-02-17,2026-02-17 10:37:20.621422693,Technical,Low,Resolved,1
909467,19083,2025-03-01,2025-03-01 05:56:16.391631663,Billing,Low,Resolved,4
909468,12097,2026-05-23,2026-05-23 15:43:18.689646252,Technical,Low,Resolved,5
909469,18713,2026-07-19,2026-07-19 04:14:04.477583241,Account,Critical,Resolved,4
909470,19079,2024-11-05,2024-11-05 04:47:58.553870964,Technical,Low,Resolved,5
909471,18995,2025-08-08,2025-08-08 09:31:28.632640148,Feature Request,Medium,Pending,2
909472,19001,2025-09-22,2025-09-22 04:05:24.688947462,Billing,Critical,Resolved,2
909473,17760,2024-07-27,2024-07-27 18:00:16.606924761,Performance,Low,Resolved,4
909474,19283,2026-08-12,2026-08-12 07:18:20.764180101,Security,Medium,Resolved,4
909475,18318,2026-08-08,2026-08-08 07:20:35.375045546,Technical,Low,Resolved,4
909476,11226,2026-08-29,2026-08-29 22:14:04.840442394,Technical,Medium,Resolved,5
909477,11879,2024-09-30,2024-09-30 17:18:52.591209930,Technical,Low,Resolved,5
909478,12820,2024-06-13,2024-06-13 06:59:58.675369329,Technical,High,Resolved,5
909479,14535,2024-04-29,2024-04-29 15:53:04.848040914,Performance,Low,Resolved,5
909480,17703,2024-11-15,2024-11-15 15:19:45.717008350,Integration,Medium,Resolved,4
909481,15518,2025-02-27,2025-02-27 07:15:52.526766067,Technical,High,Resolved,5
909482,18483,2024-08-31,2024-08-31 17:04:39.819381582,Security,Medium,Resolved,5
909483,18620,2026-02-28,2026-02-28 09:13:49.343008234,Billing,Low,Resolved,5
909484,13795,2026-02-25,2026-02-25 05:32:40.322660384,Integration,Medium,Resolved,5
909485,17339,2026-08-29,2026-08-29 15:12:56.096797111,Feature Request,Medium,Resolved,4
909486,10815,2025-03-07,2025-03-07 04:01:51.020107964,Integration,High,Resolved,3
909487,10104,2024-07-16,2024-07-16 16:19:37.257469431,Technical,Medium,Resolved,3
909488,19778,2025-09-30,2025-09-30 21:50:02.292714585,Performance,Medium,Resolved,1
909489,16413,2025-06-22,2025-06-22 06:35:31.546015529,Technical,Low,Resolved,3
909490,16802,2025-03-15,2025-03-15 09:48:41.298148094,Integration,Medium,Resolved,4
909491,10867,2025-08-23,2025-08-23 08:55:46.663043361,Technical,Medium,Open,3
909492,13932,2026-03-23,2026-03-23 03:47:53.269537329,Billing,Low,Resolved,3
909493,15591,2025-10-31,2025-10-31 13:35:45.346906039,Integration,Medium,Resolved,4
909494,13518,2025-05-01,2025-05-01 02:35:48.333507892,Account,Low,Resolved,5
909495,12777,2026-06-05,2026-06-05 07:38:05.907184922,Security,Low,Resolved,3
909496,10282,2026-01-27,2026-01-27 02:01:20.394153919,Performance,Medium,Pending,4
909497,18756,2024-08-18,2024-08-18 21:28:53.569238660,Performance,Medium,Resolved,5
909498,17533,2024-10-05,2024-10-05 09:25:41.848511901,Billing,Low,Resolved,1
909499,14314,2026-06-25,2026-06-25 07:16:36.104118261,Billing,Medium,Resolved,5
909500,17862,2026-08-12,2026-08-12 05:58:33.734837215,Billing,Medium,Resolved,3
909501,10492,2026-07-23,2026-07-23 06:53:38.427818964,Technical,High,Resolved,1
909502,11325,2024-11-23,2024-11-23 14:41:44.820796714,Performance,Medium,Resolved,4
909503,19749,2025-10-28,2025-10-28 06:10:02.923380627,Technical,Low,Resolved,4
909504,15711,2025-05-03,2025-05-03 10:20:27.257987162,Integration,Low,Resolved,4
909505,17705,2026-03-03,2026-03-03 12:51:48.409231194,Integration,Critical,Resolved,5
909506,19280,2026-01-25,2026-01-25 07:34:49.192387240,Performance,Medium,Resolved,2
909507,11808,2026-08-10,2026-08-10 16:37:59.724481526,Security,Low,Resolved,3
909508,12304,2026-03-16,2026-03-17 01:43:38.190327135,Integration,Medium,Resolved,2
909509,16536,2026-04-06,2026-04-06 04:00:39.696264126,Billing,Medium,Open,5
909510,15573,2026-05-12,2026-05-12 05:08:34.797363086,Integration,Medium,Open,3
909511,18566,2025-07-07,2025-07-07 13:06:23.876202657,Integration,Low,Resolved,4
909512,11229,2025-12-16,2025-12-17 06:34:47.149121028,Billing,Medium,Resolved,5
909513,14779,2026-01-07,2026-01-08 03:11:33.654322104,Performance,High,Resolved,3
909514,11863,2024-09-03,2024-09-03 10:35:14.749619647,Billing,Medium,Resolved,4
909515,17575,2025-09-13,2025-09-14 04:11:14.650057824,Integration,Critical,Resolved,5
909516,15683,2025-08-29,2025-08-29 09:49:44.750345264,Technical,Low,Resolved,3
909517,13813,2025-11-15,2025-11-15 06:42:12.159891226,Account,High,Resolved,4
909518,11625,2026-04-08,2026-04-08 03:58:54.539987206,Feature Request,Low,Resolved,3
909519,12019,2025-06-09,2025-06-09 15:10:32.295540219,Technical,Medium,Resolved,2
909520,17412,2026-02-08,2026-02-09 07:10:19.998107025,Feature Request,Medium,Resolved,4
909521,16752,2026-06-23,2026-06-23 08:15:15.275901150,Feature Request,Medium,Resolved,5
909522,13135,2024-12-21,2024-12-21 11:12:37.982990937,Feature Request,Medium,Resolved,4
909523,20000,2024-05-29,2024-05-30 04:14:12.839215340,Security,Low,Resolved,5
909524,16533,2026-06-26,2026-06-26 04:25:50.241800766,Technical,High,Resolved,4
909525,19163,2025-11-08,2025-11-08 07:21:12.561974553,Integration,Low,Open,5
909526,13488,2026-02-12,2026-02-12 08:26:01.552314706,Feature Request,Medium,Resolved,1
909527,10742,2026-06-22,2026-06-22 12:50:04.197924006,Billing,Medium,Resolved,4
909528,11537,2026-04-05,2026-04-05 12:33:30.441088051,Feature Request,High,Resolved,4
909529,10802,2025-07-11,2025-07-11 12:35:16.767396063,Billing,Critical,Resolved,4
909530,13284,2026-08-16,2026-08-16 11:58:43.457227600,Technical,Medium,Resolved,5
909531,10323,2024-12-25,2024-12-25 04:17:47.034721230,Performance,Medium,Resolved,4
909532,13254,2025-05-04,2025-05-04 16:22:50.334315153,Account,High,Resolved,2
909533,19731,2024-09-23,2024-09-24 05:56:37.728653679,Account,Low,Resolved,5
909534,17885,2026-07-09,2026-07-09 02:39:40.999941651,Security,Medium,Resolved,4
909535,16534,2025-01-30,2025-01-30 06:56:40.721049106,Billing,Critical,Resolved,3
909536,15175,2026-06-17,2026-06-19 01:08:54.379157967,Billing,Medium,Pending,4
909537,17969,2026-01-01,2026-01-01 10:46:24.820309531,Account,High,Resolved,3
909538,18785,2025-08-11,2025-08-11 07:29:04.682459007,Integration,High,Resolved,1
909539,18344,2025-04-09,2025-04-09 05:30:28.412597944,Performance,Low,Resolved,5
909540,16001,2026-05-19,2026-05-19 05:02:28.351841614,Technical,Low,Resolved,4
909541,10756,2025-10-29,2025-10-29 06:15:16.171704028,Billing,Medium,Resolved,1
909542,11588,2026-06-07,2026-06-07 07:45:03.479739073,Account,Low,Resolved,4
909543,19890,2025-11-06,2025-11-07 02:08:49.099633108,Security,Low,Pending,4
909544,14052,2026-06-27,2026-06-27 10:14:01.772626974,Performance,Critical,Resolved,5
909545,18822,2026-06-01,2026-06-01 03:49:51.507134353,Technical,Medium,Resolved,2
909546,15838,2025-11-28,2025-11-28 02:46:58.307244452,Technical,Low,Resolved,5
909547,16022,2025-01-19,2025-01-19 04:19:08.900387389,Account,Low,Resolved,3
909548,13130,2025-06-11,2025-06-11 10:50:58.304374180,Feature Request,Low,Resolved,5
909549,17246,2026-02-24,2026-02-24 08:20:09.104512210,Technical,High,Resolved,3
909550,19792,2024-08-18,2024-08-18 10:41:06.997840335,Integration,Medium,Resolved,4
909551,13644,2025-09-12,2025-09-12 10:29:30.449410396,Technical,Medium,Resolved,2
909552,11266,2024-08-16,2024-08-16 17:50:23.462459102,Account,Low,Resolved,5
909553,13615,2025-06-22,2025-06-22 08:08:25.882946473,Feature Request,Critical,Open,4
909554,18308,2024-04-20,2024-04-20 08:39:53.068818628,Billing,Medium,Resolved,4
909555,18778,2025-12-06,2025-12-06 20:46:49.897650406,Feature Request,Medium,Resolved,3
909556,13970,2026-08-13,2026-08-13 06:16:05.366969281,Feature Request,Low,Resolved,5
909557,15634,2024-09-24,2024-09-24 06:40:35.682095308,Account,High,Resolved,2
909558,19287,2026-05-05,2026-05-05 23:52:45.840113011,Account,Medium,Resolved,1
909559,13503,2026-03-20,2026-03-20 08:49:34.469719896,Integration,Medium,Resolved,5
909560,15343,2026-02-13,2026-02-13 06:24:00.699738030,Feature Request,Low,Resolved,5
909561,16859,2025-08-24,2025-08-24 04:05:08.753792092,Technical,Low,Resolved,4
909562,18366,2025-04-08,2025-04-09 00:08:43.991747768,Technical,High,Resolved,4
909563,18377,2026-08-08,2026-08-08 19:48:41.209662506,Technical,Critical,Resolved,4
909564,18759,2025-01-18,2025-01-18 07:06:25.816201009,Integration,Medium,Resolved,5
909565,11385,2025-08-04,2025-08-04 19:12:16.520558504,Billing,Low,Resolved,4
909566,13386,2026-05-14,2026-05-14 08:00:34.570743890,Integration,High,Resolved,3
909567,12646,2025-06-04,2025-06-05 17:03:45.013418798,Technical,Medium,Resolved,5
909568,14277,2025-04-05,2025-04-05 08:51:52.267815104,Account,Medium,Resolved,3
909569,12790,2026-05-12,2026-05-12 05:40:46.518336573,Integration,Low,Resolved,3
909570,15561,2024-07-12,2024-07-12 13:21:19.212040652,Billing,Medium,Resolved,4
909571,18571,2026-05-08,2026-05-09 03:38:18.062688829,Feature Request,Medium,Resolved,5
909572,14456,2026-01-14,2026-01-14 07:42:52.098396386,Billing,Low,Resolved,3
909573,14981,2025-06-19,2025-06-19 12:07:45.726829168,Integration,Low,Resolved,2
909574,14002,2026-07-09,2026-07-09 18:56:45.770294860,Technical,Medium,Resolved,1
909575,19812,2024-11-30,2024-11-30 11:38:06.691943698,Security,Low,Resolved,5
909576,14380,2025-11-29,2025-11-29 08:56:11.070174516,Performance,Low,Resolved,4
909577,13390,2025-03-17,2025-03-17 04:53:15.576014554,Integration,Low,Resolved,5
909578,11910,2025-06-12,2025-06-12 07:45:35.683928409,Integration,Low,Resolved,4
909579,12881,2026-07-30,2026-07-30 16:02:40.737029074,Technical,Critical,Resolved,5
909580,18600,2025-12-23,2025-12-23 02:37:09.443753752,Integration,Low,Resolved,2
909581,15562,2026-02-05,2026-02-06 09:37:08.413939797,Integration,Medium,Resolved,2
909582,17310,2026-04-10,2026-04-10 06:01:13.774204588,Billing,High,Resolved,4
909583,13842,2026-04-17,2026-04-17 03:47:04.891434183,Billing,Low,Pending,5
909584,19504,2025-10-25,2025-10-25 07:47:31.065729363,Performance,High,Resolved,5
909585,11434,2025-08-26,2025-08-26 11:37:38.486001918,Feature Request,Low,Resolved,5
909586,10888,2026-07-09,2026-07-09 10:09:09.905152705,Feature Request,Medium,Resolved,5
909587,16130,2024-07-04,2024-07-05 18:03:46.199366384,Feature Request,Critical,Resolved,2
909588,15800,2026-06-09,2026-06-09 22:15:13.863524918,Feature Request,Low,Resolved,5
909589,11090,2026-07-27,2026-07-27 11:03:14.021619037,Technical,High,Resolved,2
909590,14687,2025-07-06,2025-07-06 05:16:08.714811223,Security,Medium,Resolved,3
909591,12489,2025-05-27,2025-05-27 18:11:26.248067671,Account,Medium,Open,5
909592,11648,2025-03-31,2025-03-31 09:02:42.760717314,Account,Medium,Resolved,4
909593,16568,2024-04-10,2024-04-10 16:10:58.672249737,Feature Request,High,Resolved,4
909594,17826,2025-07-11,2025-07-11 10:40:39.266951509,Technical,Low,Resolved,5
909595,18640,2026-08-25,2026-08-25 06:38:12.875505313,Billing,Medium,Resolved,3
909596,12289,2026-08-07,2026-08-07 07:14:55.557729232,Billing,Medium,Resolved,4
909597,13997,2026-02-14,2026-02-14 06:05:13.863339956,Feature Request,Medium,Resolved,1
909598,13584,2026-08-13,2026-08-13 02:50:04.774475720,Technical,Medium,Resolved,4
909599,18541,2026-07-06,2026-07-06 11:32:12.209115372,Technical,Critical,Resolved,2
909600,11818,2025-06-24,2025-06-24 02:52:25.366350871,Integration,Low,Resolved,2
909601,14239,2026-01-12,2026-01-12 03:56:59.571806096,Technical,Medium,Resolved,1
909602,12235,2025-05-19,2025-05-19 04:03:27.779268135,Technical,Medium,Resolved,3
909603,18562,2025-08-18,2025-08-18 10:57:54.086331628,Billing,Low,Open,5
909604,12600,2026-04-16,2026-04-16 10:47:41.864884915,Technical,High,Resolved,5
909605,13616,2026-02-11,2026-02-11 22:20:09.720499909,Integration,Medium,Pending,4
909606,17458,2024-12-05,2024-12-05 13:21:46.661035208,Account,Low,Resolved,2
909607,19457,2024-12-07,2024-12-07 08:18:00.114881705,Account,Low,Resolved,4
909608,13738,2024-10-13,2024-10-13 05:47:17.174403484,Performance,Medium,Resolved,5
909609,19476,2025-10-11,2025-10-11 19:05:37.841331948,Performance,Low,Resolved,3
909610,19741,2025-11-13,2025-11-13 06:01:07.978513425,Integration,High,Resolved,4
909611,10135,2025-10-05,2025-10-05 13:21:21.020154620,Performance,Medium,Resolved,4
909612,18260,2025-10-21,2025-10-22 16:18:00.051495861,Integration,High,Resolved,4
909613,13774,2025-03-22,2025-03-23 06:32:28.410339066,Integration,Low,Open,3
909614,10680,2025-08-23,2025-08-23 12:17:29.470323472,Technical,Medium,Resolved,5
909615,11485,2024-07-02,2024-07-02 07:37:15.545011209,Billing,Medium,Resolved,4
909616,17494,2025-12-18,2025-12-21 03:24:37.167884298,Billing,Medium,Resolved,4
909617,12850,2026-03-07,2026-03-07 13:05:23.729869561,Account,Medium,Resolved,5
909618,15432,2024-12-11,2024-12-12 00:21:33.958720069,Integration,Medium,Resolved,3
909619,10446,2025-06-16,2025-06-16 14:58:07.968918068,Integration,Critical,Pending,4
909620,18799,2025-11-17,2025-11-17 11:16:46.073490639,Performance,Medium,Open,2
909621,19743,2026-07-15,2026-07-15 10:25:14.079983048,Technical,Critical,Resolved,4
909622,17751,2025-01-25,2025-01-25 09:13:21.059505368,Technical,Medium,Resolved,5
909623,17653,2025-07-17,2025-07-17 09:22:51.360615192,Account,Medium,Resolved,2
909624,16907,2026-01-06,2026-01-06 10:50:52.940554015,Security,Low,Resolved,4
909625,10986,2024-06-25,2024-06-25 07:48:57.382455679,Technical,Low,Open,5
909626,12346,2026-02-09,2026-02-09 16:36:53.876284214,Integration,Low,Resolved,4
909627,15820,2026-07-14,2026-07-15 12:56:46.380816960,Technical,Low,Resolved,5
909628,15639,2025-12-01,2025-12-01 15:18:53.142553029,Technical,Low,Resolved,3
909629,11964,2026-06-02,2026-06-02 08:05:45.593453328,Billing,Medium,Resolved,4
909630,11645,2025-07-14,2025-07-14 12:20:06.866143342,Account,Medium,Resolved,4
909631,10070,2024-10-20,2024-10-20 14:26:20.292792486,Technical,Medium,Resolved,5
909632,18622,2026-06-21,2026-06-21 08:19:15.154546335,Performance,Medium,Resolved,3
909633,13921,2024-11-16,2024-11-17 07:12:08.816130511,Integration,Medium,Resolved,4
909634,11625,2024-07-23,2024-07-23 04:33:20.908982347,Account,Medium,Resolved,3
909635,17287,2026-08-19,2026-08-20 03:24:42.248440512,Integration,Low,Resolved,4
909636,13899,2024-11-30,2024-11-30 03:49:33.300233911,Feature Request,Low,Resolved,5
909637,10599,2024-09-09,2024-09-09 06:25:43.642595658,Technical,Medium,Resolved,4
909638,12977,2026-02-05,2026-02-05 08:45:57.525714370,Account,Critical,Resolved,3
909639,10255,2026-07-31,2026-08-01 02:51:07.909198909,Integration,Low,Resolved,4
909640,16355,2024-08-23,2024-08-23 04:27:17.178449047,Technical,Low,Resolved,5
909641,13933,2026-04-30,2026-04-30 10:02:08.694152311,Technical,Low,Resolved,4
909642,14957,2025-08-14,2025-08-14 09:18:30.592310230,Integration,Critical,Open,3
909643,15570,2025-02-06,2025-02-06 19:21:05.886274388,Billing,High,Resolved,2
909644,17131,2024-11-28,2024-11-28 06:47:51.659046096,Billing,Medium,Resolved,4
909645,14702,2026-05-21,2026-05-21 09:26:53.002351143,Account,Medium,Resolved,3
909646,17238,2024-12-14,2024-12-14 08:52:12.009959443,Billing,Medium,Resolved,4
909647,17246,2025-02-18,2025-02-18 05:32:04.056848775,Technical,Low,Resolved,4
909648,11031,2026-03-21,2026-03-21 07:35:34.998324936,Technical,Low,Resolved,2
909649,19604,2026-05-13,2026-05-13 12:01:13.509245751,Technical,High,Resolved,3
909650,14415,2025-09-02,2025-09-02 18:49:09.542249101,Billing,High,Resolved,5
909651,12590,2026-05-01,2026-05-01 06:58:27.689972214,Integration,Medium,Resolved,2
909652,11119,2024-10-17,2024-10-17 11:39:28.025939498,Security,Low,Resolved,2
909653,19243,2026-07-03,2026-07-03 04:37:37.429674837,Technical,Low,Resolved,4
909654,15153,2024-08-23,2024-08-23 10:53:44.779318296,Technical,Low,Resolved,4
909655,14582,2025-12-08,2025-12-08 11:34:04.729483999,Technical,Medium,Resolved,2
909656,10788,2025-09-09,2025-09-09 13:10:01.879980510,Technical,High,Resolved,3
909657,16224,2025-10-16,2025-10-18 05:01:54.190407882,Integration,High,Resolved,4
909658,18962,2026-07-06,2026-07-08 03:46:10.031739441,Performance,Medium,Resolved,4
909659,12178,2025-06-10,2025-06-10 10:38:23.605384588,Technical,Medium,Resolved,3
909660,18958,2024-12-15,2024-12-15 17:14:13.640050212,Billing,Medium,Resolved,3
909661,10347,2026-07-14,2026-07-14 18:16:03.920679166,Technical,High,Resolved,5
909662,18741,2026-07-25,2026-07-25 19:09:28.248852736,Performance,Critical,Resolved,5
909663,15320,2025-06-26,2025-06-26 01:03:53.680953229,Billing,Low,Resolved,4
909664,15659,2025-11-19,2025-11-19 05:33:09.310793198,Billing,Low,Resolved,5
909665,12913,2025-07-02,2025-07-02 11:11:07.201517776,Security,Low,Resolved,1
909666,11444,2026-06-13,2026-06-14 07:34:00.259802781,Feature Request,Low,Open,2
909667,16908,2026-08-04,2026-08-04 22:22:39.829991106,Technical,Low,Pending,1
909668,15620,2024-11-27,2024-11-27 12:28:22.972434225,Feature Request,Medium,Resolved,5
909669,12196,2026-03-09,2026-03-10 09:54:57.537301723,Account,Low,Resolved,1
909670,18665,2026-02-12,2026-02-12 06:20:39.728757267,Feature Request,Medium,Resolved,5
909671,11087,2025-05-16,2025-05-16 06:13:14.561879127,Technical,Medium,Resolved,1
909672,17045,2025-09-30,2025-09-30 09:13:11.836643235,Performance,Low,Pending,4
909673,14090,2026-08-08,2026-08-08 16:36:55.262638346,Security,Medium,Resolved,4
909674,11063,2025-11-03,2025-11-03 06:35:58.897468129,Technical,Medium,Resolved,5
909675,15808,2026-02-22,2026-02-22 14:27:11.703571153,Account,Low,Resolved,4
909676,10422,2026-07-07,2026-07-07 10:01:46.799927958,Account,Medium,Resolved,5
909677,17340,2026-01-07,2026-01-07 03:57:25.777701144,Technical,High,Resolved,4
909678,18763,2026-03-28,2026-03-28 12:10:24.441693866,Technical,Medium,Resolved,3
909679,15676,2025-08-30,2025-08-30 08:38:56.064852654,Technical,Low,Resolved,4
909680,12251,2026-05-16,2026-05-16 08:20:50.312520636,Billing,High,Resolved,2
909681,14935,2024-07-11,2024-07-11 22:05:58.742499130,Technical,Low,Resolved,4
909682,17038,2025-12-26,2025-12-26 08:16:58.496471900,Feature Request,High,Resolved,5
909683,11341,2026-02-08,2026-02-08 15:40:33.556533470,Integration,Low,Resolved,5
909684,16722,2026-04-18,2026-04-18 10:42:55.469622672,Feature Request,High,Resolved,5
909685,10978,2026-06-27,2026-06-27 05:02:17.072909570,Account,Medium,Resolved,4
909686,19770,2026-03-07,2026-03-07 18:34:47.730991666,Technical,Low,Resolved,4
909687,16350,2024-06-08,2024-06-09 11:24:35.776412532,Billing,Medium,Resolved,3
909688,17483,2024-09-23,2024-09-23 02:09:57.575879323,Feature Request,Low,Open,4
909689,17233,2025-04-01,2025-04-01 09:49:30.664047939,Feature Request,Medium,Resolved,5
909690,15401,2025-03-01,2025-03-01 03:42:26.759283584,Technical,Medium,Resolved,3
909691,10432,2025-02-24,2025-02-24 10:41:33.557716536,Technical,Low,Resolved,4
909692,15180,2026-04-04,2026-04-04 23:23:29.962599525,Technical,High,Resolved,3
909693,14874,2026-08-11,2026-08-11 20:29:41.099073518,Technical,Medium,Resolved,5
909694,19321,2025-11-13,2025-11-13 07:49:00.465876847,Performance,High,Resolved,3
909695,15652,2025-07-15,2025-07-15 15:50:48.875767083,Technical,Medium,Resolved,3
909696,10810,2025-07-16,2025-07-16 09:54:52.621371709,Technical,Low,Resolved,1
909697,18201,2026-07-29,2026-07-29 13:36:08.799190952,Feature Request,High,Open,3
909698,14352,2026-05-03,2026-05-03 05:35:04.531734794,Technical,Medium,Resolved,4
909699,13675,2026-05-18,2026-05-18 14:46:54.261119719,Account,Medium,Resolved,5
909700,14898,2025-06-02,2025-06-02 04:01:34.017086006,Security,Medium,Open,4
909701,16058,2026-01-02,2026-01-03 05:38:55.697112823,Billing,High,Resolved,1
909702,11342,2025-04-26,2025-04-26 09:11:48.881706957,Technical,Low,Resolved,3
909703,15788,2026-06-08,2026-06-08 05:47:57.228353073,Technical,Low,Resolved,5
909704,17352,2026-08-23,2026-08-23 06:16:28.153944915,Integration,High,Resolved,2
909705,17934,2025-09-27,2025-09-27 09:34:16.284774846,Feature Request,Medium,Resolved,4
909706,14531,2025-05-30,2025-05-30 11:38:51.100660158,Technical,Medium,Resolved,4
909707,19024,2026-05-03,2026-05-03 09:22:37.127593747,Technical,Medium,Resolved,4
909708,14320,2024-11-02,2024-11-02 09:30:07.105138664,Technical,Low,Resolved,3
909709,14489,2026-04-29,2026-04-29 11:11:16.610359804,Billing,Medium,Resolved,5
909710,19384,2026-01-18,2026-01-18 13:02:19.460452992,Technical,Low,Resolved,3
909711,10984,2025-03-17,2025-03-17 05:41:16.204272936,Technical,Low,Resolved,4
909712,14802,2026-04-30,2026-05-01 09:34:38.700669907,Billing,Medium,Resolved,1
909713,19410,2025-09-01,2025-09-01 11:11:49.115320864,Performance,High,Resolved,3
909714,17232,2026-05-05,2026-05-05 10:03:58.643922956,Account,Medium,Resolved,3
909715,19798,2024-12-17,2024-12-17 04:28:53.719900035,Billing,Medium,Resolved,3
909716,13377,2024-10-17,2024-10-17 05:05:28.819790847,Performance,High,Open,4
909717,11095,2026-04-11,2026-04-12 05:16:16.151035321,Billing,Medium,Resolved,4
909718,18509,2024-09-30,2024-10-01 08:49:54.389007102,Account,Low,Resolved,4
909719,16855,2025-10-07,2025-10-09 16:31:12.268538389,Performance,High,Resolved,5
909720,11063,2025-11-03,2025-11-03 10:02:42.986206734,Technical,Medium,Resolved,5
909721,18002,2026-07-30,2026-07-30 06:50:13.112708661,Billing,Critical,Resolved,2
909722,18196,2025-01-14,2025-01-14 06:21:25.421048028,Integration,Low,Resolved,1
909723,19093,2026-07-02,2026-07-02 14:27:19.711990018,Account,Low,Resolved,2
909724,12169,2026-07-01,2026-07-01 07:11:49.783352823,Technical,High,Resolved,4
909725,16739,2025-02-20,2025-02-20 19:43:48.447000843,Feature Request,Low,Resolved,4
909726,10650,2025-03-22,2025-03-22 04:34:28.081637634,Billing,Medium,Resolved,5
909727,12958,2026-03-04,2026-03-04 10:25:58.135892962,Feature Request,High,Resolved,4
909728,12876,2025-12-28,2025-12-28 07:27:38.206792288,Technical,High,Resolved,4
909729,12166,2026-03-21,2026-03-21 23:38:03.450455660,Technical,Low,Resolved,2
909730,16552,2024-12-08,2024-12-08 10:13:52.538221624,Billing,Low,Resolved,5
909731,11832,2025-08-15,2025-08-15 17:31:54.861911400,Integration,Medium,Resolved,5
909732,14955,2025-11-21,2025-11-21 17:55:00.812365795,Billing,Medium,Resolved,3
909733,13323,2025-03-19,2025-03-19 11:33:58.492615247,Technical,High,Resolved,5
909734,18023,2025-01-27,2025-01-27 09:06:59.109724756,Technical,High,Resolved,2
909735,14285,2024-09-11,2024-09-11 14:57:58.084497500,Account,Medium,Resolved,5
909736,19673,2024-09-05,2024-09-05 06:11:10.050671724,Security,Low,Resolved,4
909737,16420,2025-03-22,2025-03-22 08:24:35.183984065,Feature Request,Medium,Resolved,3
909738,16944,2025-07-06,2025-07-06 10:01:48.603899305,Feature Request,Low,Resolved,5
909739,12780,2025-08-08,2025-08-09 01:20:40.527748968,Account,Medium,Resolved,4
909740,11584,2026-02-14,2026-02-14 06:57:29.854959091,Technical,Medium,Resolved,5
909741,10105,2025-12-03,2025-12-03 09:41:35.927991643,Technical,Low,Resolved,5
909742,12496,2026-03-16,2026-03-16 04:52:16.882556408,Technical,Low,Resolved,4
909743,15525,2025-08-16,2025-08-16 12:38:56.404538080,Performance,Medium,Resolved,3
909744,10059,2026-05-27,2026-05-27 11:05:07.990906459,Technical,Medium,Resolved,5
909745,17834,2025-01-29,2025-01-29 13:29:52.710656841,Technical,Low,Resolved,3
909746,11228,2026-01-14,2026-01-14 05:28:50.051354059,Feature Request,Medium,Resolved,2
909747,15617,2024-10-18,2024-10-19 07:15:21.098392948,Feature Request,Low,Resolved,3
909748,16678,2025-11-04,2025-11-04 05:16:17.358666967,Technical,Medium,Resolved,4
909749,11464,2025-02-07,2025-02-07 04:36:34.773730880,Integration,Medium,Resolved,4
909750,13071,2025-04-11,2025-04-11 10:56:42.445745455,Feature Request,Medium,Resolved,5
909751,18923,2025-06-13,2025-06-13 03:07:49.875277879,Billing,Medium,Resolved,5
909752,16478,2025-06-20,2025-06-20 05:17:51.512497562,Billing,Low,Resolved,3
909753,10713,2025-07-20,2025-07-20 10:33:18.312625267,Billing,Medium,Resolved,3
909754,19573,2025-07-30,2025-07-30 16:16:25.949549121,Feature Request,Medium,Resolved,1
909755,18800,2026-06-22,2026-06-23 19:44:56.640565258,Technical,High,Resolved,4
909756,18075,2026-07-25,2026-07-25 17:45:09.312992557,Billing,Low,Resolved,5
909757,19570,2025-12-07,2025-12-07 04:17:19.932191152,Technical,Medium,Resolved,2
909758,19104,2024-10-22,2024-10-25 13:01:11.622600249,Performance,Medium,Resolved,5
909759,14939,2026-04-16,2026-04-16 14:15:28.695908484,Technical,Medium,Resolved,4
909760,12614,2024-07-27,2024-07-27 18:46:32.644373451,Billing,High,Resolved,5
909761,13121,2024-07-22,2024-07-22 09:09:58.885684315,Integration,Low,Resolved,4
909762,19413,2025-11-03,2025-11-06 20:09:31.563296578,Feature Request,Critical,Open,4
909763,12809,2024-08-23,2024-08-24 10:09:13.924722153,Security,Low,Pending,4
909764,13217,2026-08-10,2026-08-11 07:42:55.712800180,Technical,Low,Pending,5
909765,10371,2026-06-27,2026-06-27 07:01:04.791609047,Technical,Low,Resolved,5
909766,14920,2024-09-26,2024-09-26 06:49:46.741500580,Performance,Low,Resolved,4
909767,10421,2026-03-31,2026-03-31 03:56:50.501803059,Integration,Medium,Resolved,3
909768,13321,2026-07-12,2026-07-12 21:04:00.113162278,Integration,Medium,Resolved,5
909769,10275,2025-12-02,2025-12-02 11:00:00.259463948,Technical,Medium,Resolved,2
909770,19210,2025-07-18,2025-07-18 10:23:17.941545985,Billing,Low,Resolved,4
909771,17048,2025-12-09,2025-12-09 08:19:33.574392537,Billing,Low,Pending,3
909772,10761,2026-07-15,2026-07-15 13:43:39.784883520,Feature Request,Medium,Resolved,4
909773,18106,2026-01-20,2026-01-20 02:37:47.899999488,Integration,Low,Resolved,4
909774,17425,2025-01-25,2025-01-25 12:50:46.909730400,Billing,Low,Resolved,4
909775,19660,2026-08-31,,Billing,Critical,Resolved,4
909776,18625,2025-01-30,2025-01-30 10:55:49.847163088,Security,Critical,Resolved,2
909777,11202,2026-08-29,2026-08-29 05:41:17.634189505,Billing,Medium,Resolved,2
909778,17662,2026-05-08,2026-05-09 19:35:05.294342598,Technical,Medium,Resolved,4
909779,11217,2025-09-13,2025-09-14 07:26:25.319911423,Feature Request,High,Resolved,5
909780,14090,2025-11-12,2025-11-12 05:25:29.998839309,Technical,Low,Resolved,2
909781,15288,2026-03-02,2026-03-02 04:45:16.158534393,Account,Medium,Resolved,1
909782,12370,2026-05-23,2026-05-23 07:42:04.632749226,Performance,Medium,Resolved,5
909783,15819,2026-08-24,2026-08-25 00:08:02.549536774,Integration,Critical,Resolved,5
909784,11574,2026-01-01,2026-01-01 16:56:35.006566315,Billing,Low,Open,4
909785,11635,2025-12-10,2025-12-10 11:10:04.791777236,Feature Request,High,Open,5
909786,14473,2026-06-03,2026-06-03 06:22:53.774213887,Technical,Medium,Resolved,2
909787,12806,2026-08-27,2026-08-27 17:42:27.298086033,Technical,Medium,Resolved,4
909788,19063,2026-04-29,2026-04-29 02:42:00.204807150,Technical,Low,Resolved,5
909789,17667,2025-11-24,2025-11-24 03:40:06.705283634,Integration,Medium,Resolved,4
909790,16821,2026-03-15,2026-03-15 14:04:09.644506867,Technical,Medium,Resolved,4
909791,10443,2025-04-25,2025-04-25 01:03:11.567172474,Feature Request,Medium,Resolved,3
909792,17704,2025-04-07,2025-04-07 16:20:01.641695431,Technical,Medium,Resolved,4
909793,13299,2026-02-11,2026-02-11 19:09:37.528088558,Security,High,Resolved,5
909794,16231,2026-05-25,2026-05-25 02:48:13.753345467,Integration,High,Resolved,5
909795,13321,2026-07-12,2026-07-13 06:14:14.487809064,Feature Request,Medium,Resolved,4
909796,10724,2024-02-05,2024-02-05 19:20:47.088427887,Account,Low,Resolved,4
909797,10560,2026-06-30,2026-06-30 05:47:12.902176629,Technical,Low,Resolved,5
909798,16062,2026-05-02,2026-05-02 10:05:53.055340105,Security,Medium,Resolved,4
909799,13200,2025-07-12,2025-07-12 12:45:17.256323059,Feature Request,High,Pending,2
909800,14229,2026-01-16,2026-01-16 10:06:05.458833637,Integration,Medium,Open,4
909801,13771,2025-12-05,2025-12-06 02:51:38.604361723,Performance,Medium,Resolved,5
909802,13130,2025-04-02,2025-04-02 04:47:27.924237106,Technical,Low,Resolved,3
909803,16941,2025-04-17,2025-04-17 07:06:06.534942296,Integration,Low,Resolved,5
909804,12784,2026-04-20,2026-04-20 14:17:18.615590365,Billing,High,Resolved,5
909805,10630,2024-06-02,2024-06-02 07:57:35.508780187,Technical,Medium,Resolved,5
909806,14134,2024-11-26,2024-11-26 04:42:45.362226834,Technical,Low,Open,4
909807,14402,2025-11-11,2025-11-12 02:11:28.856781668,Billing,Medium,Pending,5
909808,14208,2025-02-18,2025-02-18 09:03:58.541530316,Performance,Critical,Resolved,3
909809,12863,2026-04-17,2026-04-17 08:02:17.343892399,Technical,Low,Resolved,5
909810,18658,2025-12-02,2025-12-02 06:13:21.478981746,Billing,High,Resolved,4
909811,14053,2026-08-22,2026-08-22 06:17:53.885299257,Technical,Medium,Resolved,4
909812,19405,2025-04-13,2025-04-13 07:21:48.456808304,Billing,High,Resolved,5
909813,12782,2026-02-18,2026-02-18 05:59:48.638124373,Technical,Medium,Resolved,2
909814,10519,2026-02-11,2026-02-11 02:50:58.383944944,Technical,Low,Resolved,4
909815,11139,2026-01-26,2026-01-26 06:12:02.012487667,Technical,Critical,Resolved,3
909816,12758,2026-06-30,2026-07-01 05:37:53.670690750,Billing,Medium,Resolved,5
909817,16339,2024-12-03,2024-12-03 04:27:06.155915936,Technical,Medium,Resolved,5
909818,19527,2025-03-03,2025-03-03 04:36:53.266211413,Feature Request,Low,Resolved,5
909819,17176,2025-08-07,2025-08-07 17:17:16.140409450,Billing,Medium,Resolved,5
909820,18119,2026-03-03,2026-03-03 19:03:43.850255036,Account,Low,Resolved,1
909821,10478,2026-01-29,2026-01-29 09:22:40.595912864,Technical,Medium,Resolved,4
909822,18251,2026-08-02,2026-08-02 06:04:34.523382918,Technical,Medium,Resolved,4
909823,14934,2026-06-08,2026-06-08 18:14:15.940525956,Account,Medium,Resolved,5
909824,17911,2024-09-03,2024-09-03 08:42:28.520852140,Technical,Medium,Open,2
909825,12881,2026-01-27,2026-01-27 07:48:58.049824028,Billing,Medium,Resolved,5
909826,17858,2026-08-22,2026-08-22 14:47:59.761755837,Performance,Medium,Resolved,2
909827,11176,2025-05-16,2025-05-16 14:21:16.831097643,Technical,Medium,Pending,3
909828,13945,2026-01-06,2026-01-06 06:37:43.004570397,Billing,Medium,Open,4
909829,12449,2025-07-14,2025-07-14 04:27:35.034218877,Technical,Medium,Resolved,4
909830,14489,2026-04-29,2026-04-29 13:29:14.722173985,Billing,Medium,Resolved,4
909831,18169,2025-05-13,2025-05-13 19:54:32.958215290,Integration,High,Resolved,1
909832,18771,2026-05-31,2026-05-31 05:11:41.531535891,Technical,Medium,Pending,3
909833,16652,2026-02-05,2026-02-05 16:47:41.694908409,Technical,Low,Resolved,5
909834,10261,2025-08-23,2025-08-24 11:55:13.046076980,Technical,Low,Pending,3
909835,15052,2025-03-09,2025-03-09 14:58:06.055614447,Feature Request,Low,Resolved,1
909836,18492,2025-10-16,2025-10-16 06:39:40.069935781,Security,Low,Resolved,4
909837,12437,2026-02-16,2026-02-16 07:39:17.190898480,Billing,Low,Resolved,5
909838,18062,2026-08-19,2026-08-19 10:18:49.146494986,Performance,Medium,Resolved,4
909839,14725,2026-01-01,2026-01-03 19:47:14.768230293,Technical,High,Resolved,4
909840,16997,2026-06-22,2026-06-22 14:50:34.425612812,Integration,Medium,Resolved,4
909841,19750,2025-09-20,2025-09-20 04:25:00.312202311,Feature Request,Low,Pending,4
909842,10190,2026-06-05,2026-06-05 21:20:38.570571013,Billing,Low,Resolved,5
909843,11901,2025-08-01,2025-08-01 03:19:23.885374346,Account,Medium,Resolved,3
909844,14229,2026-01-16,2026-01-16 17:42:37.638770954,Technical,Medium,Resolved,3
909845,15848,2025-08-13,2025-08-13 07:23:40.657793780,Technical,High,Resolved,3
909846,18777,2024-10-04,2024-10-04 07:14:01.731702526,Account,Medium,Resolved,4
909847,15901,2026-02-18,2026-02-18 11:47:20.729582041,Billing,Low,Resolved,2
909848,15201,2025-10-21,2025-10-21 15:20:33.661610984,Billing,Low,Resolved,4
909849,14218,2024-11-15,2024-11-15 11:23:55.315477359,Feature Request,Low,Resolved,3
909850,11322,2025-05-14,2025-05-14 08:49:06.913779531,Account,Critical,Resolved,5
909851,14521,2026-03-31,2026-03-31 12:46:23.155950550,Performance,Medium,Resolved,3
909852,13126,2026-02-27,2026-02-27 04:19:25.172533657,Account,Low,Resolved,4
909853,17339,2026-01-01,2026-01-01 06:36:14.634365724,Performance,Low,Resolved,3
909854,19883,2025-05-21,2025-05-21 10:58:12.918894506,Account,Low,Pending,2
909855,13681,2026-06-18,2026-06-20 17:43:02.344032631,Technical,Medium,Resolved,4
909856,17961,2026-05-22,2026-05-23 04:06:16.510609767,Billing,Medium,Resolved,5
909857,11914,2026-08-25,2026-08-25 09:21:02.642979160,Feature Request,High,Resolved,3
909858,14517,2026-03-14,2026-03-14 10:31:38.705457417,Integration,Medium,Resolved,5
909859,13068,2025-09-25,2025-09-25 07:05:33.339461636,Technical,Medium,Resolved,3
909860,11558,2025-02-12,2025-02-12 08:47:21.178584106,Performance,Medium,Resolved,3
909861,11932,2025-12-11,2025-12-11 11:40:29.963742967,Technical,Medium,Pending,3
909862,15159,2025-10-22,2025-10-22 22:28:10.701660255,Performance,Medium,Resolved,4
909863,15797,2026-06-14,2026-06-14 05:53:30.704149597,Technical,Critical,Resolved,3
909864,11086,2026-08-22,2026-08-22 01:06:29.686199187,Performance,Low,Resolved,2
909865,11536,2025-12-17,2025-12-17 12:03:02.687533214,Integration,High,Resolved,3
909866,14398,2024-12-04,2024-12-04 20:01:30.119314263,Security,Low,Resolved,4
909867,10624,2025-11-14,2025-11-14 09:54:49.681373918,Integration,Medium,Open,3
909868,18607,2026-07-24,2026-07-25 01:24:41.103616582,Technical,Low,Resolved,5
909869,14543,2026-04-25,2026-04-25 16:04:08.926075480,Account,Medium,Resolved,4
909870,14216,2025-02-18,2025-02-18 06:47:52.878657336,Integration,High,Resolved,4
909871,18810,2026-06-17,2026-06-17 16:23:03.860497539,Feature Request,Medium,Resolved,2
909872,19036,2024-04-14,2024-04-14 03:45:39.397300923,Technical,Low,Resolved,4
909873,11802,2025-06-06,2025-06-06 05:19:58.749242818,Technical,Medium,Resolved,4
909874,16359,2025-11-29,2025-11-29 12:09:12.819315916,Integration,Medium,Open,2
909875,15166,2025-12-29,2025-12-29 10:43:40.752675048,Technical,Low,Resolved,5
909876,17853,2025-02-27,2025-02-27 06:42:01.216155769,Account,Medium,Resolved,5
909877,11119,2024-10-17,2024-10-17 06:24:50.842536390,Performance,Medium,Resolved,4
909878,12193,2026-02-25,2026-02-25 17:19:04.617309043,Security,Low,Resolved,5
909879,16005,2024-10-06,2024-10-06 13:23:17.119887399,Technical,Low,Resolved,4
909880,16255,2024-09-14,2024-09-14 12:51:43.886525972,Feature Request,Low,Open,5
909881,13714,2025-10-04,2025-10-04 15:05:38.650083446,Integration,Medium,Resolved,5
909882,12771,2024-11-27,2024-11-27 05:08:13.785478573,Technical,High,Resolved,4
909883,12035,2025-11-17,2025-11-17 04:58:00.822624333,Feature Request,Low,Pending,4
909884,15143,2026-06-14,2026-06-14 14:48:14.750175427,Feature Request,Medium,Resolved,3
909885,14011,2025-06-19,2025-06-19 01:29:52.035813873,Integration,Medium,Resolved,5
909886,18856,2025-06-03,2025-06-03 08:13:30.217017723,Account,Medium,Resolved,3
909887,15495,2025-07-10,2025-07-10 23:15:08.961844147,Technical,Medium,Resolved,4
909888,13110,2026-03-24,2026-03-24 08:15:45.163689386,Technical,Low,Resolved,3
909889,18520,2026-06-29,2026-06-29 20:45:18.988125242,Feature Request,Medium,Resolved,2
909890,16765,2026-03-19,2026-03-19 10:22:46.329652254,Performance,Medium,Open,2
909891,13491,2025-08-17,2025-08-17 08:23:37.044085772,Integration,High,Resolved,5
909892,18886,2025-08-25,2025-08-25 03:14:19.919560704,Billing,Medium,Resolved,2
909893,13137,2024-06-17,2024-06-17 13:47:39.962583308,Technical,Low,Resolved,4
909894,18898,2026-04-16,2026-04-16 11:31:04.369119920,Technical,Medium,Resolved,4
909895,16683,2026-01-24,2026-01-24 12:42:26.881799119,Technical,High,Resolved,1
909896,18715,2026-07-03,2026-07-03 23:41:26.568637562,Performance,Low,Resolved,4
909897,12403,2025-10-16,2025-10-16 12:27:56.666957684,Performance,Low,Resolved,1
909898,15351,2025-07-31,2025-07-31 19:43:35.866664209,Billing,Low,Resolved,5
909899,13010,2026-02-09,2026-02-09 15:32:20.797043254,Feature Request,Medium,Resolved,4
909900,17496,2025-12-16,2025-12-17 12:27:59.232070440,Technical,Medium,Resolved,5
909901,11489,2026-04-25,2026-04-25 21:47:04.014229779,Feature Request,Low,Resolved,3
909902,18905,2026-04-16,2026-04-16 13:28:55.115785714,Billing,Medium,Resolved,5
909903,19879,2026-02-11,2026-02-11 14:01:20.035969287,Account,High,Resolved,1
909904,16892,2025-07-06,2025-07-07 03:04:36.466845754,Performance,Medium,Pending,2
909905,11797,2026-03-18,2026-03-18 20:01:28.584495210,Feature Request,Medium,Resolved,4
909906,14572,2024-11-16,2024-11-16 05:07:45.539502167,Technical,Low,Resolved,4
909907,13937,2026-04-04,2026-04-04 09:52:10.349656359,Integration,Medium,Open,3
909908,13112,2024-08-24,2024-08-24 19:18:55.366628724,Performance,Medium,Resolved,4
909909,14304,2025-09-21,2025-09-21 15:35:29.440896683,Integration,High,Resolved,3
909910,13392,2026-02-05,2026-02-05 04:34:02.138106176,Feature Request,High,Resolved,5
909911,17135,2026-06-13,2026-06-13 03:32:35.022747447,Security,Low,Resolved,5
909912,19759,2026-04-30,2026-04-30 08:48:47.753907145,Feature Request,High,Resolved,3
909913,19891,2025-09-28,2025-09-28 04:08:34.846759150,Technical,Low,Resolved,4
909914,14639,2025-03-16,2025-03-16 03:26:53.880250592,Technical,High,Resolved,4
909915,14301,2026-05-31,2026-05-31 06:15:55.185898111,Performance,Medium,Resolved,5
909916,16579,2025-07-10,2025-07-10 13:35:35.043327859,Integration,Critical,Resolved,4
909917,11161,2025-12-21,2025-12-21 11:33:46.106197056,Performance,Low,Resolved,4
909918,15974,2025-03-24,2025-03-24 09:14:39.768248763,Performance,Low,Resolved,5
909919,13567,2024-05-23,2024-05-23 09:51:55.531098529,Billing,Medium,Resolved,3
909920,18858,2024-10-07,2024-10-07 12:30:09.753227636,Technical,Critical,Resolved,5
909921,18077,2024-11-21,2024-11-21 07:59:06.459575942,Technical,Medium,Resolved,2
909922,14723,2026-05-29,2026-05-29 09:40:58.987251105,Feature Request,Medium,Resolved,4
909923,13557,2024-12-22,2024-12-22 15:18:09.274092663,Technical,Low,Resolved,3
909924,15829,2026-06-29,2026-06-29 02:56:51.432880336,Integration,High,Open,5
909925,13140,2025-03-26,2025-03-26 13:42:31.910355975,Technical,High,Resolved,3
909926,19651,2024-10-03,2024-10-03 10:44:44.818903928,Security,High,Resolved,2
909927,18973,2026-07-10,2026-07-10 05:49:28.080515478,Security,Low,Resolved,5
909928,14524,2026-03-08,2026-03-08 14:34:11.275888634,Feature Request,Low,Resolved,5
909929,14616,2025-04-13,2025-04-14 07:28:20.500951119,Technical,High,Resolved,1
909930,17371,2024-04-18,2024-04-18 01:52:14.349033840,Performance,Low,Resolved,4
909931,16375,2024-10-18,2024-10-18 06:41:26.443329201,Billing,High,Pending,4
909932,16782,2025-11-04,2025-11-04 10:24:54.623510276,Technical,Medium,Resolved,4
909933,12623,2025-05-13,2025-05-13 16:11:01.959753516,Technical,Low,Resolved,3
909934,16328,2025-11-08,2025-11-09 05:17:05.261908977,Account,Low,Open,5
909935,13851,2025-04-10,2025-04-10 04:57:16.076291716,Technical,Low,Resolved,3
909936,17484,2026-06-06,2026-06-06 07:28:55.997482900,Technical,Medium,Open,4
909937,19818,2025-07-02,2025-07-02 07:55:19.224307927,Technical,Low,Resolved,5
909938,16702,2026-03-20,2026-03-20 03:30:07.453425794,Account,Medium,Resolved,5
909939,16306,2026-02-09,2026-02-09 06:27:09.266290992,Performance,Low,Resolved,4
909940,12784,2025-08-24,2025-08-25 00:07:33.458221153,Account,Low,Resolved,4
909941,15800,2026-06-09,2026-06-09 04:18:53.072289662,Feature Request,Medium,Resolved,4
909942,18700,2026-04-19,2026-04-20 01:39:12.386283771,Billing,Medium,Pending,1
909943,11887,2026-03-03,2026-03-03 10:16:02.465576374,Integration,Medium,Resolved,3
909944,10778,2026-04-18,2026-04-18 10:39:40.865724172,Technical,Medium,Resolved,5
909945,16627,2024-11-12,2024-11-12 18:18:10.885083793,Account,High,Resolved,5
909946,10080,2026-07-25,2026-07-25 08:14:17.990504296,Account,Medium,Resolved,1
909947,15230,2026-07-17,2026-07-17 04:52:06.002411077,Billing,Medium,Resolved,1
909948,10482,2026-04-23,2026-04-23 09:57:20.595653460,Account,Medium,Pending,4
909949,16404,2025-11-09,2025-11-11 17:11:16.165791481,Technical,Low,Resolved,2
909950,11824,2024-12-15,2024-12-15 07:03:28.502208313,Performance,Medium,Resolved,2
909951,18412,2025-05-13,2025-05-14 12:01:00.222847280,Feature Request,Low,Open,4
909952,19447,2025-07-21,2025-07-21 07:12:10.108564488,Technical,Medium,Resolved,2
909953,16610,2024-11-17,2024-11-17 17:34:35.187645856,Billing,Medium,Resolved,5
909954,13103,2026-01-25,2026-01-26 07:36:50.425517822,Account,High,Resolved,4
909955,15879,2026-01-03,2026-01-03 18:30:07.548550779,Technical,Low,Pending,1
909956,17283,2024-03-26,2024-03-26 07:28:37.028376573,Feature Request,High,Resolved,4
909957,15609,2025-04-26,2025-04-26 05:22:17.289606910,Performance,Medium,Pending,4
909958,17822,2026-07-18,2026-07-18 05:50:25.773344376,Integration,High,Resolved,4
909959,18240,2026-05-25,2026-05-25 04:23:31.150460227,Performance,High,Resolved,4
909960,15120,2026-05-28,2026-05-28 09:09:09.941121864,Performance,High,Resolved,4
909961,17789,2025-12-04,2025-12-04 13:25:17.499126536,Account,Medium,Open,3
909962,12895,2025-04-22,2025-04-22 07:31:31.778731178,Billing,Low,Resolved,4
909963,18853,2025-07-19,2025-07-19 19:37:59.900960730,Technical,High,Open,5
909964,14868,2026-06-18,2026-06-18 12:39:54.692589564,Performance,High,Resolved,5
909965,14253,2026-07-24,2026-07-24 13:17:32.720151930,Technical,Low,Resolved,4
909966,19705,2026-06-09,2026-06-10 10:01:33.935971026,Integration,Medium,Resolved,3
909967,13583,2024-08-31,2024-08-31 07:39:01.876477010,Feature Request,Low,Resolved,5
909968,12846,2025-07-31,2025-07-31 23:44:18.305322226,Account,High,Resolved,4
909969,13876,2025-05-09,2025-05-09 05:23:15.248393250,Technical,High,Open,3
909970,10912,2024-09-13,2024-09-13 06:50:42.869997679,Security,Medium,Resolved,1
909971,12563,2025-01-14,2025-01-14 08:51:13.893134540,Integration,Low,Resolved,4
909972,19876,2026-04-16,2026-04-16 03:50:28.321119927,Feature Request,Low,Resolved,4
909973,16977,2024-10-11,2024-10-11 07:07:59.515708832,Technical,Low,Pending,4
909974,13567,2026-01-28,2026-01-28 08:23:47.576264424,Technical,Low,Resolved,4
909975,18891,2026-01-03,2026-01-03 07:52:13.933297124,Technical,Low,Resolved,4
909976,17217,2026-08-02,2026-08-03 02:38:56.673540052,Integration,Medium,Open,3
909977,17709,2025-06-21,2025-06-21 06:04:50.478560382,Technical,Low,Resolved,3
909978,17385,2026-01-07,2026-01-08 09:18:56.825235709,Account,Medium,Resolved,3
909979,16197,2026-02-01,2026-02-01 06:50:17.671175430,Technical,Medium,Resolved,5
909980,16345,2025-07-20,2025-07-20 15:09:48.146703166,Technical,Low,Resolved,4
909981,13311,2025-08-03,2025-08-06 21:54:16.148947006,Account,High,Resolved,4
909982,15820,2024-08-30,2024-08-30 20:05:02.825017814,Technical,High,Resolved,4
909983,15132,2025-02-15,2025-02-15 02:49:47.095190209,Performance,High,Resolved,4
909984,15898,2026-08-17,2026-08-18 05:36:15.891985512,Performance,Low,Resolved,3
909985,16778,2026-08-09,2026-08-09 06:27:55.538047879,Feature Request,Medium,Resolved,3
909986,19660,2026-08-31,,Technical,High,Resolved,2
909987,17622,2026-08-22,2026-08-22 14:13:09.913853132,Performance,Low,Resolved,2
909988,19434,2025-02-23,2025-02-23 07:43:56.373728062,Security,Low,Resolved,3
909989,14191,2025-05-20,2025-05-20 17:16:11.943562789,Security,Low,Resolved,5
909990,15951,2025-06-04,2025-06-04 09:02:06.976479829,Feature Request,Low,Open,4
909991,19506,2025-06-18,2025-06-18 10:04:38.051239659,Security,Low,Resolved,3
909992,15210,2025-09-06,2025-09-06 19:55:30.075143955,Account,Medium,Resolved,5
909993,19605,2026-07-13,2026-07-13 10:13:35.638822819,Performance,Medium,Open,1
909994,18466,2024-04-11,2024-04-11 03:02:12.087095200,Technical,Medium,Resolved,4
909995,13779,2025-06-04,2025-06-04 07:37:19.267504194,Performance,Low,Open,5
909996,17954,2024-11-01,2024-11-01 05:48:14.013889329,Technical,High,Resolved,4
909997,13302,2026-02-06,2026-02-06 03:21:20.709336052,Performance,Medium,Resolved,3
909998,15644,2026-02-25,2026-02-26 05:15:56.899385175,Feature Request,Medium,Resolved,3
909999,14564,2024-03-08,2024-03-08 03:11:34.191694770,Technical,High,Open,5
910000,18421,2025-05-08,2025-05-08 01:48:41.627506590,Integration,Critical,Resolved,3
910001,12408,2026-07-12,2026-07-12 08:03:30.494683404,Performance,Low,Pending,5
910002,18848,2025-06-19,2025-06-20 09:52:36.088459291,Billing,Medium,Pending,2
910003,13460,2025-09-10,2025-09-10 06:55:56.903441595,Performance,Low,Resolved,4
910004,18337,2026-07-27,2026-07-27 09:21:37.928562346,Performance,Medium,Resolved,2
910005,16156,2025-12-30,2025-12-30 06:51:07.462224338,Billing,Medium,Pending,3
910006,13942,2024-11-19,2024-11-19 12:28:15.950627511,Account,Medium,Pending,5
910007,12578,2025-02-10,2025-02-10 04:41:10.757105091,Account,Low,Open,4
910008,11779,2026-07-22,2026-07-22 16:39:18.424690725,Feature Request,High,Resolved,5
910009,17286,2025-07-13,2025-07-13 05:29:38.568564463,Billing,Low,Resolved,3
910010,12003,2026-07-13,2026-07-13 19:00:25.847623699,Technical,Low,Resolved,3
910011,14832,2024-09-24,2024-09-24 12:19:30.869042584,Performance,High,Resolved,5
910012,12776,2025-09-20,2025-09-20 09:54:13.297462660,Technical,Low,Resolved,2
910013,17063,2025-06-21,2025-06-21 13:54:38.581803936,Performance,Medium,Resolved,4
910014,19471,2024-08-15,2024-08-15 03:00:17.676782416,Account,Medium,Resolved,2
910015,14128,2025-08-04,2025-08-04 11:44:12.931515643,Integration,Medium,Resolved,5
910016,18533,2024-11-09,2024-11-09 04:55:54.240840645,Technical,High,Resolved,4
910017,14902,2025-03-31,2025-03-31 09:33:15.317002778,Technical,Low,Resolved,5
910018,12353,2025-05-30,2025-05-30 10:18:27.033706076,Security,Critical,Resolved,4
910019,11141,2024-09-16,2024-09-16 09:18:16.504431084,Billing,High,Resolved,5
910020,10060,2026-01-25,2026-01-26 20:09:14.611963363,Account,Low,Resolved,5
910021,17142,2024-08-30,2024-08-30 08:05:03.003632664,Billing,Medium,Resolved,5
910022,11243,2025-06-24,2025-06-24 04:50:45.952891440,Technical,Low,Resolved,4
910023,16401,2024-01-28,2024-01-29 00:04:53.393585984,Feature Request,High,Resolved,3
910024,16266,2025-06-29,2025-06-29 09:31:03.730201449,Technical,Medium,Resolved,3
910025,10590,2025-09-11,2025-09-12 22:01:50.926050012,Feature Request,Medium,Resolved,5
910026,19999,2025-05-10,2025-05-10 06:22:32.154530764,Technical,High,Resolved,5
910027,19561,2024-12-26,2024-12-26 04:27:19.431174582,Feature Request,Low,Resolved,5
910028,12749,2026-08-18,2026-08-18 13:34:31.874670379,Performance,Medium,Resolved,1
910029,17803,2025-05-29,2025-05-29 11:27:10.572459465,Account,Low,Open,4
910030,14873,2026-08-23,2026-08-23 13:01:14.679821265,Technical,Medium,Resolved,2
910031,15990,2025-08-21,2025-08-21 03:39:55.210490139,Feature Request,Critical,Resolved,4
910032,13857,2025-09-19,2025-09-20 00:06:53.574408586,Billing,Medium,Resolved,1
910033,17180,2026-04-16,2026-04-16 16:35:29.168607940,Performance,Medium,Resolved,5
910034,16815,2025-07-19,2025-07-19 05:33:26.515723204,Billing,High,Resolved,4
910035,14028,2026-04-13,2026-04-13 08:12:04.922925800,Performance,Low,Resolved,1
910036,10013,2024-03-29,2024-03-29 08:29:14.084382674,Technical,High,Resolved,4
910037,16372,2025-06-25,2025-06-25 15:19:50.670400306,Security,High,Resolved,4
910038,18626,2026-05-10,2026-05-10 19:22:26.438803831,Feature Request,Medium,Resolved,3
910039,12413,2026-06-19,2026-06-19 14:51:39.747951471,Billing,Medium,Resolved,5
910040,12446,2026-03-19,2026-03-19 01:35:13.208676025,Technical,Critical,Resolved,4
910041,11934,2026-07-11,2026-07-11 16:57:07.347073316,Performance,Medium,Resolved,5
910042,14391,2025-01-04,2025-01-05 08:03:29.554502324,Account,Medium,Resolved,5
910043,18111,2024-12-24,2024-12-24 05:42:13.116453948,Security,High,Resolved,5
910044,18455,2026-08-29,2026-08-30 06:03:14.645340673,Feature Request,Low,Resolved,5
910045,11033,2025-02-23,2025-02-23 18:33:40.538910607,Technical,Low,Resolved,4
910046,16591,2024-10-18,2024-10-18 04:49:32.058173740,Technical,High,Resolved,4
910047,13048,2024-09-18,2024-09-18 02:56:53.484265338,Integration,Medium,Resolved,1
910048,15229,2024-10-28,2024-10-28 21:52:41.780094704,Integration,Medium,Resolved,3
910049,16221,2025-05-30,2025-05-30 08:41:04.609830152,Billing,Low,Resolved,1
910050,16206,2024-09-27,2024-09-27 02:21:38.170569524,Technical,High,Resolved,2
910051,10993,2025-05-04,2025-05-04 13:31:14.899975219,Feature Request,Low,Open,5
910052,10781,2025-03-21,2025-03-21 03:45:21.225477236,Technical,Medium,Resolved,1
910053,16672,2026-06-21,2026-06-21 13:33:18.769076776,Technical,Low,Resolved,4
910054,12727,2026-04-20,2026-04-21 03:59:16.503672699,Billing,Low,Resolved,4
910055,17318,2026-06-29,2026-06-29 17:45:10.720091649,Technical,Low,Resolved,5
910056,16057,2025-12-27,2025-12-27 07:52:44.196485923,Performance,Low,Resolved,3
910057,12223,2025-12-20,2025-12-20 07:07:02.858349453,Account,Medium,Resolved,5
910058,12889,2025-09-04,2025-09-04 03:39:58.781593144,Technical,Medium,Resolved,4
910059,16088,2026-01-11,2026-01-11 04:45:22.668059404,Feature Request,Low,Resolved,4
910060,13470,2026-06-05,2026-06-07 08:32:11.764583530,Account,Low,Resolved,3
910061,12731,2024-08-11,2024-08-12 12:30:06.816493461,Billing,High,Resolved,5
910062,18698,2026-05-02,2026-05-02 02:35:17.374475464,Performance,Medium,Resolved,1
910063,18461,2025-02-23,2025-02-23 15:56:49.347884594,Integration,Medium,Resolved,2
910064,18605,2026-06-25,2026-06-25 02:05:20.827537818,Technical,Low,Pending,3
910065,11230,2025-08-02,2025-08-02 10:57:56.731849578,Technical,Medium,Pending,4
910066,18684,2025-12-28,2025-12-28 01:55:43.087335153,Performance,Low,Pending,4
910067,12646,2025-06-04,2025-06-04 15:19:45.599417598,Billing,Critical,Pending,5
910068,15459,2025-03-18,2025-03-19 03:11:05.572292478,Technical,Medium,Resolved,5
910069,18354,2026-07-20,2026-07-20 09:29:01.767833401,Account,High,Resolved,2
910070,11562,2026-02-23,2026-02-23 08:39:07.595544592,Performance,Medium,Resolved,3
910071,17471,2024-08-09,2024-08-09 09:28:49.911500506,Technical,Medium,Pending,4
910072,12225,2025-10-05,2025-10-06 00:07:53.916369132,Integration,Medium,Resolved,1
910073,18509,2026-03-16,2026-03-16 07:59:18.368627265,Feature Request,Low,Resolved,5
910074,19991,2025-06-18,2025-06-18 03:50:24.455165841,Integration,Medium,Resolved,3
910075,15178,2025-10-09,2025-10-09 02:31:26.089940888,Billing,Medium,Resolved,4
910076,16459,2024-05-09,2024-05-09 03:51:39.501089848,Feature Request,Medium,Open,4
910077,13747,2026-07-16,2026-07-17 21:11:46.142632798,Technical,Low,Resolved,5
910078,16650,2025-03-14,2025-03-15 14:58:26.057988004,Technical,Medium,Resolved,5
910079,10853,2025-04-09,2025-04-09 09:26:01.572930236,Technical,Medium,Pending,5
910080,12353,2026-04-10,2026-04-10 11:57:23.846167069,Feature Request,Medium,Resolved,2
910081,19994,2025-06-18,2025-06-18 12:22:24.602470248,Technical,Low,Pending,4
910082,17981,2026-03-26,2026-03-26 17:36:21.819885235,Billing,Medium,Resolved,5
910083,19936,2025-03-11,2025-03-11 10:07:41.465467293,Account,Critical,Resolved,5
910084,16252,2025-12-02,2025-12-02 19:06:10.028554084,Performance,Low,Resolved,5
910085,17047,2025-07-28,2025-07-28 02:40:32.956564533,Technical,Medium,Resolved,4
910086,19647,2026-06-05,2026-06-05 10:56:13.806343795,Performance,Low,Resolved,5
910087,13931,2025-07-29,2025-07-29 03:44:50.649179640,Integration,High,Resolved,5
910088,19450,2026-07-30,2026-07-30 10:01:20.908525314,Integration,Low,Resolved,4
910089,12813,2024-06-10,2024-06-10 03:47:31.849021348,Technical,Medium,Resolved,4
910090,16646,2026-06-17,2026-06-17 05:19:20.501098514,Technical,Medium,Resolved,4
910091,19825,2024-10-23,2024-10-23 17:35:02.240164291,Feature Request,High,Resolved,4
910092,10499,2026-05-28,2026-05-28 17:15:40.067766529,Account,High,Resolved,3
910093,16892,2025-07-06,2025-07-06 06:42:13.561558801,Technical,Medium,Resolved,2
910094,11662,2025-01-27,2025-01-27 04:46:39.957926347,Integration,High,Resolved,5
910095,13541,2025-06-26,2025-06-26 07:12:06.076444431,Performance,High,Resolved,4
910096,19843,2026-06-02,2026-06-02 19:26:11.972586231,Feature Request,Low,Resolved,5
910097,17554,2025-10-29,2025-10-29 04:25:01.219014220,Security,High,Resolved,5
910098,13056,2026-05-10,2026-05-10 03:45:53.015340657,Security,Medium,Resolved,4
910099,14979,2026-07-02,2026-07-03 03:46:54.129961480,Security,Medium,Resolved,4
910100,16234,2026-04-24,2026-04-24 06:55:22.320644376,Technical,Low,Resolved,1
910101,11145,2024-09-25,2024-09-25 14:54:15.269577134,Technical,High,Resolved,5
910102,13258,2025-07-21,2025-07-21 06:46:00.180362964,Account,High,Resolved,5
910103,19938,2025-07-30,2025-07-30 05:23:18.493814846,Account,Medium,Pending,4
910104,18604,2025-06-11,2025-06-11 17:00:56.157306400,Technical,High,Resolved,5
910105,11843,2026-08-03,2026-08-03 08:58:59.824940466,Performance,Medium,Resolved,4
910106,13534,2025-05-17,2025-05-18 22:44:19.561563085,Technical,Low,Resolved,4
910107,17216,2024-05-05,2024-05-05 09:38:58.248850246,Performance,Low,Resolved,3
910108,14441,2026-02-18,2026-02-18 19:11:55.459173703,Integration,High,Resolved,4
910109,19254,2025-03-01,2025-03-01 10:22:28.210161975,Billing,Medium,Open,5
910110,14325,2026-07-16,2026-07-16 09:56:15.515823300,Billing,Medium,Resolved,4
910111,10290,2024-07-10,2024-07-10 06:21:44.607618417,Account,High,Resolved,4
910112,17311,2026-05-24,2026-05-24 20:54:57.035983118,Technical,Low,Resolved,5
910113,18122,2026-07-15,2026-07-15 12:41:52.827632397,Technical,Low,Resolved,1
910114,14390,2026-07-30,2026-07-30 13:03:18.957341466,Technical,Medium,Resolved,1
910115,13902,2025-12-01,2025-12-01 14:23:42.958398094,Security,Low,Resolved,5
910116,16406,2026-04-22,2026-04-22 07:57:44.798544705,Technical,Medium,Open,4
910117,16064,2026-06-11,2026-06-11 20:36:16.927623864,Integration,Medium,Resolved,5
910118,17122,2025-08-28,2025-08-28 15:30:27.765737964,Technical,Medium,Resolved,2
910119,19607,2026-06-30,2026-06-30 06:13:13.031981911,Integration,Medium,Resolved,4
910120,17113,2025-03-05,2025-03-06 00:06:27.225053496,Technical,Medium,Resolved,2
910121,16726,2026-03-18,2026-03-18 03:22:44.097918830,Technical,High,Open,5
910122,11099,2026-02-27,2026-02-28 05:10:29.847201952,Account,Medium,Resolved,3
910123,10972,2026-07-17,2026-07-17 05:17:30.317779330,Integration,Medium,Resolved,4
910124,11155,2026-06-15,2026-06-15 13:08:56.916733012,Security,Low,Resolved,3
910125,15529,2026-08-06,2026-08-06 16:19:52.868777667,Feature Request,Medium,Resolved,5
910126,14342,2025-10-20,2025-10-22 07:19:21.544070124,Integration,Medium,Resolved,4
910127,14385,2025-06-04,2025-06-04 09:06:25.397388986,Technical,High,Pending,4
910128,19576,2025-09-30,2025-10-03 04:33:30.368399616,Billing,Medium,Resolved,1
910129,12306,2025-06-30,2025-06-30 08:49:02.142669021,Feature Request,Medium,Resolved,4
910130,19746,2026-08-03,2026-08-03 02:59:11.500929387,Technical,High,Resolved,3
910131,15480,2026-01-20,2026-01-20 03:03:59.640103656,Technical,Low,Resolved,4
910132,11273,2026-08-16,2026-08-16 07:10:25.761559108,Feature Request,Low,Resolved,5
910133,12411,2026-06-10,2026-06-10 15:27:16.377109012,Security,Low,Resolved,3
910134,19633,2026-02-11,2026-02-12 00:19:23.005594282,Billing,High,Open,5
910135,13131,2025-10-03,2025-10-03 04:43:17.328856843,Technical,Medium,Resolved,5
910136,17213,2025-03-19,2025-03-20 00:40:13.446738105,Performance,Medium,Resolved,4
910137,19567,2025-11-03,2025-11-03 08:33:57.180883604,Technical,Medium,Resolved,3
910138,11146,2024-11-14,2024-11-14 05:05:47.176946188,Technical,Low,Resolved,4
910139,14864,2026-07-05,2026-07-05 13:35:40.534681164,Performance,Medium,Resolved,2
910140,16430,2025-11-16,2025-11-16 05:16:27.782053172,Performance,Medium,Resolved,3
910141,13378,2026-05-21,2026-05-21 08:40:26.488535707,Integration,Low,Resolved,5
910142,12381,2025-11-12,2025-11-12 03:36:27.520531070,Technical,Critical,Resolved,5
910143,14420,2026-04-26,2026-04-26 04:11:24.737345966,Performance,Low,Open,3
910144,14909,2025-11-14,2025-11-14 07:17:08.192482742,Security,Medium,Resolved,3
910145,13789,2025-10-23,2025-10-23 05:35:39.241997818,Account,Medium,Resolved,4
910146,14213,2026-05-06,2026-05-06 14:09:02.042526697,Integration,High,Resolved,4
910147,12355,2024-10-13,2024-10-13 06:37:06.361145061,Technical,Critical,Resolved,3
910148,17147,2026-01-23,2026-01-23 04:22:32.173988376,Performance,Low,Resolved,3
910149,12895,2025-04-22,2025-04-22 12:32:04.307137270,Security,Medium,Resolved,4
910150,15524,2026-06-24,2026-06-24 03:13:13.767161203,Integration,Medium,Resolved,5
910151,12469,2026-08-03,2026-08-03 04:49:31.669426999,Technical,High,Open,5
910152,11125,2026-05-02,2026-05-02 18:42:14.113886871,Security,Low,Resolved,5
910153,11188,2026-07-09,2026-07-09 03:40:53.771966324,Performance,Medium,Pending,4
910154,12308,2025-01-10,2025-01-10 15:49:44.969087456,Feature Request,Low,Resolved,5
910155,14489,2026-04-29,2026-04-29 05:22:20.007226416,Technical,Low,Resolved,3
910156,15363,2026-08-24,2026-08-24 11:32:06.142806805,Account,High,Open,3
910157,13329,2025-08-12,2025-08-12 19:33:56.246343944,Integration,Low,Resolved,1
910158,17278,2024-12-10,2024-12-10 06:18:09.002589123,Account,Medium,Resolved,5
910159,16891,2025-02-08,2025-02-08 03:23:22.950908430,Feature Request,Medium,Pending,4
910160,12396,2026-07-10,2026-07-10 01:50:43.084387284,Feature Request,High,Resolved,4
910161,14441,2025-04-20,2025-04-20 02:46:12.765154486,Account,Low,Resolved,4
910162,14142,2024-09-03,2024-09-03 16:05:50.998064031,Technical,Medium,Resolved,5
910163,14495,2025-09-23,2025-09-23 16:49:38.454794205,Technical,Medium,Resolved,4
910164,19027,2025-11-16,2025-11-16 05:47:46.560548014,Technical,High,Resolved,3
910165,10518,2026-03-15,2026-03-15 07:29:10.581907380,Integration,Low,Resolved,5
910166,16699,2026-01-13,2026-01-14 05:59:57.172285546,Feature Request,Low,Resolved,4
910167,15317,2025-01-28,2025-01-28 13:00:27.799240338,Integration,High,Resolved,2
910168,17514,2025-02-20,2025-02-20 04:44:19.538024989,Integration,Medium,Resolved,5
910169,11851,2026-08-02,2026-08-02 01:56:03.727594795,Security,High,Resolved,4
910170,14546,2026-03-16,2026-03-16 18:48:45.145637622,Integration,Medium,Resolved,5
910171,15739,2026-02-03,2026-02-03 08:51:07.784204673,Feature Request,Medium,Resolved,4
910172,14457,2025-01-08,2025-01-08 07:55:25.447975122,Performance,Medium,Resolved,1
910173,11416,2025-03-31,2025-03-31 09:30:12.004437963,Billing,Medium,Resolved,3
910174,16135,2024-11-21,2024-11-21 05:12:36.038453932,Billing,High,Resolved,4
910175,10286,2025-05-02,2025-05-02 06:38:22.497774410,Feature Request,High,Pending,4
910176,18350,2025-06-10,2025-06-10 17:44:28.998555090,Technical,High,Resolved,5
910177,18835,2026-05-25,2026-05-25 06:04:31.293408702,Feature Request,Low,Resolved,5
910178,13464,2026-04-29,2026-04-29 17:47:48.373411927,Billing,Medium,Resolved,4
910179,17687,2026-04-09,2026-04-09 09:26:42.193958956,Billing,Medium,Pending,4
910180,17276,2026-03-02,2026-03-02 07:48:31.715123137,Billing,Low,Open,5
910181,17478,2025-02-08,2025-02-08 05:17:37.606368145,Integration,Low,Resolved,1
910182,14611,2026-06-13,2026-06-13 06:29:12.215889956,Account,Medium,Resolved,5
910183,19007,2026-05-03,2026-05-03 03:04:56.189749897,Account,High,Resolved,5
910184,11807,2025-05-06,2025-05-06 11:18:52.692851077,Security,Low,Resolved,4
910185,14063,2025-11-21,2025-11-21 06:28:29.110240639,Performance,Medium,Resolved,5
910186,14394,2026-07-28,2026-07-28 12:45:50.060788567,Technical,Medium,Resolved,2
910187,17179,2025-09-15,2025-09-16 00:34:02.664747876,Feature Request,High,Resolved,4
910188,11492,2026-05-03,2026-05-03 18:03:03.323475115,Integration,Low,Resolved,5
910189,11258,2026-01-02,2026-01-02 08:22:28.835912697,Security,Medium,Open,1
910190,19566,2024-09-24,2024-09-25 16:46:51.603008941,Technical,Medium,Resolved,4
910191,11664,2026-07-19,2026-07-19 05:14:53.860359393,Integration,Low,Resolved,4
910192,12638,2026-01-26,2026-01-26 19:13:20.131683128,Performance,High,Resolved,5
910193,15605,2024-07-28,2024-07-28 07:45:38.173159576,Integration,Medium,Resolved,2
910194,17779,2026-04-14,2026-04-15 07:30:03.897725065,Security,Low,Resolved,1
910195,14496,2025-07-12,2025-07-12 04:33:57.893863176,Account,Low,Resolved,5
910196,11275,2026-05-19,2026-05-19 08:43:46.821958291,Security,Low,Resolved,5
910197,11725,2025-12-24,2025-12-24 04:53:31.727403636,Account,Medium,Resolved,4
910198,15501,2024-05-19,2024-05-19 04:46:58.591481707,Integration,Medium,Resolved,4
910199,17245,2026-08-22,2026-08-22 10:32:34.517316807,Technical,Medium,Resolved,5
910200,16674,2024-04-28,2024-04-29 16:52:20.316905688,Technical,Medium,Resolved,2
910201,16537,2026-06-26,2026-06-26 11:00:55.421154712,Integration,Low,Resolved,3
910202,19438,2024-09-25,2024-09-25 04:46:08.392203652,Performance,Medium,Resolved,5
910203,17191,2026-04-29,2026-04-29 22:16:25.607284086,Technical,High,Resolved,5
910204,15707,2024-05-28,2024-05-28 08:06:20.021443138,Account,Low,Resolved,4
910205,14972,2025-11-05,2025-11-05 12:11:56.173900480,Billing,Medium,Resolved,4
910206,13900,2025-10-31,2025-10-31 13:25:39.422656221,Technical,High,Pending,5
910207,17838,2025-10-12,2025-10-12 09:09:22.272816362,Feature Request,Medium,Resolved,5
910208,16303,2024-06-18,2024-06-19 13:27:34.694416000,Technical,Low,Resolved,4
910209,10491,2026-03-23,2026-03-23 06:06:42.456877394,Technical,Low,Open,5
910210,16018,2025-12-13,2025-12-13 06:22:14.245534635,Performance,Critical,Resolved,3
910211,17170,2024-07-20,2024-07-21 02:40:02.832806924,Billing,Low,Resolved,5
910212,10479,2026-02-01,2026-02-01 17:55:48.989915558,Performance,Low,Resolved,4
910213,19435,2025-06-27,2025-06-27 13:05:14.815326876,Performance,Low,Resolved,5
910214,13405,2025-10-22,2025-10-22 12:20:55.503470788,Performance,Medium,Resolved,3
910215,10627,2026-02-28,2026-02-28 07:25:17.423363146,Integration,Medium,Resolved,4
910216,18614,2026-04-27,2026-04-27 02:51:31.229667493,Performance,Medium,Resolved,2
910217,18689,2026-01-23,2026-01-23 05:15:25.549281540,Billing,Critical,Resolved,5
910218,12311,2025-12-16,2025-12-16 15:44:36.973182044,Technical,Low,Resolved,5
910219,19693,2024-11-27,2024-11-27 04:32:04.250518080,Billing,Medium,Resolved,5
910220,19791,2026-07-02,2026-07-02 11:53:02.269527288,Integration,Low,Resolved,4
910221,10920,2026-03-16,2026-03-16 06:33:41.743038139,Feature Request,Low,Resolved,2
910222,17198,2026-05-15,2026-05-15 11:19:01.902324986,Technical,High,Resolved,3
910223,16060,2026-06-14,2026-06-15 08:54:34.318221674,Integration,Low,Resolved,3
910224,15071,2026-08-07,2026-08-07 18:35:26.832520060,Technical,High,Resolved,2
910225,10319,2026-05-09,2026-05-09 12:06:16.889094162,Account,High,Resolved,4
910226,18871,2026-02-25,2026-02-25 04:08:43.449615067,Billing,Medium,Resolved,4
910227,10593,2025-12-09,2025-12-09 22:02:58.797992446,Account,Medium,Resolved,4
910228,14681,2025-08-18,2025-08-18 02:57:49.373044441,Security,Low,Resolved,4
910229,11010,2026-02-24,2026-02-24 08:35:43.439297319,Account,Medium,Resolved,1
910230,13159,2026-08-25,2026-08-25 07:35:26.850175468,Technical,High,Open,5
910231,16101,2025-09-22,2025-09-22 17:48:18.447723766,Technical,Low,Pending,2
910232,19897,2026-03-30,2026-03-30 09:11:25.372599900,Integration,Critical,Resolved,4
910233,18506,2025-05-12,2025-05-12 22:05:04.958148804,Integration,Low,Resolved,2
910234,15262,2026-07-12,2026-07-13 10:53:40.056380498,Account,Medium,Resolved,2
910235,17723,2026-04-22,2026-04-22 11:05:20.999126418,Technical,Medium,Resolved,4
910236,12337,2026-03-29,2026-03-29 02:02:00.153054596,Account,Low,Resolved,4
910237,14300,2024-07-17,2024-07-17 09:09:16.417990818,Account,Medium,Pending,5
910238,12829,2026-01-09,2026-01-09 21:47:47.272042154,Performance,Medium,Resolved,4
910239,10990,2025-09-29,2025-09-29 12:37:03.750637717,Security,Low,Resolved,4
910240,15049,2026-04-30,2026-04-30 10:42:20.258093343,Performance,Medium,Resolved,4
910241,10440,2026-04-09,2026-04-09 03:51:03.873262719,Security,Medium,Resolved,4
910242,11190,2026-04-10,2026-04-10 05:12:13.719318418,Billing,Medium,Resolved,4
910243,13144,2026-04-19,2026-04-19 03:14:04.875789829,Technical,Medium,Resolved,2
910244,10419,2026-07-24,2026-07-24 13:03:30.093109221,Account,Medium,Pending,4
910245,18614,2026-02-10,2026-02-11 06:47:00.655072144,Billing,Low,Resolved,3
910246,11628,2025-03-07,2025-03-07 09:47:07.224167158,Billing,Low,Resolved,4
910247,18347,2025-01-22,2025-01-22 07:49:32.675971717,Account,High,Resolved,5
910248,13571,2025-01-26,2025-01-26 03:30:11.204653557,Feature Request,Low,Resolved,4
910249,19497,2025-03-21,2025-03-21 10:01:45.968560784,Performance,Medium,Resolved,2
910250,16753,2026-08-22,2026-08-22 01:42:37.168369513,Integration,Medium,Resolved,4
910251,19984,2025-02-14,2025-02-15 17:31:48.909586303,Integration,Medium,Resolved,4
910252,19831,2025-02-03,2025-02-03 05:55:36.226202264,Integration,Medium,Resolved,3
910253,12138,2025-09-27,2025-09-27 21:31:56.983167267,Technical,High,Resolved,5
910254,19180,2025-08-11,2025-08-12 23:00:00.127603648,Billing,Critical,Resolved,4
910255,10320,2025-01-22,2025-01-22 02:57:23.503101040,Performance,Medium,Resolved,5
910256,12690,2026-06-03,2026-06-03 08:23:09.412309950,Billing,Low,Resolved,3
910257,13647,2025-10-22,2025-10-22 10:35:51.930636392,Technical,Medium,Resolved,4
910258,10190,2026-03-05,2026-03-06 22:58:45.593058828,Account,Low,Open,4
910259,12850,2025-09-13,2025-09-13 07:59:00.983416822,Integration,High,Resolved,1
910260,14937,2026-07-11,2026-07-11 13:06:28.783804093,Performance,High,Resolved,4
910261,14292,2026-03-10,2026-03-10 04:38:00.796734553,Integration,Medium,Resolved,2
910262,13709,2025-10-25,2025-10-26 11:27:03.743440189,Technical,Medium,Resolved,4
910263,12609,2026-01-26,2026-01-26 09:10:58.077830366,Integration,High,Resolved,5
910264,12455,2026-01-22,2026-01-22 04:57:13.297291891,Technical,Medium,Resolved,3
910265,19321,2025-05-25,2025-05-25 19:13:14.293755512,Technical,Medium,Resolved,3
910266,14979,2026-07-02,2026-07-02 13:53:30.385116999,Account,High,Resolved,4
910267,10613,2026-06-16,2026-06-16 10:56:17.643054958,Billing,Medium,Resolved,1
910268,12741,2026-02-06,2026-02-06 12:06:54.656425454,Billing,Medium,Resolved,4
910269,16172,2025-09-14,2025-09-14 10:44:54.604627310,Technical,Medium,Resolved,4
910270,16846,2026-03-27,2026-03-27 16:10:11.540999398,Performance,Medium,Open,5
910271,18686,2026-05-30,2026-05-30 13:47:38.109194545,Technical,High,Resolved,5
910272,15322,2025-05-13,2025-05-13 13:59:53.168505403,Security,Medium,Resolved,4
910273,11473,2025-01-08,2025-01-08 11:14:46.453857964,Integration,High,Resolved,5
910274,19650,2026-04-17,2026-04-17 13:41:09.555813355,Security,Low,Resolved,4
910275,18701,2025-04-24,2025-04-24 05:21:56.258691609,Performance,High,Resolved,3
910276,13166,2025-04-01,2025-04-01 07:27:44.143697350,Performance,Medium,Resolved,1
910277,13040,2026-04-30,2026-05-01 00:15:44.064377510,Performance,High,Resolved,3
910278,13906,2025-09-10,2025-09-10 03:54:36.141718723,Feature Request,Low,Resolved,1
910279,11400,2025-03-24,2025-03-24 10:24:25.365198132,Technical,Low,Resolved,4
910280,13632,2026-02-16,2026-02-17 04:47:57.392212714,Security,High,Resolved,5
910281,17876,2026-04-27,2026-04-27 10:49:08.764446450,Technical,Low,Resolved,5
910282,18263,2025-02-05,2025-02-06 02:04:36.481857794,Technical,Low,Resolved,4
910283,15041,2026-06-30,2026-06-30 03:48:15.554675800,Integration,Medium,Resolved,4
910284,14494,2026-06-15,2026-06-15 05:29:02.740984440,Integration,Medium,Resolved,5
910285,12560,2026-02-15,2026-02-15 04:26:06.124410754,Technical,Low,Resolved,5
910286,15011,2025-11-12,2025-11-12 10:04:56.067064485,Performance,Low,Resolved,5
910287,13594,2024-10-21,2024-10-21 16:31:17.628865957,Technical,Medium,Resolved,4
910288,15333,2026-04-01,2026-04-01 10:01:15.169547708,Technical,Low,Resolved,4
910289,15057,2025-04-26,2025-04-26 13:49:23.187179748,Technical,Medium,Resolved,4
910290,17360,2025-03-05,2025-03-05 08:32:48.262487884,Technical,Medium,Resolved,3
910291,11645,2025-07-14,2025-07-14 15:37:33.992632635,Billing,Medium,Resolved,4
910292,17754,2026-06-09,2026-06-09 14:33:29.482476076,Technical,Critical,Resolved,2
910293,18714,2026-07-27,2026-07-29 06:47:06.796655160,Technical,Low,Resolved,5
910294,15518,2025-02-27,2025-02-27 06:41:24.807329293,Technical,Low,Open,2
910295,10929,2025-11-15,2025-11-15 02:30:18.906749672,Account,High,Resolved,4
910296,11632,2026-05-14,2026-05-14 08:47:59.758498240,Performance,Low,Open,5
910297,13735,2025-04-14,2025-04-14 15:39:55.724434462,Feature Request,Medium,Resolved,5
910298,10103,2025-11-16,2025-11-17 04:58:30.075183235,Account,Medium,Resolved,5
910299,18965,2025-02-06,2025-02-06 13:18:22.140100368,Technical,Low,Resolved,3
910300,10904,2026-03-31,2026-03-31 21:53:28.540393468,Account,Medium,Resolved,1
910301,17165,2025-10-09,2025-10-10 02:30:46.699004286,Feature Request,Medium,Resolved,4
910302,14753,2026-04-30,2026-04-30 22:19:16.203412963,Integration,High,Open,5
910303,15639,2026-01-22,2026-01-22 07:28:08.657284911,Performance,Medium,Resolved,5
910304,11707,2024-04-12,2024-04-13 18:01:41.353805604,Technical,Critical,Open,2
910305,17229,2026-06-19,2026-06-20 00:01:21.858689211,Integration,Medium,Resolved,5
910306,12074,2026-05-17,2026-05-17 09:36:23.853461346,Performance,Medium,Resolved,3
910307,13502,2024-08-04,2024-08-04 03:58:42.988866272,Technical,Medium,Resolved,2
910308,11854,2025-03-04,2025-03-04 04:53:32.252285911,Integration,Medium,Resolved,5
910309,19314,2025-03-03,2025-03-03 16:22:31.429490235,Feature Request,High,Resolved,4
910310,14408,2025-02-21,2025-02-21 03:03:48.884538002,Integration,Medium,Resolved,3
910311,15684,2026-06-26,2026-06-26 03:14:16.918985299,Feature Request,Medium,Resolved,4
910312,19776,2026-02-01,2026-02-01 05:44:12.452691620,Feature Request,Critical,Resolved,3
910313,18275,2025-06-30,2025-06-30 09:14:18.002938246,Technical,Medium,Resolved,2
910314,18770,2025-01-18,2025-01-18 07:39:58.694369767,Technical,Low,Pending,3
910315,16339,2025-07-09,2025-07-09 05:33:41.327268379,Technical,Low,Resolved,5
910316,14754,2025-07-26,2025-07-26 06:26:23.424628862,Account,Low,Resolved,2
910317,15601,2026-08-12,2026-08-12 13:09:44.318749186,Integration,Low,Resolved,3
910318,15184,2025-02-13,2025-02-13 23:26:25.513099969,Feature Request,Low,Open,4
910319,10086,2026-07-12,2026-07-12 22:31:59.052664088,Technical,Medium,Pending,4
910320,19276,2025-04-11,2025-04-11 09:13:27.972632755,Integration,Medium,Resolved,4
910321,19682,2025-04-30,2025-04-30 11:16:28.135460751,Feature Request,Low,Resolved,2
910322,12806,2025-02-25,2025-02-25 07:01:43.762940709,Billing,Low,Open,2
910323,17070,2025-10-16,2025-10-16 02:27:25.844435258,Integration,Low,Pending,1
910324,16574,2026-02-13,2026-02-13 04:57:54.155088255,Technical,Low,Resolved,3
910325,11132,2025-02-04,2025-02-04 04:22:36.373505523,Technical,Low,Resolved,4
910326,15150,2026-05-07,2026-05-07 04:40:32.808347014,Feature Request,Low,Resolved,3
910327,13825,2025-01-06,2025-01-06 09:29:36.305601435,Integration,High,Resolved,3
910328,18972,2025-08-25,2025-08-25 06:35:56.288847033,Technical,Medium,Resolved,5
910329,18493,2026-08-29,2026-08-29 05:48:00.562818063,Billing,Medium,Resolved,3
910330,14735,2025-08-24,2025-08-24 18:47:48.119118777,Feature Request,High,Resolved,4
910331,18759,2026-06-01,2026-06-02 21:44:49.322073444,Performance,Medium,Open,4
910332,18571,2025-04-13,2025-04-13 09:06:10.821792528,Integration,Low,Resolved,2
910333,14447,2025-11-17,2025-11-17 07:27:23.512730882,Technical,Medium,Resolved,2
910334,16728,2025-01-27,2025-01-27 11:38:00.608806449,Technical,Low,Open,4
910335,13989,2025-05-14,2025-05-14 06:57:22.250431872,Integration,Medium,Resolved,3
910336,16477,2026-04-19,2026-04-19 17:29:47.285628046,Account,Low,Resolved,4
910337,18597,2025-11-12,2025-11-12 08:31:08.474249078,Security,Low,Resolved,5
910338,10625,2026-02-13,2026-02-13 05:09:17.346979382,Feature Request,Medium,Resolved,5
910339,15552,2025-09-18,2025-09-18 22:29:13.171955636,Integration,Low,Resolved,4
910340,12244,2026-01-07,2026-01-07 03:10:56.372670620,Feature Request,Medium,Resolved,1
910341,14907,2026-07-22,2026-07-22 02:39:50.778967316,Account,Medium,Resolved,3
910342,19387,2026-05-20,2026-05-20 18:27:06.056360355,Billing,Medium,Open,3
910343,10297,2026-08-02,2026-08-02 11:58:24.434926791,Technical,Low,Resolved,2
910344,11500,2026-08-23,2026-08-24 02:22:42.598945750,Account,Medium,Resolved,5
910345,18634,2025-12-05,2025-12-05 19:03:12.420720727,Integration,High,Pending,1
910346,18288,2025-08-21,2025-08-21 22:43:42.622546004,Billing,Critical,Resolved,5
910347,10755,2025-11-10,2025-11-10 06:06:56.888978666,Security,Medium,Resolved,3
910348,14394,2026-06-05,2026-06-05 06:14:04.834365630,Feature Request,Medium,Resolved,5
910349,17552,2025-05-29,2025-05-29 07:29:19.558531438,Billing,Low,Resolved,5
910350,15376,2026-08-23,2026-08-23 03:18:13.185584226,Integration,Medium,Resolved,3
910351,10534,2026-02-22,2026-02-22 04:26:05.027140129,Integration,Medium,Open,4
910352,11593,2026-05-07,2026-05-07 05:30:18.810068731,Integration,Low,Resolved,5
910353,15114,2025-09-06,2025-09-06 12:32:54.937021732,Technical,Medium,Resolved,5
910354,11795,2025-05-21,2025-05-23 06:18:25.472453547,Feature Request,Low,Resolved,5
910355,12420,2025-07-15,2025-07-15 03:43:30.628152177,Integration,Medium,Resolved,2
910356,14879,2025-10-22,2025-10-22 07:24:22.482766033,Technical,Low,Resolved,4
910357,11331,2025-09-17,2025-09-17 13:14:59.869389868,Integration,Low,Open,4
910358,11703,2024-10-20,2024-10-20 09:15:30.964464486,Technical,Medium,Resolved,3
910359,14077,2025-10-03,2025-10-04 06:03:44.610084928,Technical,Low,Resolved,5
910360,19023,2024-03-25,2024-03-25 17:19:17.394225880,Technical,Medium,Open,5
910361,13527,2025-09-17,2025-09-17 13:20:13.661817698,Account,Medium,Resolved,5
910362,17245,2026-08-22,2026-08-23 12:08:40.455209727,Technical,Medium,Resolved,5
910363,11919,2026-08-20,2026-08-20 05:15:15.956611740,Feature Request,Low,Resolved,4
910364,19770,2025-06-01,2025-06-01 13:29:15.178585822,Billing,Medium,Resolved,4
910365,10801,2026-07-01,2026-07-01 18:24:03.608451982,Technical,High,Resolved,4
910366,14454,2026-05-14,2026-05-14 09:59:06.261775177,Billing,Medium,Resolved,2
910367,16950,2025-11-17,2025-11-17 16:10:03.295381418,Account,Low,Resolved,5
910368,19367,2024-12-21,2024-12-21 13:07:38.709786673,Billing,High,Resolved,4
910369,15251,2026-02-02,2026-02-02 12:21:52.726319452,Integration,Medium,Resolved,3
910370,11346,2024-04-18,2024-04-18 10:16:54.649493558,Technical,High,Pending,4
910371,15144,2025-04-28,2025-04-28 14:59:06.480446136,Account,Medium,Resolved,1
910372,13422,2025-07-19,2025-07-19 11:24:17.468287297,Performance,Medium,Resolved,5
910373,16066,2026-04-08,2026-04-08 09:50:15.153629503,Billing,Medium,Resolved,1
910374,15579,2026-07-18,2026-07-19 00:46:39.338911653,Technical,Low,Open,4
910375,14783,2025-08-28,2025-08-28 12:57:00.480812871,Technical,Medium,Resolved,3
910376,14358,2024-12-24,2024-12-25 17:36:08.911913065,Account,Low,Resolved,4
910377,10600,2026-04-26,2026-04-26 05:39:27.049538995,Integration,Medium,Resolved,1
910378,19826,2025-11-16,2025-11-16 01:55:13.406913433,Feature Request,Low,Resolved,4
910379,14104,2025-06-03,2025-06-03 10:57:46.265977098,Performance,High,Resolved,1
910380,14597,2026-05-16,2026-05-16 18:17:25.918142924,Technical,Medium,Resolved,2
910381,11324,2026-07-13,2026-07-13 09:23:05.142681672,Feature Request,Low,Resolved,3
910382,17670,2026-06-19,2026-06-19 01:57:17.656735798,Account,High,Resolved,2
910383,14444,2025-01-17,2025-01-17 05:20:40.881305605,Technical,Low,Resolved,4
910384,18106,2026-07-30,2026-07-30 23:40:14.423091279,Integration,Medium,Resolved,2
910385,16195,2026-04-10,2026-04-10 11:37:35.540687686,Technical,Medium,Pending,4
910386,11633,2025-09-04,2025-09-04 18:58:02.563812048,Technical,Critical,Resolved,4
910387,13779,2024-10-22,2024-10-22 04:46:56.860322692,Technical,Medium,Resolved,4
910388,19683,2026-02-27,2026-02-28 02:36:32.522489341,Billing,Low,Resolved,5
910389,10419,2025-06-10,2025-06-10 02:08:42.747848415,Account,High,Pending,2
910390,13918,2026-03-22,2026-03-22 22:31:42.477419233,Account,Low,Resolved,1
910391,17432,2025-04-23,2025-04-23 22:58:17.605009174,Billing,High,Resolved,2
910392,14534,2024-09-18,2024-09-18 09:19:21.120799483,Technical,Medium,Open,3
910393,14003,2026-08-17,2026-08-17 10:43:36.988267965,Technical,Medium,Open,5
910394,16020,2026-06-24,2026-06-24 05:29:57.873801084,Technical,Medium,Resolved,4
910395,18842,2025-08-12,2025-08-12 10:29:20.518125442,Billing,Medium,Open,3
910396,14506,2025-01-09,2025-01-09 09:56:37.226365735,Technical,High,Resolved,1
910397,19115,2025-04-08,2025-04-09 00:06:17.768982265,Performance,Low,Resolved,2
910398,14897,2026-07-20,2026-07-20 13:55:13.324382022,Account,Low,Resolved,5
910399,17092,2024-11-22,2024-11-22 04:59:11.730296857,Integration,Low,Resolved,5
910400,13756,2025-08-10,2025-08-11 04:14:28.318294388,Integration,Low,Resolved,2
910401,19117,2026-08-11,2026-08-11 21:02:01.833294559,Feature Request,Low,Resolved,4
910402,18688,2026-02-14,2026-02-14 14:36:41.146933136,Feature Request,Medium,Resolved,2
910403,11976,2026-01-27,2026-01-27 05:48:14.529114590,Technical,Critical,Resolved,5
910404,19316,2025-07-29,2025-07-29 12:56:31.789942612,Billing,Low,Resolved,4
910405,11485,2025-12-22,2025-12-22 05:23:21.060235910,Technical,Medium,Resolved,3
910406,18350,2025-08-13,2025-08-13 16:17:46.296523442,Feature Request,Low,Resolved,4
910407,14240,2026-08-02,2026-08-02 07:02:29.387666414,Billing,Medium,Resolved,4
910408,14113,2026-05-31,2026-05-31 04:27:40.358211559,Performance,Low,Open,3
910409,17980,2025-11-29,2025-11-29 15:47:44.205946530,Account,High,Resolved,5
910410,10314,2024-05-07,2024-05-07 18:02:39.192386686,Technical,Medium,Resolved,5
910411,13776,2026-06-24,2026-06-24 05:48:10.799217522,Integration,Low,Resolved,2
910412,10625,2026-02-13,2026-02-13 04:06:20.519538080,Integration,Medium,Resolved,4
910413,10377,2026-02-01,2026-02-01 17:27:54.304496978,Technical,Medium,Resolved,4
910414,11942,2025-07-01,2025-07-01 05:28:26.208835964,Feature Request,Medium,Resolved,5
910415,10419,2026-05-19,2026-05-19 08:48:56.896026919,Integration,Low,Resolved,5
910416,10103,2025-11-16,2025-11-16 12:44:29.757287461,Security,High,Open,4
910417,16081,2026-07-03,2026-07-03 08:35:07.375334801,Feature Request,High,Resolved,5
910418,12722,2026-04-07,2026-04-07 11:50:38.556381228,Technical,Low,Resolved,4
910419,17326,2026-04-08,2026-04-08 03:08:36.158722911,Performance,Medium,Resolved,3
910420,12983,2024-12-14,2024-12-14 20:03:32.821884226,Technical,Low,Resolved,4
910421,15609,2025-05-22,2025-05-22 13:22:50.526675915,Billing,Low,Resolved,4
910422,17659,2026-06-16,2026-06-16 02:43:59.159630877,Technical,Medium,Resolved,5
910423,11650,2025-04-25,2025-04-25 11:55:15.938177948,Feature Request,Low,Resolved,5
910424,15417,2025-04-12,2025-04-12 06:12:12.072741202,Performance,Medium,Resolved,3
910425,14552,2025-11-02,2025-11-02 11:19:03.959884333,Technical,Low,Resolved,4
910426,13473,2026-08-17,2026-08-17 04:20:35.802376069,Technical,Medium,Resolved,4
910427,14433,2025-04-17,2025-04-17 04:49:30.197662438,Integration,Low,Resolved,5
910428,19076,2026-03-17,2026-03-17 09:51:17.747238142,Technical,Low,Resolved,4
910429,18148,2026-04-25,2026-04-26 01:43:51.285189320,Account,Medium,Resolved,4
910430,18318,2026-08-08,2026-08-08 03:47:04.735759084,Billing,High,Resolved,4
910431,16108,2025-10-01,2025-10-01 05:25:19.612036142,Feature Request,Low,Resolved,4
910432,16231,2026-01-29,2026-01-29 06:41:22.238278353,Feature Request,Medium,Resolved,4
910433,14968,2026-07-03,2026-07-03 05:00:46.182782664,Technical,Medium,Resolved,4
910434,13047,2025-12-30,2025-12-30 14:58:30.763418764,Account,Medium,Resolved,4
910435,15229,2025-10-27,2025-10-27 03:31:03.758187165,Account,Critical,Resolved,1
910436,10334,2024-06-12,2024-06-12 15:54:43.164021952,Technical,Medium,Resolved,4
910437,15626,2024-04-30,2024-04-30 09:20:22.158087183,Technical,High,Resolved,4
910438,19281,2025-04-10,2025-04-10 02:38:24.168607702,Billing,Low,Resolved,3
910439,11135,2026-04-23,2026-04-25 08:52:50.013614434,Billing,Medium,Resolved,5
910440,14513,2024-09-24,2024-09-24 09:55:01.875671076,Integration,Low,Resolved,4
910441,12555,2026-06-25,2026-06-25 07:24:56.297310044,Technical,Medium,Resolved,4
910442,18652,2026-06-10,2026-06-10 08:03:10.991213866,Technical,Low,Resolved,3
910443,12744,2025-08-19,2025-08-19 04:00:19.863720223,Technical,Medium,Resolved,5
910444,11584,2024-10-12,2024-10-12 11:45:57.022451899,Billing,Medium,Resolved,3
910445,12280,2026-01-01,2026-01-01 10:03:43.283032192,Performance,Medium,Resolved,2
910446,14364,2024-08-23,2024-08-23 11:16:38.500879353,Integration,Medium,Resolved,5
910447,15623,2026-05-17,2026-05-17 18:08:00.661920946,Feature Request,Low,Resolved,2
910448,19787,2026-05-05,2026-05-05 05:56:09.426749326,Technical,Medium,Resolved,5
910449,13503,2026-06-09,2026-06-09 11:00:53.867287321,Security,Medium,Resolved,5
910450,15804,2026-08-02,2026-08-02 11:25:32.895016831,Technical,Low,Resolved,2
910451,15064,2026-05-19,2026-05-19 07:58:21.436981788,Technical,Medium,Resolved,5
910452,19615,2025-03-26,2025-03-26 14:16:26.454996476,Performance,Medium,Resolved,4
910453,15667,2025-09-20,2025-09-20 11:26:20.073435770,Feature Request,Medium,Open,3
910454,13743,2025-06-28,2025-06-28 08:06:06.751419030,Technical,Medium,Resolved,3
910455,19886,2026-06-16,2026-06-16 21:47:45.171499210,Account,Medium,Resolved,4
910456,19323,2024-11-15,2024-11-15 04:08:50.746242901,Account,Low,Resolved,4
910457,19899,2026-03-03,2026-03-03 09:58:52.088255691,Billing,Low,Resolved,3
910458,10718,2025-12-11,2025-12-11 10:03:41.446113814,Feature Request,Low,Resolved,4
910459,11824,2024-05-09,2024-05-10 03:05:41.527065357,Technical,Low,Resolved,5
910460,19231,2025-10-22,2025-10-22 21:15:13.885457828,Feature Request,Medium,Resolved,5
910461,16699,2025-12-05,2025-12-05 09:50:37.734465858,Integration,Medium,Resolved,2
910462,19940,2026-08-24,2026-08-24 06:26:01.699903082,Account,Low,Resolved,3
910463,10287,2025-08-21,2025-08-21 02:06:34.273564812,Account,High,Resolved,4
910464,10147,2026-06-24,2026-06-24 18:49:09.317358915,Billing,Low,Open,4
910465,16534,2026-05-20,2026-05-20 10:23:34.943812944,Account,Low,Resolved,5
910466,11750,2026-01-22,2026-01-22 02:36:49.499783492,Integration,Low,Resolved,4
910467,11219,2026-01-25,2026-01-25 04:37:38.617220877,Performance,Medium,Pending,5
910468,17498,2026-06-30,2026-06-30 07:53:47.611022352,Integration,Medium,Resolved,4
910469,19834,2025-03-29,2025-03-29 09:17:33.095234003,Feature Request,Low,Resolved,4
910470,19510,2025-02-20,2025-02-20 13:09:36.168469711,Technical,Medium,Resolved,5
910471,14163,2024-10-22,2024-10-22 07:29:15.415645542,Technical,Low,Resolved,2
910472,11887,2025-10-21,2025-10-21 08:09:47.217092342,Account,Low,Resolved,1
910473,13173,2025-11-19,2025-11-20 00:22:29.244235591,Account,Low,Resolved,4
910474,12289,2025-04-04,2025-04-04 12:26:07.994899359,Performance,Low,Resolved,5
910475,12460,2025-07-07,2025-07-07 02:25:18.781876171,Security,Critical,Resolved,5
910476,10923,2025-11-06,2025-11-06 05:54:57.439342353,Technical,Low,Resolved,4
910477,13030,2025-12-25,2025-12-25 21:14:01.351458405,Technical,Medium,Resolved,1
910478,14501,2026-08-11,2026-08-11 09:11:43.636175530,Technical,Medium,Resolved,3
910479,12630,2026-08-07,2026-08-07 02:45:29.200437496,Technical,High,Resolved,4
910480,14963,2024-04-19,2024-04-19 15:58:08.326918851,Billing,Medium,Resolved,4
910481,16807,2025-04-16,2025-04-16 17:40:30.440104633,Integration,Medium,Resolved,4
910482,18032,2025-07-12,2025-07-12 11:39:11.479757328,Technical,Medium,Resolved,4
910483,13354,2026-06-06,2026-06-07 01:40:54.263510482,Integration,Medium,Open,4
910484,13137,2026-05-30,2026-05-30 08:22:08.089972028,Feature Request,High,Open,5
910485,19904,2025-09-17,2025-09-17 10:12:56.254157208,Technical,Medium,Open,3
910486,14068,2025-09-02,2025-09-02 07:09:14.055312931,Security,Low,Resolved,2
910487,14986,2025-09-19,2025-09-19 09:04:51.583194368,Billing,Critical,Resolved,4
910488,18979,2025-03-25,2025-03-25 17:10:39.441780102,Technical,High,Pending,4
910489,17981,2026-08-09,2026-08-09 13:07:37.912060174,Technical,Low,Resolved,3
910490,15575,2025-10-02,2025-10-02 10:22:33.224152576,Performance,High,Resolved,1
910491,11684,2025-02-25,2025-02-25 12:29:11.817474086,Account,Low,Resolved,4
910492,13502,2024-08-04,2024-08-04 15:05:06.321626275,Technical,Medium,Resolved,3
910493,10136,2024-08-10,2024-08-10 21:05:18.445190582,Account,High,Resolved,5
910494,11971,2026-05-14,2026-05-14 23:47:00.614907661,Technical,Medium,Resolved,1
910495,15061,2026-04-12,2026-04-12 08:04:44.724057236,Account,Medium,Resolved,4
910496,14602,2026-03-20,2026-03-20 05:36:57.917373418,Billing,Low,Resolved,2
910497,18537,2026-06-26,2026-06-26 07:07:40.171881644,Performance,High,Resolved,3
910498,13100,2026-08-07,2026-08-07 10:13:52.966197559,Integration,Medium,Resolved,5
910499,17764,2024-06-29,2024-06-29 12:17:27.620807856,Integration,High,Resolved,4
910500,17857,2024-06-20,2024-06-20 05:27:34.039904781,Account,Low,Open,3
910501,12174,2025-12-30,2025-12-30 08:00:56.162054383,Performance,Medium,Resolved,4
910502,12817,2026-01-17,2026-01-17 06:17:39.829082708,Technical,High,Resolved,4
910503,19053,2024-03-10,2024-03-10 15:15:58.853565230,Technical,Low,Resolved,4
910504,10832,2025-09-02,2025-09-02 08:15:42.229027202,Billing,High,Resolved,4
910505,11103,2026-07-25,2026-07-25 03:40:14.304098546,Billing,High,Resolved,5
910506,14413,2026-06-30,2026-06-30 04:11:52.353969399,Integration,High,Resolved,5
910507,14399,2025-11-23,2025-11-23 14:15:32.430865204,Performance,Medium,Resolved,5
910508,19603,2024-10-31,2024-10-31 13:20:48.723583102,Account,Medium,Resolved,5
910509,11549,2026-02-02,2026-02-02 08:17:46.640935644,Integration,High,Resolved,4
910510,17114,2025-03-14,2025-03-14 08:30:56.019380335,Integration,High,Resolved,4
910511,13329,2025-08-12,2025-08-12 11:18:58.072040150,Account,Medium,Resolved,4
910512,17855,2026-02-17,2026-02-17 07:12:12.896876048,Integration,Medium,Resolved,2
910513,11825,2025-09-26,2025-09-26 11:12:32.223944592,Feature Request,Low,Resolved,4
910514,13108,2026-03-17,2026-03-18 05:16:32.050487442,Technical,High,Resolved,5
910515,15517,2026-07-08,2026-07-08 06:57:19.785935055,Technical,Low,Resolved,4
910516,16159,2024-09-06,2024-09-06 11:04:36.880369035,Integration,Low,Resolved,2
910517,12010,2026-03-19,2026-03-19 03:15:32.969081275,Integration,Low,Resolved,4
910518,18327,2026-01-23,2026-01-23 08:22:39.973275555,Integration,Medium,Resolved,5
910519,10604,2024-04-26,2024-04-28 03:19:32.326060058,Account,High,Resolved,5
910520,16573,2026-03-18,2026-03-18 11:20:00.177612198,Technical,Medium,Resolved,4
910521,19796,2025-06-22,2025-06-22 07:16:54.090351447,Technical,Medium,Resolved,2
910522,11538,2026-05-01,2026-05-01 06:45:41.807967944,Integration,High,Resolved,3
910523,18965,2025-09-02,2025-09-02 06:38:59.711835433,Feature Request,High,Resolved,3
910524,15956,2024-03-03,2024-03-04 01:43:24.927373948,Security,Medium,Resolved,4
910525,19183,2025-06-20,2025-06-20 11:51:51.927939147,Billing,Low,Pending,4
910526,15286,2025-01-12,2025-01-12 11:19:30.980226280,Technical,Low,Resolved,2
910527,11863,2026-05-05,2026-05-05 10:22:18.235441297,Technical,Low,Resolved,1
910528,15826,2026-05-04,2026-05-04 14:55:02.598098584,Billing,Low,Resolved,2
910529,19405,2025-04-13,2025-04-13 18:25:20.822102083,Integration,High,Open,1
910530,13612,2026-04-17,2026-04-18 00:11:03.025404024,Billing,High,Resolved,3
910531,12963,2024-09-26,2024-09-26 18:24:24.092785447,Technical,High,Resolved,3
910532,16126,2024-11-18,2024-11-18 06:17:20.736369038,Security,Medium,Resolved,4
910533,19853,2025-08-09,2025-08-09 13:11:18.202066785,Integration,High,Resolved,4
910534,10426,2026-08-10,2026-08-10 15:23:40.997934423,Technical,High,Resolved,5
910535,19563,2026-08-31,,Feature Request,Medium,Resolved,3
910536,19250,2026-08-28,2026-08-28 12:19:13.835018964,Technical,High,Resolved,1
910537,12548,2026-07-29,2026-07-29 09:13:00.447517336,Technical,High,Resolved,5
910538,19688,2026-05-05,2026-05-06 01:28:18.093787384,Technical,Low,Resolved,4
910539,12963,2025-04-11,2025-04-11 08:12:31.461417630,Billing,High,Resolved,4
910540,19947,2026-04-18,2026-04-18 03:24:27.167704830,Billing,Medium,Resolved,4
910541,11401,2026-04-21,2026-04-21 03:10:08.876966815,Technical,Low,Resolved,5
910542,13076,2025-03-11,2025-03-11 09:31:14.671268831,Technical,Low,Pending,3
910543,17852,2025-03-13,2025-03-13 09:52:27.690820867,Technical,Low,Resolved,4
910544,13360,2026-01-29,2026-01-29 09:02:05.710163244,Billing,Medium,Resolved,5
910545,12243,2026-07-25,2026-07-25 09:46:08.242293255,Billing,Low,Resolved,4
910546,12215,2025-06-22,2025-06-22 12:42:43.596131598,Feature Request,Medium,Resolved,5
910547,14365,2025-04-01,2025-04-01 07:49:25.628705418,Technical,Medium,Resolved,4
910548,16253,2026-07-03,2026-07-04 17:42:35.285163951,Security,High,Resolved,2
910549,13532,2024-03-10,2024-03-10 04:29:11.755763818,Feature Request,Low,Resolved,3
910550,17953,2025-10-01,2025-10-01 08:22:51.899461910,Performance,Low,Resolved,5
910551,14063,2025-06-20,2025-06-20 02:45:22.568770947,Feature Request,High,Resolved,5
910552,12470,2024-12-02,2024-12-02 12:06:46.710762519,Account,Medium,Resolved,3
910553,11209,2025-10-19,2025-10-19 18:43:52.761548571,Integration,High,Resolved,4
910554,18141,2025-09-13,2025-09-13 04:04:21.646730200,Technical,Medium,Resolved,4
910555,15559,2025-08-18,2025-08-18 14:32:44.612164366,Technical,Medium,Pending,4
910556,13915,2026-01-26,2026-01-26 11:34:31.965732444,Account,Critical,Resolved,2
910557,10583,2026-08-04,2026-08-04 14:43:25.508662158,Technical,Low,Resolved,5
910558,14763,2025-09-20,2025-09-20 09:58:54.802963866,Integration,Medium,Resolved,5
910559,10962,2026-08-21,2026-08-21 17:18:16.187422683,Performance,Medium,Resolved,4
910560,18349,2026-05-09,2026-05-09 08:07:03.775350554,Technical,Low,Resolved,4
910561,11194,2026-04-27,2026-04-27 10:30:50.595687406,Technical,Medium,Resolved,3
910562,13867,2025-04-13,2025-04-13 16:09:05.530099309,Performance,High,Resolved,4
910563,11429,2026-07-11,2026-07-11 10:43:10.642878238,Integration,High,Resolved,3
910564,10848,2025-02-13,2025-02-13 11:04:52.918936082,Billing,Medium,Resolved,4
910565,18191,2025-08-21,2025-08-21 11:58:10.429066567,Technical,Medium,Resolved,5
910566,15675,2026-03-16,2026-03-16 06:16:34.474953028,Technical,Medium,Resolved,4
910567,18260,2025-04-25,2025-04-25 09:43:11.754704164,Feature Request,High,Resolved,4
910568,11051,2025-09-07,2025-09-07 04:33:17.229793867,Technical,Medium,Resolved,4
910569,12669,2025-11-27,2025-11-27 07:39:23.645843182,Integration,Low,Resolved,1
910570,11928,2025-12-19,2025-12-19 14:23:42.561602937,Technical,Low,Resolved,5
910571,11921,2024-10-09,2024-10-09 08:20:26.054065975,Performance,Low,Resolved,5
910572,13614,2026-06-27,2026-06-27 19:20:52.158357877,Account,Critical,Resolved,4
910573,18374,2026-04-12,2026-04-13 03:46:00.520001832,Technical,High,Resolved,4
910574,15612,2024-04-30,2024-04-30 09:16:31.496015186,Technical,Low,Resolved,4
910575,12492,2026-06-22,2026-06-22 16:46:26.518911506,Integration,Low,Resolved,2
910576,14966,2025-07-26,2025-07-26 04:16:19.907878479,Billing,Medium,Resolved,1
910577,17581,2026-07-04,2026-07-04 09:12:37.138727502,Technical,High,Resolved,4
910578,10195,2025-10-21,2025-10-21 04:45:51.635659089,Billing,High,Resolved,4
910579,19112,2026-04-29,2026-04-29 09:38:20.370731139,Technical,Medium,Pending,4
910580,10488,2025-05-15,2025-05-15 12:40:27.675867997,Security,High,Resolved,4
910581,19025,2026-07-12,2026-07-12 09:00:12.159453992,Performance,Low,Resolved,2
910582,19450,2026-07-30,2026-07-30 11:15:47.020679614,Technical,Medium,Resolved,3
910583,17602,2025-04-02,2025-04-02 04:17:49.048431093,Account,Low,Resolved,4
910584,13005,2025-04-17,2025-04-17 14:33:55.004869249,Technical,High,Resolved,5
910585,10768,2024-09-24,2024-09-24 05:06:08.556589011,Account,Low,Resolved,4
910586,16504,2026-07-01,2026-07-01 14:10:08.098703605,Feature Request,Critical,Resolved,3
910587,15964,2026-06-19,2026-06-19 05:12:50.641697401,Feature Request,Medium,Resolved,4
910588,15293,2025-05-09,2025-05-09 10:58:13.386179618,Billing,Medium,Open,5
910589,15663,2026-05-10,2026-05-11 04:01:17.301949482,Technical,Medium,Resolved,2
910590,14902,2025-03-26,2025-03-26 15:22:10.374072502,Feature Request,High,Resolved,2
910591,19418,2024-07-27,2024-07-27 03:37:26.429201533,Performance,Low,Resolved,4
910592,15181,2025-01-02,2025-01-02 01:53:58.577344270,Account,Medium,Resolved,3
910593,19720,2025-02-01,2025-02-01 16:48:06.219232387,Account,Low,Resolved,5
910594,14827,2024-12-26,2024-12-26 20:18:32.773525416,Technical,High,Resolved,2
910595,17361,2025-11-17,2025-11-17 08:30:54.469894957,Technical,Low,Resolved,5
910596,11703,2025-05-06,2025-05-06 11:44:12.295462452,Feature Request,Critical,Resolved,4
910597,14770,2026-08-06,2026-08-06 08:57:11.422833087,Billing,Medium,Resolved,4
910598,10305,2025-02-10,2025-02-11 08:14:19.015722038,Billing,High,Resolved,2
910599,17716,2025-06-14,2025-06-14 10:31:36.484555778,Technical,Low,Resolved,3
910600,17107,2025-12-17,2025-12-17 11:24:28.668518686,Account,Medium,Resolved,3
910601,12425,2026-06-10,2026-06-10 04:42:44.665893252,Account,Medium,Pending,5
910602,13748,2026-02-28,2026-02-28 09:16:55.105453866,Technical,Medium,Resolved,4
910603,11563,2026-08-04,2026-08-05 01:17:34.754476865,Integration,Medium,Resolved,5
910604,12864,2026-03-11,2026-03-11 01:08:15.841847990,Billing,Medium,Resolved,4
910605,10606,2024-04-24,2024-04-24 19:32:49.255541008,Performance,Medium,Resolved,2
910606,18158,2025-11-21,2025-11-21 04:58:28.910589222,Feature Request,High,Resolved,4
910607,18969,2026-05-28,2026-05-28 12:03:42.329168175,Performance,Low,Resolved,4
910608,17273,2024-10-03,2024-10-03 06:20:40.109679355,Technical,Medium,Resolved,5
910609,17961,2026-05-22,2026-05-23 04:03:58.720061149,Integration,Medium,Pending,4
910610,17063,2025-04-07,2025-04-07 03:59:29.651908790,Feature Request,Medium,Resolved,5
910611,16042,2025-05-18,2025-05-18 04:21:44.077989074,Billing,Medium,Resolved,5
910612,13598,2024-08-31,2024-08-31 13:28:43.782611775,Integration,Medium,Resolved,4
910613,19090,2025-11-12,2025-11-12 09:35:09.119265363,Account,High,Resolved,2
910614,19998,2025-08-09,2025-08-09 17:40:34.724062740,Account,High,Resolved,3
910615,13461,2026-05-08,2026-05-08 10:23:59.141221180,Account,Medium,Resolved,5
910616,11280,2024-11-12,2024-11-12 04:28:13.269717318,Technical,Low,Resolved,5
910617,17602,2025-05-22,2025-05-22 01:39:59.099096278,Security,Medium,Resolved,4
910618,14102,2025-05-20,2025-05-20 07:40:20.533722891,Performance,Low,Resolved,3
910619,16618,2025-05-19,2025-05-19 05:49:26.430824661,Performance,Low,Resolved,3
910620,18932,2025-06-27,2025-06-27 11:56:36.383754951,Performance,High,Resolved,2
910621,13422,2025-10-25,2025-10-25 07:40:02.169457669,Billing,Medium,Resolved,3
910622,18434,2025-11-04,2025-11-04 13:18:11.444469501,Account,Low,Resolved,5
910623,17107,2024-09-05,2024-09-05 02:28:57.011781583,Technical,Critical,Resolved,2
910624,17379,2025-07-18,2025-07-18 13:01:30.881663306,Account,Critical,Resolved,5
910625,13139,2025-12-12,2025-12-12 05:30:32.696211171,Technical,Low,Resolved,5
910626,18942,2026-01-20,2026-01-20 02:55:42.849066741,Integration,Low,Open,5
910627,10302,2026-01-21,2026-01-21 16:10:06.279137583,Performance,Low,Resolved,4
910628,15828,2026-06-25,2026-06-25 04:24:56.670909595,Security,Low,Resolved,5
910629,11591,2025-03-29,2025-03-29 09:46:23.895861297,Account,High,Resolved,5
910630,18819,2026-05-22,2026-05-22 09:12:11.674293786,Technical,High,Resolved,2
910631,17333,2026-04-12,2026-04-12 12:29:50.697161070,Security,High,Open,4
910632,12187,2025-03-07,2025-03-07 02:36:35.597772082,Performance,Medium,Resolved,5
910633,17069,2026-02-01,2026-02-01 06:10:10.636093736,Technical,Medium,Resolved,5
910634,16512,2024-07-27,2024-07-27 08:08:51.325940212,Security,High,Resolved,2
910635,13173,2025-09-19,2025-09-19 04:10:37.278314918,Security,Low,Resolved,5
910636,15429,2024-08-01,2024-08-01 07:01:56.804229616,Technical,Medium,Resolved,2
910637,17578,2024-08-18,2024-08-18 06:51:23.565620757,Technical,Medium,Resolved,5
910638,16055,2026-06-13,2026-06-14 08:45:18.196918408,Performance,Low,Resolved,2
910639,10461,2026-01-28,2026-01-28 01:34:54.727798299,Billing,Low,Open,3
910640,18949,2026-06-07,2026-06-07 02:50:16.818378612,Technical,Low,Open,3
910641,15478,2026-04-05,2026-04-05 14:35:29.588141731,Technical,Medium,Resolved,5
910642,14158,2026-01-14,2026-01-14 05:36:51.202297929,Technical,Medium,Resolved,4
910643,10495,2025-10-30,2025-10-30 03:06:30.467050484,Billing,Medium,Resolved,4
910644,10316,2025-12-15,2025-12-15 12:34:50.892540128,Feature Request,Low,Resolved,3
910645,18407,2025-05-12,2025-05-12 21:20:36.327983478,Security,High,Resolved,1
910646,13193,2026-06-24,2026-06-24 04:50:31.056448682,Performance,High,Resolved,4
910647,11640,2026-06-18,2026-06-18 14:09:35.572392727,Account,Low,Pending,5
910648,14792,2025-06-07,2025-06-07 19:53:50.794515596,Integration,Low,Resolved,5
910649,15013,2025-04-09,2025-04-09 11:51:41.515370326,Account,Medium,Resolved,5
910650,15666,2025-08-24,2025-08-24 08:12:41.303819721,Account,Medium,Resolved,3
910651,13082,2026-06-08,2026-06-08 09:10:12.650778148,Security,Low,Pending,4
910652,13577,2026-05-14,2026-05-14 15:53:49.745044280,Technical,Medium,Resolved,4
910653,11580,2026-07-25,2026-07-25 03:37:58.624783860,Technical,Low,Resolved,3
910654,19652,2026-04-03,2026-04-03 04:32:04.496946284,Technical,High,Open,5
910655,18327,2025-05-01,2025-05-02 00:30:46.346056682,Feature Request,Medium,Resolved,5
910656,19776,2026-02-01,2026-02-01 15:23:28.234487025,Security,Critical,Resolved,4
910657,12369,2025-10-24,2025-10-25 19:57:51.957629575,Security,Low,Resolved,5
910658,11887,2025-02-26,2025-02-26 22:06:33.248346116,Feature Request,High,Pending,5
910659,15925,2025-07-31,2025-07-31 22:17:05.948292796,Technical,Medium,Resolved,5
910660,17303,2024-11-29,2024-11-29 07:12:09.346570653,Billing,Medium,Resolved,3
910661,17091,2026-01-22,2026-01-22 02:33:23.779232409,Billing,Low,Resolved,4
910662,14629,2026-04-22,2026-04-22 04:59:24.043344579,Performance,High,Resolved,3
910663,12182,2024-05-20,2024-05-21 04:46:47.653258036,Technical,Medium,Resolved,3
910664,14867,2026-07-30,2026-07-30 10:50:32.838015242,Technical,Medium,Resolved,5
910665,10366,2024-08-17,2024-08-17 10:28:01.312321864,Billing,Medium,Resolved,5
910666,12610,2025-03-25,2025-03-25 09:50:07.306590346,Feature Request,Medium,Resolved,4
910667,10310,2025-11-27,2025-11-27 17:59:13.693166959,Account,Low,Pending,3
910668,12655,2025-10-10,2025-10-10 14:34:55.895858947,Feature Request,Medium,Resolved,5
910669,12672,2026-03-28,2026-03-28 11:13:51.292632295,Technical,Medium,Resolved,4
910670,11408,2025-04-09,2025-04-09 20:27:02.790040705,Performance,High,Pending,5
910671,15937,2026-06-27,2026-06-27 04:07:35.723068121,Integration,Medium,Resolved,5
910672,18121,2025-11-14,2025-11-14 09:35:59.344371322,Technical,Medium,Resolved,2
910673,16024,2026-07-27,2026-07-27 05:43:05.742909814,Feature Request,Medium,Resolved,3
910674,10058,2026-05-09,2026-05-10 06:37:02.111468523,Technical,High,Resolved,3
910675,12079,2025-07-10,2025-07-11 00:18:25.199363408,Technical,Medium,Resolved,4
910676,10321,2026-08-05,2026-08-05 04:41:41.210749305,Performance,Critical,Open,1
910677,13697,2025-03-16,2025-03-16 23:22:21.425048713,Technical,Medium,Resolved,4
910678,15507,2025-03-30,2025-03-30 11:57:51.745631540,Technical,Low,Resolved,5
910679,14615,2026-03-16,2026-03-16 05:48:52.806311413,Technical,Low,Resolved,4
910680,19146,2025-08-14,2025-08-14 04:12:41.959668484,Feature Request,High,Resolved,1
910681,13951,2024-05-24,2024-05-24 18:08:15.677517904,Technical,High,Resolved,5
910682,18290,2025-12-27,2025-12-27 02:18:40.607107574,Billing,Medium,Resolved,4
910683,18612,2025-08-25,2025-08-26 04:16:17.325545606,Account,Low,Resolved,5
910684,17454,2026-07-24,2026-07-24 06:54:38.154241011,Technical,Medium,Resolved,2
910685,18480,2026-06-25,2026-06-25 02:03:42.013054000,Technical,Low,Resolved,5
910686,11313,2024-08-24,2024-08-24 17:31:31.930088487,Account,Critical,Resolved,2
910687,12323,2024-07-07,2024-07-07 03:22:28.536662319,Billing,Low,Resolved,3
910688,13503,2026-06-19,2026-06-20 01:04:25.386394148,Performance,Medium,Resolved,1
910689,15979,2026-02-07,2026-02-07 03:50:17.433643520,Integration,Low,Resolved,2
910690,16781,2025-07-24,2025-07-25 13:16:55.754992909,Integration,Medium,Resolved,5
910691,12688,2025-10-08,2025-10-08 07:21:08.990946518,Security,Low,Resolved,4
910692,19537,2026-03-30,2026-03-30 08:05:24.234181803,Integration,Medium,Resolved,3
910693,10501,2025-02-26,2025-02-26 13:56:29.700178191,Integration,High,Resolved,1
910694,18520,2025-04-18,2025-04-18 05:03:49.980978234,Account,Medium,Resolved,4
910695,12039,2026-03-02,2026-03-02 04:28:48.961364160,Feature Request,Low,Resolved,4
910696,12979,2024-06-27,2024-06-27 12:13:13.215368881,Billing,Critical,Pending,5
910697,16082,2026-07-17,2026-07-17 16:33:34.758074995,Integration,Medium,Resolved,5
910698,10977,2026-03-24,2026-03-24 23:20:49.886645006,Feature Request,Medium,Pending,4
910699,12679,2025-11-20,2025-11-20 08:06:33.362235316,Billing,Medium,Resolved,5
910700,14065,2025-01-03,2025-01-03 11:17:50.727934107,Billing,Medium,Resolved,3
910701,13361,2026-03-13,2026-03-13 06:24:49.201765149,Technical,High,Resolved,4
910702,16183,2024-06-09,2024-06-09 07:20:57.579191872,Technical,Low,Resolved,4
910703,15233,2026-03-09,2026-03-09 17:03:12.327131962,Billing,Critical,Resolved,5
910704,11767,2025-09-25,2025-09-25 14:20:51.730273975,Billing,Low,Open,4
910705,14357,2026-07-03,2026-07-03 01:51:30.002063047,Billing,Critical,Resolved,3
910706,13807,2025-08-05,2025-08-05 07:46:51.948401408,Technical,Low,Resolved,3
910707,11242,2025-09-04,2025-09-04 06:18:04.840383297,Feature Request,Medium,Resolved,1
910708,17258,2025-08-22,2025-08-22 17:07:37.594040012,Technical,Medium,Resolved,4
910709,14946,2025-11-03,2025-11-03 06:07:40.790097379,Technical,Low,Resolved,4
910710,11342,2024-10-31,2024-10-31 13:00:29.240196753,Technical,Medium,Resolved,5
910711,11085,2025-09-25,2025-09-25 04:06:41.197543333,Performance,Low,Resolved,4
910712,18902,2025-07-27,2025-07-28 01:21:41.266740963,Billing,Medium,Pending,3
910713,15030,2026-05-31,2026-05-31 08:46:05.006497252,Technical,High,Resolved,5
910714,14336,2026-05-27,2026-05-27 03:23:32.820026607,Security,High,Pending,4
910715,10977,2026-03-24,2026-03-24 08:52:37.507982736,Technical,Medium,Resolved,3
910716,15011,2026-07-24,2026-07-24 05:09:22.652019450,Technical,Medium,Resolved,4
910717,17967,2026-04-13,2026-04-13 10:58:33.102998018,Technical,High,Resolved,1
910718,13479,2026-04-03,2026-04-03 10:40:10.972364815,Technical,Medium,Resolved,4
910719,13342,2026-08-31,,Technical,Low,Pending,4
910720,13353,2025-12-16,2025-12-17 06:29:22.654205570,Feature Request,High,Resolved,3
910721,19988,2024-07-21,2024-07-23 07:12:27.164906244,Billing,High,Resolved,3
910722,18692,2025-08-03,2025-08-03 06:29:19.300694607,Technical,Medium,Resolved,4
910723,16245,2026-03-04,2026-03-04 09:07:02.710875522,Performance,Medium,Resolved,3
910724,12301,2024-09-08,2024-09-08 09:20:48.732097596,Feature Request,Medium,Resolved,4
910725,18842,2025-07-11,2025-07-11 07:07:17.218665318,Integration,Low,Resolved,4
910726,13617,2026-08-24,2026-08-24 03:55:11.772667030,Performance,Medium,Resolved,3
910727,14751,2026-08-18,2026-08-18 04:51:22.397660251,Feature Request,Medium,Resolved,3
910728,16144,2026-05-27,2026-05-27 05:09:54.280347026,Security,Low,Resolved,4
910729,12427,2026-02-13,2026-02-13 03:59:03.074174937,Account,Medium,Resolved,4
910730,12345,2025-03-27,2025-03-27 13:49:07.891604392,Technical,Low,Resolved,2
910731,11904,2025-11-28,2025-11-28 11:11:50.696549775,Performance,Low,Resolved,4
910732,12601,2025-09-02,2025-09-03 04:16:26.805491014,Billing,Low,Resolved,5
910733,13196,2026-04-04,2026-04-04 07:44:41.787466378,Integration,High,Resolved,5
910734,17403,2025-04-09,2025-04-09 20:35:11.582117041,Feature Request,Low,Resolved,2
910735,19494,2025-03-11,2025-03-11 10:41:40.716306751,Technical,Medium,Resolved,4
910736,13388,2026-03-01,2026-03-01 15:34:23.689126142,Performance,Low,Resolved,5
910737,17621,2024-05-16,2024-05-16 04:14:37.752002264,Billing,Medium,Resolved,4
910738,10552,2026-05-08,2026-05-08 13:58:18.476788026,Integration,Low,Open,5
910739,15622,2026-08-04,2026-08-05 14:38:11.140101416,Technical,High,Open,2
910740,11301,2026-07-14,2026-07-14 03:14:23.809616005,Feature Request,High,Pending,4
910741,15238,2025-12-27,2025-12-27 05:30:40.574314674,Billing,Low,Resolved,4
910742,19810,2024-08-29,2024-08-29 14:42:26.712411411,Account,High,Resolved,4
910743,14455,2025-11-23,2025-11-24 14:42:05.744591956,Technical,High,Resolved,3
910744,11973,2026-02-23,2026-02-23 13:05:43.177100229,Feature Request,Low,Open,1
910745,18024,2025-09-22,2025-09-22 09:15:32.482849154,Billing,Low,Resolved,2
910746,15148,2025-09-05,2025-09-05 06:38:26.385031960,Billing,Low,Resolved,4
910747,19811,2025-11-12,2025-11-12 11:04:09.567432976,Integration,High,Resolved,3
910748,16246,2026-01-06,2026-01-06 07:09:27.222012824,Technical,Medium,Resolved,4
910749,14100,2026-01-30,2026-01-31 09:29:21.960639366,Technical,High,Resolved,5
910750,19251,2026-07-08,2026-07-08 01:36:11.820984951,Integration,Medium,Open,5
910751,14306,2026-04-29,2026-04-29 03:30:23.991825600,Technical,Medium,Resolved,3
910752,18088,2025-02-23,2025-02-23 03:30:28.232925300,Billing,Low,Resolved,5
910753,13730,2025-01-24,2025-01-24 08:06:06.759399978,Account,Medium,Resolved,3
910754,18678,2026-06-12,2026-06-12 08:24:08.715764757,Billing,Low,Resolved,4
910755,16504,2026-07-01,2026-07-02 12:19:14.697485162,Technical,High,Resolved,3
910756,11890,2025-09-07,2025-09-07 08:23:00.164949824,Account,Low,Resolved,4
910757,15078,2026-07-06,2026-07-06 16:43:13.626823850,Account,Low,Resolved,5
910758,15605,2025-11-30,2025-11-30 17:56:03.488880400,Billing,Medium,Resolved,5
910759,19982,2024-08-07,2024-08-07 05:00:23.123507288,Billing,Low,Open,5
910760,12396,2026-03-09,2026-03-09 09:33:31.992057687,Billing,Low,Resolved,1
910761,18226,2026-08-27,2026-08-27 17:58:22.381210959,Feature Request,Medium,Resolved,5
910762,12130,2025-11-25,2025-11-25 20:25:14.044024030,Account,Low,Resolved,3
910763,15379,2026-08-22,2026-08-22 08:08:52.802494357,Technical,High,Resolved,4
910764,17089,2025-03-04,2025-03-06 03:33:09.342246574,Feature Request,Medium,Resolved,2
910765,11959,2024-10-04,2024-10-04 21:59:07.894716892,Feature Request,Low,Resolved,3
910766,12257,2026-05-06,2026-05-06 07:32:20.401117760,Technical,Low,Resolved,1
910767,13401,2026-03-15,2026-03-15 04:30:14.259811150,Integration,Medium,Resolved,4
910768,12070,2026-04-08,2026-04-08 09:03:10.274505732,Integration,Medium,Resolved,5
910769,10036,2025-10-06,2025-10-06 08:40:23.354772888,Feature Request,Low,Resolved,4
910770,12642,2025-08-12,2025-08-12 11:05:51.815792590,Billing,Low,Resolved,4
910771,11538,2026-05-01,2026-05-01 18:02:49.927094196,Security,Low,Pending,3
910772,13731,2026-06-11,2026-06-11 11:47:41.317524574,Account,Low,Resolved,3
910773,15462,2026-03-25,2026-03-25 02:21:02.599474496,Technical,Low,Pending,5
910774,19232,2025-11-28,2025-11-28 10:12:29.321516494,Billing,Medium,Resolved,5
910775,11027,2026-01-03,2026-01-04 19:35:21.166610575,Integration,High,Resolved,1
910776,19814,2024-12-26,2024-12-27 07:06:08.147371118,Technical,Low,Resolved,4
910777,19751,2025-09-21,2025-09-21 04:14:01.612984909,Feature Request,Low,Resolved,5
910778,18264,2025-12-08,2025-12-08 09:51:31.668010948,Technical,Low,Resolved,3
910779,17389,2026-06-06,2026-06-06 22:30:28.839109129,Account,Low,Resolved,4
910780,13051,2025-09-04,2025-09-04 15:57:14.102029584,Billing,Medium,Resolved,2
910781,13707,2025-03-31,2025-03-31 10:07:12.352799827,Integration,Critical,Pending,4
910782,15304,2025-03-14,2025-03-14 04:50:00.612398738,Technical,High,Resolved,3
910783,19441,2026-08-06,2026-08-08 06:28:36.552104241,Technical,High,Resolved,4
910784,17547,2025-09-22,2025-09-22 06:37:42.340229479,Feature Request,Medium,Resolved,4
910785,18211,2025-10-03,2025-10-04 13:52:08.000316444,Integration,Low,Resolved,5
910786,12002,2026-07-17,2026-07-17 09:29:51.610897741,Account,Medium,Resolved,5
910787,12564,2026-02-28,2026-02-28 05:22:26.588384367,Billing,High,Resolved,2
910788,11657,2025-01-01,2025-01-01 09:09:53.399996186,Technical,Medium,Open,1
910789,16754,2026-01-20,2026-01-21 20:44:58.674069592,Account,Low,Resolved,2
910790,18694,2026-06-14,2026-06-14 06:24:57.926361751,Feature Request,Medium,Resolved,4
910791,17245,2026-08-22,2026-08-23 04:31:28.354506189,Security,Medium,Open,5
910792,19917,2025-04-22,2025-04-23 05:47:04.802216362,Technical,Medium,Resolved,2
910793,18920,2025-07-17,2025-07-17 09:44:49.357823676,Technical,Medium,Resolved,3
910794,18435,2026-07-04,2026-07-04 07:16:23.934058204,Technical,High,Resolved,5
910795,14498,2025-12-12,2025-12-12 14:27:49.764457242,Billing,High,Resolved,4
910796,17532,2025-06-14,2025-06-14 04:17:00.482935243,Technical,Medium,Resolved,4
910797,13489,2025-08-24,2025-08-24 03:07:35.671960797,Billing,High,Resolved,4
910798,11030,2026-04-09,2026-04-09 06:48:34.052971874,Billing,Medium,Resolved,4
910799,12387,2025-03-23,2025-03-23 07:22:00.855024657,Technical,Low,Resolved,3
910800,10588,2025-07-11,2025-07-11 07:46:34.991724669,Technical,Medium,Pending,3
910801,10422,2025-03-21,2025-03-21 08:09:24.274886500,Feature Request,Low,Resolved,4
910802,15266,2026-05-02,2026-05-02 05:13:19.121687918,Technical,Medium,Resolved,3
910803,16765,2024-02-15,2024-02-15 04:12:24.620672811,Technical,Medium,Resolved,5
910804,16353,2025-03-12,2025-03-12 05:14:57.221635394,Feature Request,High,Resolved,2
910805,19589,2026-04-20,2026-04-20 06:55:25.248037936,Technical,Medium,Resolved,4
910806,19924,2026-03-29,2026-03-29 05:53:06.539319812,Feature Request,Critical,Resolved,3
910807,11044,2025-12-13,2025-12-14 07:16:09.324578240,Performance,Medium,Resolved,4
910808,14322,2024-12-11,2024-12-11 08:12:31.052243124,Technical,Low,Resolved,4
910809,14751,2025-08-28,2025-08-28 11:01:49.623373354,Feature Request,Low,Resolved,3
910810,18651,2025-05-12,2025-05-12 16:29:53.999379531,Billing,High,Pending,4
910811,14352,2026-05-03,2026-05-03 06:09:42.363344642,Technical,Medium,Resolved,4
910812,14022,2026-04-17,2026-04-17 09:28:57.852161371,Account,Low,Resolved,4
910813,16036,2026-01-08,2026-01-08 09:57:24.922125727,Account,Low,Open,3
910814,19571,2024-09-11,2024-09-11 06:40:21.547946013,Feature Request,Medium,Open,4
910815,17027,2026-05-15,2026-05-15 11:52:32.966711187,Billing,High,Pending,2
910816,12005,2025-12-27,2025-12-27 08:25:44.129428302,Billing,Medium,Resolved,2
910817,14467,2026-07-03,2026-07-03 06:31:56.005099690,Feature Request,Critical,Open,4
910818,14660,2026-01-25,2026-01-25 08:52:58.970547048,Billing,Low,Open,4
910819,12582,2026-02-13,2026-02-13 14:32:58.950752002,Feature Request,Low,Resolved,4
910820,18108,2025-05-02,2025-05-02 12:44:03.203307247,Performance,Medium,Pending,5
910821,12462,2025-03-25,2025-03-25 02:15:38.540582222,Technical,Medium,Resolved,5
910822,11044,2025-06-01,2025-06-01 11:55:57.746653813,Billing,Medium,Open,5
910823,19081,2025-03-18,2025-03-18 21:47:03.194136589,Integration,Critical,Resolved,4
910824,13277,2025-07-25,2025-07-25 07:08:48.385019511,Technical,Low,Open,1
910825,13344,2026-04-24,2026-04-24 09:21:49.326270980,Performance,Medium,Resolved,4
910826,16740,2026-03-11,2026-03-11 03:22:00.736569570,Feature Request,Low,Resolved,4
910827,13625,2024-09-20,2024-09-20 05:56:08.571413176,Account,Low,Pending,5
910828,11760,2025-07-06,2025-07-06 23:20:21.648978459,Performance,High,Resolved,3
910829,14110,2025-02-05,2025-02-05 10:07:02.012289132,Performance,Low,Resolved,4
910830,13284,2026-08-16,2026-08-16 01:55:26.704075674,Technical,Low,Resolved,2
910831,16034,2026-03-05,2026-03-05 13:45:15.368487177,Feature Request,Medium,Resolved,4
910832,11486,2026-05-16,2026-05-16 13:28:18.947660617,Integration,Low,Resolved,2
910833,16142,2025-02-19,2025-02-19 16:35:25.398503631,Feature Request,Medium,Resolved,2
910834,10712,2024-08-22,2024-08-22 06:27:21.361271223,Performance,Low,Resolved,5
910835,12821,2025-11-27,2025-11-27 04:56:15.412943526,Performance,Medium,Resolved,5
910836,12558,2026-05-05,2026-05-05 12:24:29.812172626,Technical,High,Resolved,4
910837,15406,2025-06-10,2025-06-10 02:47:26.200178116,Account,Medium,Resolved,5
910838,18805,2024-12-14,2024-12-14 19:56:36.062293657,Feature Request,Low,Resolved,2
910839,16408,2025-04-09,2025-04-09 02:58:34.197657697,Technical,Low,Resolved,5
910840,12978,2025-04-02,2025-04-02 09:46:47.099144586,Technical,Low,Resolved,5
910841,14494,2025-05-23,2025-05-23 04:12:06.730533777,Performance,Low,Resolved,5
910842,14780,2025-10-02,2025-10-02 01:31:56.072083713,Integration,Low,Resolved,5
910843,15768,2024-07-02,2024-07-02 08:22:16.792196883,Billing,Low,Resolved,2
910844,16236,2026-03-14,2026-03-14 08:00:08.284397054,Technical,Medium,Resolved,1
910845,14718,2024-05-28,2024-05-28 20:17:38.418282682,Technical,Medium,Resolved,1
910846,15886,2024-08-26,2024-08-26 05:29:59.653464129,Technical,Medium,Resolved,3
910847,10496,2025-09-14,2025-09-14 08:21:35.394901776,Technical,Medium,Resolved,4
910848,15368,2026-01-14,2026-01-14 12:53:08.289819844,Billing,Low,Resolved,3
910849,15657,2025-01-22,2025-01-22 11:49:44.562195973,Technical,Medium,Resolved,5
910850,16261,2024-10-15,2024-10-15 07:43:41.137090381,Technical,Low,Resolved,5
910851,11760,2026-01-02,2026-01-02 05:35:49.625121130,Integration,Medium,Resolved,4
910852,17625,2024-07-22,2024-07-22 05:34:50.935278453,Integration,Low,Resolved,3
910853,11467,2026-03-12,2026-03-12 05:53:44.224822492,Billing,Medium,Resolved,5
910854,16822,2026-06-08,2026-06-08 18:33:10.124531640,Billing,Low,Resolved,4
910855,11201,2024-04-21,2024-04-21 08:44:07.474466464,Billing,Medium,Resolved,4
910856,17031,2026-02-09,2026-02-09 05:39:41.389382163,Billing,High,Resolved,3
910857,16683,2026-03-19,2026-03-19 08:17:14.102961684,Technical,Low,Resolved,2
910858,15781,2026-06-24,2026-06-24 08:59:17.116698771,Security,Low,Resolved,5
910859,18853,2025-09-15,2025-09-15 03:34:47.911649177,Integration,Medium,Resolved,5
910860,18476,2025-07-27,2025-07-28 01:29:03.394311115,Technical,Critical,Resolved,5
910861,14143,2024-11-20,2024-11-20 11:53:36.832837336,Technical,Low,Resolved,5
910862,18414,2025-02-15,2025-02-15 06:30:54.591011866,Technical,Medium,Resolved,4
910863,16752,2025-07-01,2025-07-02 04:59:54.701718306,Billing,High,Resolved,2
910864,19510,2025-02-20,2025-02-20 11:52:10.649959618,Account,Critical,Resolved,3
910865,16222,2026-08-18,2026-08-18 12:27:27.809121319,Billing,Low,Resolved,1
910866,12159,2025-08-02,2025-08-02 09:55:35.154757974,Billing,Medium,Open,1
910867,16764,2024-07-01,2024-07-08 15:46:43.146445861,Technical,Medium,Resolved,4
910868,16883,2026-08-02,2026-08-02 21:16:10.650772394,Account,Low,Resolved,5
910869,19142,2026-05-28,2026-05-28 08:45:24.040896804,Billing,Medium,Resolved,4
910870,11930,2025-10-04,2025-10-05 21:32:10.498688221,Technical,Medium,Resolved,2
910871,12526,2026-03-28,2026-03-28 08:08:10.845723692,Technical,Medium,Resolved,4
910872,19680,2026-02-10,2026-02-10 08:32:53.709278132,Account,Low,Resolved,4
910873,16584,2024-05-14,2024-05-14 05:50:22.215111147,Account,Low,Resolved,3
910874,12319,2026-04-02,2026-04-02 03:51:50.131642539,Feature Request,Medium,Resolved,2
910875,19807,2025-07-10,2025-07-10 08:33:45.886853664,Feature Request,Low,Resolved,5
910876,15690,2025-01-04,2025-01-04 17:13:31.834874481,Security,Low,Resolved,4
910877,17997,2024-04-25,2024-04-25 07:30:54.634691109,Integration,Medium,Resolved,1
910878,19630,2025-05-20,2025-05-20 08:17:52.045935370,Integration,Medium,Resolved,5
910879,19719,2025-04-29,2025-04-29 08:22:00.413572472,Account,Low,Open,4
910880,18644,2025-03-11,2025-03-11 05:21:08.808476104,Technical,Critical,Resolved,5
910881,18481,2026-03-09,2026-03-09 11:42:09.949114504,Billing,Low,Resolved,4
910882,19836,2024-07-21,2024-07-21 06:19:32.409908421,Security,Low,Resolved,5
910883,17808,2026-01-16,2026-01-16 19:05:40.182543312,Integration,Medium,Pending,5
910884,10092,2025-11-29,2025-11-29 03:42:19.281699118,Integration,Medium,Resolved,3
910885,16792,2026-01-31,2026-01-31 03:47:08.224139198,Technical,Low,Resolved,5
910886,19906,2025-08-06,2025-08-06 22:12:02.863393815,Feature Request,Medium,Resolved,4
910887,15090,2024-03-07,2024-03-07 10:25:43.144299022,Technical,Low,Open,5
910888,13674,2025-09-30,2025-09-30 12:47:54.602377242,Feature Request,High,Open,5
910889,15026,2026-01-01,2026-01-01 19:16:37.778604081,Feature Request,Medium,Resolved,1
910890,19449,2025-06-12,2025-06-12 06:17:32.411694789,Account,Low,Resolved,4
910891,17226,2024-10-15,2024-10-15 04:47:26.257413962,Technical,Medium,Resolved,4
910892,11600,2025-12-14,2025-12-15 15:40:48.969350839,Technical,Medium,Resolved,3
910893,17213,2025-11-08,2025-11-08 02:52:14.221577881,Feature Request,Medium,Resolved,3
910894,11348,2025-01-09,2025-01-09 03:17:55.902535976,Feature Request,High,Resolved,3
910895,10653,2024-07-14,2024-07-14 14:28:10.473575008,Technical,Medium,Pending,3
910896,14056,2024-12-05,2024-12-05 03:48:53.861577094,Integration,High,Pending,4
910897,19713,2025-10-05,2025-10-05 05:11:27.639625567,Account,High,Resolved,4
910898,19607,2026-06-30,2026-06-30 07:29:44.478193149,Security,Low,Resolved,5
910899,17432,2025-12-05,2025-12-05 13:57:36.046518318,Technical,Medium,Open,4
910900,15555,2026-02-15,2026-02-15 23:10:43.621676043,Technical,High,Resolved,5
910901,15240,2025-01-25,2025-01-25 05:35:06.044086330,Performance,Medium,Resolved,4
910902,17764,2024-06-29,2024-06-29 11:23:53.321939962,Feature Request,Medium,Resolved,5
910903,18465,2026-07-27,2026-07-27 09:02:09.699746888,Performance,Low,Pending,4
910904,14130,2025-02-05,2025-02-05 13:35:12.181628886,Account,Medium,Resolved,4
910905,16924,2026-04-25,2026-04-26 13:05:17.511967777,Account,Medium,Resolved,1
910906,12008,2025-09-01,2025-09-01 03:40:45.075109134,Performance,Medium,Resolved,1
910907,19849,2025-02-26,2025-02-26 12:05:47.171263329,Technical,Medium,Resolved,5
910908,12955,2025-07-20,2025-07-20 09:27:41.361425010,Performance,Medium,Resolved,5
910909,13203,2026-02-05,2026-02-06 13:02:02.858800588,Performance,Low,Resolved,4
910910,16488,2026-08-31,,Performance,Medium,Resolved,3
910911,10311,2024-03-23,2024-03-23 05:58:06.675824694,Billing,Medium,Resolved,4
910912,12326,2026-05-21,2026-05-21 05:04:12.316492844,Billing,Medium,Open,5
910913,10602,2026-06-26,2026-06-26 11:35:53.354621417,Billing,Medium,Resolved,4
910914,14394,2026-06-05,2026-06-05 05:50:34.919299215,Security,High,Resolved,5
910915,19527,2024-12-31,2024-12-31 06:25:54.009337764,Billing,Medium,Resolved,4
910916,13638,2026-03-27,2026-03-27 04:33:03.657246994,Technical,Critical,Resolved,2
910917,10338,2025-09-09,2025-09-09 05:49:18.568869960,Technical,Low,Open,4
910918,12726,2025-12-16,2025-12-16 08:22:47.762499212,Billing,Medium,Resolved,3
910919,12431,2025-09-29,2025-09-29 09:33:00.726652256,Account,Medium,Resolved,4
910920,18623,2026-05-06,2026-05-09 00:08:46.153563752,Integration,Medium,Open,1
910921,13065,2025-09-05,2025-09-05 16:22:38.208712504,Performance,Low,Resolved,5
910922,14102,2025-06-04,2025-06-04 19:53:36.300573074,Integration,Low,Open,4
910923,13898,2025-09-16,2025-09-16 23:55:05.457407440,Billing,Low,Resolved,5
910924,14964,2025-03-01,2025-03-01 03:48:46.690830057,Integration,Medium,Resolved,3
910925,12541,2025-02-27,2025-02-27 02:52:41.948975197,Technical,Medium,Open,4
910926,10957,2025-11-24,2025-11-24 08:44:39.032220177,Security,Medium,Resolved,4
910927,17268,2025-06-12,2025-06-13 20:22:17.988522132,Integration,High,Resolved,3
910928,10078,2024-04-24,2024-04-24 17:13:27.149551795,Technical,Low,Resolved,4
910929,12330,2026-06-03,2026-06-03 06:25:11.201344766,Feature Request,Low,Resolved,1
910930,14955,2025-07-03,2025-07-05 16:32:29.320614164,Feature Request,Low,Pending,3
910931,15708,2025-10-18,2025-10-18 07:23:58.097021424,Integration,Low,Resolved,5
910932,14624,2025-04-26,2025-04-26 20:00:19.530046918,Performance,Medium,Resolved,3
910933,15849,2024-07-06,2024-07-06 08:21:56.403210351,Technical,High,Open,4
910934,13820,2025-05-11,2025-05-11 15:43:04.787334357,Technical,Critical,Resolved,4
910935,16148,2024-11-22,2024-11-22 19:14:01.766013684,Billing,Low,Resolved,4
910936,12206,2026-03-12,2026-03-12 11:16:58.892210806,Technical,High,Resolved,2
910937,16724,2026-02-12,2026-02-12 07:59:24.635466841,Account,Medium,Open,4
910938,13335,2026-03-07,2026-03-07 12:16:26.852369340,Performance,Medium,Resolved,5
910939,16632,2026-05-21,2026-05-22 00:40:14.665666558,Account,Medium,Resolved,4
910940,16042,2025-04-04,2025-04-05 17:24:23.911980084,Security,Low,Resolved,4
910941,14135,2026-05-06,2026-05-06 09:40:35.593375371,Performance,High,Resolved,4
910942,14463,2024-06-09,2024-06-09 13:08:39.158183677,Integration,Medium,Resolved,5
910943,10194,2024-09-30,2024-10-01 00:30:20.784590503,Feature Request,Medium,Resolved,5
910944,13475,2024-12-08,2024-12-08 04:52:42.001324377,Integration,Medium,Resolved,4
910945,11722,2024-04-04,2024-04-04 08:14:53.941023758,Billing,High,Resolved,1
910946,16502,2026-07-30,2026-07-30 22:24:41.621856372,Integration,Low,Resolved,5
910947,12634,2025-09-26,2025-09-26 18:15:04.500103309,Integration,Medium,Resolved,3
910948,15121,2025-02-03,2025-02-03 12:13:58.204785997,Performance,High,Resolved,2
910949,11849,2026-03-28,2026-03-28 10:29:06.417631003,Billing,Medium,Pending,5
910950,10298,2025-12-18,2025-12-18 10:16:26.463427863,Security,Medium,Resolved,3
910951,13728,2025-02-19,2025-02-19 12:19:50.013541516,Billing,Low,Resolved,3
910952,15747,2025-11-30,2025-11-30 15:00:01.922228564,Technical,Medium,Resolved,5
910953,16089,2024-10-10,2024-10-12 12:26:41.556305086,Security,Low,Resolved,5
910954,15605,2024-07-28,2024-07-29 02:11:32.990509726,Billing,High,Resolved,4
910955,11176,2025-05-16,2025-05-16 16:33:34.003635526,Technical,Medium,Resolved,4
910956,17388,2026-07-29,2026-07-29 10:47:02.948454700,Billing,Low,Resolved,4
910957,12052,2025-12-26,2025-12-26 05:38:29.578684837,Performance,Low,Resolved,5
910958,11871,2025-06-01,2025-06-01 06:40:34.740503230,Billing,Low,Resolved,4
910959,15405,2025-08-20,2025-08-20 08:43:38.145727081,Technical,High,Resolved,5
910960,12311,2024-10-19,2024-10-19 09:04:48.894925767,Feature Request,Low,Pending,3
910961,13701,2024-12-29,2024-12-29 02:52:15.280863801,Account,Medium,Resolved,3
910962,18310,2025-07-06,2025-07-06 07:25:39.142203106,Performance,Medium,Resolved,5
910963,12092,2026-06-12,2026-06-12 04:44:54.973190425,Feature Request,Medium,Resolved,4
910964,13542,2025-11-09,2025-11-09 12:35:59.816300125,Feature Request,Medium,Resolved,5
910965,13983,2026-03-13,2026-03-14 08:28:01.879992386,Account,Medium,Open,4
910966,19757,2026-08-15,2026-08-15 09:52:23.616971774,Technical,High,Resolved,3
910967,13968,2026-06-24,2026-06-24 15:50:55.866189778,Technical,Low,Resolved,5
910968,10944,2026-05-20,2026-05-20 09:36:23.990965956,Account,High,Open,3
910969,15351,2026-02-07,2026-02-07 22:24:59.881878180,Performance,Low,Resolved,4
910970,13648,2025-12-30,2025-12-30 14:59:50.066428668,Security,Medium,Resolved,2
910971,11245,2026-06-01,2026-06-01 08:09:58.576516146,Integration,Medium,Resolved,4
910972,16423,2025-04-09,2025-04-09 07:21:11.999224940,Security,Low,Resolved,3
910973,19797,2024-12-06,2024-12-06 12:05:20.870305558,Technical,Medium,Resolved,4
910974,10163,2025-12-27,2025-12-27 11:22:53.086601712,Performance,Low,Open,3
910975,18692,2025-08-03,2025-08-03 06:20:53.940676668,Security,Low,Resolved,4
910976,19103,2026-05-23,2026-05-23 17:47:46.623358629,Billing,Medium,Resolved,4
910977,11622,2026-05-20,2026-05-21 11:47:07.602353419,Technical,Low,Resolved,5
910978,18708,2026-01-08,2026-01-08 20:52:04.363573785,Billing,Low,Resolved,3
910979,11787,2025-03-22,2025-03-22 04:02:09.339250653,Technical,High,Resolved,3
910980,17245,2026-08-22,2026-08-22 08:52:02.579106194,Technical,Medium,Resolved,4
910981,16191,2026-03-27,2026-03-27 04:44:44.643114657,Performance,Low,Resolved,3
910982,13758,2024-08-27,2024-08-27 06:08:59.309325312,Integration,Medium,Resolved,4
910983,11848,2025-04-01,2025-04-01 17:45:24.716164230,Performance,Low,Resolved,5
910984,11315,2025-06-15,2025-06-17 03:42:34.931024503,Technical,Medium,Resolved,2
910985,19839,2025-12-06,2025-12-06 01:47:38.071497588,Security,High,Resolved,5
910986,10836,2025-08-18,2025-08-18 13:14:35.882683519,Performance,Medium,Resolved,3
910987,16372,2025-07-05,2025-07-05 09:03:12.806871868,Billing,High,Resolved,4
910988,16475,2026-07-20,2026-07-20 09:21:16.256639239,Security,Critical,Resolved,5
910989,17613,2025-03-08,2025-03-08 13:20:16.521938656,Technical,High,Resolved,3
910990,14519,2025-08-22,2025-08-22 02:49:29.358146917,Performance,Low,Resolved,5
910991,10636,2026-03-28,2026-03-28 19:53:38.014439802,Performance,Medium,Resolved,4
910992,15467,2024-08-06,2024-08-06 12:56:01.436302982,Feature Request,Low,Resolved,5
910993,15294,2026-05-19,2026-05-20 00:11:37.765181619,Billing,Medium,Resolved,4
910994,13682,2025-07-20,2025-07-23 02:23:01.810596015,Account,Low,Resolved,4
910995,14002,2026-07-09,2026-07-10 18:02:48.999240996,Security,Low,Resolved,4
910996,17566,2025-09-27,2025-09-27 17:06:06.139102478,Technical,High,Pending,4
910997,16925,2026-03-30,2026-03-30 13:58:33.500196660,Technical,Low,Resolved,5
910998,14110,2026-04-22,2026-04-22 12:24:17.128483297,Performance,Low,Resolved,2
910999,11398,2026-01-12,2026-01-12 15:40:21.539418636,Account,Low,Resolved,3
911000,11972,2025-01-10,2025-01-10 05:21:14.188451194,Integration,Medium,Resolved,5
